index,eventId,status,code,start,end,latencyMs
0,ef6381fe-acc6-4f69-b7a9-0450007f9f93,202,,0.0009462410002925026,0.061329953000040405,60.3837119997479
1,5bcbd3a9-44ec-425c-84d1-aede4bfb6115,202,,0.020560520000344695,0.06120266800007812,40.642147999733425
2,fa8cc48d-a28f-446c-bab7-f775400e9df8,202,,0.04042036900000312,0.08260430900008942,42.183940000086295
3,c049baa0-e6f2-48d7-b3c6-d5612ab6e785,202,,0.06065690600007656,0.09735389100023895,36.696985000162385
4,48821bd4-cf9e-4cf5-8157-4a84b89c3e93,202,,0.08034076400008416,0.10333832000014809,22.997556000063923
5,1e4dd6b7-4af5-4a28-8ab5-4d1ed132535c,202,,0.10025377700003446,0.1150933960002476,14.839619000213133
6,7113a05d-c346-4901-a6e7-c677d4e821e7,202,,0.12038215300026422,0.14174038000010114,21.358226999836916
7,d58bc03e-3062-4269-808a-02aa7893ba5d,202,,0.14108508200024517,0.1725744720001785,31.489389999933337
8,67a604d6-a614-42b3-8ce2-d57fcfcfe05e,202,,0.16317256100001032,0.20581272700019326,42.640166000182944
9,e6405971-c34f-4641-9b4d-93ed18b637c6,202,,0.1803115150000849,0.23490545499998916,54.59393999990425
10,cff21ca9-925b-4ade-87b3-f2bf8e42bb07,202,,0.20285322000017914,0.24057185900028344,37.718639000104304
11,4c9386c4-868f-4d22-88bb-c93618048891,202,,0.22220817900006296,0.2701844749999509,47.97629599988795
12,0d0fcbc3-4187-43f9-8318-245fc0b561e9,202,,0.24019929499991122,0.2800024050002321,39.803110000320885
13,744d2d2d-74c9-437d-8dbd-a601ba48111c,202,,0.26025863399991067,0.2993461149999348,39.08748100002413
14,6f9c52ac-9490-47e0-9cb8-5730ef09fc43,202,,0.2803870510001616,0.3094529049999437,29.06585399978212
15,b4c88e61-8e8c-4edf-9f33-2b7e56f1e030,202,,0.3010780220001834,0.3214160960001209,20.338073999937478
16,325b464a-8531-4e92-976c-d8c8cdf1051a,202,,0.3211664840000594,0.33949799900028665,18.331515000227228
17,bf5d5ffc-d993-49b2-b984-77d397659deb,202,,0.3401574210001854,0.36393089300008796,23.77347199990254
18,12dfff57-8ac0-409b-8d2e-0479910a1654,202,,0.3603460859999359,0.3805920810000316,20.245995000095718
19,9b688288-eb06-41e8-ac8c-4c2a14b85a4c,202,,0.38017989500031035,0.3934651389999999,13.285243999689555
20,17598004-ebc1-49ca-b641-f47f14e5464c,202,,0.400341477999973,0.4111652710003,10.823793000326987
21,d2b549c8-90de-448d-98b1-7154a4062576,202,,0.4204014410001946,0.43643003700026384,16.02859600006923
22,cc2ae233-0589-45d0-bcbc-be114081ded1,202,,0.4403659500003414,0.45366981699999087,13.303866999649472
23,c16cbf03-4418-4a3f-8d9a-4c972670990c,202,,0.46093438400021114,0.4742889140002262,13.354530000015075
24,827cd9ea-bbf4-4992-8dc0-86fadfd81ae2,202,,0.48072102600008293,0.4923191930001849,11.598167000101967
25,fc2e133e-6f89-4044-b7fe-0f180e3316e1,202,,0.5003428019999774,0.5126469720003115,12.304170000334125
26,0f9296dc-864d-4125-8171-e7996db04a67,202,,0.5209171930000593,0.5329767940002057,12.059601000146358
27,4410e5e3-4e31-40f3-a965-bceb51b8ef09,202,,0.5409184489999461,0.5587229060001846,17.80445700023847
28,b2178c19-ebe9-4c8b-b919-738f1810b768,202,,0.5603466940001454,0.584179535000203,23.83284100005767
29,13d30843-3692-4fb3-a297-6d2790308297,202,,0.5803294920001463,0.5934936990001916,13.16420700004528
30,a6be10f8-1356-4532-b4d2-c96b0d558d7a,202,,0.6006990610003413,0.6133402969999224,12.641235999581113
31,ce86b44f-90bd-4e0f-b5ee-e26f7b55d396,202,,0.6203977499999382,0.6317813030000252,11.383553000086977
32,89f1bdcf-af06-4189-bc7e-e21da2c21975,202,,0.6402351810002074,0.6571838510003545,16.948670000147104
33,a6804b1b-6bc1-4d2b-808a-2203beae8774,202,,0.6603689290000148,0.6713353380000626,10.966409000047861
34,c75c3f9c-016c-417c-ad49-be8c9021c08a,202,,0.6808633670002564,0.6922005060000629,11.337138999806484
35,1fcd6de0-068b-4616-8976-761dc98d5d19,202,,0.7004520610003055,0.7119309009999597,11.478839999654156
36,e01f4230-9276-4985-a027-a1c38f8494f5,202,,0.7203392810001787,0.7326951570003075,12.355876000128774
37,f9075929-63b5-4cd5-8134-4f30080429a2,202,,0.7403462450001825,0.7515125180002542,11.16627300007167
38,e062ed8a-7017-4010-b24c-2eae90988427,202,,0.7601763430002393,0.7739361430003555,13.759800000116229
39,678e6c20-2c8c-45a7-a901-030434f5638c,202,,0.7803522980002526,0.7918408040000031,11.488505999750487
40,e3361234-d2ff-4ae3-a9f8-8e39583360c9,202,,0.8003503869999804,0.8127565520003373,12.40616500035685
41,f4ec631a-544b-455f-9a24-0812fdc47a2b,202,,0.8203990980000526,0.8356604840000728,15.261386000020138
42,d9af982a-1002-4fbe-b6e9-88498011e4bd,202,,0.8403033170002345,0.8664380340001117,26.134716999877128
43,17d47ad3-19e9-45c4-b026-ae82b00ae7eb,202,,0.8602117030000045,0.881230570000298,21.01886700029354
44,4687a928-efce-46dc-a408-8900378e4d6d,202,,0.8807086400001936,0.9013597359999039,20.65109599971038
45,f8c13e94-1d7b-453c-937c-8d00f84d58b9,202,,0.9002132139999048,0.9253617340000346,25.148520000129793
46,4ab0445f-fe8f-497c-a966-d6e434538844,202,,0.9205846580002799,0.9400975650000873,19.512906999807456
47,41b88ff6-2cf0-44c3-a1dc-e01c334ad858,202,,0.9402039340002375,0.9774981750001643,37.29424099992684
48,7012a58f-f279-4b6a-84b4-98f969803f40,202,,0.961269633000029,0.9972437360002004,35.97410300017145
49,51ae74d8-03ca-4cbc-9039-f60580590162,202,,0.980260484000155,1.0198317270001098,39.57124299995485
50,38a46959-e2e5-415b-ab5b-b4a5811cf843,202,,1.0004298980002204,1.0509019700002682,50.472072000047774
51,bfbb0169-9cc5-403d-836a-529c5d14135f,202,,1.0232767080001395,1.0916754390000278,68.39873099988836
52,9bf45b03-e028-45ab-a686-0bf55b23ff7e,202,,1.0415298080001776,1.2352705769999375,193.7407689997599
53,309aa9bf-7b47-4597-88b2-93653637454a,202,,1.0603982910001832,1.2688980150001044,208.49972399992112
54,5ba71d69-0e48-4539-8d50-ef614520034c,202,,1.0865644230002545,1.2767412590001186,190.17683599986412
55,b10a2ac9-a5bc-4706-9bb4-f734907c2678,202,,1.101119139000275,1.2856899850003174,184.57084600004237
56,e597d6d7-e871-4cbd-bdde-fbded9069f66,202,,1.1295215250002002,1.3496348730000136,220.1133479998134
57,52b1682f-738c-4c2b-bbc7-54d0b7250a9d,202,,1.1418855669999175,1.330804929000351,188.91936200043347
58,777bcaea-5b36-4e42-9682-6481118ca04b,202,,1.1609727049999492,1.3803852159999224,219.41251099997316
59,6d568789-cc54-4adf-87f8-698cac8318e9,202,,1.1832356730001266,1.392009132000112,208.77345899998545
60,4b85c723-8861-4c3f-813d-a22d74c6d615,202,,1.2133843810001963,1.4034543070001746,190.0699259999783
61,e3ec2b35-f938-4d63-a040-c4e1285c4d53,202,,1.224088805000065,1.4136687560003338,189.57995100026892
62,ce1cdb36-3db8-48fc-a2e3-723a5ed08f96,202,,1.2461040769999272,1.4305455130001974,184.4414360002702
63,794d5acf-1f82-4b3c-b00f-33a1a9adf5a4,202,,1.2606342520002727,1.4425733230000333,181.9390709997606
64,9a4913bb-df5e-4b1d-a87f-e0ef4140332e,202,,1.2860168430001977,1.4183857940001872,132.36895099998947
65,b8c6d53a-8b85-4e3f-80dc-d1de2360031c,202,,1.3002275349999763,1.4523072970000612,152.07976200008488
66,999d82ae-b8f0-416f-bc63-7932a169b991,202,,1.3216083420002178,1.4580286969999179,136.42035499970007
67,3dac68a8-4805-498a-a3a9-d3a23c222064,202,,1.3417698799999016,1.471081033000246,129.31115300034435
68,ca1293fd-192f-4b5c-b626-9b4a5134f971,202,,1.3611526280001272,1.4762795440001355,115.12691600000835
69,39bfaf34-d653-44d7-84f5-7c13681bef21,202,,1.3814856990002227,1.4806190180001977,99.13331899997502
70,73ab7e91-6241-4773-9daf-7a844dd49a1e,202,,1.4002852270000403,1.4949236620000192,94.63843499997893
71,d6f38f7a-2e27-4289-8455-9d537eb8cffc,202,,1.420205112000076,1.5037503520002247,83.54524000014862
72,94712cab-7027-41c7-a258-1eeba795dbe0,202,,1.4419462730002124,1.515231981999932,73.28570899971965
73,8b418d39-3404-47b4-b177-c4935d9df907,202,,1.4601887050002915,1.5359501970001475,75.76149199985593
74,88b20c0b-85eb-49e9-98dc-ea0250345a1f,202,,1.4803312419999202,1.5340147179999803,53.68347600006018
75,7ba47422-0917-449b-adfd-dfa1fc6bf6e8,202,,1.5010899960002462,1.5556275930002812,54.53759700003502
76,0e562e71-c2e8-4f04-bfca-c6aa49730672,202,,1.5223013919999175,1.5613379090000308,39.036517000113236
77,b0fef814-104f-47f3-bd81-ab4c702dcce1,202,,1.5403729160002513,1.5711232560001918,30.75033999994048
78,1a0985fa-12cb-43d8-8ce0-ded51a14f4dd,202,,1.560230176999994,1.5891726980003114,28.942521000317356
79,3552bff4-1177-41e4-be09-42dd27848ba5,202,,1.580371923000257,1.6066907930003254,26.318870000068273
80,84223e53-9078-4d1c-8ebf-3e4e40a59846,202,,1.6008960650001427,1.6242583450002712,23.36228000012852
81,30b70b4d-947f-4a14-834f-5b2105cba7ca,202,,1.6203667210002095,1.6556759810000585,35.30925999984902
82,e8e797d0-9506-4cf8-b9c4-fc48ddfbfc9c,202,,1.6411147680000795,1.7027568970001994,61.642129000119894
83,7339cbe3-c2fa-4757-961e-82be6124eab9,202,,1.6606795860002421,1.7234031570001207,62.723570999878575
84,b24d47e3-405e-4eac-b899-25d97b7917b1,202,,1.6830814180002562,1.733698268000353,50.61685000009675
85,6cefba2f-645e-4253-95d9-48e54f4e6616,202,,1.700538349999988,1.7384563020000314,37.91795200004344
86,246f1623-73a2-4547-b6ac-9e2aa69ab816,202,,1.7203608630002236,1.7629069399999935,42.546076999769866
87,865b0896-ea6d-4ddf-a6cd-dceb95292938,202,,1.7420824820001144,1.773025559999951,30.943077999836532
88,ed61c055-5c62-4da5-b0d8-7921239d14f4,202,,1.7617489190001834,1.786892478000027,25.143558999843663
89,d96f47a6-aceb-42e1-b945-969d488d18a5,202,,1.7801702579999983,1.79625005600019,16.07979800019166
90,3eb8db9a-4026-46ce-a3fe-610a4c22cb80,202,,1.8001725110002553,1.8162513090001084,16.078797999853123
91,c4aae102-d28e-461e-9524-f1a3a2b2ff05,202,,1.82021142900021,1.8397272500001236,19.515820999913558
92,42cdcfd4-4795-40b8-aed3-cba665f488aa,202,,1.8401974329999575,1.8519477150002785,11.750282000321022
93,f2b551ee-ef46-4835-9561-7dd89197dc1f,202,,1.8603333870000824,1.881327378000151,20.99399100006849
94,1a5c22cc-53d2-4aae-af8b-5a809d443cf5,202,,1.881113556999935,1.9244423830000414,43.328826000106346
95,072b970d-f1db-4e48-ac0b-80f32eb45cc0,202,,1.9004225970002153,1.926860128000044,26.437530999828596
96,a4ecdd1c-859f-471a-a2f4-09657c832261,202,,1.9202170280000246,1.9367352610001944,16.518233000169857
97,bf3abc63-3d54-48c3-9861-9e9b22140c9d,202,,1.9402206150002712,1.9625230770002418,22.302461999970546
98,211915b8-a4f5-472c-8ffd-eddf92ceaa20,202,,1.9608676660000128,1.9732550809999339,12.38741499992102
99,824e3b24-3c50-4b3b-995c-2aa1f36dd8fe,202,,1.9802562439999747,1.9920254000003297,11.769156000354997
100,5303fc84-b87e-4777-91db-2c05725c25c5,202,,2.000179668000328,2.0214771850000943,21.29751699976623
101,4c1a0e7a-b08c-4c58-90b3-f4501fa3480a,202,,2.020861259999947,2.037645562000307,16.784302000360185
102,fca17701-56aa-47d3-b329-cf1a2c4f54a7,202,,2.040314459000001,2.056170311000187,15.855852000186132
103,cbf3387f-89d1-4886-be67-3a953f38eb90,202,,2.0601804699999775,2.0734945009999137,13.314030999936222
104,dadf12a7-c3a9-4835-a415-4e2e64898d6a,202,,2.0802059719999306,2.10423900700016,24.033035000229575
105,40ee2c2f-bf26-4da3-8211-678901ec9c79,202,,2.100176018000184,2.1175564959999065,17.380477999722643
106,90832e04-837a-4661-b213-2a9e42613696,202,,2.120191979000083,2.136244445000102,16.052466000019194
107,a3779201-60dd-433e-805d-2d66dbff871d,202,,2.1402796860002127,2.151530619999903,11.25093399969046
108,2ed0f75a-2597-4f0c-b429-9cc2bc91474f,202,,2.160171945000002,2.1730362080002124,12.864263000210485
109,835503aa-c2e4-4f53-81e3-1341e52fd29a,202,,2.1802334030003294,2.198807192000004,18.573788999674434
110,e99e4ee2-f8f9-4faf-b9b5-5ada5a27aa6e,202,,2.200355566000326,2.217156076000265,16.800509999939095
111,716a029b-88b2-4199-a76d-de0b22018192,202,,2.220408817000134,2.234064788000069,13.655970999934652
112,f06f2f05-6281-4fdc-9284-abfdf5927bbb,202,,2.2401927070000056,2.2523839230002523,12.19121600024664
113,68990635-600e-49ea-a779-030b55f2ff7c,202,,2.260187502000008,2.2742976150002505,14.110113000242563
114,06e16dbf-3a0c-47ea-9d08-b5074bc188a7,202,,2.280360621,2.295036952999908,14.676331999908143
115,7c63649c-9c16-40cd-9aeb-3c16f19ba8ed,202,,2.3002082990001327,2.3120722000003298,11.863901000197075
116,247c166f-9134-4bf4-b341-b69035391907,202,,2.3203425450001305,2.3332775550002225,12.935010000092007
117,cf45e4aa-b25b-4526-8713-d0c6a991ed80,202,,2.3402477200002068,2.3573000490000595,17.05232899985276
118,372986ea-03af-4798-a7aa-73c031c02ad0,202,,2.3601916430002348,2.372386901000027,12.195257999792375
119,0bc26da3-52c6-425f-b8f6-9d653a649560,202,,2.3802262690001044,2.3959735440002987,15.74727500019435
120,9fa6c349-c600-4a19-98ae-b44547032326,202,,2.4001491100002568,2.41118905500025,11.039944999993168
121,cb22ebfb-479a-41d0-ace3-ffd306133f13,202,,2.420469554000192,2.4324930299999323,12.023475999740185
122,69b75b90-8576-4181-a7e2-c6f3c3743d2a,202,,2.4403453970003284,2.4529178000002503,12.572402999921906
123,1826400e-2bd5-4e8e-880c-e38535716439,202,,2.4605929260001176,2.4795111940002244,18.918268000106764
124,c087b1b9-b1ff-4b80-9a13-09137ea8cff6,202,,2.480346524000197,2.492926718000035,12.58019399983823
125,87b8f845-6cd3-4a78-a9eb-a09d946c394a,202,,2.5010849840000446,2.5181334369999604,17.048452999915753
126,09f9ee30-f648-4bff-bcbb-1b4f3369ba9b,202,,2.520362483000099,2.5354355419999592,15.073058999860223
127,3591eb08-ea6f-4284-9a82-d3a346255fb9,202,,2.54041710599995,2.553384195000035,12.967089000085252
128,af17a3d0-9c78-4f39-9d32-9baea093772a,202,,2.560351609999998,2.5705031860002236,10.15157600022576
129,76858515-bf89-4fb1-8094-7d93d1b08cf3,202,,2.5811057780001647,2.5936990130003323,12.593235000167624
130,912611f6-b0e2-4b44-a731-af29aa20156c,202,,2.6006234720002794,2.6139504590000797,13.326986999800283
131,36b5c074-6b10-464b-8a81-ce100d7740cb,202,,2.6209351640000023,2.6342059040002823,13.270740000280057
132,ebf5c6ca-b693-4e3d-87cf-d21cf7a35d4f,202,,2.641661168000155,2.652699653000127,11.038484999971843
133,2781a763-5d4f-4c57-b2d1-fe07f123ed0c,202,,2.6602517030000854,2.6775549330000104,17.30322999992495
134,31622467-7cee-49b2-a660-53d0831c36c0,202,,2.6803695309999966,2.692501124000046,12.131593000049179
135,115b13f2-822e-43bd-81c6-17ab2c9f6c37,202,,2.7010022060003394,2.721637839000323,20.6356329999835
136,d6c849a4-9380-4291-898f-71c40f7a97f4,202,,2.720216957000048,2.733281167000314,13.06421000026603
137,dd8fec5e-0266-4128-8df0-077a03cda162,202,,2.7406995989999814,2.7569960920000085,16.296493000027112
138,5bd6124f-b0c2-4650-a827-5076dbb09c60,202,,2.760412990000077,2.775136026999917,14.723036999839678
139,ff3c7a7d-59e7-4f06-90c5-f1c788633f27,202,,2.78060873000004,2.794022129000041,13.413399000000936
140,c23c4005-e8d9-4a41-b9f0-33ee5e9fe4d3,202,,2.800708309000129,2.8146383890002653,13.930080000136513
141,051720d4-596d-4d4d-ad6b-06587d77b20f,202,,2.8211484110001948,2.8365919920001943,15.44358099999954
142,ae9fa27c-8782-4904-891b-edbcf9c362e6,202,,2.841220658000111,2.854881210000258,13.660552000146708
143,60111523-0fdf-4e42-9807-635b1468162e,202,,2.860416661000272,2.8711551209999016,10.738459999629413
144,3da2d3e9-b62a-4757-9988-17dfc1f64c53,202,,2.882402471000205,2.918824708000102,36.422236999896995
145,b486f89c-2b6e-465f-9ce8-e8dc22fc2b85,202,,2.9003583740000067,2.918883038000331,18.524664000324265
146,5015dbac-f534-482c-893b-4f220d5f5fd8,202,,2.9204152470001645,2.949395470000127,28.98022299996228
147,e8f4cce9-684c-43e8-8868-79a3633fe5a9,202,,2.9404179980001572,2.9692761020000944,28.858103999937157
148,71c50034-58c6-4b35-9e5a-3a4f41e4dbcb,202,,2.9605170350000662,2.981452277000244,20.935242000177823
149,45f7e751-8836-4d9c-bf50-dfbbbc299ac2,202,,2.9804504560001988,2.9995685880003293,19.118132000130572
150,4185e369-8285-41e1-8b24-6974b557a05a,202,,3.0001562639999975,3.0154597280002235,15.303464000226086
151,38cedd84-7771-4aae-b2fb-5cfeee9612dc,202,,3.0201921380003114,3.040800689000207,20.60855099989567
152,6148fdb6-51c9-4fd8-9d13-d89615c72719,202,,3.0405202880001525,3.065640802999951,25.120514999798615
153,5bcfb1ba-52a2-4fcd-88c3-378a74514cef,202,,3.0622159469999133,3.0834127580001223,21.19681100020898
154,2bdba290-a93d-4a9a-a81d-881a6c1ddf3d,202,,3.0810837170001832,3.112529599000027,31.44588199984355
155,d03c0b49-7574-4afd-be52-9c1dfa741a31,202,,3.1013563280002927,3.1177460250000877,16.389696999794978
156,b07564e7-d18f-419b-a456-b9bebcae7e73,202,,3.1202008089999254,3.132519974999923,12.319165999997495
157,bd4bd2af-0490-4011-a253-47002fb8ff39,202,,3.140375592000055,3.1548397670003396,14.46417500028474
158,fc5ae8ea-128e-43a7-b9e1-7ff6f625c897,202,,3.160175895000066,3.173816864999935,13.640969999869412
159,37a6341f-b5f5-4355-8779-b1d4a9a6d577,202,,3.1802363090000654,3.1935232149999138,13.286905999848386
160,a43b767d-36d7-45c0-820f-ef8cff8e1245,202,,3.2001869790001365,3.2173703410003327,17.18336200019621
161,81e83531-6159-4ee2-b47f-c6d67e175b70,202,,3.220190272000309,3.232682221000232,12.491948999922897
162,83930fd6-8aea-4f42-aebd-f0995ecd3864,202,,3.2401956060002703,3.2536292120003054,13.43360600003507
163,5e2f80a6-f66f-48a2-8df2-204b1db57da3,202,,3.2602197300002445,3.2729183760002343,12.698645999989822
164,a2b81438-99d9-4ebd-8b1c-16d8e3d0209b,202,,3.280232438999974,3.2916941100002077,11.461671000233764
165,7ccddd2b-8c39-4cf3-b348-7c995180ff68,202,,3.300403847000325,3.3114090429999123,11.005195999587158
166,72b5c0eb-7187-4740-9298-ade7d8af37a1,202,,3.320196358999965,3.335448617000111,15.252258000145957
167,b8aaf816-e0d3-499e-8fe3-b5d2383375c9,202,,3.3401667779999116,3.354577997999968,14.411220000056346
168,747a121f-1e85-4544-8c47-5adc72382bd5,202,,3.360186985999917,3.3781061409999893,17.91915500007235
169,ebaeaf8c-1106-474f-9822-aaae0397a07d,202,,3.3803135220000513,3.396478772000137,16.165250000085507
170,08dc49c3-66f4-49fe-846f-e7937f67c4b1,202,,3.400178488000165,3.413635343000351,13.456855000185897
171,a729f1d9-e9d2-4933-a20f-6ca31d00e147,202,,3.420216404000257,3.4310144860000946,10.79808199983745
172,7f173a83-77e6-4754-95f6-d9ce5389e39a,202,,3.4401872809999077,3.461298926999916,21.111646000008477
173,5d3b7638-6af4-46af-ab64-23ecdd97d489,202,,3.46020644500004,3.475035890000072,14.829445000032138
174,95cba16d-1f93-4fdb-8a9a-1a11b794d14a,202,,3.4801975270002004,3.4977515750001658,17.554047999965405
175,44b10cf6-5967-4141-af10-41512bdd7fcb,202,,3.500385390000247,3.5100799480001115,9.694557999864628
176,79ae265d-c7e9-4fbe-9130-05cf780f5e86,202,,3.520255104000171,4.102799296000285,582.544192000114
177,66afa62c-9cf9-4225-bcc7-b22a04509715,202,,3.542749176000143,4.1100162380002985,567.2670620001554
178,29cf5d97-bde5-44a5-b804-58f084c3905c,202,,3.5607626149999305,4.121186423999916,560.4238089999853
179,4d7d0527-4304-46fc-b21c-63a13882177c,202,,3.58067370200024,4.128887006000241,548.2133040000008
180,c0bd7116-b511-481c-8684-6e52e1678c18,202,,3.6037554909999017,4.132321070000216,528.5655790003148
181,f9cfcb8c-e432-47db-9aa1-28f0e0ae2d52,202,,3.620852689000003,4.139393311000276,518.5406220002733
182,759ff43b-0e61-496c-a31a-674168f68917,202,,3.6402595530003055,4.14663771000005,506.37815699974453
183,9f9fb04d-37f7-4bb6-be6f-cb553ce448c3,202,,3.660217637000187,4.150966475000132,490.74883799994495
184,c94a9bcd-7567-46ab-b079-5c2791b1a13c,202,,3.6804019169999265,4.15671162200033,476.3097050004035
185,8cfac1da-dfe2-403a-82b9-853235328288,202,,3.7011888310003087,4.1655486429999655,464.3598119996568
186,ed4a0c8d-d1d8-4b87-829f-ae1ecc603deb,202,,3.720248339000136,4.173987768000188,453.73942900005204
187,0fca8c59-83b3-4760-aa8d-3d1a9d9db3ec,202,,3.7410728340000787,4.173827819000053,432.7549849999741
188,f0cc6e8e-ff7d-4f71-8c31-19af71065104,202,,3.7604788240000744,4.179671251999935,419.19242799986023
189,9b34a450-9dc9-4b24-8ce2-2393d0037e16,202,,3.780353412000295,4.193619744999978,413.2663329996831
190,67f883b3-b434-4478-a4a6-6934b173f8f2,202,,3.8021249390003504,4.199391807000211,397.26686799986055
191,69a77eff-09fc-4a68-a0f7-31f1c3132ec7,202,,3.821014747999925,4.20596045100001,384.9457030000849
192,eb6ce13a-7cec-4cff-9bc6-b4ab7160109f,202,,3.841798246000053,4.212692335000156,370.8940890001031
193,e9384159-27bc-4dfc-9f0f-3dfbd3f53815,202,,3.8612198170003467,4.217714105000141,356.4942879997943
194,5ccdc126-05d2-4790-baff-582250c72a77,202,,3.8812701050001124,4.222076785000354,340.8066800002416
195,fca3c26a-73fb-4464-a85d-f9f1a5d8a8c8,202,,3.900638887000241,4.230854517000353,330.21563000011156
196,cfd18972-7a0b-40a4-aa4b-51dc8ba758b2,202,,3.921435800999916,4.25097605000019,329.54024900027434
197,b3d1d9cd-71be-433f-ae2e-4a20be2fe926,202,,3.940878246000011,4.255058411999926,314.1801659999146
198,07b9c487-ebe9-486b-b97f-e227c43e1d00,202,,3.9617593220000344,4.287278123000306,325.5188010002712
199,8c6131fb-42f6-4c24-bf1d-c8a2741de5f3,202,,3.980793081000229,4.302252102000239,321.45902100000967
200,06d5d3cd-5aa7-4052-992d-e1495646bca7,202,,4.00306741500026,4.326955971000189,323.88855599992894
201,0dd2b56f-46f1-439d-a10b-beb79a68de96,202,,4.020370101000026,4.339033566000126,318.6634650000997
202,1f65fee4-7b23-458f-96bd-60ce70b2217e,202,,4.043541469000047,4.351669463000235,308.12799400018775
203,13fb197a-a152-4ba9-9758-e04ac37b791f,202,,4.06035059900023,4.3640196690002995,303.66907000006904
204,e2945b52-6570-4c9e-a3f9-4c82c1b4328c,202,,4.080733159999909,4.3771732879999945,296.4401280000857
205,20cfe65b-471f-41ad-9379-303d5c25efcf,202,,4.100461840000207,4.377268158000334,276.80631800012634
206,5d394900-7153-45db-9711-339a11819b43,202,,4.120824319000349,4.398541003999981,277.716684999632
207,82d45cdf-b751-4049-a81d-502a3c438d5d,202,,4.140203976000066,4.4161676310000075,275.96365499994135
208,c70b4fef-c96f-41d0-8a5b-171bed0deaea,202,,4.160406254999998,4.441053905999979,280.6476509999811
209,06450829-5bc6-42a2-b5a3-f8d9abeb9bb1,202,,4.180785983000078,4.444411389999914,263.62540699983583
210,31415a09-f3dd-4562-8603-e5a2725077ed,202,,4.2003032990000975,4.4782405930000095,277.9372939999121
211,b92cba27-d554-4ca7-b405-fb86280a6e5a,202,,4.220561450000332,4.488508701000228,267.9472509998959
212,12939814-9aa2-425e-8542-2c3ec8cbd3f8,202,,4.2415769770000225,4.505011054000079,263.4340770000563
213,0012510e-1348-48de-a070-2719720e9dc9,202,,4.260577737999938,4.513349476000258,252.7717380003196
214,fb467f71-107a-4304-a4d6-df6d8e9f992d,202,,4.281156163000105,4.519141994000165,237.98583100006
215,5921a7fd-7e54-4f71-a556-6da9fa03864a,202,,4.300618274000044,4.53021472599994,229.5964519998961
216,3faa51b7-b951-4d05-a7a4-0b24063cf0bd,202,,4.320458073000282,4.537174847000188,216.71677399990585
217,ad1524c9-3590-4c7a-aa53-9beb87c5df43,202,,4.3403179540000565,4.552165865999996,211.84791199993924
218,26c02b02-47f6-4b77-9bd8-9cd9d3d9ffae,202,,4.3631207590001395,4.555522391000068,192.4016319999282
219,4a3d8aeb-fc6f-49b4-b4e2-5bd2928bee16,202,,4.380283453000175,4.564078760000029,183.7953069998548
220,6dd463c5-5054-4f1a-93dd-40782e4680d2,202,,4.4007871740000155,4.569908026000121,169.12085200010551
221,e4ae4d42-00dd-4bbf-976e-cfb85a58b74c,202,,4.420512312000028,4.577150007,156.63769499997215
222,d38e823e-164c-436c-b39e-b8e65307305a,202,,4.440552516000025,4.5905770270001085,150.0245110000833
223,151d78e8-c27a-43c8-89de-f72d28bee427,202,,4.462659440000152,4.604290198999934,141.6307589997814
224,5dcec408-838c-49f2-8637-7bbddc9d7d2b,202,,4.480339520000143,4.623961254000278,143.6217340001349
225,d31b6696-c85e-4a11-a2a0-1db90bb7f3ea,202,,4.5007148710001275,4.6569117550002375,156.19688400011
226,8b6a264c-7af5-4e46-96d9-9f64773e722d,202,,4.520437340000171,4.677898489000199,157.46114900002794
227,63ee052d-186e-4949-8394-5bb50e2be299,202,,4.540203974000178,4.690589466000347,150.3854920001686
228,3a071b45-37f2-4c89-8398-dadab25c2a67,202,,4.560373336000339,4.711129641000298,150.75630499995896
229,1a582386-8c7f-4780-8b08-fefc4229257d,202,,4.580315002000134,4.722904708999977,142.58970699984275
230,6a4667e6-f6db-4e3e-b4dd-75c4b0c3e1bb,202,,4.6003299970002445,4.733578087000296,133.2480900000519
231,f49f1579-3597-40e5-afdf-a75b3643baba,202,,4.621660587999941,4.741065138000067,119.40455000012662
232,091eabce-e488-401b-98b5-85a4503f9fcf,202,,4.643414988000131,4.750730738000129,107.31574999999793
233,2cfdc55b-4a24-4aa9-a1f6-5231c619ce33,202,,4.66029711200008,4.755609972999991,95.31286099991121
234,a71d12f0-7426-4e9f-9e4c-9e81428c9a96,202,,4.680214488000274,4.764461033000316,84.2465450000418
235,ebda83ce-fb5e-4e08-aea6-e088ac6a531f,202,,4.700458845999947,4.762627007999981,62.1681620000345
236,e54aba8a-e9f5-41bd-9c37-8735238264d0,202,,4.72020527199993,4.773539123000319,53.33385100038868
237,e6effaa9-1a50-4b14-bc16-d32622328dd3,202,,4.7402189340000405,4.773351674999958,33.13274099991759
238,a32163e2-0762-4a02-8ae1-e985d82a795d,202,,4.760176641000271,4.787285667000106,27.109025999834557
239,626340a0-96a4-484c-9a5d-7bedae48f77b,202,,4.780235467000239,4.796179850000044,15.944382999805384
240,ef05fa0f-ab10-4d1b-9adc-40342fea90a8,202,,4.800213881000218,4.813594445000035,13.380563999817241
241,904d336f-e6cd-4fdc-9ef3-f739afc909ce,202,,4.8202741660002175,4.833356038000147,13.081871999929717
242,9085eee5-4960-4158-a47a-a6434d84066b,202,,4.840164667999943,4.852029313999992,11.864646000049106
243,f77edc24-c10b-4cd6-aa3f-010bace0bd36,202,,4.860183829000107,4.879663812000217,19.479983000110224
244,b3877382-b73e-4725-b07f-8c22f6c1fd82,202,,4.880151035999916,4.893776294999952,13.625259000036749
245,5f88557c-37db-4bff-8e7a-4dc8807c6348,202,,4.900169239000206,4.914383549999911,14.214310999705049
246,66b351f8-1852-48ee-8721-d05eaafb58a8,202,,4.92040084700011,4.931017978999989,10.617131999879348
247,93430837-2eb5-461c-a399-38acffa2fd57,202,,4.940295183000217,4.952698967000288,12.403784000071028
248,675c6bbf-41e9-4ac1-94de-c36b912ded98,202,,4.960182810000333,4.972373147000326,12.190336999992724
249,9d677e7f-48fd-41aa-9498-b6a0d483152f,202,,4.980178888999944,5.006196558000283,26.017669000339083
250,80144db0-4099-484d-8846-fcb828f72f75,202,,5.006578663000255,5.036779771000056,30.201107999801025
251,97274555-4b24-470f-883c-0031b522e33d,202,,5.024070878000202,5.073482108999997,49.4112309997945
252,9a6ad66d-6875-47e4-a2d0-d1109ef8f2f0,202,,5.0410955360002845,5.084199568000258,43.10403199997381
253,402c9206-9d08-4032-840e-ef022a63363e,202,,5.060766800000238,5.0927786430002016,32.01184299996385
254,cd36678b-f1cd-43ae-82ca-af8a2fffa4e4,202,,5.0801345810000385,5.100429852000161,20.29527100012274
255,31fc8a4e-cd13-480c-aa18-472f7acb8abc,202,,5.100466017000144,5.119241120999959,18.775103999814746
256,b0435df9-479a-4ed9-be63-600e33ef37f9,202,,5.12020456900018,5.133439600000202,13.23503100002199
257,b3e53dc0-3600-4e2b-8b2d-691d5fc74f48,202,,5.141206136000164,5.153162861000055,11.956724999890866
258,3cd8d0b7-8464-4d92-8adb-08aa581dc038,202,,5.161980131000291,5.172775961000298,10.79583000000639
259,06ca9aaf-8c67-45c2-a5e7-a42734676cd1,202,,5.180396754999947,5.198741591000271,18.344836000323994
260,54605f83-87dd-4f32-86a7-40ed9be636fa,202,,5.200448082000094,5.226829856000222,26.381774000128644
261,332be909-7085-40eb-b849-0cf5218d9f93,202,,5.220451911000055,5.2371922090001135,16.74029800005883
262,5a946c30-51aa-460d-a880-4f632ce0c6b1,202,,5.240526694999971,5.252016028000071,11.489333000099577
263,a201d5f2-73c5-413f-898f-2c0c71264eed,202,,5.260453861000315,5.271438223000132,10.984361999817338
264,1daa4b65-3dc6-4dc1-bf58-8754deddddcc,202,,5.280317281999942,5.336886206000145,56.56892400020297
265,594ac30f-d28a-499b-8d51-f84e24e4c949,202,,5.3003654829999505,5.349424358000306,49.05887500035533
266,43804b42-9c1b-4b85-b43b-bbbd24d047e4,202,,5.3206220490001215,5.353490469999997,32.868420999875525
267,de607928-58c7-45d8-92f9-7b4324cac68f,202,,5.340223567000066,5.357456421000279,17.232854000212683
268,523ee13e-c7c7-409c-9ddb-e531ecc8a357,202,,5.360202814000331,5.382189619000201,21.98680499986949
269,6383976f-91c0-4a53-b104-8a52399dbb08,202,,5.381267626999943,5.4116832650001925,30.4156380002496
270,c24869ef-f7e8-4c22-b7d8-6a27219511fd,202,,5.4002529280001,5.438976406000165,38.72347800006537
271,f56f2bd8-9a9b-48b0-9561-65ae4ffdd669,202,,5.421661598000355,5.445831491000263,24.16989299990746
272,2b9feff5-edda-40f1-8797-f9ba1fa0bb93,202,,5.440401412000028,5.462898644000234,22.49723200020526
273,e26034f1-47a5-4bd7-9ddb-ec8265acd9b7,202,,5.461120616000244,5.479963548000342,18.84293200009779
274,4fd2b07d-ed88-4cd8-8fb8-34a35cfe8c9f,202,,5.480167661999985,5.494499631000053,14.331969000068057
275,4e824fe8-c356-42fc-bccf-f9118fee020f,202,,5.5001909460002025,5.518767851000121,18.576904999918042
276,83646095-74ea-450a-b4b2-aee2dd21ba1b,202,,5.5201831490003315,5.541577649999908,21.39450099957685
277,2195ae4d-c2e2-44a9-935b-aee00a32c965,202,,5.54051833199992,5.557031973999983,16.513642000063555
278,34dcb920-74ee-48ac-b116-899500399684,202,,5.560148220999963,5.576412084999902,16.26386399993862
279,c23417be-3da0-4f3a-9bf0-41084489823f,202,,5.580185046000224,5.601959526999963,21.774480999738444
280,eede8876-bf4b-4eec-80f1-3629b5b2411d,202,,5.6009872459999315,5.633750795000196,32.7635490002649
281,41b2b464-7f77-41cc-91d2-a9a77bd5121c,202,,5.620918411000275,5.639039382000192,18.120970999916608
282,ea9cd999-8a06-4168-8654-4e20fa669902,202,,5.6401648200003365,5.656659380000292,16.494559999955527
283,c62ee6b0-17ce-4ceb-95f4-8c4a51c32cba,202,,5.660241893000148,5.677737148000233,17.495255000085308
284,b81e54f7-571f-4319-a05d-12ba1608200b,202,,5.6801704330000575,5.694943919000252,14.77348600019468
285,9499ce5b-c1a1-40f0-8f8a-028e8341e9a5,202,,5.700167051000335,5.713528615000087,13.361563999751525
286,34c5e241-963e-4763-8f85-94970e0c4433,202,,5.7205796060002285,5.735183727000276,14.604121000047598
287,1836f06c-971d-4fa6-8752-41c3156fb5a3,202,,5.740225327000189,5.754970773999958,14.745446999768319
288,b351a9e7-41db-4cfc-9900-531c4c30b2ce,202,,5.760184782000124,5.779418234000332,19.233452000207762
289,273a68d6-e776-4642-94be-56c7b68fd9bb,202,,5.780314477000047,5.792448065999906,12.133588999859057
290,7befa336-5cac-4ab5-a50b-d253b22cbf3c,202,,5.800194935000036,5.814904842000033,14.709906999996747
291,df4baa17-1568-49a4-9171-cd315aa567eb,202,,5.820349961999909,5.832711664000271,12.36170200036213
292,b4af35e2-8cbb-4644-9c2e-07d7a6861506,202,,5.840394078999907,5.852057818000048,11.663739000141504
293,f56f3688-df76-463d-963c-095b7321f526,202,,5.860253872000158,5.873953292000351,13.69942000019364
294,6f7c2104-fb3a-4eac-99b7-26f8b02b4f68,202,,5.880190410000068,5.897927278000225,17.73686800015639
295,e5835b83-1041-4123-9fb4-94f4111a86f3,202,,5.900168697000026,5.914453669000068,14.284972000041307
296,526732ca-bca9-4d3d-8aff-cdf85d07ef29,202,,5.920713993999925,5.943783654000072,23.06966000014654
297,f61a8b0f-785f-4137-addc-8e8e2e3f2343,202,,5.9403747979999935,5.958125081000162,17.750283000168565
298,f38bf01e-11c7-4682-a8df-1b05e8d643a5,202,,5.960368917000324,5.985656081000343,25.287164000019402
299,7441f70a-5edf-409d-9ed3-81b259493b32,202,,5.980255334000049,5.9970862499999384,16.83091599988984
300,a01659d9-9ab5-45a2-ac23-4e2a00756ae3,202,,6.000455941999917,6.012921387999995,12.465446000078373
301,08977e74-a0c5-4336-a2da-d2379dec2318,202,,6.020152660000349,6.035419995000211,15.267334999862214
302,0ff7b24a-08e1-4b82-bb87-fbc4e17f72c1,202,,6.040196443000241,6.0588275949999115,18.631151999670692
303,ff7b1aef-6fa1-4bfc-b861-f8e7e2ac24db,202,,6.060281724000106,6.081033760000082,20.752035999976215
304,8549c921-5950-4110-8d36-fec5aa02977f,202,,6.080937182000071,6.093410628000129,12.473446000058175
305,299fafcf-26cf-4a85-bd34-771a96f0682b,202,,6.100871721000203,6.1186027970002215,17.73107600001822
306,c9637e82-44b7-40f3-b0dc-0c500a2ce935,202,,6.120374492000337,6.132098269999915,11.723777999577578
307,4c8f1166-7e6f-4cdd-8c6c-cee4acd3eaa9,202,,6.140447690000201,6.154665249000118,14.217558999916946
308,065cdcbf-d915-4b7b-aedd-17bcdd8b4c44,202,,6.160246403000201,6.170509302000028,10.262898999826575
309,fed1c121-f6a4-4806-81a5-7ee12e89b4b3,202,,6.180675082000107,6.193188275000011,12.513192999904277
310,db0bf01e-a953-456f-9e13-fdddd492a2e6,202,,6.200712948000273,6.211477154000022,10.76420599974881
311,b7c7cc29-01ea-43f8-be10-efc0581daa9e,202,,6.2208824330000425,6.232710289000352,11.827856000309112
312,da8d4667-026f-4346-bd39-6ff561f74682,202,,6.24040274500021,6.251013375000184,10.610629999973753
313,d2f30ade-9ea1-4ae5-9967-74b93298fce7,202,,6.260476983999979,6.270621014999961,10.144030999981624
314,f0f65210-96c6-41e9-b9c2-4a70e63a11c7,202,,6.2806576350003525,6.292205796999951,11.54816199959896
315,08f7d998-0bc1-41ed-94b4-d7e4b9133c82,202,,6.300265608000245,6.312834589999966,12.568981999720563
316,98be55ba-a4ac-4c30-b87f-f75ce6f56bc7,202,,6.320739701000093,6.33169118800015,10.951487000056659
317,9258a3ad-94ba-4262-8f6f-470c452276ab,202,,6.340277220000189,6.371718464999958,31.44124499976897
318,575759bd-cd11-40e1-a336-1d8679b333e1,202,,6.361310949000199,6.382634412000243,21.323463000044285
319,fd26860c-4e5d-4a02-95c0-2a16836637bd,202,,6.380201295000006,6.397489478000352,17.28818300034618
320,25fc993d-69bf-4bd3-abab-15e3e3a75b08,202,,6.400406486000065,6.4123429189999115,11.936432999846147
321,1aa60524-a5c6-4f48-acac-2fdd293b0b40,202,,6.42016757600004,6.437323891000233,17.15631500019299
322,fe540f8b-bb02-43ae-95f2-ace887da3f96,202,,6.44047276099991,6.454958262000218,14.485501000308432
323,96c631c0-513e-4903-86b5-160f5cbd1e34,202,,6.460155186000065,6.477385870000035,17.230683999969187
324,36fea803-6853-4dde-95ee-a552ae90e817,202,,6.48017238500006,6.4932010070001525,13.028622000092582
325,4156e082-4483-43dc-8d99-eaa446648986,202,,6.500267955000254,6.514631587000167,14.363631999913196
326,4cbedf14-e02f-4267-81c7-b1c474d88f14,202,,6.520207907999975,6.533417395000015,13.209487000040099
327,1f241033-e4ea-474f-8a3f-bd1707a36905,202,,6.540187692000018,6.55453770000031,14.350008000292291
328,28797176-59de-46f5-9a78-ae351785fe85,202,,6.560183391999999,6.572306688000026,12.12329600002704
329,257b53ab-9838-4e30-9768-df52909c5c70,202,,6.580168009000317,6.593854387000192,13.686377999874821
330,f77e2907-d4d8-4bad-94cc-de2b0b659d1b,202,,6.60018645800028,6.615201095999964,15.014637999684055
331,4f1b5556-6b43-4e80-b27c-6c6896b5c9f7,202,,6.620198531999904,6.650588039000013,30.389507000109006
332,c8076373-1754-4052-88bd-1bf1acad392b,202,,6.641152804000285,6.674493026000164,33.34022199987885
333,84f2b249-a6fb-4c55-823f-367ac708396d,202,,6.6603695470003,6.684066295000321,23.696748000020307
334,7fb15759-1f9d-4741-972d-1da8dcb50760,202,,6.6803702880001765,6.694484058999933,14.113770999756525
335,1584cc1e-783e-4961-91fb-15528313018e,202,,6.700281160000031,6.717113657000027,16.832496999995783
336,7fd6bd1f-42e8-4587-817d-2e4a87a8cae4,202,,6.7202147380003225,6.738184965000073,17.970226999750594
337,569bdeb4-f0f9-40b0-a4cc-f51fb78e785d,202,,6.7402722680003535,6.752820124000209,12.547855999855528
338,aa662c57-4d16-46c5-a0cb-d856fbf0d31f,202,,6.76018668100005,6.773676736000198,13.49005500014755
339,bd6b2607-0082-4502-a627-5bb7757bc3b1,202,,6.780275042000085,6.792397130000154,12.122088000069198
340,3819e936-3e61-47c8-96c1-9e97de093081,202,,6.800171956000213,6.814794533000168,14.622576999954617
341,9ea1ec15-95b3-421c-85e8-ea88019a37e2,202,,6.820216778000031,6.831611697999961,11.394919999929698
342,3ebb6ca0-be2f-4e50-a72d-f8f81772377e,202,,6.840259225999944,6.853982225999971,13.723000000027241
343,01dc257b-2e01-4e6f-960d-be2473b634fd,202,,6.860283299000002,6.8722278140003255,11.944515000323008
344,5caff363-f2f5-43c2-bb88-cef65640bdee,202,,6.880246625999916,6.891394225000113,11.147599000196351
345,b81ecfe8-1bd1-4998-b2cf-c816f3bd27a1,202,,6.9004440650001015,6.911601747000077,11.157681999975466
346,57cccb0f-0e65-4889-9a9e-0af605c15490,202,,6.920401308000237,6.930576627999926,10.175319999689236
347,7cdfb1ab-65c5-41e5-b141-2f2b1ef02385,202,,6.9416285239999524,6.952393062000283,10.764538000330504
348,e7bf5679-cb8a-4d3d-94d8-be60123a824c,202,,6.960620738000216,6.971615971000119,10.995232999903237
349,0f8c982a-62d1-412d-aee8-10b584626729,202,,6.9809543770002165,6.991838700000244,10.884323000027507
350,7fa00227-cea4-4815-a2b0-3d371610c6a0,202,,7.000222075000238,7.011057401000016,10.835325999778433
351,07e9c826-3666-487a-a4e0-18edc515a4a6,202,,7.020420098000159,7.030343389000336,9.923291000177414
352,53150cf7-ba83-4671-9017-f66ab806287a,202,,7.040344217999973,7.052352187999986,12.007970000013302
353,3e294bd8-c683-4313-bba4-54ac4886edbb,202,,7.06170509399999,7.0729944360000445,11.289342000054603
354,3ec6db23-03cf-46fb-ba7e-a7a943d220ae,202,,7.080375199000173,7.093943042000319,13.56784300014624
355,9ecc9ac5-abd3-40b5-86c6-3f5fee2ea464,202,,7.100373149000006,7.112902464999934,12.529315999927348
356,010655c0-aca2-4ac3-af35-0611c78b334a,202,,7.120408305000183,7.13184280600035,11.434501000167074
357,80601ef1-42e5-4034-8910-c7e2fb6ce9d7,202,,7.140272263000043,7.150273757999912,10.001494999869465
358,08d9891a-a439-4806-a733-59911baa5f7d,202,,7.1613953589999255,7.171641717000057,10.246358000131295
359,43776f11-4e27-415f-b84a-430a3ff0b7c1,202,,7.180434695000258,7.190582599000209,10.147903999950358
360,9f9f05f6-4cea-4886-b545-f1b4b0d153cd,202,,7.200872662000165,7.2124469469999894,11.574284999824158
361,b2762c5b-8d34-4982-a966-a81ecb37554e,202,,7.22093840000025,7.231689397000082,10.750996999831841
362,66c78248-e874-458a-a087-83c494a20cda,202,,7.24114917199995,7.2510061749999295,9.857002999979159
363,018e4e88-f86d-4495-a3e4-942fb6eed51a,202,,7.260867554000015,7.271070580000014,10.203025999999227
364,2b1401ed-865f-4445-acb2-7f8ae7a15f1a,202,,7.280606891999923,7.2926879410001675,12.081049000244093
365,e5e418a4-8c55-49c0-b2bb-fca5792e9ecc,202,,7.301206059999913,7.311566118999963,10.36005900004966
366,ffee7b16-4171-4470-9096-d56a1138f190,202,,7.322299658000247,7.337720066000202,15.420407999954477
367,891a6760-a94c-4897-a61a-76ea44f2593e,202,,7.340551620000042,7.351059088000056,10.507468000014342
368,8c3a481a-a573-4a63-bdea-50e5f5b3211d,202,,7.361242906999905,7.373607482000352,12.364575000447076
369,a5457d94-7ec1-43d3-9506-9c95698d83ed,202,,7.3802015800001755,7.401023277000149,20.821696999973938
370,e710a3d7-7f3c-4b4f-8555-0501de9814fc,202,,7.4001791979999325,7.415412491000097,15.23329300016485
371,a679ea27-843d-4e42-845a-1ad89c119ac4,202,,7.4202538520003145,7.4346753140002875,14.421461999972962
372,642deae0-fe81-41e8-a570-f7b85b63df29,202,,7.44019459600031,7.453311961000054,13.117364999743586
373,a2db77e7-b9d2-4b1f-84ce-8326a2b4a080,202,,7.460278163000112,7.47434135200001,14.063188999898557
374,d86b464d-1704-4a74-93e9-5d07af56aee2,202,,7.480180283000209,7.494854354999916,14.674071999706939
375,91692393-de1a-49dd-9d2d-593b4543f850,202,,7.500274100000297,7.5144048269999075,14.130726999610488
376,64f901ac-d1aa-4619-a70e-84f62b4040d9,202,,7.520360585000162,7.5348836230000416,14.523037999879307
377,24de8627-9365-4404-8a1d-2688df714e24,202,,7.540173792000132,7.554579546000241,14.405754000108573
378,5a3b8532-6c85-4ad3-a2e3-c43cb647aa1e,202,,7.5601846140002635,7.572476900000311,12.29228600004717
379,85780d66-55bb-4f11-8867-ca16eae7d179,202,,7.580199601999993,7.5921261580001556,11.926556000162236
380,c74d834b-ba68-4e6a-88a4-9ca36fe05ee9,202,,7.600163843000246,7.611572219000209,11.408375999963027
381,0ac48f31-00f8-4b3b-b96e-c83d1d6546b4,202,,7.620393319999948,7.646013043000039,25.619723000090744
382,ec825666-db85-477f-ac29-ddf11df1dbf6,202,,7.640572966000036,7.667943635000029,27.37066899999263
383,084824be-6a9e-448d-ae07-72596ca06536,202,,7.660888479000278,7.684346820999963,23.458341999685217
384,cd17e315-8bcb-4dac-9464-7306c9db4896,202,,7.680225963000339,7.6946856300000945,14.459666999755427
385,a75b0bcc-ec5b-4125-b744-2076a45f4eae,202,,7.700236534999931,7.716210661000332,15.974126000401156
386,e0c85515-1a9f-4b47-b1b6-14e4d25870c1,202,,7.720312602999911,7.739571716000228,19.259113000316574
387,e95a0662-1359-4c72-937a-6cedf6186f7a,202,,7.740159767000023,7.752016119000018,11.85635199999524
388,9c833ad6-d80c-4527-bb7a-39404bf5652c,202,,7.760268625000208,7.772312508000141,12.043882999932976
389,7c35df41-6c6f-4081-852e-a8a8fbd88fb4,202,,7.780396566000036,7.793433851999907,13.037285999871528
390,76cad11c-e962-4e48-89c7-a12bc78604cd,202,,7.800340183000117,7.815113291000216,14.773108000099455
391,d28391ac-27bd-40e5-be4b-a222e2ae2c61,202,,7.820240428000034,7.831317113000296,11.076685000261932
392,c0c7c0ab-770a-44c5-a06a-48665823a74c,202,,7.840223875999982,7.8558598540003,15.635978000318573
393,78ccdd42-0125-493a-924c-95a2cc2273fd,202,,7.860262113000317,7.871439126000041,11.177012999723956
394,f641b64f-8baf-4350-98a1-128e5255be62,202,,7.880358972000067,7.89319856100019,12.839589000122942
395,1c47c905-69f6-464b-aee8-e46a84a50ed6,202,,7.900219843000286,7.910826096000164,10.606252999878052
396,c44f3783-65c4-4f5f-8fcd-5d7e18d314f0,202,,7.920611769000061,7.938030858000275,17.419089000213717
397,7d61dd2b-e821-4a89-8fd8-a4452e6594d0,202,,7.9404093940001985,7.95246573500026,12.056341000061366
398,fbc3141f-e9fb-490d-8dc2-78b8f677aaa7,202,,7.961281293999946,7.986315800000284,25.034506000338297
399,711b303c-cb4e-481c-b5ce-ccb1258b4340,202,,7.980435913000292,8.020932156000072,40.4962429997795
400,6670d7ad-df14-4c1b-9773-9a38f5b1b793,202,,8.000360656000339,8.031759646999944,31.398990999605303
401,5e29f35a-31c6-4643-80a2-61e4aeedf06b,202,,8.020497763000094,8.03970908700012,19.211324000025343
402,15d66c40-4414-49b2-839f-0d6c35a9118a,202,,8.04020360100003,8.056747904000076,16.544303000046057
403,85fc1e02-9536-477c-bc08-e29a1c6f5f8e,202,,8.060358248000284,8.071085162000145,10.726913999860699
404,55801117-79ac-410b-9b59-50542e589bae,202,,8.080369487000098,8.095608195000295,15.23870800019722
405,31146ff7-322d-4cf6-83a5-74d315cea719,202,,8.10035930999993,8.113499216000037,13.139906000105839
406,0c37a415-a735-4e5c-a8d2-90f901d22dbc,202,,8.120380630999989,8.134915294000166,14.534663000176806
407,d5619d0a-b39a-43d7-9e30-be434b129305,202,,8.14035995500035,8.151738249000118,11.378293999769085
408,525aea5a-60b6-4fce-a91a-b965a5ae2221,202,,8.160371942999973,8.170871201999944,10.499258999971062
409,5c6b3198-b292-48ca-aae5-4d0b3348745b,202,,8.18085144800034,8.191204548000314,10.353099999974802
410,cef3dab7-68d1-4e6d-a966-0f146914ea9a,202,,8.200350881000304,8.21240501300008,12.054131999775564
411,26db4cd6-9fcc-42db-a4e8-b25dd81070c2,202,,8.22133489900034,8.234068869000112,12.733969999771944
412,57462d35-5c64-4ba1-a627-f2f80231fa47,202,,8.240720922000037,8.251464042999942,10.743120999904932
413,fea65cbc-e407-4b8d-be7d-f1ad0708e948,202,,8.261065058999975,8.271602108000025,10.537049000049592
414,461a34a4-78dd-4d19-8435-25246031655c,202,,8.280394876000173,8.296302964000006,15.908087999832787
415,c604f728-97e1-44b0-8759-a73758c347c1,202,,8.300324160999935,8.31215917999998,11.835019000045577
416,b31e6123-9f15-4e89-a5c4-675d3c0721d2,202,,8.32042768600013,8.331878851000056,11.451164999925822
417,4102473c-6edf-404f-b87d-c28c8782db9a,202,,8.340717659000347,8.360923887000354,20.206228000006377
418,88a3ba10-8c34-41c7-97bc-4901b7cab3a1,202,,8.360280714000055,8.37888107100025,18.6003570001958
419,936c6f06-1a18-4864-815d-90524845ccda,202,,8.380433153000013,8.391854445000263,11.421292000250105
420,62fa3176-8ec5-4d17-93c0-ecd300b0467e,202,,8.400293357999999,8.424397706000036,24.104348000037135
421,553be98e-6520-4af6-92f1-2a4f5bd30c09,202,,8.420265057000051,8.452349341000172,32.08428400012053
422,88790637-5e7a-4f9c-8e37-7e6aa7a2cc3c,202,,8.442564586000117,8.467592046999926,25.02746099980868
423,2235b7d9-f105-42a4-a62c-458393b934fd,202,,8.46031440500019,8.477751990000343,17.437585000152467
424,19506475-7127-4035-aee6-e41458111cd8,202,,8.480188522999924,8.498452979999911,18.264456999986578
425,f9cd053a-9a3c-435c-8cdc-e7c0c3c70257,202,,8.500250340000093,8.5136286070001,13.378267000007327
426,6f8ebf43-1d0c-4271-afaf-34edc4a090db,202,,8.52041915100017,8.53250261400035,12.083463000180927
427,2d33bf4f-e91b-4ad6-84db-ddba31661beb,202,,8.540269104000345,8.552181950999966,11.912846999621252
428,2d849f81-89f7-4fad-845c-f0de23122cce,202,,8.560175471000093,8.574858791000224,14.683320000131062
429,aecbd51f-76de-46e6-a564-3b97346f47ac,202,,8.580288952000046,8.595335084999988,15.04613299994162
430,ef3ddf9f-7813-4bf1-b6a8-4cef2993efe5,202,,8.600299021999945,8.614270839000255,13.971817000310693
431,5576554d-94aa-4603-956c-324711201f41,202,,8.620409461000236,8.64315079700009,22.741335999853618
432,36888914-06d8-454b-800f-5d69e8f3dd76,202,,8.640305870000248,8.656767842000136,16.461971999888192
433,f60a60ce-c198-4c04-bac5-cf9dccfe7c92,202,,8.66017965500032,8.674107391000234,13.927735999914148
434,87a89c1b-f772-46b2-bd58-4dc3199ef13c,202,,8.682733794000342,8.704299403000277,21.565608999935648
435,76ccb55d-3dd8-4fbf-aed6-58d8827c251d,202,,8.700218460000087,8.737354257000334,37.135797000246384
436,0860ca3c-c0a7-45b9-852e-290752ff97b2,202,,8.724163439000222,8.757150338999963,32.98689999974158
437,a148769c-9104-44a9-9835-413928168bf4,202,,8.740256931000204,8.771669917000054,31.412985999850207
438,1ec5eb8c-756f-40bd-b8d4-fb750a991503,202,,8.762075526999979,8.779834427999958,17.758900999979232
439,636e32ef-070c-42e1-b5e5-96812e4b2296,202,,8.780162035000103,8.795910880000065,15.748844999961875
440,5ef7e521-5ced-4b59-90c3-6a1bd476f778,202,,8.800408842000252,8.828950735000035,28.54189299978316
441,abee9081-8127-438a-a342-6d9b1e83d13c,202,,8.821418647999963,8.839818680999997,18.400033000034455
442,3a8be34b-ae35-4625-99b1-c2584fc64320,202,,8.84020082699999,8.854327344000012,14.126517000022432
443,7e362cc0-df8d-4578-8acc-3e7aca4ed866,202,,8.860178565000297,8.876743072999943,16.564507999646594
444,d4a1d6bc-1340-461b-9889-96717f99af8f,202,,8.880224173999977,8.896095053999943,15.870879999965837
445,894a7620-4dc2-4b2c-a931-6c69957a79a6,202,,8.900303906000318,8.912243668999963,11.939762999645609
446,d7bbd45f-a219-4d6b-941c-9a0393b547c1,202,,8.92020914800014,8.935483019000003,15.273870999862993
447,888d68ae-f2cc-4121-8c1f-0eba5a1cb61c,202,,8.940188470000066,8.95163871700015,11.450247000084346
448,65f0d16b-3a7d-47c1-b05c-820e7ba2523a,202,,8.960419069000181,8.977716120999958,17.29705199977616
449,60a938c1-c094-4cd4-bc2c-2ce55a10170d,202,,8.9801961510002,8.992729214000065,12.533062999864342
450,92d28f1b-aa1e-441e-9257-b70f12c39d32,202,,9.000196221000351,9.012295891000122,12.099669999770413
451,518a40f2-9a15-41c8-a333-e0386aab3418,202,,9.020202832999985,9.03786503099991,17.66219799992541
452,6a71dd09-4e0f-4205-b040-501f6a2f8b14,202,,9.040365519000261,9.049943369000175,9.577849999914179
453,9d6f8bd9-a1ea-4ccc-b3ad-1cfd38ba6fb9,202,,9.061378784000226,9.07158334900032,10.20456500009459
454,21be8e97-d5d3-436f-bbec-a669a3dd842c,202,,9.081530511999972,9.660126264000155,578.595752000183
455,78250d10-59bc-4de6-af9e-789611654f25,202,,9.100201362999996,9.667511900000136,567.3105370001394
456,a3dedca2-824b-4e65-90c8-164a1ad1d0cb,202,,9.121762515000228,9.712296814000183,590.5342989999554
457,c62ff4b5-18e2-4d65-9ac7-3c1489d7df51,202,,9.141172034000192,9.720440200000212,579.2681660000198
458,ab799c1a-2c5d-462e-bf4c-22ac85ec00c6,202,,9.161009945999922,9.764693351999995,603.6834060000729
459,6a022df1-a829-4788-97bb-c849cb6b98a6,202,,9.1805199180003,9.785160353000265,604.6404349999648
460,6e8a9728-7c66-4ace-b555-29663b746852,202,,9.200729852000222,9.806779748000281,606.0498960000587
461,cc52ca37-726d-4b5f-af1d-09327b73063e,202,,9.220451479000076,9.818272200000138,597.8207210000619
462,8a17c3a4-8693-4e02-bddd-968fba0e603f,202,,9.24131541800034,9.833270418000211,591.9549999998708
463,7901f28b-3802-4a68-8c15-d591a391c6c6,202,,9.260283753000294,9.854947185000128,594.6634319998338
464,9d88ad1c-cb26-474b-baee-28e9dfd19d81,202,,9.282072142000288,9.862555309000072,580.4831669997839
465,3a698623-1cd8-4162-9e63-154b372ba431,202,,9.301084558000184,9.871657642000173,570.5730839999887
466,ac1d485b-1781-491e-bae1-432b47e29bc2,202,,9.32258300400008,9.879429465000158,556.8464610000774
467,7ca965e5-20c3-401e-8785-c625ea61a8ca,202,,9.343120545000147,9.887303241000154,544.1826960000071
468,97672cb8-71fc-4a04-a186-1e501ac55742,202,,9.36206558999993,9.896456071000102,534.3904810001732
469,757abaeb-6a4d-4b1f-a6fa-7de2ca8329c2,202,,9.381002343000091,9.904680328000268,523.6779850001767
470,2d3aa728-baa4-41d8-80af-1ad487e2949b,202,,9.400999788000263,9.91329514600011,512.2953579998466
471,66ddbd04-1b09-45b6-aab7-6024c1cbfd54,202,,9.426106036999954,9.92811616500012,502.0101280001654
472,b05672f7-0484-410c-b9a5-7bc70ca1d983,202,,9.441908420000345,9.932435886000349,490.5274660000032
473,5091b77f-e1cb-45e3-9575-df89f2545f3c,202,,9.463188334000279,9.95288672100014,489.6983869998621
474,405c345e-42be-4be3-a505-b3905db99e77,202,,9.483425264000289,9.965775804000259,482.35053999997035
475,83fab7d6-c88f-40fc-8deb-587a7ce42d3c,202,,9.500958092000019,9.973097610999957,472.13951899993845
476,eaac69b6-d126-4491-9c24-3d50820f8f86,202,,9.520759379000083,9.99338582900009,472.626450000007
477,4c2ee2c8-62af-4789-8157-ce6cc7a24a45,202,,9.540905064000071,10.000376237000182,459.47117300011087
478,8aac26c6-731b-40ef-8c80-16eadf5082e0,202,,9.56089109100003,10.00942240600034,448.5313150003094
479,8be35522-bbe5-42a4-abc7-4d1abbae9c7e,202,,9.581749777999903,10.017543835000197,435.79405700029383
480,bb87674b-7b48-458d-905e-6e28366782bf,202,,9.600999803999912,10.041563099000086,440.56329500017455
481,7f25cb0f-b911-4feb-afb4-f568a384397a,202,,9.620330491999994,10.055392755999947,435.06226399995285
482,8c1e7802-176e-45e9-8150-c2b03649973f,202,,9.641310130999955,10.055216557000222,413.90642600026695
483,21f59c69-6cb6-4570-8934-c7160856f274,202,,9.661229536000064,10.072325117000219,411.0955810001542
484,efefc7ff-59a9-4b9f-a301-4c4bf637e17f,202,,9.680850084000213,10.07731059300022,396.46050900000773
485,94585813-f840-4be1-9f72-6736a77a6ba3,202,,9.700290432000202,10.09051403500007,390.2236029998676
486,28dbeb22-b5e9-4388-b1b0-b96f3ed7e0cc,202,,9.72410145699996,10.094777259000239,370.67580200027805
487,d2566547-6476-44a4-ae9a-fbe9f00d47d1,202,,9.741404090000287,10.10070959900031,359.30550900002345
488,4ada97c2-e47f-4d7b-b0c8-f2134577f8cc,202,,9.763664450000306,10.108832903000348,345.16845300004206
489,7246918f-8834-4bdd-bdbf-d4d648f036b5,202,,9.780243622999933,10.124066233000121,343.82261000018843
490,f22d9047-8f5d-4672-84d6-fd8936ffd5f6,202,,9.80484947900004,10.13268805100006,327.83857200001876
491,ec783183-1e72-4ef3-9de6-6879e7b6d2f2,202,,9.820419332000256,10.14008302000002,319.6636879997641
492,c6d2c937-c0be-4415-9ef9-91bd34f9c7f8,202,,9.842608405000192,10.157267075000163,314.6586699999716
493,0bea7561-d0f8-4d52-9897-60ef7ee73250,202,,9.862087959000291,10.171959893000349,309.8719340000571
494,356be65f-32eb-4095-9c67-b1aecc17a87d,202,,9.88036124700011,10.181393042000309,301.03179500019905
495,16a4f976-46b9-4a46-ab04-f50ee476f2e8,202,,9.903075249000267,10.194961837999927,291.8865889996596
496,efc62936-80c8-4ae5-9d05-999c86d82122,202,,9.92026755500001,10.196277599000041,276.0100440000315
497,3cd6e674-8beb-4af3-80b5-09eb8ce03402,202,,9.941283983000176,10.201916914000321,260.6329310001456
498,1400e9bd-ec9c-4a85-9100-f8eec0a62e66,202,,9.962059717000102,10.211749499000234,249.68978200013225
499,83e8ee70-1390-4936-8277-ef38447c9026,202,,9.980372627000179,10.215979600000082,235.60697299990352
500,7db43882-5841-458f-ade9-a0e76961f548,202,,10.001780493000297,10.23362721300009,231.846719999794
501,7053ec23-d4fe-4ed9-a35a-ff2ae7ef2b76,202,,10.022075586000028,10.286538805999953,264.46321999992506
502,c1edda36-ee3b-49f8-a79d-4ec89798dbdb,202,,10.041608179999912,10.289244324000265,247.63614400035294
503,0ebf904a-fc1b-4d79-8abc-1a5e567f716e,202,,10.060192409000138,10.292063545000019,231.87113599988152
504,86105e8c-6103-441b-b202-a321aaa08707,202,,10.080169186000148,10.289325862000169,209.15667600002052
505,61b5b96a-9933-4589-8196-c173289e9efa,202,,10.10018121200028,10.302145074000236,201.96386199995686
506,45f15a72-bf3d-42cd-8530-13532d50fd3f,202,,10.120395185000234,10.319072394000159,198.67720899992491
507,67ca9823-d58c-43ab-8a32-19b8e24b8ac2,202,,10.14025863500001,10.319146557000295,178.88792200028547
508,a248957c-666b-4ec8-93ff-4808fc16c212,202,,10.161488510000254,10.329296374000023,167.80786399976932
509,fa476d24-bd16-457d-bba4-1a3799892ee0,202,,10.182181540000329,10.341678819000208,159.4972789998792
510,fefb4af6-f37a-4190-99e0-ad61d8a4900c,202,,10.20064527600016,10.350075941000341,149.43066500018176
511,7801bf39-4185-4e20-9ac9-031bc099eb2e,202,,10.221273058999941,10.35524174000011,133.96868100016945
512,72015b67-ba61-4e11-a9d5-a94abdb4ac95,202,,10.24033192800016,10.362547589000314,122.2156610001548
513,0bc35d22-07bd-4ed2-9e82-4c500f4b6de4,202,,10.270376361000217,10.384278770000037,113.90240899982018
514,3db4e421-4fd7-4466-9b2e-aca9da6a9dd9,202,,10.280272401000275,10.372161186000085,91.88878499981001
515,b7184600-88f4-4386-a9d2-378ba9a7e921,202,,10.300723610000205,10.37234513400017,71.62152399996558
516,2217a49f-96c1-4d2c-9c62-af3790bacdf9,202,,10.320119503000114,10.381279601000188,61.16009800007305
517,e736f1aa-1f0b-42c5-bde2-90a4b25ee9fc,202,,10.3402396890001,10.37519714400014,34.95745500003977
518,37ac895c-7c46-4ac1-87dc-1a3181b4be7d,202,,10.360174011000254,10.387843199000145,27.66918799989071
519,6b6baa5e-ddb2-4c5d-ab87-04a83bbe1290,202,,10.380380359000355,10.399842748000083,19.46238899972741
520,4b6c2bc1-0ea4-4a1c-89d1-226303739e72,202,,10.400164355000015,10.412269440000273,12.105085000257532
521,c46e6f52-80fd-456c-a775-771df3520f45,202,,10.420189464000032,10.442377452000073,22.187988000041514
522,0e85bb4e-8c84-4b4f-81fb-086f33a48056,202,,10.440455141000257,10.454265547999967,13.810406999709812
523,e2b8cf34-8490-4b62-b649-9f5d5b2efc41,202,,10.46026325899993,10.474536515000182,14.273256000251422
524,a9859939-1ae0-4716-867c-47edc42c33f5,202,,10.480204828000296,10.492804258999968,12.599430999671313
525,8137c8ee-7ecd-46b8-869c-9d0563d6c1e9,202,,10.50021901800028,10.512155569000242,11.936550999962492
526,b94dc393-ccb7-4873-8fde-dd5664ae4514,202,,10.520233623999957,10.534976645999905,14.743021999947814
527,42ebe2c6-bd6c-4dae-aba4-949cf4959f02,202,,10.541107600000032,10.555210407000231,14.102807000199391
528,0ea20dcb-5375-4f57-bf51-29f1def7d05d,202,,10.560191383000074,10.57551037300027,15.318990000196209
529,b5bcf8c9-4730-41c0-99c1-206af1d162e9,202,,10.580172241000128,10.591986298999927,11.814057999799843
530,2d480242-375f-4a5e-9d4d-1ab2c29e1f83,202,,10.600202805000208,10.615890108000258,15.687303000049724
531,4666d599-d6cb-4366-9a62-548c16e418ce,202,,10.620171372000186,10.632713973000136,12.542600999950082
532,4c3dbaed-804d-4778-9fda-fc2b6797a49f,202,,10.64095227000007,10.651969163000103,11.016893000032724
533,c4577ebf-bdb4-4c7f-a76a-28e61624a7d2,202,,10.660987457999909,10.676592183000139,15.604725000230246
534,44c35175-08af-4e60-b6fe-6d05a39bcfaf,202,,10.680358642000101,10.69194737900034,11.588737000238325
535,f7a4bd76-f66c-4fe1-ba64-c957bff28e9d,202,,10.70105396100007,10.71146317900002,10.40921799994976
536,0f90ecf7-3035-455c-9978-88210a09150f,202,,10.720409561999986,10.731625528000222,11.215966000236222
537,bb7d9c0d-8e8d-450c-abf2-1b0768937cb3,202,,10.740652364000198,10.766877712000223,26.225348000025406
538,d0346597-a0d9-4641-84fe-33ce8833e517,202,,10.760345988000154,10.774158436000107,13.812447999953292
539,fc1644dd-3722-4855-aa93-ef7170a21784,202,,10.780351845000041,10.79226214800019,11.910303000149725
540,2751888a-e903-4d5e-8453-b33b412cfb8b,202,,10.800746931000049,10.81161070799999,10.863776999940455
541,60c6b90b-1e83-4500-9fe9-8444984d7da6,202,,10.820899155000006,10.832755918000203,11.856763000196224
542,7259a144-ff24-4d35-bd8f-2befd609315f,202,,10.841386860000057,10.858660409000095,17.273549000037747
543,986b4c25-a6eb-45e0-b12f-671f2c6b380e,202,,10.860359774000244,10.89419911899995,33.839344999705645
544,50fc793c-5d78-4655-96ed-093dfa0ff037,202,,10.880607783999949,10.993077176000043,112.46939200009365
545,2a7e95c1-9ee6-4684-8e41-495765b46b6b,202,,10.905250969000008,11.0327062020001,127.45523300009154
546,de6f3bc4-16f3-4219-a547-9f57d673c2b1,202,,10.920793863000199,11.117399831000057,196.60596799985797
547,e79490cd-5664-41ce-bd5e-4f58d6a52801,202,,10.94563491200006,11.109216948000267,163.58203600020715
548,37fd379d-623a-4e69-8c98-9cd686732c7f,202,,10.96291604399994,11.193715254999915,230.7992109999759
549,8bed48c2-2752-460a-b966-1f03e42202d0,202,,10.984118669000054,11.206300603000273,222.18193400021846
550,5fffe4fb-6602-4b6a-81a2-121169e4fd3c,202,,11.000548723000065,11.251912426000217,251.36370300015187
551,dbce867d-32df-4d01-a6c5-f93144479efe,202,,11.020653991000017,11.258156749000136,237.50275800011877
552,6c410f5b-8978-47b3-a44d-caa5b7424db5,202,,11.042036355000164,11.27107437099994,229.0380159997767
553,6bfdcf39-b8c6-48a0-be11-4ee6ce40cdad,202,,11.061212258000069,11.286135958000159,224.92370000009032
554,052ea53d-853b-462f-8c3b-2ea154eb08d8,202,,11.082944020000014,11.296458432000236,213.51441200022236
555,3b387291-739a-453e-9ab5-52246f6b087c,202,,11.100271149000037,11.302631717000168,202.36056800013102
556,6a38d1be-84a1-426c-b0b3-af00a3a8c0c1,202,,11.120336336000037,11.338822433000132,218.48609700009547
557,f82b7b99-f84b-40a9-bdc8-7fa704277590,202,,11.144505172000208,11.342848668999977,198.34349699976883
558,31b9c504-b121-49b2-8738-b6ba05d8fe7e,202,,11.160815274000015,11.349299688999963,188.48441499994806
559,404490cb-7414-4f91-931a-4ad73aec426d,202,,11.181152529999963,11.359526501000346,178.37397100038288
560,573974cd-970d-470b-b1c4-72ebf34c7bd3,202,,11.200387761999991,11.378990263000105,178.602501000114
561,ebe6bf95-052b-4f6b-a8d0-2c4f45253bc3,202,,11.224183411000013,11.393583126000067,169.39971500005413
562,4dcd22d4-2e4d-4075-a715-0cfcf55117b3,202,,11.242943211000238,11.399423388000287,156.48017700004857
563,f6c76e3e-39c5-4f5b-b26d-39afd355ed77,202,,11.260620737999943,11.423378402000253,162.7576640003099
564,15e75f7e-7d7a-45f1-a438-37edd0a87d51,202,,11.280210784000246,11.433176280000225,152.96549599997888
565,c780e62e-2f19-4777-8d09-474f3802b360,202,,11.300247390000095,11.447457575000044,147.21018499994898
566,e77932cf-c58c-4fb8-88ee-d670e6f5cfa1,202,,11.32023708099996,11.482409189000009,162.17210800004978
567,095298a0-f0c9-4ac1-b04e-b34eecc40a64,202,,11.340310183999918,11.505949140000212,165.63895600029355
568,34459d8c-32ec-4bc2-af24-e156fddd3d40,202,,11.360170007000306,11.52092831400023,160.75830699992366
569,5301e79a-bb05-40cf-9f82-f80f6ac3b7a1,202,,11.380216320000272,11.548414839000088,168.19851899981586
570,4cc3e6c5-cad3-4c99-9dd0-868fdab5820e,202,,11.400311296999917,11.55155379100006,151.24249400014378
571,ed196c74-abaa-4db3-ab9a-0d6c24553a8a,202,,11.422871639000277,11.574713139000323,151.84150000004593
572,22083750-4ff9-4319-a9db-53a7ddf2e299,202,,11.441871800000172,11.578429184000015,136.5573839998433
573,4fdbbeb5-6555-4eb8-a226-5791abd0a4f0,202,,11.465202679999948,11.593816668000272,128.61398800032475
574,a24988b4-bc8b-4ab5-90f3-231936472a08,202,,11.485896205000245,11.598643902000276,112.74769700003162
575,8924d031-8b79-4b28-bfeb-07922ac51fc1,202,,11.501014621000195,11.610514330000115,109.49970899991968
576,cc2726e0-9be5-4993-b953-41128638ef4a,202,,11.522575098000289,11.626162634000138,103.58753599984993
577,3e931bd6-0f60-482c-9db7-8aec2fff5d70,202,,11.540403615000287,11.664588805000221,124.18518999993466
578,6dc775ef-420d-48fa-ba67-d66e0cbb590b,202,,11.560497297999973,11.675863058000232,115.36576000025889
579,ae198a4e-71f8-4006-acfb-fc73f5c880bf,202,,11.580174504000297,11.67622895500017,96.05445099987264
580,dc24c4ff-93a3-4ac9-b44e-1e7283740023,202,,11.600279311000122,11.676858837000054,76.57952599993223
581,ea8beec3-4f2f-4f00-b073-30735ef22c88,202,,11.620596232000025,11.691217420000157,70.62118800013195
582,c6468a7f-924c-4fd7-a623-855ab263b6ed,202,,11.651239458999953,11.693881981000231,42.642522000278404
583,8395d40a-1ed7-41b2-a603-2d81c135451e,202,,11.661406439000075,11.698971492000055,37.56505299998025
584,d63e45bf-718e-444d-88dd-89dcebc5c1d9,202,,11.680259899000248,11.70322646600016,22.966566999912175
585,a3c7292c-3dfc-4633-8f37-003108b7a175,202,,11.700698022000324,11.729289861000325,28.59183900000062
586,94f2f5ff-948f-49c6-b3e5-e30655669c68,202,,11.720482139000069,11.743125514999974,22.643375999905402
587,6318a0e5-7619-4eb6-980f-f6dad027cf29,202,,11.740272004999952,11.75367547399992,13.403468999968027
588,9c8c91b0-4707-461f-8bb4-52cbc6011d6d,202,,11.760312441000224,11.78776638499994,27.453943999717012
589,96b302f9-a3b5-4aaa-84fb-8909ce48ab8b,202,,11.78030833799994,11.799614190000284,19.305852000343293
590,dcc4e590-4a9f-4015-b4b7-dd25322c30ee,202,,11.800231781000093,11.813530922000155,13.299141000061354
591,bd03abaa-1216-41ec-aff0-8f832d74c241,202,,11.820219595000253,11.834140619000209,13.92102399995565
592,9348b3cc-5b6a-4948-afda-88adf9463846,202,,11.840680466000322,11.863860479000323,23.180013000001054
593,4464e19d-0682-4e6a-b188-572f0319061b,202,,11.86023580400024,11.87398404600026,13.748242000019673
594,0d11e3d6-7be3-4051-846d-19a6e929fbba,202,,11.880186495000089,11.896715332999975,16.52883799988558
595,eb441bef-7544-45d9-af35-36e9f16d5cec,202,,11.900167518000217,11.918173066000236,18.00554800001919
596,012c69c7-b206-4339-a824-e08c7a32ae1e,202,,11.920176913999967,11.936511470999903,16.334556999936467
597,271db92c-4a8e-4736-b9dd-4abd77d464c4,202,,11.940199309000036,11.953974049999943,13.774740999906498
598,e7e028e9-c590-4712-8ebe-143460f8ac25,202,,11.960194665000017,11.980617371000335,20.422706000317703
599,4e4d7af8-4fe1-4122-8fc4-696c7ab7e2f1,202,,11.980228351000278,11.999225595000098,18.997243999820057
600,066f8ca6-8805-439d-9ffc-6892d0a24ab1,202,,12.000193416000002,12.019774795000103,19.58137900010115
601,ba58c8f1-ac64-4d9e-9ca1-ac63efb4c421,202,,12.020156940000106,12.03888674000018,18.729800000073737
602,4988ab57-5b96-4663-a0df-13f3f2a3baa2,202,,12.040150920000087,12.057186772000023,17.035851999935403
603,73120e59-86b4-42c7-b6da-c4ab080fb737,202,,12.060359221999988,12.075294815000234,14.935593000245717
604,fa8bb026-a5e2-47e5-a536-af66576efdda,202,,12.08017675400015,12.096124832999976,15.948078999826976
605,d1eac6e1-5976-4c1f-9215-226c05b7c22e,202,,12.100393472000178,12.113433002999955,13.039530999776616
606,327bc9c5-72b7-4503-92c5-266fb0191890,202,,12.120205046000137,12.136558310000055,16.353263999917544
607,bf13a8fd-22a3-4442-a80d-4aadb64f8b88,202,,12.140182777000064,12.152670296999986,12.48751999992237
608,6dc181cf-5af4-4b6c-b3ae-157abae39e72,202,,12.160222046999934,12.171852697000304,11.630650000370224
609,a22fd391-d3d5-47c4-a302-a368899a8f32,202,,12.180254899999909,12.195790834000036,15.535934000126872
610,9d699928-5243-402b-9ed2-8bc7e731d885,202,,12.20041095500028,12.216793842000243,16.382886999963375
611,0e0058c3-7f42-403d-af82-0262b2c08ccc,202,,12.220173363999947,12.23523115900025,15.057795000302576
612,57fc3d31-744b-4354-b07e-f3dad2da8d3d,202,,12.240791560000162,12.275568558000032,34.77699799987022
613,2c7d254d-8010-4491-8a0f-a0ccdc598292,202,,12.260383771000306,12.282623294000132,22.239522999825567
614,c678ef67-39c6-4c89-83bc-6b59a641d4fe,202,,12.28020488600032,12.296734849000131,16.529962999811687
615,875d4fce-bfa3-4550-bdd5-65fad9278ef2,202,,12.300268529000277,12.316572837999956,16.30430899967905
616,e54d0a64-e846-4e64-9690-967fd435a1c7,202,,12.320160598000257,12.33402045899993,13.859860999673401
617,6e3de2ce-a1be-46ce-8858-4e366b6fa9fe,202,,12.340214825000203,12.352842628999952,12.627803999748721
618,f9065b01-e98c-4511-9f36-b15bab0ceb2d,202,,12.360241471000336,12.381437801000175,21.19632999983878
619,b6c353d1-8518-487d-9868-1eb158ba7b93,202,,12.380203286000324,12.393546300000253,13.343013999929099
620,69043169-05f0-4ea8-b5e9-9c63a3227f09,202,,12.400192349999998,12.4127155340002,12.523184000201582
621,6929450e-cc43-4595-989a-59cef333648f,202,,12.420173831000284,12.43361242300034,13.438592000056815
622,5514e5e5-dc3b-4e59-ba1b-6b5bf42ee49f,202,,12.440209100000175,12.454952826999943,14.743726999768114
623,d311b866-7755-41e1-b1e3-6a69b34a17c1,202,,12.460176288000184,12.472313325999949,12.137037999764289
624,50c05698-c8f6-4e6f-be7c-95b9cf41c010,202,,12.480291926000064,12.494822581000335,14.530655000271508
625,9e290c51-8a46-422f-b997-942e94f6811a,202,,12.500273072000255,12.51348205000022,13.20897799996601
626,66e57d27-4cc0-4ee7-a910-178e9f29cbe6,202,,12.520207177999964,12.537199322000106,16.992144000141707
627,dbb3fb3d-677b-48da-abd9-0b803b8a414a,202,,12.540178033000302,12.555030712000189,14.852678999886848
628,9a8ee2bf-e25a-4480-afed-2f9c3426df7f,202,,12.560390540000299,12.574400599,14.010058999701869
629,f8984e71-a281-45a4-933c-6044d2dbcc0e,202,,12.580205528000079,12.596062068000265,15.856540000186214
630,6c6d8273-3b30-4461-9e18-fb21eb07112b,202,,12.600204630999997,12.615465704000144,15.261073000147007
631,cd53d5d4-ba2b-4ed0-8108-e170833d881c,202,,12.6202451070003,12.637540233999971,17.295126999670174
632,a43dbe54-8077-4cee-ba3a-bc1877b012b2,202,,12.640879383000083,12.662618763999944,21.73938099986117
633,5bd025ab-a7a2-49f7-85c9-6a0f94d7fe9f,202,,12.660239688000274,12.676884018000237,16.644329999962792
634,a8adf245-7b6c-4556-95b2-04c7763d176d,202,,12.68068964000031,12.72506318800015,44.3735479998395
635,28ee8b2c-7c1b-44a0-9ee4-8aaccc4bc489,202,,12.700939813000332,12.731880477000232,30.940663999899698
636,021e6599-6016-43ab-8fff-5bc0b86a9413,202,,12.720364447000065,12.760906998000337,40.54255100027149
637,fdce10a5-b24b-45fd-a29e-2036f8f9b554,202,,12.741153632000078,12.764259229000345,23.105597000267153
638,d34f88df-d0c6-48e0-90a3-b44cc09e13e5,202,,12.760954329000015,12.836608605000038,75.65427600002295
639,c7c0a45f-c466-4086-8b52-814959c0c796,202,,12.781233541000347,12.966746286000216,185.51274499986903
640,11db8b93-d20a-4499-93b0-09d09771f526,202,,12.809309489000043,12.97391130699998,164.60181799993734
641,cd72cb8c-be17-466e-bba3-9f39bba52115,202,,12.82582611800035,12.986509652000223,160.68353399987245
642,5155ff18-b1a2-4aad-a2c7-0963e22ee7b3,202,,12.843401480000011,13.008723799000109,165.3223190000972
643,6a7ce8f3-ea0d-4285-8a05-abb6915e67aa,202,,12.910943037999914,13.024168029000066,113.22499100015193
644,b5394f40-f01e-4620-8ab4-748498fd370f,202,,12.927589243000057,13.042884078000043,115.29483499998605
645,bedae969-9274-4c7e-bf12-ad2e6e0703cd,202,,12.925248080000074,13.094514349000292,169.26626900021802
646,a48db5b0-815f-46ad-be80-ccfa7fb885ac,202,,12.926606171999993,13.054539975000353,127.93380300036006
647,1bfbe73b-f4f4-4274-8d8f-911b9a28ad51,202,,12.940332996000052,13.031860269999925,91.5272739998727
648,dbba255d-e09e-4cbc-ab75-70368c41f034,202,,12.96088815200028,13.094393814000341,133.50566200006142
649,be7ac92f-eea9-4924-8c42-accf20240432,202,,12.980283663000137,13.09908184599999,118.79818299985345
650,ca0245d0-e128-470c-a37f-e921fff17e49,202,,13.001177716000257,13.114588447000187,113.41073099993082
651,d56bbb31-e3da-409e-abaa-ca25080699e5,202,,13.021193692999987,13.121211664999919,100.01797199993234
652,cd98c099-10cc-45ad-a16c-b360a0a8ce84,202,,13.041688852000334,13.133587855000314,91.89900299998044
653,0397f7a6-1536-45f3-bb05-2b253fcc591d,202,,13.067124571000022,13.162497841000004,95.37326999998186
654,110b68d7-1411-405a-8efc-fae88482835b,202,,13.080508706000273,13.157310044000042,76.8013379997683
655,78a5a246-8474-4e80-a646-6bff203a6da6,202,,13.100317820000328,13.170226372000343,69.90855200001533
656,9d594848-8c27-4f30-802c-5947253a4786,202,,13.120299922999948,13.190974141999959,70.67421900001136
657,6cbf7397-0bb3-4ecf-ad68-f2e1e6e190eb,202,,13.140539846000138,13.21054393500026,70.0040890001219
658,2625ef25-39ef-471d-a152-e40b830fee8f,202,,13.16134232100012,13.235309774000143,73.96745300002294
659,d01e689e-3199-4ebc-9ff8-cf9cb0ebd722,202,,13.181180850000146,13.241356440000345,60.17559000019901
660,b031e38f-45ba-48c5-8efe-89ca2ae752f5,202,,13.200461617000201,13.288220598999942,87.75898199974108
661,be315ac6-695c-4b3f-b218-7aacb262e758,202,,13.220876697000222,13.310711190000347,89.8344930001258
662,a07cf0a2-8ef3-4207-b98b-a2e517f8e0d8,202,,13.24034137100034,13.31586994600002,75.52857499968013
663,4bd3cbd4-70fd-462a-adfa-a2a6090a63ee,202,,13.26024031299994,13.328998137000326,68.75782400038588
664,4ffeac7a-a16a-43cf-bffc-93c70e992b2e,202,,13.282443460000195,13.357066627000222,74.62316700002702
665,04051d46-4e12-4a22-9386-684147454461,202,,13.300178105000214,13.372346490999917,72.16838599970288
666,649a65e6-4ac6-4e5c-be98-b10f3ff4210d,202,,13.320230204999916,13.375494442000218,55.264237000301364
667,f19a5b6b-e1b6-41b8-81eb-1248d1a978a6,202,,13.340371632999904,13.382212654000341,41.84102100043674
668,67250888-0706-4fa1-8d0c-7ebbc8ebd633,202,,13.360451065000234,13.38964286800001,29.191802999775973
669,1c21b473-4f98-4792-80d6-3cfbb5dbcb89,202,,13.380490666000242,13.397478934999981,16.988268999739375
670,e81473bc-38f0-441e-9adb-f7bcbab4bef4,202,,13.400190993000251,13.415662346000317,15.471353000066301
671,1e03349e-1513-449d-8781-c59c208b47d1,202,,13.420180347000041,13.44302183300033,22.84148600028857
672,c020a3a6-a173-426a-bc69-b39de84a24fc,202,,13.440290068000195,13.456371968999974,16.081900999779464
673,b16a763e-47ad-4229-98bf-6a910a16ebc1,202,,13.46019513200008,13.477669997000248,17.474865000167483
674,20de12cf-dc2b-485c-8a06-9e9ae952d1b0,202,,13.4801920660002,13.497326825000073,17.134758999873156
675,264f997d-f028-4f4c-adc6-6704b4308470,202,,13.500182209000286,13.516794164000203,16.611954999916634
676,92a38577-eea5-482d-9fb6-3da88146e570,202,,13.520187476000046,13.534231781000017,14.044304999970336
677,2113f56b-c4f4-4b18-8982-50466e48dbf4,202,,13.540427313000237,13.553370263000033,12.942949999796838
678,e4dd1143-4ff6-4262-92b8-a6001f5e1707,202,,13.560171678000188,13.58265284900017,22.48117099998126
679,ef1af4f2-0ac6-4049-914a-5d94c27e367f,202,,13.580447721999917,13.5984066850001,17.958963000182848
680,bc38c5e6-6bc5-48fb-b60d-b15aacd07fc0,202,,13.60017987900028,13.611953226999958,11.773347999678663
681,464243f0-626c-407a-91a2-532eedf7100b,202,,13.620236768000268,13.650958733000152,30.72196499988422
682,8474ae9b-68b6-4d66-98ed-bbf9a56b316d,202,,13.64065126200012,13.688988918000177,48.337656000057905
683,4eebb475-5dd8-492a-8b75-f2dc54c25f6c,202,,13.661123795000094,13.70870674300022,47.582948000126635
684,8ebbe49b-5341-4fe5-af0d-ee32e655e675,202,,13.682531401000233,13.722822586000348,40.29118500011464
685,62c28c4c-ca90-43f7-99ba-c38bfed4b4b6,202,,13.700298333000319,13.73395930200013,33.6609689998113
686,da948510-c562-4915-89d4-cdcb8923a771,202,,13.721421997000107,13.758664975000102,37.242977999994764
687,3fb4c3bb-ad70-40dc-9906-692719a9feec,202,,13.740683471000011,13.788417078000293,47.73360700028206
688,9ed19475-1c9c-4a5d-a5a1-ec9f80d451ca,202,,13.761490319000131,13.815727857000184,54.237538000052155
689,a9ff7410-65a9-43c0-bbea-6ba7a282188b,202,,13.784318180000355,13.881780447999972,97.46226799961732
690,022db8f5-45a7-475f-8f19-847cd8d9d1ba,202,,13.80096950699999,13.898414402000071,97.44489500008058
691,a40b0a4f-1c93-474b-92d4-0d6e89b0c6f3,202,,13.82426288400029,13.929340564000086,105.07767999979478
692,0033c215-699f-4627-9d90-b99d97cad147,202,,13.84523147200025,13.922353701000247,77.12222899999688
693,ced7ef35-8f45-433f-87b0-6cc44eec01d2,202,,13.862529514000016,13.913928834000217,51.39932000020053
694,9e21ca09-4962-444f-8502-53c8c585d8bb,202,,13.881816570999945,13.93011064600023,48.294075000285375
695,f2dffda4-5fcd-4b7b-af83-b0a2abea5ba3,202,,13.900209551999978,13.931789220000155,31.579668000176753
696,665f65de-ce41-43f9-b0fa-93f18dbe9462,202,,13.921098978999908,13.937794511999982,16.695533000074647
697,7d5ddb00-3430-4e3a-9eb0-ea47484df28d,202,,13.940882258000329,13.958180841000285,17.298582999956125
698,3a3d7f2a-96e7-45cb-97bb-0a1f1c238470,202,,13.960202979000314,13.97826556200016,18.0625829998462
699,c4b5229d-c268-4121-bbc9-12ac1edf2959,202,,13.980267034999997,13.995032842,14.765807000003406
700,31890cc9-b0c4-4973-9838-3ef0fa041f39,202,,14.000222012999984,14.014218238000012,13.996225000028062
701,1417321b-e3c9-44a7-b219-0036585ab323,202,,14.020218030000251,14.042710035000255,22.4920050000037
702,da782934-72fa-45dc-aabe-b3877c23d36c,202,,14.040234713000245,14.055380083000273,15.14537000002747
703,e51fd0a6-0d27-4eb1-b252-6f68562590d9,202,,14.06017894200022,14.073509537000064,13.330594999843015
704,76f0de0c-602e-4b69-b0f1-b2b45a63b939,202,,14.080254163000063,14.096903741000006,16.649577999942267
705,f2ec86fc-d830-4eee-a32d-fc8c608ad5fa,202,,14.100242723000065,14.115123274000325,14.880551000260311
706,dae7119b-cd28-40f2-806f-c8d879355812,202,,14.12115294000023,14.13201875499999,10.865814999760914
707,f51f9d13-1acd-4631-9c2f-53ae29641432,202,,14.140413955999975,14.150902709000093,10.488753000117867
708,00757fc7-52a6-46f7-b4c5-c851877580dd,202,,14.16037922500027,14.170357047999914,9.977822999644559
709,f9364736-253a-45a9-a84c-1900d4acd2df,202,,14.181496014000004,14.192656354000064,11.160340000060387
710,f941a95a-a082-4d3e-9439-84cd3d1a7e31,202,,14.200970851999955,14.210520739999993,9.549888000037754
711,c8cfc3e0-7760-4405-b806-40d41a2a3330,202,,14.22122377200003,14.231481704000089,10.257932000058645
712,cfbefd43-0785-4619-bd01-c40f2c2b9015,202,,14.240959012000076,14.252495873000044,11.536860999967757
713,c2da05d0-3baa-4532-978d-31405673f3ca,202,,14.260446100000081,14.271305331000349,10.859231000267755
714,4e64f378-1e89-40ca-8edf-9dc5b2d4f7de,202,,14.280416494000292,14.291280975000063,10.864480999771331
715,c56c80fc-4b0b-4bc1-a314-9c65e2c72d5a,202,,14.300615500000276,14.311184081000192,10.568580999915866
716,1574ef07-0ccd-4eda-a547-eb027de72731,202,,14.321506009000132,14.34046491800018,18.958909000048152
717,cd7100f2-9900-4842-8bfc-820fd42bdbe7,202,,14.342027331000281,14.354920825000136,12.8934939998544
718,46412d78-aa38-4592-ac30-1eec40526814,202,,14.36068771400005,14.372443230000044,11.755515999993804
719,7a00289c-35ef-42f9-b187-35f1c136e978,202,,14.380264379999971,14.396721760000219,16.457380000247213
720,ca1ce1e4-e4bd-4376-9cd2-3d8f6c30059c,202,,14.40017281900009,14.415915364000284,15.742545000193786
721,e93b1fab-fdc2-42a3-9352-93aaca2be2fa,202,,14.420291954000277,14.43295725300004,12.665298999763763
722,23655825-b665-44f4-989a-41772a2f693b,202,,14.44038184100009,14.45237413399991,11.992292999821075
723,61f2e056-3e17-4e7d-be1c-bd086f34d720,202,,14.460554887999933,14.491523835999942,30.968948000008822
724,93553c4a-46e6-4fa7-94ff-651b133c7702,202,,14.480293501000233,14.51525685200022,34.9633509999876
725,4aa518b2-7895-4a26-b370-a97e025bfbbf,202,,14.500276684000255,14.518250352999985,17.973668999729853
726,564df568-9f9b-4942-9c34-01796ed029f1,202,,14.520193495000058,14.534931636000238,14.738141000179894
727,f2a0fd90-be53-4cfd-8a3f-461dd982a853,202,,14.540392541000074,14.552633986000274,12.241445000199747
728,e3c22cb0-8acb-4c80-8853-223add17a514,202,,14.560319518000142,14.57528993699998,14.97041899983742
729,8fa755c5-7fb3-4874-985c-c518c6d6e4ce,202,,14.580294535000121,14.594699319000028,14.404783999907522
730,e11f7fca-f7a2-41d3-95d2-8357ef3c6458,202,,14.600167097999929,14.61323041500009,13.063317000160168
731,68a3edfb-0cf7-4b91-9e77-026b2b8d1f92,202,,14.620234568000342,14.635219487000086,14.984918999743968
732,2ffb929a-8b73-4fd8-be9e-9900cc504f4a,202,,14.643232500000067,15.313571756000329,670.3392560002612
733,de1472c7-534f-46cc-b11b-63502d50533c,202,,14.661666269000307,15.31836365700019,656.6973879998841
734,e1217215-55a7-4384-8a68-30d50a3104bc,202,,14.680236530000002,15.328962777000015,648.7262470000132
735,3f481964-cb96-4826-8836-693e578ed8a7,202,,14.703168006999931,15.34435534000022,641.1873330002891
736,d43c35a6-17ac-486f-8b97-33cac7f0f5ce,202,,14.720177605000117,15.353772899999967,633.59529499985
737,0075be8d-f57a-40c1-a981-0bda0d8991ea,202,,14.740235658000074,15.360908713000299,620.6730550002248
738,543c46fb-1596-4916-bdf2-ab3ea6c69c8e,202,,14.763192176000302,15.371973806999904,608.7816309996015
739,41609597-a1d7-4e20-b74d-a51be5fa798f,202,,14.780319558999963,15.376341356000012,596.0217970000485
740,430bd81d-3358-4722-97d8-b7161cf7c418,202,,14.800219288000335,15.388691961999939,588.472673999604
741,94e230bd-9de6-4e7f-ad1b-2f64ec761977,202,,14.821270911000283,15.402341288000116,581.0703769998327
742,a55d8382-823f-41db-a767-a769c6750ae9,202,,14.840911488000074,15.408655480000107,567.7439920000324
743,20f54d37-9715-4e52-977f-7749194ac55e,202,,14.86339603200031,15.422244808999949,558.8487769996391
744,a5b7afd5-c6ee-4f30-a3c7-a8ea128ffb7b,202,,14.88029488500024,15.443052527999953,562.7576429997134
745,6c928d7a-93f9-410a-a00a-7a4ae2472e0d,202,,14.900474724000105,15.453133593000075,552.6588689999699
746,157e9b4b-2944-4efc-9738-487400207f5e,202,,14.924711046000084,15.461782695000238,537.0716490001541
747,09a846a9-48ab-41b8-90c3-855378c74aeb,202,,14.941258669000035,15.473003321000306,531.7446520002704
748,de723f13-3acc-403e-996c-27c0c26f6ad1,202,,14.961530877000314,15.47793500500029,516.4041279999765
749,2694acdf-3677-4996-a6a7-9e72a9ff0c2f,202,,14.980420119999962,15.48653223500014,506.11211500017816
750,c5bcce25-622b-437b-922f-4f1e76bf2df0,202,,15.001226423999924,15.496143576000122,494.91715200019826
751,833d8cf6-a2ae-4cea-b23b-5e3212317899,202,,15.022067601000344,15.50319751699999,481.12991599964516
752,67f06633-2ddf-4ab5-97c3-256c9a861806,202,,15.040211218999957,15.509249139000076,469.0379200001189
753,2af7bf5c-843b-404e-9be9-47282ee4b3df,202,,15.060964692000198,15.524745652000092,463.78095999989455
754,300ae37f-e9b6-476d-b090-39ebde725388,202,,15.080194916999972,15.541456514999936,461.2615979999646
755,ddd1880d-4822-4303-a756-8d9ecc6686b8,202,,15.10019305700007,15.55315857200003,452.96551499995985
756,3656be08-2ece-4de8-a032-b85181c8e858,202,,15.120484722000128,15.55886313000019,438.37840800006234
757,9cca37ce-f8aa-4e7a-b8f0-5a6ab4aee4a6,202,,15.140248749999955,15.563538077999965,423.28932800000985
758,e1a53888-84e6-46c5-961b-af3ecf5bf6a5,202,,15.165086080000037,15.572290342000088,407.2042620000502
759,3a44238c-6145-4890-b1ef-9011ab9e1d21,202,,15.180205657999977,15.57950473200026,399.2990740002824
760,7b3e80ec-d65f-4f17-aa4b-3a3481cffdde,202,,15.200306541999907,15.586732914000095,386.42637200018726
761,f4a5abe4-a98c-4841-826f-006ac54f3563,202,,15.22026681000034,15.594464734000212,374.1979239998727
762,83610990-5d1b-4cc2-a93e-328dee568786,202,,15.240501270000095,15.603963455000212,363.46218500011673
763,50546087-bbeb-4316-964b-39fbd7d82ff8,202,,15.261753007000152,15.60709282300013,345.3398159999779
764,c53b81fd-cfb9-46a8-a037-ce8cf77a0a01,202,,15.28055696399997,15.613402806000067,332.84584200009704
765,eeb79ae3-e396-4508-a9eb-a5d6efc69134,202,,15.300422110999989,15.619127986999956,318.70587599996725
766,aec91ce6-3344-40af-8823-bc8b58286987,202,,15.32018884800027,15.624972870999954,304.78402299968366
767,ec1d9d60-9d76-41a2-8f21-4a66dbaff159,202,,15.340538551999998,15.631947233000119,291.40868100012085
768,bc8ced12-c4b6-4edf-ab9d-e75103d7707f,202,,15.360204293000152,15.63663905500016,276.43476200000805
769,a487c7ed-d993-44d8-b636-2c6e1fc827bf,202,,15.381554067000252,15.649815822000164,268.2617549999122
770,96add48f-6438-45da-86d7-ff2ca0518032,202,,15.40106735900008,15.654245243000332,253.17788400025165
771,26800fe8-d1c9-46da-ba0a-ebf5e97a4cd8,202,,15.422376134999922,15.668778060000022,246.40192500010016
772,155be612-9992-4062-a1a8-faa681a65c39,202,,15.442463768999914,15.676890650000132,234.4268810002177
773,e946e453-e78d-403b-b1ea-5a7acf92b821,202,,15.460341275000246,15.696269697999924,235.92842299967742
774,046db761-3e74-42c7-85a3-0409b9e27f00,202,,15.480362244999924,15.699866956000278,219.5047110003543
775,e89d5d62-feb8-4df2-a082-580a25005e9b,202,,15.501063677000275,15.717732671000249,216.6689939999742
776,aa35b82a-04a7-426e-b54e-90f9b5a59595,202,,15.520583759000147,15.725806805000047,205.22304599990093
777,b97bcdf0-e6db-4309-80bc-05efaa2e9061,202,,15.540203418000146,15.725923173999945,185.7197559997985
778,75a4d6d1-5b31-40b9-966e-7cdc408514b3,202,,15.560417627000334,15.731755266000164,171.33763899983023
779,5f7c6f66-9ebd-43b7-a938-8d8d6f13d112,202,,15.580283481000151,15.745017029000337,164.7335480001857
780,2bd5dd9c-0b97-443c-be50-efef12ddec60,202,,15.60025570300013,15.754155854000146,153.9001510000162
781,3871e6ae-1acf-43ee-8a8b-a2db62ba3d0e,202,,15.620373667999957,15.759443893000025,139.0702250000686
782,185d3c58-85d2-4f26-b9c6-4a85ef33f806,202,,15.640456301000086,15.770067468999969,129.61116799988304
783,9869db9a-07b4-47c0-8882-f6a4a42cc000,202,,15.660223118999966,15.777186948000235,116.96382900026947
784,9b630d73-0389-4688-8778-6314effb053c,202,,15.680257045999952,15.781369756999993,101.1127110000416
785,ad304a2a-8e25-4b9d-815e-32bbfd244efe,202,,15.702506726000138,15.787614159999976,85.10743399983767
786,39dafcd2-4923-4185-9444-2344a57f5b6c,202,,15.721886565000204,15.796000235000065,74.11366999986058
787,40701584-d942-410c-900a-4ad9e6d40e72,202,,15.74034403900032,15.800165420000212,59.821380999892426
788,e292ac53-4874-4012-b935-3357ce55356b,202,,15.760222183000224,15.808572286000071,48.35010299984788
789,1429ab69-6574-4a47-bfb2-e7e98356b1fd,202,,15.780197364000287,15.815276455000003,35.079090999715845
790,c99981fd-58e6-48b9-a8fa-2e8e3c169106,202,,15.800437030000012,15.81876751100026,18.330481000248255
791,c289a21b-33dc-409c-9724-a0323b9965b6,202,,15.820145851000234,15.831110740999975,10.96488999974099
792,ee20c01b-fece-4b78-9bae-57cb7fe7b9a2,202,,15.840423807000207,15.85679131300003,16.36750599982406
793,84523560-f514-45c6-acd1-1c1a15f1dde8,202,,15.860249704000125,15.87262072500016,12.371021000035398
794,ad70fb24-aa2f-4449-b2e3-b4455b52e08f,202,,15.880904806000217,15.894944109000335,14.039303000117798
795,4a4366e0-c464-4d02-a7e0-ae0b550c8841,202,,15.900493800000277,15.914309239999966,13.81543999968926
796,232de13f-491d-4d47-b85c-372ae1e95ad4,202,,15.92041115100028,15.93467414900033,14.262998000049265
797,0813c147-7c78-451d-9bf0-5c89834d3bbe,202,,15.940229965000071,15.95508097300035,14.851008000277943
798,ad91bee7-c3bc-4b51-b12e-998f30a80e54,202,,15.960313264999968,15.970855220999965,10.541955999997299
799,d23f313e-5a07-4828-a4d7-b5a23438f781,202,,15.980409856000279,15.99160165000012,11.191793999842048
800,e9ef36c0-9583-4833-b6ad-d54b8be50bf0,202,,16.00021408800012,16.01460241299992,14.388324999799806
801,f0ded0e8-2a58-45aa-9991-7a6c5cf5fb4b,202,,16.020178270000088,16.035682365999946,15.504095999858691
802,28f16650-d0dc-4c9d-9f14-e366a7952ffb,202,,16.040180948999932,16.05415488000017,13.973931000236917
803,0e1d9174-39a8-45b4-92d3-e269248980d6,202,,16.060207836000245,16.07413385300015,13.926016999903368
804,06628124-3d12-48d4-8157-54d2a5ac171e,202,,16.080165018000116,16.113539912000306,33.37489400018967
805,d3856497-d749-4ca1-b536-d757da8b4f05,202,,16.10031902200035,16.125678987000356,25.359965000006923
806,ca9c0586-246a-4f4e-aed6-0e9940911963,202,,16.120806966000146,16.14643229100011,25.625324999964505
807,c8b67d8d-38cd-4af0-b3cd-905f6052393a,202,,16.144219206000344,16.163964191000105,19.744984999761073
808,85610e62-8510-453c-a41c-5ad8a092acb8,202,,16.160424721000254,16.175367140000162,14.942418999908114
809,f79cb220-b46e-4445-bd08-7b289b6fc970,202,,16.180367821000345,16.193560379000246,13.1925579999006
810,a4003039-4ace-41a0-ba72-e28cd5b2c7c5,202,,16.200182385000062,16.212993715000266,12.81133000020418
811,625ca5be-689f-4da8-949a-1bef27f6d238,202,,16.220235270000103,16.232642789000238,12.407519000134926
812,0ab1e0ea-9216-4efb-bc40-9b0be698f4a8,202,,16.240383775000282,16.252721630999986,12.337855999703606
813,bec7ab77-057e-4324-9d6b-880aabf431a7,202,,16.26026621100027,16.27040248100002,10.136269999748038
814,983fa5ea-4659-49d9-91b4-e575efa756fb,202,,16.280409298999984,16.291129328000352,10.720029000367504
815,c5c35af2-f717-43de-9af0-243978d8dfd6,202,,16.301389174000178,16.31215761700014,10.768442999960826
816,6922dde8-367d-42cb-8f29-663ecb826686,202,,16.320258417000332,16.331124188000103,10.865770999771485
817,d1d2ddb5-c765-4b07-9a5f-20546d9e454a,202,,16.340213682000012,16.350198335000186,9.984653000174148
818,d0cc7408-0d00-4390-b3a2-51546c18747e,202,,16.360351562000233,16.372937988000103,12.586425999870698
819,ed5a27f7-dc2a-45e5-b80a-08eeb99e1a6a,202,,16.3803975310002,16.39203575900001,11.638227999810624
820,be210ed8-4325-40a3-8dab-273f6f696510,202,,16.401124337000056,16.412459706999925,11.335369999869727
821,d95238ce-74e9-4ab7-9b63-4c3f0890c9e3,202,,16.420403848000205,16.431705761000103,11.301912999897468
822,ae8dd0a6-7dd9-4369-a84b-d15a450bce64,202,,16.440630390000024,16.450622041000315,9.991651000291313
823,b16d4ff1-16dd-46ba-9a9d-0d28ecbf04ba,202,,16.462131608000163,16.471527127000172,9.39551900000879
824,9f9e508b-c26f-44d4-8420-05cacd3380b3,202,,16.48026647300003,16.490837550999913,10.571077999884437
825,04b1f27c-db4c-434a-b8b4-78816ad093a8,202,,16.50033181300023,16.51024113600033,9.909323000101722
826,12796b7f-f109-45fe-bcfd-b4c9db842989,202,,16.52187123800013,16.531465746000322,9.594508000191126
827,509c3a18-f337-4e57-8b07-f7803bec303f,202,,16.54032441900017,16.550659385000017,10.334965999845735
828,b9ef41ec-e237-46b7-938a-4fa4f129cbf9,202,,16.56048354600034,16.573129841000082,12.646294999740348
829,d31790ba-1cfe-4da7-a16b-4fba95d4e935,202,,16.58057755100026,16.59125283100002,10.675279999759368
830,295309ae-948f-4a77-bae6-e37fa0fc05b0,202,,16.600211665000188,16.612146209000002,11.934543999814196
831,5d1cb49c-0d54-4889-bf62-ba0a210dd61f,202,,16.620624319999934,16.630486145000305,9.861825000371027
832,40dd173e-91ca-410c-b0f0-a534ffefa831,202,,16.640358845000264,16.651825748000192,11.466902999927697
833,515c04ee-e04d-4bb8-89b0-371e8cd0c0c3,202,,16.66037831299991,16.673445251999965,13.066939000054845
834,949bd53c-6e39-4bc0-bcba-6abf1816b41b,202,,16.68022208299999,16.693328186000144,13.10610300015469
835,cbb434ad-7118-4baf-b92d-573b7f0a79d8,202,,16.70016430500027,16.712173219000306,12.008914000034565
836,ee243ad5-b6bf-45e6-aaab-c0e0a62beeb1,202,,16.720191523000267,16.73440514699996,14.213623999694391
837,5faf8bf2-71a2-49ef-98a0-7c46d9cd90ac,202,,16.740356066000004,16.75144478099992,11.088714999914373
838,45b68185-f11e-41d2-8fef-7c752456ee57,202,,16.760394241000085,16.77349309500005,13.098853999963467
839,88d8e029-789f-4569-a70f-fc574e2cbcfb,202,,16.780182263999905,16.79126364600006,11.081382000156736
840,13f374ba-82e0-44da-96a0-b942c991fb4c,202,,16.800250729000254,16.813353957000345,13.103228000090894
841,770c1661-f05a-4176-8884-987e22794638,202,,16.820164535999993,16.83158744100001,11.422905000017636
842,074b7494-d4cf-4117-a954-bae61e455fca,202,,16.840196753000328,16.852891421000095,12.694667999767262
843,1f8c582a-82cf-4209-afc2-191d91c04a11,202,,16.860165016000337,16.876333032000275,16.16801599993778
844,b18e78be-3431-4b35-b7da-ad508d1e49a5,202,,16.880276229000174,16.89319963400021,12.923405000037747
845,b908f035-c76b-4dc4-bdae-061e0256b85a,202,,16.90016387100013,16.914554277000207,14.390406000075018
846,4f1422df-d337-4477-a85e-cb76dcb743f1,202,,16.92019792100018,16.939888407000126,19.69048599994494
847,415ebc42-8857-4ce5-89c9-85886d744840,202,,16.940216555999996,16.957381724000243,17.165168000246922
848,28f1f181-1ee8-4ab8-a585-7336670d0a4d,202,,16.9603580590001,16.97222810600033,11.870047000229533
849,88d9d491-07f8-4d5f-bfd8-a878b41b0935,202,,16.980276240999956,16.997346456000287,17.07021500033079
850,298c8aca-d2c3-4cb9-9ead-665438316b0b,202,,17.000336748000336,17.01463407600022,14.297327999884146
851,f31e48f5-3d75-446e-b324-bed55a6d12d0,202,,17.020374298000206,17.03176324700007,11.388948999865534
852,384ece5d-7d2f-41d5-9e45-c326913a9e5d,202,,17.04019240200023,17.05403908900007,13.84668699984104
853,67f1d5f0-0176-472b-9c64-939f4216b9f2,202,,17.060241785000017,17.070426468000278,10.18468300026143
854,fe794b13-ed2f-4cea-821f-2529ac6965ca,202,,17.08019029900015,17.09335264900028,13.162350000129663
855,9a6ea226-eacc-4fed-84dd-c399f554a314,202,,17.100413547000244,17.11430802299992,13.894475999677525
856,0da37efd-6f71-4e53-a71a-4c4567113053,202,,17.120196987000327,17.13444977600011,14.252788999783661
857,5e4d74f0-26c2-4613-8548-87054bf91e92,202,,17.140194539000277,17.152884457000255,12.689917999978206
858,b7bdc7ef-9baa-480f-aeb7-d76850227f2b,202,,17.16025358800016,17.173327235000215,13.073647000055644
859,e2605ef6-0018-4a12-ada5-cf8438ab3c5d,202,,17.180291430000125,17.19335511899999,13.063688999864098
860,5494c573-caa8-468a-ab69-3ed9880bc398,202,,17.200336147000144,17.210194348000186,9.858201000042754
861,6a9c40e1-4475-4aac-b297-d15047f6b5b1,202,,17.220581351999954,17.230099822000284,9.518470000330126
862,5ed97127-df59-4b21-8790-cb707d188942,202,,17.240340543000002,17.251373637000142,11.033094000140409
863,a9bb48aa-37e0-40db-af36-3e0a4fae5937,202,,17.261619066000094,17.27250075100028,10.881685000185826
864,6f4b9f8d-c9a6-47a1-a3ed-59bf8aaf163a,202,,17.28084716100011,17.290136977000202,9.289816000091378
865,03adfc93-ae9e-47e7-b528-1cbf9279b2a0,202,,17.30021849900004,17.309930291,9.71179199996186
866,642d3cb1-e34a-4e28-8c65-b5e73ff95cad,202,,17.320189886000207,17.331322849000117,11.132962999909068
867,1f1a5895-0467-4345-8771-e0812c6ddbf8,202,,17.34128029400017,17.350988628000323,9.708334000151808
868,80f6d675-ef6f-4f58-937a-6204a29246a5,202,,17.36113543800002,17.370484126000065,9.348688000045513
869,3795cded-5482-4f6f-bfe9-24d9a3052085,202,,17.38032957700034,17.39075403800007,10.42446099972949
870,9c5bb1fb-4be0-4fd5-8260-93a5e6abd216,202,,17.400589240000045,17.411264187000143,10.674947000097745
871,bfb21294-9e55-4a36-8d98-95f39a86ed31,202,,17.420467298999938,17.430595777000235,10.128478000297036
872,14940633-e384-4ce6-991c-2b1ff8ece34d,202,,17.44087466200017,17.466645015000267,25.770353000098112
873,8bbf0140-328d-4da8-8898-0d52e8a801f5,202,,17.462123559000247,17.47792471899993,15.801159999682568
874,faf763e5-8926-41f7-a9cc-bcb1608a6e1f,202,,17.480678398000236,17.494149730000117,13.471331999880931
875,2a53d7f3-0ae3-4df9-96e2-8498e535917e,202,,17.50070757200001,17.510185293000177,9.477721000166639
876,ca6e0067-0752-48cf-af21-7bc89acc38d0,202,,17.521003272000144,17.53150460300003,10.501330999886704
877,f033835b-ff44-45c8-b52a-176d96579628,202,,17.540342151000004,17.553029859000162,12.687708000157727
878,b6431d0b-d3dc-4a83-a8a6-db039a4a7b67,202,,17.560276247000274,17.571529702000134,11.253454999859969
879,60f30b11-9dec-4dd7-b610-fdeac344b217,202,,17.58021967500008,17.590667759000098,10.448084000017843
880,16262c55-9aad-4c3c-9511-5851cd459b45,202,,17.600370467000175,17.609368006000295,8.997539000120014
881,a886a2e2-cc38-4acb-9d0c-d2805f6bbbee,202,,17.620814075999988,17.63038675000007,9.57267400008277
882,efa19eb6-f617-470d-91a5-11d573410d58,202,,17.641030697000133,17.651725142000032,10.694444999899133
883,9d78feeb-db5d-4ac3-84f1-fc2c81721d61,202,,17.660850591000326,17.67011149100017,9.260899999844696
884,06c94b43-8629-4a40-a1f1-a4e99f9d3ffa,202,,17.680397541000275,17.709258972000043,28.861430999768345
885,56ece82e-538b-433a-af97-21845a49b218,202,,17.70100968199995,17.719095423,18.085741000049893
886,2907001b-944e-4e2e-9a0f-17b57193d6ea,202,,17.72016332200019,17.732509716000095,12.346393999905558
887,f91bb0f3-dbd8-464f-b242-88858e8af1a9,202,,17.740624055000353,17.751421118000053,10.797062999699847
888,25387009-2188-4841-8fdd-389665e8a0f2,202,,17.760200462000284,17.77467344600018,14.472983999894495
889,4f9c8721-a591-4248-8acf-b9b3a5be9572,202,,17.780250926000008,17.790014006000092,9.763080000084301
890,9382416e-02b1-44ec-ba83-f5b33d96b1fd,202,,17.800237435000327,17.81233738500032,12.099949999992532
891,c09f13e8-b54c-4f5e-ad1c-a401219c7a1b,202,,17.820398850999936,17.833715858000232,13.317007000296144
892,abc68251-a76d-4a07-9816-14fa1d661b22,202,,17.840265075999923,17.870252944000185,29.987868000262097
893,d120fdee-4a01-483e-b26a-2c4da72d6b33,202,,17.860703727000327,17.889977716999965,29.273989999637706
894,18b0d70f-1dd1-44d4-bd17-61f8defc2eb8,202,,17.88027838400012,17.897533254000336,17.254870000215305
895,53e0d26a-ef54-4f5b-bb86-3d99e2d764fd,202,,17.90021843700015,17.914474100000007,14.255662999858032
896,de74738d-13fb-4875-a61b-d5f870bb894e,202,,17.920180697999967,17.936248175999935,16.067477999968105
897,d4a4c832-11d2-4d36-b57d-7625efbfddcd,202,,17.940249244999904,17.953823820000252,13.574575000347977
898,da4d1f4c-cb9d-4fbf-b58a-864b84010512,202,,17.960188715000186,17.977571620000163,17.382904999976745
899,59e9934c-611d-4200-b3bd-3cc4845edfc4,202,,17.98019572300018,17.992534284000158,12.338560999978654
900,207dbca4-2890-43d7-b2bb-42635f47f0b6,202,,18.000415218999933,18.01821905900033,17.80384000039703
901,d80ae5bb-986d-46c6-bbc6-b636057fc4a6,202,,18.020872994,18.038914320000003,18.0413260000023
902,25bbe36c-0a6c-4e7a-a172-9720d7d9ca34,202,,18.040165001000332,18.054689773000064,14.524771999731456
903,93e41ef4-cfdf-4d56-972c-acf0ce0abf0e,202,,18.060173466999913,18.076853119000134,16.679652000220813
904,47e6a024-d6ad-478c-9e2c-e7b7f9d23b16,202,,18.080198266000025,18.096640223000122,16.441957000097318
905,4c68c10e-f2ad-4bbc-84d5-35b1e9444e16,202,,18.100222648,18.112571833999937,12.349185999937617
906,7c75d17e-700b-487b-a4f5-6354be744f90,202,,18.12023082299993,18.13435824299995,14.12742000002254
907,a035fa66-0d8d-4be8-be1b-c610cc1fe444,202,,18.140208666000035,18.156023658000322,15.81499200028702
908,26021d34-b9ad-44a4-be09-e0df9369fd3d,202,,18.16041337200022,18.175093177000235,14.679805000014312
909,1afae2e1-1d61-4892-abc5-46a3771de33b,202,,18.180196933999923,18.190036843000144,9.83990900022036
910,4f62c717-8ed4-46f7-bc09-dd960c5f839a,202,,18.20059379500026,18.210108306000166,9.514510999906634
911,73a9f684-c2bb-4793-8c2c-c393a0c6f052,202,,18.220517391000158,18.232563093999943,12.045702999785135
912,b8dfb9d7-8b5e-4046-ad9c-7aa02492d885,202,,18.240375991000292,18.25199617599992,11.620184999628691
913,b4c7fd6c-fe05-4ad2-b206-2c5c3d03560b,202,,18.260348500999953,18.271967894000227,11.619393000273703
914,2c33111b-0281-458f-9d21-d97c7f76caf1,202,,18.280339927000114,18.289875561999906,9.53563499979282
915,12be75b5-34dd-4051-b379-db2466166396,202,,18.301769606000107,18.31101821500033,9.24860900022395
916,3579f0b9-01db-437c-9aac-93e1082e9823,202,,18.320341819000078,18.330868940000073,10.527120999995532
917,ae9700a9-efc3-4320-966c-b5c6f7e36028,202,,18.34035007700004,18.34931041000027,8.960333000231913
918,926796fb-61ff-431f-a1f0-946f51c2c411,202,,18.360529034000137,18.370276447999913,9.747413999775745
919,7e59a56b-f641-4317-a31b-0fb81a9fc1c4,202,,18.380284015000143,18.389343633999943,9.059618999799568
920,a80ca886-d3c5-4c3a-9aa4-5f153573ae14,202,,18.40035072799992,18.411090920000333,10.740192000412208
921,b2f8f8cc-dd4a-4cff-a4c6-77ba02512230,202,,18.42110252800012,18.43199542000002,10.892891999901622
922,28776796-5a15-48b7-bf74-1ec3ebb8fddb,202,,18.440136881999933,18.450529217000167,10.392335000233288
923,af4b1700-b0f2-4f4c-93dd-ed7d4e85fca7,202,,18.46255404500016,18.47212959200033,9.575547000167717
924,64465648-07f5-471f-b6a7-96b6e717d65a,202,,18.480170892999922,18.490490816000147,10.319923000224662
925,ff81a292-1eec-45d7-bb84-c32960e32ffe,202,,18.50033705700025,18.510492030000023,10.154972999771417
926,fd24aa02-81f4-4465-b30d-d338a5abba45,202,,18.520211570000356,18.529402764000224,9.19119399986812
927,80c2c3ac-60b6-43cd-92ee-cd755be1ca2c,202,,18.540693716000078,18.55153736000011,10.843644000033237
928,b091a8ad-3b54-401f-a112-18ea88e6fff4,202,,18.56036794900001,18.57525440800009,14.886459000081231
929,682b9473-f0f9-4f04-98e8-55035b07efd5,202,,18.580340999000327,18.59114089500008,10.799895999753062
930,9ace71d1-1054-41ac-b9f3-a4b204fba808,202,,18.600241803000245,18.609709856000336,9.468053000091459
931,b1346c2c-6f80-4dcf-a07c-9f2dfa6c5fe8,202,,18.620467921,18.630033552999976,9.565631999976176
932,9735e625-f12e-4649-b978-c020b01bc1ad,202,,18.64031156200008,18.65209731899995,11.7857569998705
933,c80d4351-94b6-4c6b-a061-8f556deb7bbb,202,,18.66018936699993,18.677677055000004,17.48768800007383
934,77eeded6-1d55-4665-a496-221fb3c703fb,202,,18.68034965600009,18.693684535000102,13.334879000012734
935,3fbfb037-5711-42e4-a119-002d476b0118,202,,18.700382619000266,18.719201108000107,18.818488999841065
936,fd60932b-7e26-49f8-a72c-d5244d56a95e,202,,18.720308796000154,18.776813094000318,56.504298000163544
937,c9abe5ee-e867-4e14-98cf-5690503508b0,202,,18.74022343200022,18.787002607999966,46.77917599974535
938,b0603235-7bdd-45e2-ad15-58dc810631d8,202,,18.761184718000095,18.803831166000236,42.64644800014139
939,212c6c93-ac37-44a2-a10d-be7ab3aab430,202,,18.780662796000342,18.810110565000286,29.447768999943946
940,272cf764-d24f-4717-82b3-f343cd36d23e,202,,18.80019966100008,18.820368325000345,20.16866400026629
941,8e53c908-2d1c-46d7-ad11-ca53bd26b17f,202,,18.820178752000174,18.84495357500009,24.77482299991607
942,8fc8349b-a978-4dc9-9d7f-ccda57c107bd,202,,18.84077630899992,18.889897394999934,49.12108600001375
943,d0014419-7b60-4fc2-a9a2-16990d4502be,202,,18.861652849000166,18.91700800300032,55.35515400015356
944,94ff3395-1a14-4e3a-8c28-1391463b1cfd,202,,18.88210499700017,18.91566053700035,33.55554000017946
945,7dfabed0-3515-459e-8445-de73e80b480b,202,,18.90309003199991,18.924759902999995,21.66987100008555
946,045d2c79-4e54-41cc-9ca2-5fb41f4016f8,202,,18.921326720000252,18.956319055000222,34.9923349999699
947,92562180-df99-465f-ac8d-d143f5de66c5,202,,18.940212497000175,18.977337628999976,37.12513199980094
948,847cf465-c6b1-4bb7-8dfa-688b26b06b25,202,,18.961036416000297,18.984136541000225,23.100124999928084
949,06a1b858-a8d6-4591-8b80-6f09730a68bf,202,,18.980341628000133,19.014989565000178,34.647937000045204
950,169faeab-dcdf-4f7c-a014-d39bf8d6f534,202,,19.000283096000203,19.03283465100003,32.551554999827204
951,4839411f-cbb4-44f0-b32b-c7177e19cf46,202,,19.02056983700004,19.045022344000245,24.452507000205514
952,32759d13-79ba-4350-bb97-09bf112ae5d9,202,,19.04035968800008,19.055351766000058,14.992077999977482
953,3f2200b6-70e5-420f-a7cd-88ade7eed4ff,202,,19.06020666099994,19.071339954999985,11.13329400004659
954,723a845f-1c99-49ed-8352-cc8e7a66e13a,202,,19.080175170000075,19.095127000000048,14.951829999972688
955,697de0be-4e49-44cf-a799-57a99216639d,202,,19.100200300000324,19.112099093000325,11.898793000000296
956,d75c5fa8-6e81-40cb-b8aa-59d78125e623,202,,19.120410794000236,19.138877845000025,18.467050999788626
957,469d50ba-7a6c-40f3-a750-2bb09bb3b0b8,202,,19.14023901900009,19.152565871000206,12.32685200011474
958,7c40f73e-8ff3-4d2d-b53b-fccc70fd8857,202,,19.160343769000065,19.173583237000003,13.239467999937915
959,37f63286-956b-4854-9dfd-90ef429489e1,202,,19.180305945000327,19.192385893999926,12.079948999598855
960,f00622a9-df0f-48b2-9e6d-74b1a24578dd,202,,19.200196415999926,19.211842764000266,11.646348000340367
961,7511b123-64b3-4c7f-8ad3-b79fea7be3ef,202,,19.220280584000193,19.233135740000307,12.85515600011422
962,63626e26-54dc-4374-927e-8440f4b2b68e,202,,19.240414666000106,19.252765184000054,12.350517999948352
963,dde95266-fb2b-42ef-b579-1d18a6aff128,202,,19.260238183000183,19.27118186200005,10.94367899986537
964,aa3f6acf-670d-4bc0-994d-943e90a75851,202,,19.280217065000215,19.294611969000016,14.39490399980059
965,e522fe4a-1971-4194-9ef2-dad7b797d108,202,,19.300216363000345,19.311541897000097,11.325533999752224
966,b1bebe55-70f0-4ff3-b6b5-dafd28d96e9c,202,,19.320285198999954,19.33369199100025,13.406792000296264
967,e2f9c5b8-e9f2-48b1-80d5-b61b0c3f6b54,202,,19.340176919999976,19.354820517999997,14.643598000020575
968,a99a07ea-9bad-43df-933e-935b03e6250a,202,,19.360320210000282,19.37271464200012,12.394431999837252
969,7a5a8882-3214-456a-9486-8967115d5879,202,,19.38036504799993,19.38984426800016,9.47922000023027
970,6b8f90bf-72eb-46fc-a591-2fd83f9d6742,202,,19.400614082000175,19.411373729999923,10.759647999748267
971,2228c22b-f40c-4d99-9750-d7bb509a7dfe,202,,19.42111647699994,19.433067017000212,11.950540000270848
972,30838812-3f40-4020-9c1f-612d3d2a8f91,202,,19.440419938000105,19.45074123500035,10.321297000245977
973,2ea684cf-9b1d-4ff2-9cbb-593ce9ec93d4,202,,19.46046477400023,19.47026043300002,9.795658999792067
974,9b17b42d-f0f1-462c-b6c3-b6d5d0eedb72,202,,19.48147747100029,19.493234937000125,11.757465999835404
975,c4300d68-0c8f-4e32-80ec-5b3fef3031ff,202,,19.50060190000022,19.510846951000076,10.245050999856176
976,099763d0-3003-48a9-b543-4e42ab173de5,202,,19.522508255000048,19.532105800999943,9.597545999895374
977,c9d68d74-24d3-437f-b3dd-317c98d1b028,202,,19.54048866500034,19.550826876999963,10.338211999624036
978,59df8ece-a9b6-4329-8e62-fefeeeebfa46,202,,19.560196310000265,19.573737427000196,13.541116999931546
979,77a59606-9f77-413e-936c-8f8dfa019925,202,,19.58079028100019,19.59071210100001,9.921819999817671
980,c63393b3-e02c-4943-a9f7-41af5e9cec7e,202,,19.601464873000168,19.611003422000067,9.538548999898921
981,af4e6ef1-280b-4b9a-822b-7bc1511abf0f,202,,19.620353565000187,19.62962196200033,9.268397000141704
982,9b01bef7-6903-4258-a03c-85e2c094e6a2,202,,19.640417481999975,19.651305830000183,10.88834800020777
983,12ca4256-67ef-4955-82b7-479a9e13ca3c,202,,19.66088887700016,19.671560987000248,10.672110000086832
984,39396671-7b52-495f-9730-95594891b0fb,202,,19.68228488600016,19.691733397999997,9.448511999835318
985,7f2f1943-3143-46d6-8835-509fd4b72442,202,,19.700840220999908,19.711441752000155,10.601531000247633
986,5339909d-8403-4efc-a942-aaf1ae2fbb73,202,,19.720501410999987,19.731482380000216,10.98096900022938
987,40237f92-e72e-4c6f-8f7c-8c3ffb92d207,202,,19.74041054600002,19.75106815700019,10.657611000169709
988,ad51de97-543f-403b-859d-ddb90b76f96d,202,,19.76045300600026,19.769524790000105,9.07178399984332
989,9aef17fa-f5f0-4a8c-a4cb-632c972fcd74,202,,19.780259062999903,19.796017305000078,15.758242000174505
990,ef0ee822-37ba-40e2-8e2e-15c72f0d28c2,202,,19.800190821000342,19.81643020299998,16.23938199963959
991,e9a3c33f-103f-4f8c-afd6-989fa1f7d66e,202,,19.821595247000005,19.838697205000244,17.101958000239392
992,1779cbe6-6abd-440b-bba1-5d09d52cdeaa,202,,19.84015887300029,19.857961750999948,17.80287799965663
993,b36ad3ff-6846-4334-97bf-92fb1b026ded,202,,19.86018679300014,19.89362871100002,33.44191799988039
994,53a10949-0a44-4435-8be7-48eb97a0a859,202,,19.882198685000276,19.919160280000142,36.961594999866065
995,82201345-229f-4c91-8e51-10081e9e7aa7,202,,19.902193273000194,19.948120157000176,45.92688399998224
996,a33b165c-7e47-47f8-b46c-d552d0d556a1,202,,19.920213846000024,19.96664591100034,46.43206500031738
997,389dc006-34f0-430d-9226-94fe2ce935b9,202,,19.940345259999958,19.979339283000172,38.99402300021393
998,605107ac-da29-433e-9895-7081b4dbff52,202,,19.962331194999933,19.99603226499994,33.70107000000644
999,d2ed1223-fe9e-473c-a4b0-5c535070f18b,202,,19.980583922000278,20.004310467000323,23.726545000045007
1000,65c412b8-2536-43a8-ae59-ba6d6584b249,202,,20.00025623600004,20.016967007999938,16.71077199989668
1001,7d8de781-63bd-411a-98f4-66d036891c8b,202,,20.0204617710001,20.044155818000036,23.69404699993538
1002,043399a4-3221-4ea9-b287-b925cb803da7,202,,20.042909721000342,20.066247664000002,23.3379429996603
1003,4fecef6f-3fcd-4e5c-baa0-f2efedd20191,202,,20.065097895000235,20.0804170360002,15.319140999963565
1004,883c20e8-6e03-47f9-9846-c1a47ff9fa91,202,,20.080200590000004,20.09462686500001,14.426275000005262
1005,703274e2-710a-4a49-9bcb-5d49b0b3756d,202,,20.100238634000107,20.113187908000327,12.949274000220612
1006,6810657d-3e2d-4708-a9e1-3215cd2f6a1c,202,,20.12014506000014,20.13454083700026,14.39577700011796
1007,6dd8638d-4b2b-47e0-be7b-ed8a437ed194,202,,20.140443298000264,20.155018356000255,14.575057999991259
1008,805c879b-27ca-4a66-b31e-3b42bb77c64e,202,,20.160156068000106,20.17551845700018,15.362389000074472
1009,99b7584b-2f0c-4a73-acd7-498efd38d9b7,202,,20.180193154000335,20.190778561000116,10.585406999780389
1010,d1aeac4c-b38e-48d7-94a7-329757fc8444,202,,20.200154869000016,20.215789534000123,15.634665000106907
1011,116d500b-83bb-4bb6-ba16-0b91e42150db,202,,20.220234702000198,20.233195767000325,12.961065000126837
1012,4c27d0a5-05e4-4c83-a662-09fc2ba4e375,202,,20.240209957999923,20.25438462200009,14.174664000165649
1013,8f0ed2c2-1f1b-4bc3-9e80-2b494dcbe2b5,202,,20.260168006000185,20.272458816999915,12.290810999729729
1014,23302b60-05a9-4db6-ad9e-a9976bed6cac,202,,20.28020084200034,21.13476909400015,854.5682519998081
1015,4b2c3f7b-8a43-47fe-a18a-4fce60add6ef,202,,20.300608739999916,21.135025870999925,834.4171310000092
1016,77789205-232f-4146-b2db-d69933834c99,202,,20.32026676400028,21.154737431000285,834.470667000005
1017,a0178bf0-fceb-46e5-87e9-a362cb7d2917,202,,20.34028672500017,21.160063341000296,819.7766160001265
1018,611d8976-2deb-4c9e-97c5-0927a8538ec0,202,,20.360241898999902,21.178964613000062,818.7227140001596
1019,4bceb25e-c546-4fe0-afe9-7f0064b3f3a6,202,,20.380372104000344,21.191226298999936,810.8541949995924
1020,4d560be1-006c-482c-bcf1-5100075ddf9b,202,,20.403940908000095,21.19894320000003,795.0022919999356
1021,34ec11f5-43f7-4e25-9457-75b627e8f0f3,202,,20.420603307999954,21.207340978000047,786.7376700000932
1022,94df89ca-6443-4fee-8230-a31cfff1cb22,202,,20.440384283000185,21.212880917000348,772.4966340001629
1023,999ad02d-2df3-45b4-bea7-ede10de8da77,202,,20.460728306999954,21.22032583300006,759.5975260001069
1024,7629baa4-1594-4cc2-b100-5c475c4c59d1,202,,20.483082344000195,21.22823601400023,745.1536700000361
1025,78ec219c-74cc-4b15-8a6d-a7f06ff7ada2,202,,20.500203841000257,21.230834118000075,730.6302769998183
1026,c4b97eb4-fefd-4df9-a3fb-3cd7ed28ca40,202,,20.52042841399998,21.23928889300032,718.860479000341
1027,77861d08-ae78-41fd-906f-c5271f73ddd5,202,,20.54025909300026,21.250536136999926,710.2770439996675
1028,9715a244-9316-46f5-8338-096a7fb2b9e6,202,,20.560624365999956,21.254668071000197,694.0437050002402
1029,929546e5-933e-46ea-8588-02857a7354f7,202,,20.5802889710003,21.263255881000077,682.9669099997773
1030,7ab71621-c1ca-467d-80f9-18160b1c2087,202,,20.60039600800019,21.27407935700012,673.6833489999299
1031,8992ed52-3c07-4ff4-86f8-34e554dbb28f,202,,20.620193855000252,21.285387389000334,665.1935340000819
1032,23ed85d2-8c9b-4149-a096-5b2c05145eab,202,,20.640353224000137,21.30142290499998,661.0696809998444
1033,69788aac-e77b-4ade-8a89-42ae52a318e1,202,,20.660701289999906,21.32522023599995,664.5189460000438
1034,5cea824e-67a3-44d7-80d6-56730f5767ca,202,,20.680529427000238,21.340894439000294,660.3650120000566
1035,41f697b2-d75b-4fd4-9076-bcc37fbdb2fb,202,,20.70109856399995,21.367255001000103,666.1564370001543
1036,c4946744-8028-487f-873f-175448340b79,202,,20.736325711000063,21.388350942000216,652.0252310001524
1037,a05201a9-8caa-41f8-969e-ae2099514c37,202,,20.740729464000196,21.378733481999916,638.0040179997195
1038,d1df8c18-ac3e-4301-9bfe-e186eac13980,202,,20.762389040000016,21.397436307000135,635.0472670001182
1039,545f365f-b339-427f-87c9-d884b82c0f54,202,,20.784168149999914,21.40885087400011,624.6827240001949
1040,ce62b69d-0ece-4a0c-9243-11d4a049021c,202,,20.807201481999982,21.436439409000286,629.2379270003039
1041,3c99bc5e-3cbd-427f-a016-aedfaaae34c4,202,,20.82686525400004,21.430415789000108,603.5505350000676
1042,3d43db69-e6d7-4480-bee6-c42bc8655530,202,,20.84073668300016,21.473315751999962,632.579068999803
1043,893db841-c148-46b4-b1f2-b439822d7404,202,,20.861910910999995,21.514095292000093,652.1843810000973
1044,9bbebce1-bc95-48a8-a9ee-aee503b34cd1,202,,20.88020892600025,21.535796863000087,655.5879369998365
1045,b7ebba04-45e2-4521-961a-75506ec94893,202,,20.90022621900016,21.506848449000245,606.6222300000845
1046,ca2531b4-5053-4e5c-8331-6a52fd08fa6b,202,,20.92315864000011,21.56652109300012,643.3624530000088
1047,fb4af2e6-d734-4818-bb94-14cc6cb9bb03,202,,20.942750373000308,21.583527969999977,640.7775969996692
1048,24e2de99-f35d-4c54-bee6-d5d728ee63aa,202,,20.964231626000128,21.598156689000007,633.9250629998787
1049,60c6ca98-084d-4bd2-a28c-01cce3d876f3,202,,20.98055870899998,21.613557073000266,632.9983640002865
1050,03c49404-8a8d-4c8c-b095-c529d836962f,202,,21.000451717000033,21.631552019000083,631.1003020000499
1051,1a6f1935-b72e-4441-86df-d2d2fecb5c86,202,,21.020603085999937,21.631379029000072,610.7759430001352
1052,ade62010-5143-4435-8bd8-f8929140c370,202,,21.04072283200003,21.637630136000098,596.9073040000694
1053,013885e0-8fd6-42df-b254-45618f2e6962,202,,21.061059732000103,21.66098852999994,599.9287979998371
1054,f790d43c-1a11-424d-9abc-4e8ff5a82395,202,,21.080793124000138,21.672315102000084,591.5219779999461
1055,c89e24ab-9011-4a24-be19-b951f6f214f2,202,,21.101026863000243,21.673641277000115,572.6144139998723
1056,19c27e7c-d289-4383-9ae1-308e61b2a2e0,202,,21.121392470000046,21.67988167600015,558.4892060001039
1057,9611a44d-f7d0-4fd9-bfa3-3a9147a4a850,202,,21.14064063900014,21.68923981600028,548.5991770001419
1058,9af0521c-cb11-4783-8198-1685f1c13be7,202,,21.1602319980002,21.694027046999963,533.7950489997638
1059,bddcd162-3d7b-4768-be51-e2a82c56f78c,202,,21.180613020000237,21.70076525100012,520.1522309998836
1060,a817df8a-2513-48e0-9c8a-a68544139706,202,,21.200212170000214,21.709126239999932,508.9140699997188
1061,a68322ea-5f2a-4076-97dc-537f8a3e97ae,202,,21.22036287200035,21.716608068999903,496.2451969995527
1062,9665dcb6-0207-48ef-a520-239f599c72ce,202,,21.24035766599991,21.7312117890001,490.85412300019016
1063,da1d842a-79ce-4626-8b38-f8cb42f64a2d,202,,21.260486911000044,21.735035282000354,474.54837100031
1064,946c41ad-3360-43c2-b063-176093c2473a,202,,21.281025300000238,21.741485336000096,460.4600359998585
1065,8aea13a0-453f-4161-bdde-6159b3c0c266,202,,21.30026547000034,21.752012869000282,451.74739899994165
1066,2efc9240-53eb-4293-9871-f7e057819a5e,202,,21.32041838000032,21.755079612999907,434.6612329995878
1067,12107ff6-9744-4211-8d4b-bd432f680f42,202,,21.34124908600006,21.76097582400007,419.7267380000085
1068,9e525c3d-03ef-49f6-8fd0-87812791712c,202,,21.36064649700029,21.769025496000268,408.37899899997865
1069,1785f29e-076c-47bf-99a1-bdf257c417a0,202,,21.380356349000067,21.777772170999924,397.41582199985714
1070,f82640f8-fb78-4ff2-a1f0-482caf70f67d,202,,21.401077186000293,21.792408846999933,391.33166099964
1071,8a070192-4ad0-41a2-82a4-6004e676eaf4,202,,21.421029941000143,21.798449340999923,377.4193999997806
1072,d0309556-cc5c-42b5-924b-7214fa83c1b7,202,,21.44044230899999,21.810607366000113,370.16505700012203
1073,df7fcd30-9ff7-42f9-aca7-f9cb8cb1fb27,202,,21.46112943700018,21.812458845000037,351.3294079998559
1074,661a62a1-680b-4272-a70e-74e82e6fd697,202,,21.481084605999968,21.81775600500032,336.6713990003518
1075,ecc62107-d0b0-4ac4-b03a-729302a3e012,202,,21.50211204900006,21.8323370600001,330.22501100003865
1076,089abc65-9cf7-427f-afea-9ef84a0d113e,202,,21.520412728000338,21.840654301000086,320.2415729997483
1077,5b12a5db-a3b0-4c93-b470-a02ecce3768b,202,,21.540455726000346,21.848126504999982,307.67077899963624
1078,f99a9a33-9f01-42fc-8363-06673d668f5b,202,,21.560488181999972,21.857724256999973,297.2360750000007
1079,1118d976-d806-4640-945e-d30c0b2efc5f,202,,21.58048847400005,21.86769107200007,287.2025980000217
1080,07095ecb-f17b-403a-a653-aa0df1167c55,202,,21.60036719000027,21.88683261999995,286.46542999968005
1081,04a785b3-d2bc-4e8b-adfa-7ab75a6f877e,202,,21.620447810000314,21.89157552000006,271.127709999746
1082,46518773-55fc-4f12-9101-e9738c2b4573,202,,21.640537639000286,21.91342316700002,272.8855279997333
1083,d7689128-1440-431f-a2c0-44796e5afa38,202,,21.661239558000034,21.95641470700002,295.17514899998787
1084,0080f5f7-9c92-4fe0-91a6-d57f19fb138f,202,,21.680734920000305,21.957943329000045,277.20840899974064
1085,c93013c4-0f43-4530-b719-0e97f469b068,202,,21.702469531000133,21.970315675000165,267.8461440000319
1086,f2f96e32-5769-4b0c-bd96-fa27f84104dc,202,,21.720426729000337,21.98051001900012,260.08328999978403
1087,763c52b0-8c3c-4917-9c14-9c3a5e930bc8,202,,21.74043377099997,21.99806169800013,257.6279270001578
1088,4cf0c004-76fe-4f8b-95a6-6e801f77eac7,202,,21.760531807000007,22.01329400800023,252.76220100022329
1089,f307a38d-dad1-4a4e-9113-738ee81e17cc,202,,21.780991989000086,22.0224073710001,241.41538200001378
1090,5b887a2a-0e8f-421e-a70b-5f69448da43f,202,,21.800427605000095,22.031413822000104,230.98621700000876
1091,85205bfd-ba23-49d3-903b-010bd856ebcf,202,,21.820841165000274,22.040389318000052,219.5481529997778
1092,56266b1b-0134-47d5-8385-9cd9393cb92a,202,,21.84043835500006,22.049474807000024,209.0364519999639
1093,3cd91570-70ef-47f9-8cd2-7f1fefeb5ffb,202,,21.860859122999955,22.055440846000238,194.5817230002831
1094,34bf85c8-a7a8-44ab-be83-b0892f40486e,202,,21.88035552600013,22.06069780000007,180.34227399994052
1095,95f8ffc2-d0a5-41f6-885c-e0055a340711,202,,21.902509947,22.071177128000272,168.66718100027356
1096,0abca7b1-052e-49dd-9186-69bc0ef9d207,202,,21.92356180500019,22.07566108400033,152.0992790001401
1097,b8c43884-5d24-43b3-9b0c-d745ae48a065,202,,21.94049814400023,22.084494629000346,143.99648500011608
1098,7edcbaeb-8f1c-4e53-bd96-708ddd719157,202,,21.960363317999963,22.095552090000183,135.18877200021961
1099,cf7df7cd-57d5-45fe-a4eb-bafcd6e24ba8,202,,21.98140030200011,22.1077200310001,126.319728999988
1100,afa56c2d-4f08-4449-827d-31d745cb1511,202,,22.0002461590002,22.12893033799992,128.68417899971973
1101,456db5fa-9177-4ef6-8725-ef64e4276378,202,,22.020420732000275,22.136257884000315,115.83715200004008
1102,ea3a4e3c-83c1-4b73-909d-b8d44b14e525,202,,22.042087472000276,22.148691977,106.60450499972285
1103,5dfa523f-7a39-4453-8c07-9c1e083c1fb5,202,,22.061702161000085,22.172923405000347,111.22124400026223
1104,0704df5f-0e06-44a0-a19f-eae21a08f7da,202,,22.08058034900023,22.177331741000216,96.75139199998739
1105,e48a698f-c775-48b7-900f-db5adfbef4b2,202,,22.100634804000038,22.184790363000047,84.15555900000982
1106,b32f105c-611e-410e-8b32-3fbfd86e724f,202,,22.12035077900009,22.192184114000156,71.83333500006484
1107,ec7d6dc8-048b-45d1-abd0-a5a20e3c5388,202,,22.140296656999908,22.198570546000155,58.273889000247436
1108,3fc16227-3179-4f6c-8382-cdb21c25234a,202,,22.16037369500009,22.209530805000213,49.157110000123794
1109,4c7ab015-6a45-4bd0-b905-07b4c1765d96,202,,22.18119939799999,22.212095327000043,30.895929000053002
1110,31712e6b-c19c-4b14-953f-b9305df6a096,202,,22.200180039000315,22.219820018000064,19.639978999748564
1111,8f2a9a3d-996e-4d0e-b0e3-beeb0fd9ab99,202,,22.220179164,22.235204111000257,15.024947000256361
1112,ec6227ee-0211-496a-9a97-c1c1a0557c70,202,,22.24025957699996,22.256969012000354,16.70943500039357
1113,d5cdd15d-c155-4840-b2db-6c2c5ef48a0b,202,,22.260168915000122,22.273269345000244,13.100430000122287
1114,956b65d1-ce4b-4277-8266-2c218dc23465,202,,22.28017008200004,22.294111797999904,13.941715999862936
1115,68de6095-32fd-49b1-9924-276d0523543e,202,,22.300339323000117,22.311856342000283,11.517019000166329
1116,90d108a1-5491-495f-b7f6-73efe4e34997,202,,22.32042452700034,22.33119658700025,10.772059999908379
1117,726ebb0f-f489-43ad-9872-2073b8794a88,202,,22.340386237000075,22.35018785300008,9.801616000004287
1118,601eea19-3123-4a22-8a02-7351e7417faf,202,,22.36137409899993,22.37153798500003,10.16388600010032
1119,812394ca-73fa-4c8b-b424-bf452712c9f0,202,,22.380652014000134,22.390999016000023,10.347001999889471
1120,ad42317d-e4d6-4237-81d6-2d66f4b9c04c,202,,22.401429721000113,22.41131537299998,9.88565199986624
1121,f5601a10-c75b-4e52-8886-5cdd7687197d,202,,22.420341116000145,22.43043479800008,10.093681999933324
1122,ff3b46fa-2a8d-40ce-82b1-345268126f5e,202,,22.442146762999982,22.452785081000002,10.638318000019353
1123,b7907bd4-21b2-4a62-89f4-90d29c939a69,202,,22.460754756999904,22.524653323000166,63.89856600026178
1124,72b95033-6cb5-45b6-aba2-6c5a53c6f281,202,,22.481169272999978,22.542331659999945,61.162386999967566
1125,485c5e3e-5c9d-4b34-874e-d68ab85de059,202,,22.500367566000023,22.54245957000012,42.092004000096495
1126,f4f0a863-597b-4efb-96a7-cd1cb0498376,202,,22.520257571000002,22.548777171999973,28.519600999970862
1127,14d96365-a7b7-4ab5-96c6-3305cbac6d60,202,,22.540270985000006,22.562124878000304,21.85389300029783
1128,fc502ea5-b28b-40cd-a014-cd683c7c685e,202,,22.562149752000096,22.60423975599997,42.09000399987417
1129,e852c0f3-8cb9-4def-ae6d-092ece8a0ea6,202,,22.582554602000073,22.631907655000305,49.35305300023174
1130,1439cee7-d311-4974-9430-5f29325d49b9,202,,22.600424637000287,22.643441754999913,43.01711799962504
1131,a4a4fb99-379d-4e25-b80f-84e01e76d01a,202,,22.620281852000062,22.647501235000163,27.219383000101516
1132,4c7d0ae1-b5e5-4f97-a5f2-a91f32fb057d,202,,22.640264559000116,22.662904492000052,22.63993299993672
1133,7325f470-2ef0-4e42-977f-1ec82b256019,202,,22.661013265000292,22.675316126000325,14.302861000032863
1134,62612212-1acb-4f5e-a1fe-0803fffea89c,202,,22.68015460300012,22.692768226000226,12.6136230001066
1135,47255b2a-1fb8-4791-ba45-ce07375b12ea,202,,22.700183266000295,22.717565412000113,17.38214599981802
1136,652163e6-a539-4f64-a7b8-5c04a323273c,202,,22.720378670000173,22.734496541000226,14.117871000053128
1137,46a38fb1-848c-43ab-9bda-bc3feeb38872,202,,22.74018197100031,22.7591770680001,18.995096999788075
1138,09952946-2575-4919-821f-30129b1895c5,202,,22.760234883000066,22.778824627000176,18.58974400010993
1139,2d4c7b29-d6b5-4ef8-948e-276a0ebb373e,202,,22.78019413300035,22.797575154000242,17.381020999891916
1140,16815f4e-e34e-46fb-a678-2eb6fca8cc68,202,,22.80018017400016,22.817728310000348,17.548136000186787
1141,f13b6f15-547b-4b41-8558-6207fcb31da7,202,,22.82031291500016,22.841989193000245,21.676278000086313
1142,e6ba0dbd-684e-42c6-93e2-3c64b0810867,202,,22.842130518999966,22.859101854000073,16.9713350001075
1143,9a4ca99a-5c57-4820-9d26-3589bc4a4f6e,202,,22.860150044999955,22.873512376000235,13.362331000280392
1144,1eec54c2-5516-48ae-a16c-fc6fe914ba7d,202,,22.880245162999927,22.896902308000335,16.65714500040849
1145,3b2315af-0c1e-4bb4-a2b1-c8b8747b070a,202,,22.90026695100005,22.92823420900004,27.96725799998967
1146,7ccba5c8-b615-415f-b4c1-8269dfec0f99,202,,22.920245659000102,22.937367111000185,17.12145200008308
1147,72943966-8ced-4e2f-9e0b-e97d86872de8,202,,22.940379900000153,22.953225551000287,12.84565100013424
1148,416ae57c-dcac-4899-9f48-37dd8cef78b4,202,,22.96017453400009,22.97543534100032,15.26080700023158
1149,ae2db532-598d-406c-a71b-c535ee7452bc,202,,22.98022423800012,22.993255045000296,13.030807000177447
1150,f9b9a0d2-26b0-43a9-9ad3-973a4156bd0e,202,,23.000157740000304,23.012307847000102,12.150106999797572
1151,2d41e125-9c49-4c39-b05f-688f103415d7,202,,23.020158488000106,23.033532983999976,13.374495999869396
1152,500a5aec-19dc-4794-99d9-9515ee9a68b7,202,,23.04017902700025,23.052537789000326,12.35876200007624
1153,0582c86a-a837-424a-b940-f0f8c41fea2b,202,,23.060584669000036,23.082023252,21.43858299996282
1154,08a50086-452d-480a-8fd0-2926cbc6fc75,202,,23.080594666000252,23.099126996999985,18.53233099973295
1155,49d37b07-fa0c-4203-8797-3bfc27f49b6d,202,,23.10017406299994,23.115615568000067,15.441505000126199
1156,1cda7a23-e429-4efc-b29c-cc330ae40e27,202,,23.120162019999952,23.13645172700035,16.289707000396447
1157,b5ab0034-0532-4aa6-8e7b-41c24b8e052d,202,,23.14030675999993,23.152458991999993,12.152232000062213
1158,9fea9f82-60af-4359-a64b-0cb774f8fd24,202,,23.16034850599999,23.180720483000187,20.37197700019533
1159,c45e240f-02c9-4d4d-88be-3a1d9150c1dd,202,,23.180244510000193,23.19547061000003,15.226099999836151
1160,5ef8dfe8-3425-46ab-a6ef-56fb05b392c3,202,,23.200194761000148,23.219842944999982,19.648183999834146
1161,6a856c9d-a9df-4c12-9d2d-afb0a45cc5e1,202,,23.220242131000305,23.23454720000018,14.305068999874493
1162,dfd5068f-ecf1-4c53-bbf0-fe146680a420,202,,23.24272982299999,23.25991073000023,17.18090700023822
1163,18042534-82b8-4b74-bcc1-c989361bdc51,202,,23.260192630000347,23.27372986799992,13.537237999571516
1164,29996a3e-5489-4cb4-98b4-48c395c554e8,202,,23.28019600300013,23.29661520300033,16.419200000200362
1165,b3f1574b-1ed6-4973-a9e1-b983f7d52565,202,,23.300232624000273,23.312226823999936,11.99419999966267
1166,e6379dab-e260-4b23-8cdf-431cf65b53dd,202,,23.32027620300005,23.331895049000195,11.618846000146732
1167,d32eafd2-d1a7-439a-8f41-9cb0e4258b08,202,,23.340217746000235,23.35815977700031,17.942031000075076
1168,46e14d7d-d43a-48ec-bcb4-cf0fdd5ba4c9,202,,23.360213036999994,23.37947116000032,19.258123000327032
1169,a3330565-fe4a-4ede-88fd-8ec6c0d7f3f5,202,,23.38018782800009,23.396979590000228,16.791762000138988
1170,60bcbf51-6c75-40d3-9884-fc2826b2e0d2,202,,23.400386273000095,23.412405013000352,12.018740000257822
1171,b6d3c3e2-4acd-4f5e-95aa-bb2a9cdf1e25,202,,23.420897284000148,23.4321111940003,11.213910000151373
1172,4ba05f73-cf06-4c1b-a910-b6484f1b78bf,202,,23.44150345600019,23.45917495799995,17.67150199975731
1173,fc31a42d-7838-4531-b8d5-fcf5b6aed85e,202,,23.460387515000093,23.46996376600009,9.576250999998592
1174,95e90138-36f2-482d-a2df-e485b1e00756,202,,23.481486741000026,23.49156038000001,10.073638999983814
1175,7d841753-1fce-4680-952a-299bd1202266,202,,23.50059832800025,23.51019274500004,9.594416999789246
1176,e34d1988-6ad5-4b68-963f-7627fcf5e20f,202,,23.52252046600006,23.547172116000183,24.65165000012348
1177,dd5e425f-3ce9-4a28-b150-d4c188c28f67,202,,23.540241382000204,23.553434263000327,13.192881000122725
1178,6f9a8b55-fd49-4eff-88bb-a6fa2dc4c56a,202,,23.560274084999946,23.573073862,12.799777000054746
1179,960e44e8-ddc0-4b41-9875-2775f2b450e9,202,,23.58032049500025,23.59687068600033,16.550191000078485
1180,6b4c6a8c-f806-4a10-80c3-511ee155b4da,202,,23.600168375000067,23.615376808000292,15.208433000225341
1181,159ef98e-aebe-47ad-9249-d4a67c5122c4,202,,23.620238492000226,23.632334850999996,12.096358999770018
1182,9f651fa5-b0d1-4369-96e7-5fcaee04e8ee,202,,23.640192324000054,23.654429144999995,14.236820999940392
1183,483b80fa-8def-4c35-bfde-2ef71bb46cf2,202,,23.66016632200035,23.672883854000247,12.717531999896892
1184,902903de-f6b2-42d3-b57b-0e5c8bebbb8d,202,,23.680205940000178,23.696248118000312,16.0421780001343
1185,cae60a1c-e569-4eba-98b0-840a91da4785,202,,23.700437340000008,23.721136588000263,20.699248000255466
1186,b4c1ec1c-c767-4800-9d99-6b84709bb6a5,202,,23.72143265500017,23.88043168000013,158.99902499995733
1187,00bb993a-1388-4431-8be2-fc4d4207e59f,202,,23.748157896000066,23.9330050880003,184.84719200023392
1188,7d6defda-ada8-4281-873c-3bbaa30670e1,202,,23.763308083000084,23.90651962400034,143.21154100025524
1189,80aaca89-382e-4082-8088-fcdcf16ff46f,202,,23.784896656,23.94018530700032,155.28865100031908
1190,d7d965e2-6fb6-40ab-ba09-c8d3abb64aeb,202,,23.801052661000085,23.95046331100002,149.41064999993614
1191,3a0ff181-cd12-4b47-8455-003f0ae50448,202,,23.824035155000274,23.978159914000116,154.12475899984202
1192,b9b11897-7fd5-498b-8373-0edf7e5e8372,202,,23.844527290000315,23.96561666400021,121.08937399989372
1193,3ebb7cb6-bc95-4f31-8955-7ff1a61e651b,202,,23.860854619000293,23.992374612000276,131.51999299998351
1194,de859047-b30c-4f67-acd8-c98f578f7742,202,,23.88126150800008,24.000083843000084,118.82233500000439
1195,3b8da6d2-ac83-48ec-b6aa-068eb7698ae0,202,,23.900387220000084,24.022399375000077,122.01215499999307
1196,f16858c1-176e-43f4-88da-074d4e2fccab,202,,23.921670686000198,24.05778925300001,136.11856699981217
1197,7a4e9f62-5cf0-49bb-8b95-9bbc8061cd28,202,,23.940488748999996,24.06689694700026,126.40819800026293
1198,f4311fb4-5081-4a97-ac09-879ee946e04a,202,,23.9603833340002,24.080143490999944,119.76015699974596
1199,53a7ad76-18fa-4ae9-a52e-ae78b6a09d56,202,,23.980718228000114,24.084155598000052,103.4373699999378
1200,03d694dc-6843-483a-a152-53fdae7d5848,202,,24.000401742000122,24.105544724000083,105.1429819999612
1201,365ecd8c-1639-42f1-84a4-5093b76cdd61,202,,24.021547340000325,24.116283992000263,94.73665199993775
1202,4a4c197e-73ef-4208-a300-a765d2c2d596,202,,24.040664427000138,24.121159591999913,80.49516499977472
1203,01fc3701-2762-4a05-9b95-e16daf7fb5df,202,,24.060334066999985,24.129894099000012,69.5600320000267
1204,da52a7f2-ad59-4f7b-bc53-b95391986a3e,202,,24.08027219199994,24.1340931120003,53.820920000362094
1205,961069a3-8c6e-44e9-bd60-3ef1158ad6d7,202,,24.100472009999976,24.14113504800025,40.663038000275264
1206,b48d8765-df15-483e-89b2-f9e58806de40,202,,24.120412384000247,24.144727095000235,24.314710999988165
1207,01e606ad-607e-4fe3-add5-434a4dc87a21,202,,24.14322955500029,24.17801046700015,34.78091199986011
1208,af3c301b-39e9-4744-8465-b2e50cd8123f,202,,24.16125841200028,24.21270296700004,51.44455499976175
1209,8ec6f126-7feb-4d9c-b92e-19b6941ab000,202,,24.18044657900009,24.254107338000267,73.66075900017677
1210,290f4cdd-26bc-423b-b474-2d25b660272b,202,,24.200564026999928,24.261341470999923,60.77744399999574
1211,f4107812-82c0-4374-b072-ed3baac3c2fc,202,,24.22284189400034,24.280087787999946,57.24589399960678
1212,48ae552d-d8c4-41a7-af23-0a8d5dcc3917,202,,24.244196230999933,24.283610213999964,39.413983000031294
1213,efc84fbd-1907-49a9-8245-5cd51db46f16,202,,24.26038227500021,24.303421638000145,43.03936299993438
1214,0923100e-a3ca-4c31-89db-83b972569746,202,,24.280677963000016,24.332333756000025,51.655793000009
1215,75f614ad-aede-466a-88fc-be5dc699c9fd,202,,24.30094202800001,24.33394616500027,33.004137000261835
1216,2a534d68-20c6-4888-a08b-f48a2705f0af,202,,24.320258562000163,24.342442393000056,22.18383099989296
1217,690ccc4f-728a-4840-acdc-ecf0740582c8,202,,24.34018972900003,24.352703356000347,12.513627000316774
1218,60f79c31-7565-4eee-898c-f64ef152cc03,202,,24.361747386999923,24.382527048000156,20.779661000233318
1219,9ce172b8-e608-4ac0-b7f9-61705b6cb7a9,202,,24.38024367600019,24.394754066000132,14.510389999941253
1220,b7748400-ec3e-4ad3-8d37-d61ed653fb4f,202,,24.400221090000286,24.413631124999938,13.410034999651543
1221,69fa9e4f-0aa5-45a8-b22f-f60bff2580cf,202,,24.42027304200019,24.44484082100007,24.56777899988083
1222,0ce0d4f7-593d-4ccc-9490-60e8a08e8c21,202,,24.44488136000018,24.471639889000016,26.758528999835107
1223,e4d0736b-2f81-4662-891e-21d07ae661b6,202,,24.460809043000154,24.479473363000125,18.664319999970758
1224,2671188c-32d4-4890-8ce5-5802dd35f8ce,202,,24.480358188000082,24.49271828000019,12.360092000108125
1225,a9827feb-edac-4714-81d6-edc7a75488e1,202,,24.50037822200011,24.51724389300034,16.865671000232396
1226,c4d495d7-904c-4d52-b44b-dad52c426d09,202,,24.52058691299999,24.531144941000093,10.558028000104969
1227,6e5cdba2-ca7e-45ba-96dd-15b9a97ad4d3,202,,24.54064994500004,24.555027257000347,14.37731200030612
1228,7c3b48fe-06ef-449f-ae76-993e4d933852,202,,24.56034545600005,24.61215069300033,51.80523700028061
1229,bec2db38-30bc-4b54-9f87-71bfa0e896e3,202,,24.5826546950002,24.611278909000248,28.624214000046777
1230,38d25ce7-f0d2-4861-8ce8-8b88d79b3abb,202,,24.600377276000017,24.620919863999916,20.542587999898387
1231,e4fb259e-8820-4e00-bd93-203d9933dbbd,202,,24.62097048600026,24.63549004000015,14.519553999889467
1232,b7c297b6-b023-4fcb-bbf5-ef147172c8ea,202,,24.64021027300032,24.653917665000336,13.707392000014806
1233,5f700213-8c23-4909-bfb0-ba86ba30b5f0,202,,24.66027451400032,24.67707231400027,16.797799999949348
1234,9902f5d6-81fd-4a0d-98a1-ef74158eb4b9,202,,24.681256869000208,24.710759783999947,29.502914999739005
1235,810fe4c5-cadd-4f4b-811d-fd3db7fc8271,202,,24.700263044000167,24.721169612000267,20.90656800010038
1236,f1e394d7-f265-4a03-a8b4-b828555f06ae,202,,24.72017441800017,24.7333532560001,13.178837999930693
1237,af05e6d0-46f9-401f-a27d-acfec4f594ed,202,,24.740615096000056,24.802232903000004,61.61780699994779
1238,1abb6383-a2ec-4211-b986-dec769d65ee6,202,,24.762186208999992,24.817737277000106,55.551068000113446
1239,c2a057fe-4fb8-4c77-9314-f2d879998cf8,202,,24.780427303000124,24.834641446000205,54.214143000081094
1240,5b0f7612-6007-48f1-90b9-a90235d35692,202,,24.800285180000174,24.838415065999925,38.12988599975142
1241,9525ac1f-6455-46e2-9fdf-edd4414ebe33,202,,24.82408820899991,24.850855236999905,26.767027999994752
1242,cd9ea197-7a2b-4cae-90e7-84a0774e0305,202,,24.840626023999903,24.853843818000314,13.217794000411232
1243,7f67528f-771d-4dab-b114-4a8be963ec02,202,,24.860224957000355,24.880302613999902,20.07765699954689
1244,9cfab77f-a0f2-4b7f-b22f-35d46f885f2d,202,,24.880607305000012,24.898937810000007,18.330504999994446
1245,82175961-624a-4783-ac43-8725bda82c09,202,,24.900255444000322,25.218579235000107,318.32379099978425
1246,aee5f0ed-337f-46e9-b4f6-7d8a6a8a0eda,202,,24.920669706000353,25.219780208999964,299.1105029996106
1247,c5add549-ae3f-4a58-9878-7b873651b64d,202,,24.940508543000306,25.253695416000028,313.18687299972225
1248,c3ffe66b-d6b6-4f77-b112-dcb46961f37e,202,,24.96127903500019,25.285145887999988,323.86685299979945
1249,e276edb9-7003-47f3-9c2b-2e8696cbeafb,202,,24.98064273099999,25.31923983500019,338.5971040002005
1250,a7e84ab2-25e5-4748-bf98-38a01ed5b62c,202,,25.00040011400006,25.343658370999947,343.25825699988854
1251,19446ca6-81d1-4179-aa08-2f124444e19a,202,,25.02131564000001,25.29668702700019,275.3713870001775
1252,cbbc5692-405a-4020-a8ce-abd71205538b,202,,25.0404442250001,25.361587690000306,321.14346500020474
1253,2091c453-99a2-4125-a219-fb2ace512cbd,202,,25.060511423000207,25.336245998000322,275.734575000115
1254,083f180f-8c58-4a13-bb54-fd9334cc6700,202,,25.08035292600016,25.336352701000123,255.99977499996385
1255,1357fe27-13a5-4353-95f5-e8a197b80b69,202,,25.100329089000297,25.375743222999972,275.41413399967496
1256,5e27ea80-addd-4048-bf16-67ab083b4a96,202,,25.12017546600009,25.371555335000266,251.37986900017495
1257,2bb0e9fb-e782-4f4c-9c53-15f8525306af,202,,25.14119927699994,25.38935470300021,248.15542600026674
1258,edc90018-37ad-4e4c-a515-ffaf312703e9,202,,25.16187590000027,25.39507804599998,233.20214599971223
1259,467487b3-6ddf-4325-858d-1c94503c7584,202,,25.18047968100018,25.399159732000044,218.68005099986476
1260,e5f7eb5b-9341-448d-85e2-1d74b0510e0b,202,,25.200279937000232,25.420800466999935,220.52052999970329
1261,bebe11f2-8111-4a22-854c-8ccf368c682d,202,,25.22069411600023,25.428830845999983,208.13672999975097
1262,d48b0a68-50dc-434a-8c7f-9ec336f65983,202,,25.24266512300028,25.438294602000042,195.6294789997628
1263,44be02ff-766d-488e-b40c-3e02eecbc3af,202,,25.261562305000098,25.453171093000037,191.60878799993952
1264,5bd060b0-dbcf-4454-b3d8-710ae470bb88,202,,25.282384294000167,25.45311930400021,170.73501000004399
1265,666ce7d6-e50b-4820-9df5-474d30ed00f0,202,,25.301300641000125,25.527246313999967,225.94567299984192
1266,c5ab85e0-365d-44fd-9e62-bd16ce674c22,202,,25.320643630000177,25.57222468200007,251.58105199989222
1267,87915929-56f1-4d43-a2ce-40aef0192051,202,,25.34089648500003,25.573783386000287,232.88690100025633
1268,b2b9569f-8b02-4a8e-8e3e-64180f812aa2,202,,25.360358010000255,25.582466019000094,222.1080089998395
1269,1ad9ec7a-0a5b-45f7-b78d-88dc8e402d65,202,,25.38032992200033,25.595642147000035,215.3122249997068
1270,492a7696-482c-41db-b701-bc6d945a0cac,202,,25.400235130000056,25.6348525100002,234.6173800001452
1271,5bf4735c-d253-4589-aed9-3ce2c5b8dda9,202,,25.420499151000058,25.638383976000114,217.88482500005557
1272,7b23308c-efeb-4e57-ad25-d8bf45ecfa9c,202,,25.440390024999942,25.649515846000213,209.12582100027066
1273,b342b5f7-f153-4f5f-b9b6-53c03d4fe51a,202,,25.460954276999928,25.662457779000306,201.50350200037792
1274,c2012942-7a20-4679-bdd5-ffbf6762dd53,202,,25.52789394299998,25.694166525000128,166.27258200014694
1275,e292ceed-af70-4409-a506-1680681c8889,202,,25.515031922000162,25.68236948499998,167.33756299981906
1276,0aa1e567-062b-4706-ab7a-b9e6694ca8c8,202,,25.530123817000003,25.70066878100033,170.54496400032804
1277,f0e97040-c86f-4d84-beac-8920047322ca,202,,25.54596725300007,25.670071973000177,124.10472000010486
1278,fa37809c-1ca2-45e9-ba3e-b59b18e5f0bd,202,,25.561080855,25.71034831599991,149.2674609999085
1279,f57c65c8-986b-48b3-98a6-25fed8221057,202,,25.580265226999927,25.741379683000105,161.1144560001776
1280,e69230b7-dbb1-4f3e-9589-df034193362d,202,,25.600943889000064,25.751229376000083,150.2854870000192
1281,88e935f2-147f-4328-a295-4dd786b11996,202,,25.621936949999963,25.77714874100002,155.2117910000561
1282,0fd063b8-802b-406d-8190-80bd08f15dae,202,,25.64020174799998,25.784645899000225,144.44415100024344
1283,2b9383c2-78f5-41bf-a1f8-f8529415ef11,202,,25.660452434000035,25.792076937000274,131.6245030002392
1284,50fb0719-ec98-4f8b-b331-bceee3a13cd4,202,,25.680638874000124,25.797441508000247,116.80263400012336
1285,b76160ab-8b77-4dc1-ac33-b5c2bc58528c,202,,25.700450459999956,25.809982964000028,109.53250400007164
1286,395778c5-1c86-4be3-beba-72640a911256,202,,25.72057452900026,25.813211739000053,92.63720999979341
1287,3850a560-e50e-4ffe-bfbb-af0163ae80da,202,,25.74068872299995,25.818317533000027,77.62881000007837
1288,d87f8bcb-467a-4283-95e9-fe0492e62fe9,202,,25.760579554000287,25.823829263000334,63.249709000047005
1289,ab24188a-cffa-41b0-832d-60b6762bf798,202,,25.78020802600031,25.826558191999993,46.35016599968367
1290,42159925-cb18-4ee6-9eb4-4b7ad51a4045,202,,25.800385048999942,25.83522857600019,34.84352700024829
1291,501d3ecf-d8ba-4672-ac7f-649aa8c668dc,202,,25.820577155000137,25.847498047000045,26.920891999907326
1292,84fed850-153e-4ff0-b718-4a1413beeec8,202,,25.840576856000098,25.902267860999928,61.6910049998296
1293,3d31679d-571f-44f8-aa0a-6e8b348cb181,202,,25.86025324100001,25.902482598999995,42.22935799998595
1294,df4994e8-cc7d-4084-abf5-f689b425f32a,202,,25.88034406199995,25.908385140000064,28.041078000114794
1295,91dcc82c-76d8-4ae2-88b8-dce16af4cd38,202,,25.902515681000295,25.925470172000132,22.954490999836707
1296,2bba94d9-5c9a-4ed5-a871-697d66d8aae5,202,,25.920667611000226,25.943483193000247,22.815582000021095
1297,e11fed04-c264-43e5-8db1-3c20a0ccf076,202,,25.94026279200034,25.955673294000007,15.410501999667758
1298,488af258-2eb0-42c2-8ade-f6aed5d2d76d,202,,25.960238911000033,25.97653094599991,16.292034999878524
1299,36d4b017-4ba3-46a2-bf2d-68b80523b16a,202,,25.980181448000167,26.013389608000125,33.2081599999583
1300,e9f95270-bef6-4d29-92ec-b93a71e3ae83,202,,26.00025639400019,26.017127938000158,16.871543999968708
1301,71bbca69-617e-4800-98f9-bec3b39297c6,202,,26.0202401370002,26.044427267000174,24.187129999972967
1302,cee7fb7f-5d66-4402-b2af-3ac5f950e1f0,202,,26.04040257800034,26.06647543400004,26.07285599970055
1303,c08b2cba-b156-4051-8ba3-41c8d53d69c1,202,,26.063590514000225,26.093277040999965,29.686526999739726
1304,0d02faf3-ebb7-4570-828d-d2047a072bf5,202,,26.080269320000298,26.82889541400027,748.6260939999738
1305,1eb48597-7259-46d7-8a8a-39b8f876ffd6,202,,26.10094635700034,26.84978872900001,748.8423719996717
1306,3d2d2b2f-fb88-4a84-94bd-0a10fefa0d59,202,,26.12230898000007,26.856549804000224,734.2408240001532
1307,72abb964-78d6-44a1-8694-baed05fb7a36,202,,26.140764893000323,26.862633791999997,721.8688989996735
1308,1b430879-52a4-495a-9544-a18ab40367fd,202,,26.160364866000236,26.869987458000196,709.6225919999597
1309,31d820cc-ac39-4a61-b6e8-f578ab5747cf,202,,26.181033612000192,26.87759590099995,696.5622889997576
1310,9a9663cf-dd8f-43cf-8ca0-5b3956136cb1,202,,26.20350975500014,26.888584277000064,685.0745219999226
1311,f7401d9e-ee52-4530-bbce-0ddb0c599db8,202,,26.220597704000284,26.891628271000172,671.0305669998888
1312,08168b26-3deb-42e2-ab04-e14f895a05aa,202,,26.240349418000278,26.899583861000337,659.2344430000594
1313,9074229a-ce3f-40d5-afe4-3377a4d439fc,202,,26.262095020000288,26.910217550000198,648.1225299999096
1314,a2bb9cd5-fbe9-41ba-8b90-ed118b4eb226,202,,26.286098077000133,26.917626588000076,631.5285109999422
1315,c9171481-7697-4f26-aed7-3b21ff6a8724,202,,26.301163348000046,26.92223261800018,621.0692700001346
1316,368521b3-07ae-49f0-af16-b06969610386,202,,26.320188271000006,26.9294653740003,609.277103000295
1317,860a92cf-f6d6-431a-87b6-17d59fba9caa,202,,26.340668152000035,26.934974811000302,594.3066590002672
1318,68be3c96-f07e-4758-9f5c-27cc4228db77,202,,26.360285457999908,26.94032309100021,580.0376330003019
1319,ef1db2eb-059e-47fa-b019-21f721117f1d,202,,26.381169649000185,26.946430411000165,565.2607619999799
1320,cdb596bb-a93b-46ae-8749-5770057feb59,202,,26.400448890999996,26.95854688999998,558.0979989999832
1321,6b6fdf6d-d342-42d6-bace-ef2bd93c7418,202,,26.420209480000267,26.97299052900007,552.7810489998046
1322,c46f62af-18ff-495f-98fd-97ed5920670d,202,,26.44132665799998,26.98067846799995,539.351809999971
1323,11bbd6fb-5dd6-47e3-92b7-1340a0940d03,202,,26.460212544000115,27.004362374000266,544.1498300001513
1324,f825e43a-c8cf-4d00-bba5-5a5c8b1f02e5,202,,26.48058243000014,27.036521257000004,555.9388269998635
1325,bc1e0ecb-df4a-4a83-b1a1-673518abff32,202,,26.50023594000004,27.045816063000075,545.5801230000361
1326,b11e79ce-0cc8-48ea-8d46-92347f0a1c27,202,,26.52063990700026,27.056008235000263,535.3683280000041
1327,97d16c87-abcf-4d42-a72e-54ce1d6dbad4,202,,26.540771015000246,27.072201191000204,531.430175999958
1328,d9d8f45b-0d13-40e6-9805-82fa0cb0aea7,202,,26.56019274600021,27.07940603199995,519.21328599974
1329,a05a8799-43ad-43bf-9e1b-412156f32c63,202,,26.5802608150002,27.090023055000074,509.7622399998727
1330,880ce5f1-c906-45d5-8fac-3cb71c2cfb49,202,,26.600445128000047,27.096655345000272,496.2102170002254
1331,1c0d5570-8d03-4748-a2f2-81f6a6427121,202,,26.62073751800017,27.102810537000096,482.0730189999267
1332,788c3303-eaee-41e7-8d13-b24007a7f93e,202,,26.640535812000053,27.12686204700003,486.3262349999786
1333,db2fc221-12a5-48e3-9ed4-34aa6523ad5d,202,,26.66078870399997,27.149828161000187,489.0394570002172
1334,ff27d672-d967-46c8-9f24-4a8cb3382fe2,202,,26.68119746299999,27.156516615000328,475.31915200033836
1335,c1ac7b56-15e4-48af-8af3-86dffda17884,202,,26.701891122000234,27.16548310600001,463.59198399977686
1336,a3230672-ba8b-4940-a428-2b7897afc4f2,202,,26.722298547000264,27.172429378000288,450.13083100002405
1337,9cfd01d4-2afe-4ae8-b2c7-40b77334db99,202,,26.741613326000333,27.19131984800015,449.70652199981487
1338,5015d2e6-765d-46f6-9118-ba7ca4c9c65e,202,,26.761025683000298,27.201590098999986,440.5644159996882
1339,8e5a4fc9-cc60-4fb0-9816-fde4f84ad56c,202,,26.780310547000227,27.22923786299998,448.9273159997538
1340,632a8414-4814-4c22-95bd-6df13ad4af03,202,,26.8005206910002,27.23991475699995,439.3940659997497
1341,32e6fa0b-1b92-4f5d-ac13-f251f19fadf2,202,,26.82037569000022,27.25266603299997,432.29034299974956
1342,a520af50-91f4-42c1-9d87-3e73234ddcbb,202,,26.840357889000188,27.26342054800034,423.06265900015205
1343,ef0d5fb9-f177-42ee-b066-cef7b5e72383,202,,26.860942845999944,27.275246335000247,414.30348900030367
1344,099f3327-8d55-4a52-ba9f-2b7d8523d387,202,,26.880459363000227,27.28439098300032,403.931620000094
1345,de47f5cb-724a-4df3-8a09-4063ee967601,202,,26.90022836700018,27.310157146000165,409.9287789999835
1346,15e069e0-ffc8-4446-a8d3-673702b96213,202,,26.921117056000185,27.318608875000336,397.49181900015174
1347,6331c316-a36b-4e63-a59c-13ca4e150c5b,202,,26.94036183900016,27.33545604400024,395.09420500007764
1348,e0aed98b-fd74-4541-bd24-2c98fd254968,202,,26.960854760000075,27.350986036999984,390.13127699990946
1349,b712b67d-f313-4267-830f-0f240293a748,202,,26.980524810000134,27.362617336000312,382.0925260001786
1350,df377a8e-0baf-4227-911f-a21ac0c144dc,202,,27.000498592999975,27.37099181900021,370.49322600023515
1351,e10c10f6-b82a-4674-aeb3-efb6acec08ad,202,,27.023248218999925,27.37984948300027,356.6012640003464
1352,a90449e3-9a1a-4924-896c-67d5980955c4,202,,27.04025625400027,27.389993824000157,349.73756999988836
1353,9bb03d9e-581d-43b9-8d6e-6a22590760d2,202,,27.060251536000123,27.398236438999902,337.98490299977857
1354,376bbe08-ae5e-460b-b8fb-3755bb9209e4,202,,27.080222651999975,27.41575107100016,335.52841900018393
1355,8d1b9bad-e4d4-47a3-9111-dc97c96cd5e0,202,,27.100401507000242,27.427619354999933,327.217847999691
1356,a7bcb02c-2787-4d58-8654-0e9733302ace,202,,27.12692112700006,27.437925937000273,311.0048100002132
1357,af8f99c2-006e-4711-b89f-e1109610e60a,202,,27.140359115000138,27.442440097000144,302.08098200000677
1358,3a50b329-6a5d-4795-b444-9fabe5d700ff,202,,27.160322524000094,27.449906298000315,289.5837740002207
1359,4097251c-cc0c-4c0d-b908-042f2fa23d6f,202,,27.18043842399993,27.464402474000053,283.96405000012237
1360,165b3f21-b8c2-4f91-8e70-965633597e48,202,,27.200275090000105,27.47502716100007,274.75207099996624
1361,5b78b5a4-b7de-47cf-851d-1562f96f6da4,202,,27.221930903000157,27.482801010999992,260.87010799983545
1362,3cfebfe4-9a7e-4889-94f1-39562b97e31a,202,,27.240177658999983,27.51965916600011,279.48150700012775
1363,1c51078e-e675-4bc5-8aee-b0844af2e219,202,,27.260948354999982,27.547242931000255,286.2945760002731
1364,776e2098-7c24-40fa-9f25-357d72fb8095,202,,27.28024438500006,27.55737256400016,277.1281790001012
1365,17d2d9dc-a6d5-4792-b93e-db9e7e9f2fa6,202,,27.302717526999913,27.575892551999914,273.17502500000046
1366,215e0a57-e5aa-4ef0-8140-248c75d07881,202,,27.32050168400019,27.584759132000272,264.25744800008033
1367,d37cb9ab-4449-4705-81d2-96f9490326e9,202,,27.340621084000304,27.5918515620001,251.23047799979759
1368,397436fd-6003-470c-9f00-ab188d07a393,202,,27.360503747000166,27.5992789310003,238.77518400013287
1369,69d97bd4-6190-4ec5-997b-0197022ec588,202,,27.380204588000197,27.611038971000198,230.83438300000125
1370,aa067905-324e-462c-a2c9-205825fa7f8b,202,,27.40036802700024,27.618807155000013,218.4391279997726
1371,1c1f56f3-473c-4e6a-b04e-5ff9ca66f658,202,,27.42161665399999,27.627892888000133,206.27623400014272
1372,790851cb-29d6-4367-8ad5-75edb9421c5c,202,,27.440343550000307,27.635997761,195.6542109996917
1373,9847735c-91a8-4d64-a198-6603a75fd9ce,202,,27.460331872000097,27.652183466000224,191.85159400012708
1374,08495ecc-8aff-4b5a-b0ec-395dcb16a2ed,202,,27.481120981000004,27.657778148000034,176.6571670000303
1375,a981c7e9-59e1-46cf-aa95-ceb316016fc6,202,,27.50287270300032,27.666366451000158,163.49374799983707
1376,ce1c3488-0592-4035-8588-67f2ef26cc82,202,,27.52038504100028,27.671694565000053,151.30952399977105
1377,12e64c3c-7cbc-4b4b-8e5e-26bd155ef02a,202,,27.541177650999998,27.67874870600008,137.57105500008038
1378,7a30b7cb-9370-4b71-ba6b-83a6771969fb,202,,27.56036481000001,27.696597524000026,136.23271400001613
1379,256654b2-e9fa-4d42-af07-d924c88d1fad,202,,27.580249930000264,27.699599269999908,119.34933999964414
1380,caa6f1b2-966b-4a85-8f9f-9fcb2adb772c,202,,27.60015729800034,27.701772522000283,101.61522399994283
1381,c98bd42e-2901-4157-bf62-83b38d194ccc,202,,27.62188573000003,27.71266427799992,90.77854799988927
1382,798baae9-bb9f-4b2e-b249-ab883583b936,202,,27.64026018499999,27.7173351790002,77.07499400021334
1383,96fc901b-3de2-4223-98ff-2d3419400881,202,,27.660262673000034,27.723627904000296,63.3652310002617
1384,12b270ae-9e84-4d7b-b67a-37d05cc907c1,202,,27.680454442000155,27.725776990000213,45.322548000058305
1385,fad796ce-e35e-44ad-80c1-0379b4d80514,202,,27.700185194999904,27.736327140999947,36.14194600004339
1386,42b40b87-2b86-4e2c-af27-f6dbaa984de3,202,,27.72312543299995,27.75351141400006,30.385981000108586
1387,ef494552-68b0-47c8-bcc2-6737ed292d37,202,,27.740335121000044,27.76497680400007,24.641683000027115
1388,a6477334-9df8-4d9d-a6db-4fd71412caa5,202,,27.7602869870002,27.81544010200014,55.153114999939135
1389,5d991fb0-5a1c-4630-9b5c-0eeb86e109e5,202,,27.781851803000336,27.815602718000264,33.75091499992777
1390,42d195e3-029f-41d6-8894-30ef226e33d1,202,,27.80094209300023,27.82320924400028,22.267151000050944
1391,5b582443-0b1a-48b7-8e36-78a3402ee8da,202,,27.820630640000218,27.866788266000185,46.15762599996742
1392,f98986fc-1e99-46c8-bea8-62c6a626c50d,202,,27.841209679000258,27.892446099000153,51.23641999989559
1393,8df4746f-de11-4b13-bca5-e424e274c67c,202,,27.861736512000334,27.89694380200035,35.207290000016656
1394,ad91a2fa-9a34-4f77-8c79-2afdcebc17cd,202,,27.88025391700012,27.903516552999918,23.262635999799386
1395,a7c02f99-4d64-4cc7-8655-57c5e55ad185,202,,27.901101316000222,27.93726621800033,36.16490200010958
1396,127a8246-9f47-429b-ad1a-9c31e7564542,202,,27.92046475699999,27.958388267999908,37.9235109999172
1397,60c68d28-ef77-4115-9ced-a1daa85acd31,202,,27.941126415000326,27.984469118000106,43.34270299978016
1398,99905d1a-9bf9-4f45-a0a4-b56ed2d0c024,202,,27.96211834700034,27.998118133999924,35.999786999582284
1399,06237876-b5a0-4421-bbec-6a28fe7b3475,202,,27.984089306999977,28.011066315000335,26.977008000358182
1400,22882672-9914-4908-8fc9-77203f529646,202,,28.000211515000046,28.03180226099994,31.590745999892533
1401,6385d4d8-5de5-4a03-859d-9f94191e3ad6,202,,28.02572918900023,28.16754000300034,141.81081400010953
1402,37f06a97-154d-412d-90cd-26b28df85123,202,,28.040714463000313,28.443428444000347,402.7139810000335
1403,c0a547de-1db7-470c-9a62-39800c399453,202,,28.061078722000275,28.44445030299994,383.37158099966473
1404,4251dd6e-db4a-4395-91d0-f5a419fe223b,202,,28.080614028000127,28.475195052000345,394.58102400021744
1405,2f652ab7-4739-45a3-9abf-5ea8427410fc,202,,28.110278050000034,28.458532791999914,348.25474199988093
1406,76675f50-a6f1-458a-b08a-9be11c45d8f4,202,,28.12795112899994,28.521965389000343,394.01426000040374
1407,6e2e962b-3890-411c-a29d-f38606a78a7f,202,,28.145693203000064,28.51242776500021,366.734562000147
1408,1cd23f6f-296b-4884-9714-5a12009360e9,202,,28.185308326000268,28.595387958000174,410.07963199990627
1409,c2fd76fe-1106-413d-8e6c-3d5fa33b3d01,202,,28.18496376300027,28.502708069000164,317.744305999895
1410,d9ac7e54-4294-490d-a9a3-acdda5deba37,202,,28.20556409200026,28.563381530000242,357.81743799998367
1411,efbf8fea-3382-4b91-a47a-b28051a0e45c,202,,28.22830650700007,28.55123688799995,322.93038099987825
1412,6310c864-4b1d-4722-853a-3e64b2eb58dd,202,,28.24042969300035,28.478796055000203,238.3663619998515
1413,6ac02bdf-f8e8-4a68-add4-9eabed1749f2,202,,28.263595584000086,28.592167433000213,328.57184900012726
1414,4fa788f6-8d67-4479-86d2-276990c0973b,202,,28.288125857000068,28.54052903999991,252.4031829998421
1415,ee7796f8-0cf8-4613-8d43-db26c89fe609,202,,28.305173888000354,28.613703373000135,308.52948499978083
1416,3d236162-a423-44fa-ab41-26c3ffee3487,202,,28.341969338000126,28.672571146000337,330.60180800021044
1417,659e7042-44af-4548-b11f-1a9d6e67a36d,202,,28.34485338200011,28.625140555000144,280.28717300003336
1418,e9813019-ed34-4d0d-93c9-7629c98e985c,202,,28.362666036000064,28.67989143700015,317.225401000087
1419,56face28-219e-48ca-9e9e-eb3b9a907bf7,202,,28.380437567000172,28.616694744000142,236.2571769999704
1420,4a76fb91-745e-47e8-a073-a2151ab689b2,202,,28.4024716480003,28.71835308100026,315.88143299995863
1421,d348dd30-9a00-498f-91d2-8926198d4cdb,202,,28.420416920000207,28.69522102300016,274.8041029999513
1422,ce2c1f88-25dd-4115-92a5-1611b81e0ff3,202,,28.44228250900005,28.71709144400029,274.8089350002374
1423,17a3550b-4cbc-4552-9c71-07a021bf562b,202,,28.461230972000067,28.730288484000084,269.0575120000176
1424,54464d0a-2745-4d34-8e47-285c1ac24230,202,,28.4810888410002,28.735943412000324,254.85457100012354
1425,24361dd9-452a-4e71-820e-c46a0ce89e08,202,,28.500314288000027,28.74301913399995,242.70484599992415
1426,51b9c3fe-20f2-4217-8c85-09388d305105,202,,28.5221982500002,28.751243416000307,229.04516600010538
1427,d6872f35-6d07-4ccf-8eb3-2c6df1dcb662,202,,28.541733596000086,28.757782294000208,216.04869800012239
1428,6910e211-46af-41e9-9568-a210c3f9c76d,202,,28.560311872000057,28.768203574999916,207.89170299985926
1429,6e80c0d5-71f7-4f56-9a49-cc903ad57faf,202,,28.580437058999905,28.772565493000002,192.1284340000966
1430,b0cae99f-8130-4912-8143-4c555ddd9826,202,,28.600444211000195,28.778434200999982,177.9899899997872
1431,5053f241-860b-417a-9f5a-14f40418757c,202,,28.62375955000016,28.794817600999977,171.05805099981808
1432,4533f220-7f33-40ee-b51e-17a8822e52c4,202,,28.641788315000213,28.798156995000227,156.36868000001414
1433,46beeea8-63a1-4b2a-a280-8fabd7d54a67,202,,28.663263759000074,28.802896015999977,139.6322569999029
1434,7f93f22a-ab55-41e4-8376-2068c4e4e6c1,202,,28.680261500000142,28.816304002999914,136.0425029997714
1435,430749ed-36eb-438c-8417-281174b91ccb,202,,28.700532554000347,28.828347942000164,127.81538799981718
1436,4a2f4bcd-2e4f-456f-9955-2725b6749c85,202,,28.720233932000156,28.835231925000244,114.99799300008817
1437,1faf9d5d-e992-4a1f-a23f-cc93a168142c,202,,28.74131548100013,28.841605311999956,100.28983099982725
1438,7bcdb845-511a-46f9-bef7-25d66c6a422d,202,,28.760401894000097,28.858827165000093,98.42527099999643
1439,8794994b-da66-4031-9440-d5d503407821,202,,28.780195601000287,28.862480123000296,82.28452200000902
1440,8fb3d920-0926-40c7-9180-e8782a57f244,202,,28.800190879000183,28.863886668000305,63.695789000121295
1441,3dde495a-3c19-4047-ae0d-4c691f3bbad1,202,,28.821237139000004,28.87049020900031,49.25307000030443
1442,7b563213-8053-4260-81ef-f722be2f01d3,202,,28.84022426599995,28.878972600999987,38.748335000036604
1443,76538d38-fd00-4b2b-8089-86bd09c822d1,202,,28.86149922100003,28.879474864000258,17.975643000227137
1444,570776de-bd03-4a3f-ab2b-a6e1a4529de2,202,,28.880259819000003,28.891824369000005,11.564550000002782
1445,77102c24-a3d1-49b5-8e5c-6df70b3eb3dc,202,,28.900240015000236,28.912763302000258,12.52328700002181
1446,d348b3f6-14f7-43a5-8d27-6615878a4118,202,,28.920290123000086,28.936938632999954,16.64850999986811
1447,7cb78841-dea7-44b0-b6d6-7db0713265a7,202,,28.94025198600002,28.957731699000306,17.47971300028439
1448,cd98527b-e0aa-4526-b488-d9e9ba540817,202,,28.960185976000048,28.972422863000247,12.236887000199204
1449,a041e19c-d0ab-45d5-9e3f-8ac32525eac7,202,,28.980285123000158,28.999231003000205,18.9458800000466
1450,1b38eaec-92dd-4e86-8f09-8e84c86208f8,202,,29.000178699000116,29.062324702000296,62.14600300017992
1451,993172a0-9aef-43ff-8d36-ca8961a123cc,202,,29.020677073000115,29.270618966000256,249.94189300014114
1452,634ec956-b9f3-4461-9c99-a27cc1bcfb41,202,,29.041330231000302,29.27091124100025,229.58100999994713
1453,a137561a-5d8c-40a4-925e-925b4f0a3370,202,,29.06626426899993,29.290326885000013,224.06261600008293
1454,5504204a-58b6-411b-981d-281d84863ba2,202,,29.08151394200013,29.30200147000005,220.48752799992144
1455,c5b242ae-7a86-4349-8d7a-95a93e5e7fa9,202,,29.100310789000105,29.31535625100014,215.0454620000346
1456,f372fc3d-90ae-4610-ab8b-81df3fb37ea7,202,,29.129521208999904,29.323425625000255,193.90441600035047
1457,2411b65c-fddd-442b-86cb-7e79e5f90d7d,202,,29.14190350400031,29.364116600000216,222.2130959999049
1458,29dcd791-61ca-4956-86b2-af6937c4cf5f,202,,29.18048643200018,29.429793360000076,249.3069279998963
1459,0078b12d-6627-4322-9d1a-447fbd20e69e,202,,29.18257568800027,29.331958473000213,149.3827849999434
1460,98a884fc-fe92-4343-859f-93e4db4eb7db,202,,29.20372765000002,29.34769136900013,143.96371900011218
1461,15175465-8731-4185-94bf-721c05f215de,202,,29.222172849000344,29.443607488999987,221.43463999964297
1462,5470f22b-bfe9-4d2c-b510-ae0779cd0a3e,202,,29.241971722000017,29.383502038000188,141.5303160001713
1463,4dae9cd5-112e-40fd-a681-14285a678063,202,,29.26071907100004,29.465197173999968,204.47810299992852
1464,1724da92-0496-44a7-b06a-c504716d897d,202,,29.28020012800016,29.497205682000185,217.00555400002486
1465,b0a9298b-b3d4-4cbc-ac10-3cf31fa60842,202,,29.3004562670003,29.52597916600007,225.5228989997704
1466,29d58f0e-1eba-49de-babb-98f956a46eef,202,,29.32059807800033,29.615193535000344,294.595457000014
1467,035bb638-d385-4c92-9044-71d6fe8f43f2,202,,29.343116462000125,29.642693966000024,299.5775039998989
1468,85b02da9-b87f-4c4a-8eee-927406ff9be5,202,,29.36038006300032,29.651617957000326,291.2378940000053
1469,154d3ffb-5caf-42db-8242-594863460c6c,202,,29.382138324000152,29.68040543999996,298.26711599980626
1470,9e9e1cd4-0a07-47a6-be14-dc0f8cf186df,202,,29.400372119000167,29.66127374000007,260.90162099990266
1471,aec41cc1-78b9-4929-a23c-f7663c1ccc39,202,,29.425299408000228,29.683576508999977,258.27710099974865
1472,d9b62ada-aa99-4677-89ec-f07bec472d2a,202,,29.440277179000077,29.695618114000354,255.34093500027666
1473,459fb323-a73a-4cb9-8cdd-2cbe9dc5ae47,202,,29.461788077000165,29.71902011300017,257.2320360000049
1474,8d25ddc6-c8e3-41ab-9e22-5e7c197ad779,202,,29.480470053000317,29.72987974300031,249.40968999999313
1475,9cccc2d4-f795-41f0-b4d7-fadd55018167,202,,29.500519118000284,29.731671183000344,231.15206500006025
1476,62c7f457-cc00-4ba2-bf4b-70615054166a,202,,29.520905788000164,29.764849873000003,243.9440849998391
1477,d5b09a53-9e07-434c-ba16-9a08b0aa8942,202,,29.541217338000024,29.778008706000037,236.79136800001288
1478,2897099f-756e-4dbf-83bc-5d83d63c4cbc,202,,29.593338782000046,29.80584570200017,212.5069200001235
1479,9003c3f4-ec28-4220-9b9d-2d5ea48ba43e,202,,29.594221565000225,29.79343549300029,199.21392800006288
1480,0cdeb049-e43d-4150-ab4e-a4c13fa7c535,202,,29.60690484099996,29.825290384000255,218.385543000295
1481,7e064e88-6be2-43df-92d5-4535c65f97b8,202,,29.624763239000004,29.863841435000268,239.07819600026414
1482,5cdd1b8e-ac57-46d8-91d2-f2982f072168,202,,29.640961398999934,29.834762802000114,193.80140300017956
1483,5508f0aa-b01e-4f24-adf1-be916fa25c52,202,,29.66411007800025,29.87696018700035,212.85010900010093
1484,4491b0bf-1c56-4d39-aae5-50aa478c1c2f,202,,29.680732671999976,29.909353381000074,228.62070900009712
1485,cbedb5bf-9499-4c10-bc09-980150e7f925,202,,29.702075954000065,29.959183163000034,257.10720899996886
1486,48b44382-23a4-4fc1-9ce8-f7f80e6d7c73,202,,29.72045144799995,29.974763858000188,254.31241000023874
1487,e62bb313-b67c-4d3a-ac78-827f97326ead,202,,29.742718594000053,30.019960155000263,277.2415610002099
1488,c48b0968-6381-475d-b510-7e798d724276,202,,29.764910077999957,30.0654601010001,300.55002300014166
1489,a2df1a73-9d99-46ed-a85d-e833264d0d0a,202,,29.780457775000286,30.11987358100032,339.4158060000336
1490,0f3bce3d-1fe3-473b-b681-85702cde740e,202,,29.800392138000007,30.198813328000142,398.42119000013554
1491,ac146ebf-1e44-408e-ba89-200c91318433,202,,29.82026446200007,30.3667487900002,546.4843280001332
1492,137a1ea1-b404-4d17-bdcd-a78df1344892,202,,29.840401231000214,30.366652836999947,526.2516059997324
1493,7412a2bb-ae4d-4c42-b25d-5afd1bdd95f6,202,,29.861299537999912,30.406151917999978,544.8523800000658
1494,13cd2ab8-7c9b-47ef-8093-854a8d538360,202,,29.880741512999975,30.411106802000177,530.3652890002013
1495,f167b22c-857c-41c0-aad4-f15a0ff0a45b,202,,29.900343645000248,30.41123146100017,510.88781599992217
1496,30ab4817-2560-4dcc-98f3-9e1566c41af9,202,,29.920628988000317,30.489563779000036,568.9347909997196
1497,6150a3eb-67db-45d2-b660-8342c3a8af3d,202,,29.941930563999904,30.520785787000023,578.8552230001187
1498,3430a7bc-82df-4b25-b82b-1e2090f1e1e2,202,,29.96024268600013,30.547605255000235,587.3625690001063
1499,9415f7af-678c-40ce-8960-e3cf026514ce,202,,29.981177950000074,30.568469604000256,587.2916540001825
1500,91efd74e-83fe-4ae0-8580-800909fd8b80,202,,30.000689754000177,30.619724884000334,619.0351300001566
1501,4d677c42-0992-48a2-833b-c1fed922de96,202,,30.020274929000152,30.656841138000345,636.5662090001933
1502,de3db371-e64b-415d-ba60-2192389a4bdd,202,,30.064578110000184,30.671577963000345,606.9998530001612
1503,2c64d342-c52e-4003-adee-da216b320312,202,,30.065594760000295,30.69342879800024,627.8340379999463
1504,b6fdd8b8-bc47-4697-8b00-dc2b07a319bb,202,,30.082069694999973,30.713613436000287,631.5437410003142
1505,fafb5b99-6798-4240-b466-72cc96b05639,202,,30.10059280600035,30.72224577599991,621.652969999559
1506,a5f7fa31-5503-47da-bbae-7ae0d57cfb3f,202,,30.122510889000296,30.733303686,610.7927969997036
1507,d63f09d2-f98c-43a3-9a97-545405502b5f,202,,30.141036624000208,30.748145713000213,607.109089000005
1508,738abf2c-cbd1-46eb-b902-63ae6e55ab81,202,,30.173950203999993,30.761645817000044,587.6956130000508
1509,9672560e-6b7d-4d02-bcb2-f8fec4a1edc7,202,,30.18694817100004,30.758161224000105,571.213053000065
1510,53cdbf00-7f4f-42cd-968f-aad580eaeb70,202,,30.20137230699993,30.776702081000167,575.3297740002381
1511,7c26c0ae-54d4-4ca7-9583-6ad11cb872cc,202,,30.246345700000347,30.79595235600027,549.6066559999235
1512,d181d806-2b53-4555-9671-bbe3d36704e4,202,,30.24852961700026,30.821834335999938,573.3047189996796
1513,4ea7515e-1086-49cd-b512-630eb0e60e30,202,,30.26096028300026,30.873933151000074,612.9728679998152
1514,49756a32-fedd-4473-8afc-c29be7cd080e,202,,30.284341491000305,30.801909308000177,517.5678169998719
1515,b98fc537-9f10-4822-bf47-3734af506157,202,,30.301150407000023,30.839282464000007,538.1320569999843
1516,b344a95c-4366-4797-a19b-a1a88875e0e7,202,,30.324166053000226,30.88593975599997,561.7737029997443
1517,f1123199-3b21-4413-94dd-bdec5902f914,202,,30.34054882600003,30.896930087000328,556.381261000297
1518,e8fd04d8-f406-4740-9579-0911f6de830c,202,,30.366776455000036,30.920644315000118,553.8678600000821
1519,2af491b4-9dfe-47aa-838c-f7d24b5bc6d3,202,,30.382729462000043,30.924954985000113,542.2255230000701
1520,a873c607-d51c-4bba-a302-e2860aaf80f4,202,,30.400602401000015,30.936823431999983,536.2210309999682
1521,bba0994a-4e24-4a87-b9ef-caeaef108855,202,,30.42454778499996,31.022079686000325,597.5319010003659
1522,9959ec45-e45e-412d-8129-a0235de15f01,202,,30.456390258000283,31.02015471300001,563.7644549997276
1523,016228cf-ce41-4876-b48e-0b7708617e00,202,,30.46114340300028,31.000688657999945,539.5452549996662
1524,3b2493f7-234b-4992-a623-2386ee5e318c,202,,30.480324140999983,31.00932366500001,528.999524000028
1525,fb3bd0b2-1cc9-4239-833e-d934aa6fbdb5,202,,30.501519138000276,31.043416717000127,541.8975789998512
1526,340b28bd-b6a8-4b34-92b4-10c0480afba0,202,,30.52227774400035,31.059331891000056,537.0541469997079
1527,bec00a94-7a69-4a38-943a-5804fbbd1918,202,,30.54028392300006,31.114758932000314,574.4750090002526
1528,fa903932-6c55-478a-84e9-2b04f1e7e7e5,202,,30.561069860000316,31.11259776399993,551.527903999613
1529,d3079fc6-4cb6-4aaf-b295-b86285a7e7b8,202,,30.58170222300032,31.669738366000274,1088.0361429999539
1530,9d5c293c-b07e-4968-a4a0-fe6eea6d276c,202,,30.60648697400029,31.69080874300016,1084.321768999871
1531,adceb8e5-4dca-42f1-a7da-e6a9090e07c0,202,,30.620363098000325,31.69533331799994,1074.9702199996136
1532,98115a45-e5b6-452f-8045-6d504764e384,202,,30.64042736800002,31.69360654100001,1053.1791729999895
1533,afecd137-3e94-409c-8b68-82182ca61c60,202,,30.660522095000033,31.758807810000235,1098.285715000202
1534,b6226e12-a9c2-409d-bf9d-31cba0812abd,202,,30.68127153400019,31.89191477500026,1210.6432410000707
1535,8f79408d-a630-4fde-8a59-d2eb88de193c,202,,30.70039590000033,31.928848328000186,1228.452427999855
1536,404fc1bb-984a-48c5-8e03-7343b1b471f4,202,,30.72192087800022,31.92910768799993,1207.1868099997118
1537,d14f0031-39a1-4500-bef2-ee2662f87fce,202,,30.740536564000195,31.933448231000057,1192.911666999862
1538,21dce9d8-1bc3-472b-85be-74bf434df9ac,202,,30.76134587500019,31.939562881000256,1178.217006000068
1539,da33b8a8-5543-43b3-bbd3-38ea5b6d4d78,202,,30.783492943000056,34.64114545800021,3857.6525150001544
1540,a0d99eab-8760-4b02-90d2-0994de9fee7c,202,,30.80036143799998,34.60665481700016,3806.2933790001807
1541,4e0476d2-c22a-4590-887c-4eeaef4114d4,202,,30.82076585499999,34.59918262200017,3778.4167670001807
1542,b0057d5e-007a-4cd6-a544-2249de9aa394,202,,30.84052826800007,34.61845413800029,3777.9258700002174
1543,d69df3ff-c8cd-4058-a5d3-9567f1e0d164,202,,30.864138919000197,34.62829503100011,3764.1561119999096
1544,acb15025-a7ef-4aa2-8a51-32c951b35c9e,202,,30.880222166000294,34.648008605000086,3767.786438999792
1545,2893e332-71bd-4f59-9892-37cfc679395c,202,,30.900400680000075,34.67403702499996,3773.636344999886
1546,6c4d4a35-b4d5-4be6-9dba-96d1c0160287,202,,30.921502891000273,34.668225651000284,3746.7227600000115
1547,5e26bb6d-b409-4579-a6c6-406237872e6d,202,,30.941221723000126,34.658029153999905,3716.807430999779
1548,dc5249b9-5ec9-469e-9205-56fc17032a6e,202,,30.96566203500015,34.7033666289999,3737.7045939997515
1549,87541305-db7b-497d-b21d-261ccfba4555,202,,30.982096012000056,34.71874766100018,3736.651649000123
1550,10e28879-1c66-4672-974e-f4f098e61866,202,,31.000747446000332,34.68018142100027,3679.433974999938
1551,0ac87ae1-ba56-4f4b-9c69-22ee985296d5,202,,31.020373116999963,34.69370618500034,3673.3330680003746
1552,64c88cc3-08b1-4eca-a3ba-c4b00a0434a6,202,,31.040440927999953,34.69476237400022,3654.3214460002673
1553,7557b258-6edb-42cf-b746-0c405b5e1654,202,,31.060517615000208,34.71396552000033,3653.447905000121
1554,1f433be9-4e8f-4acf-b808-8172ce692e54,202,,31.08036010600017,34.73845461100018,3658.094505000008
1555,a7491478-2685-4fb5-90ec-eef906953860,202,,31.10592876999999,34.76227957400033,3656.35080400034
1556,8b0d6a91-ce19-4b25-82a0-f90e6940198e,202,,31.120513228000164,34.73096787500026,3610.454647000097
1557,1d5bc226-17de-4101-8aa3-2642e79a12d5,202,,31.17470163200005,34.77329398200027,3598.5923500002173
1558,8087a233-b3f1-4ff9-8044-3accf8538df2,202,,31.174989949000064,34.75643311900012,3581.443170000057
1559,cecdddbc-6927-494f-b0b9-c5be0f6bfdd8,202,,31.198007925000184,34.780086799999935,3582.078874999752
1560,d32e3d7b-c138-4043-91f0-775e0a480b38,202,,31.205371296000067,34.75071140599994,3545.34010999987
1561,81a736ee-11db-4fcd-95b9-212b2f219211,202,,31.226126985000064,34.794119201000285,3567.9922160002207
1562,9d93a2f7-691b-4417-9f1a-d8b786138ce8,202,,31.252258826000343,34.80969884700016,3557.4400209998203
1563,3da4d17f-6624-4a30-a1e0-58c6dc4bc144,202,,31.351781972000026,34.87449470299998,3522.712730999956
1564,731be5f8-f32e-4f6a-9fbc-dbcdb8f4dee9,202,,31.384217619000083,34.881229566,3497.011946999919
1565,87df6775-a6a9-4773-b8b7-c73f0c312025,202,,31.350779780000266,34.83543670000017,3484.6569199999067
1566,65bdc58d-5d6f-4514-859f-5789802a9023,202,,31.352542554000138,34.81812873700028,3465.5861830001413
1567,9d278ba1-db90-4970-b565-6f5633acd91f,202,,31.354733970000325,34.84108237500004,3486.348404999717
1568,e1fcb967-1cf3-494d-883f-184a7c442f00,202,,31.384369444000185,34.85343758099998,3469.0681369997947
1569,18052dc9-9aba-4200-8428-dc74e1eec840,202,,31.38486870700035,34.890597526999954,3505.7288199996037
1570,fa4d44c8-6c07-47a6-a811-25f827a98bf7,202,,31.41109362499992,34.83139184900028,3420.298224000362
1571,0402b8ef-7ae4-4d64-a900-5757d0ed72f4,202,,31.438626302000102,34.89965554800028,3461.02924600018
1572,88cf353d-17d1-401d-8c18-711a20dcd15e,202,,31.454345819000082,34.90802727500022,3453.6814560001403
1573,5d153082-30b7-4fbc-b54d-2985c0883457,202,,31.46794262399999,34.98586375600007,3517.921132000083
1574,bb8099e6-c40e-41c0-9439-a2a66db6ddaa,202,,31.48120886400011,34.961435618999985,3480.226754999876
1575,f6934113-7417-4979-bbbf-f3865bfc5504,202,,31.506574953999916,35.031491797999934,3524.9168440000176
1576,ce38f4ef-b3cc-4763-9cfd-a40a4b904c58,202,,31.56106021100004,35.04425077299993,3483.1905619998906
1577,20dbeb79-3b98-4be6-bd67-e74cc255bd21,202,,31.573021985000196,35.02238898800033,3449.367003000134
1578,1eed0b14-90d1-4c66-82e3-b568293269de,202,,31.578501796000182,35.01228769399995,3433.785897999769
1579,48f8e203-8b4e-4a59-ae1b-00ce58c9fdff,202,,31.58151983200014,35.07290816600016,3491.388334000021
1580,b6a3be0a-323c-47b8-bca3-698c0471b3be,202,,31.601083545000165,35.082059223000215,3480.97567800005
1581,1d87eda1-c479-4c0d-9dd9-f6fb0aa2a073,202,,31.62078429300027,35.09451413200031,3473.7298390000433
1582,bb38f8e2-677d-4751-90a5-025d9cc653ef,202,,31.641139044000283,35.10006147900003,3458.9224349997494
1583,215892b8-f78c-46ae-9fba-f2c7194e4a8b,202,,31.66125414299995,35.103601067,3442.3469240000486
1584,e4cb094d-3fe6-4321-b930-d71698f5d0b7,202,,31.68248409500029,34.95284798800003,3270.3638929997396
1585,9cf140c0-fcdc-4ab2-acbc-7a7607bf46d6,202,,31.701013451000108,34.92082753800014,3219.8140870000316
1586,b3263382-16ff-4c6c-b6fd-412cf41c73c4,202,,31.726573113000086,34.93966020500011,3213.0870920000234
1587,cf63ff64-0fd5-4652-a280-6dfab1bcfb36,202,,31.740589476999958,34.98176990799993,3241.180430999975
1588,2590b44d-a3f8-44d4-9d30-83f75a1ee7de,202,,31.760506921000342,35.00453805699999,3244.0311359996485
1589,f6f8407a-4782-43c0-b21c-bc3620f80e39,202,,31.78118957000015,35.114836588000344,3333.6470180001925
1590,d271741b-aebe-4487-b753-66c01687f7ce,202,,31.801336167000045,35.13061505499991,3329.2788879998625
1591,1d16e7b9-5489-4465-8a0e-d8b33db23691,202,,31.82999831899997,35.12125942700004,3291.2611080000715
1592,66878e58-801a-40d5-9919-3b6c5a0998a6,202,,31.845694045000073,35.13771781300011,3292.0237680000355
1593,7282c66e-017d-464f-b8f2-991292029d47,202,,31.86125490500035,35.15121774499994,3289.962839999589
1594,20bac177-227f-4292-9689-e95c739adc7a,202,,31.883278436000182,35.16045250600018,3277.174070000001
1595,7c669979-b5ea-445f-b39a-21335348299e,202,,31.900271797000187,35.02101310900025,3120.7413120000638
1596,12878b3f-c388-4e98-b5f1-59e9e287fc4d,202,,31.92174360900026,35.16715203700005,3245.4084279997915
1597,248983a9-6458-4ef6-ae9f-35f852fda282,202,,31.945104689000345,35.05037862900008,3105.2739399997336
1598,9cfd97f9-ccbe-4c1d-a21e-6f21b77c77f7,202,,31.979460014000324,35.03819578799994,3058.735773999615
1599,50537bb4-f021-4570-8adc-726ad8b33a4b,202,,31.981088546000137,35.070550509999975,3089.461963999838
1600,c407f102-7a4f-41dc-981f-991774493af7,202,,32.000521516999925,35.06385360400009,3063.3320870001626
1601,b12b577f-1302-4bca-b305-48df5eea6345,202,,32.02181913200002,35.180552725000325,3158.7335930003064
1602,6811765c-45fb-47d5-9a43-4ca11fb18fc5,202,,32.04066951100003,35.19133614600014,3150.666635000107
1730,59e7f8a4-95bd-4b25-977f-7ec67d47e9d7,202,,34.60087627400026,35.19642785299993,595.5515789996753
1731,c0397ac4-45a3-4797-954c-43bf0c725f7d,202,,34.62023145300009,35.202779571000065,582.548117999977
1732,a8fef2e4-555a-415f-a9ed-5e030e2f79fe,202,,34.64181462800025,35.217754293000326,575.9396650000781
1733,12d3dd97-334b-4f12-96d3-785e23955e4d,202,,34.66021419500021,35.243301324000186,583.0871289999777
1734,8c6b2fea-f013-4ea0-9953-04e34e93efd0,202,,34.68034195400014,35.24786260300016,567.5206490000164
1735,cf0178cb-e6d3-44de-a5b2-eaf3ccc54974,202,,34.70023835100028,35.257775949999996,557.5375989997156
1736,76b24377-6457-4361-966a-e000bb10eb70,202,,34.72044089700012,35.26890626800014,548.4653710000202
1737,84fe85c3-37a8-4999-9196-9288c5a1b7d7,202,,34.74044883000033,35.27175956200017,531.310731999838
1738,2eed7727-6644-436a-88b3-fc9ddd00d989,202,,34.76022898400015,35.27877636700032,518.5473830001683
1739,675dbb8c-1de4-403f-b572-52c8fd391032,202,,34.780242373999954,35.29069339000034,510.45101600038834
1740,3e0792d0-0aff-44f6-a0f0-7cc9a01ff668,202,,34.80083256500029,35.301629176999995,500.7966119997036
1741,b379c93d-2224-4262-9675-2ed80278f377,202,,34.82210425800031,35.33970582100028,517.6015629999711
1742,14671b76-8874-4a13-9c54-bf765a9ba320,202,,34.84055719700018,35.34838173800017,507.82454099999086
1743,3c6a1f3e-afa4-4822-84c9-fe2e06c1b6ae,202,,34.86300603100017,35.352283181000075,489.2771499999071
1744,864ccd56-680a-4732-94a7-3079f20009fc,202,,34.885739973,35.35803289200021,472.29291900021053
1745,de1ed233-1ecc-40a5-808f-798d65e775f5,202,,34.900617325999974,35.37331780400018,472.7004780002062
1746,a3ad3470-c7ac-4a0c-a589-8c4c5b3ece8e,202,,34.923084700000345,35.3896913210001,466.60662099975525
1747,e8b5ec71-cefe-4ade-a9cb-8969ba8e0cfb,202,,34.94050736500003,35.42077432499991,480.2669599998808
1748,5ae7f839-f12e-47bf-b22d-f8d86c4a078a,202,,34.961177259000124,35.44084292000025,479.6656610001264
1749,c33005b5-f7a5-4d47-8d37-d039ebb2d756,202,,34.982165052000255,35.444030527999985,461.8654759997298
1750,8192df66-39b9-4aa1-bea1-893a2e04b8fa,202,,35.00029471800008,35.463901591000194,463.60687300011705
1751,16287ace-bdf3-4a80-902f-c435f3c5e3c3,202,,35.02105977300016,35.47511011200004,454.05033899987757
1752,96d82c76-28ee-4e8a-8de6-679bad7ee2e4,202,,35.0401886730001,35.50383204100035,463.6433680002483
1753,aa330a8c-e6c0-41d1-8cfc-73121fa9248b,202,,35.06043721700007,35.5168388750003,456.4016580002317
1754,67b0db33-753e-4b1e-a4a9-f8c9d8153bcb,202,,35.08058084999993,35.519148116999986,438.5672670000531
1755,3807e607-3be7-42d7-b5c0-2b71a4608e12,202,,35.10236530500015,35.52383434700005,421.46904199989876
1756,2dd8bff9-918c-4f8d-b400-c63c9438a5c1,202,,35.12144095800022,35.53007632100025,408.63536300003034
1757,0236e6b0-51fb-4e0f-96d1-e3a6a1adfb17,202,,35.140608689000146,35.53652757400005,395.9188849999009
1758,82d2c9c9-9fa0-4770-a866-00ec3ba946a3,202,,35.16048025400005,35.54646233500034,385.98208100029296
1759,d87b93a8-ab88-416a-af8e-8d01bc37766d,202,,35.180732630999955,35.551050611999926,370.31798099997104
1760,b873fc5b-a4b8-4454-b277-bad4918b6e48,202,,35.20334112199998,35.559024486,355.683364000015
1761,312994fa-916c-41df-bfab-9df92cff0a25,202,,35.22027406500001,35.57368435000035,353.41028500033644
1762,c379aa88-95ae-432b-8489-b32c73f5f4a5,202,,35.242653778000204,35.57836595500021,335.7121770000049
1763,d6b06513-6fa8-4e48-adb9-f16498254322,202,,35.260402715000055,35.58603234700013,325.6296320000729
1764,d146f80d-1318-4665-999d-c72b5b2cf82b,202,,35.280204701,35.59133983300035,311.13513200034504
1765,4d68b951-8ccb-4b2d-9144-28947bd695a9,202,,35.30050020099998,35.59860124800025,298.10104700027296
1766,9a691149-82b9-4dad-a5b9-620c30b3d270,202,,35.320412514000054,35.607936293999956,287.5237799999013
1767,b09e736c-8f7c-499b-9411-cd883397ffb6,202,,35.34021699999994,35.61124781100034,271.0308110004007
1768,03404ae7-95ea-4dfd-af6a-88a8cd8b83a6,202,,35.360300136000205,35.61372596000001,253.4258239998053
1769,1a4a8b4e-51e5-4109-a677-b4a608db1bfd,202,,35.382254540000304,35.62503893300027,242.78439299996535
1770,f17279b6-7404-4551-a294-74912ac1e8e4,202,,35.400241047000236,35.6349059070003,234.66486000006626
1771,20520fa1-f30b-45ee-afa2-7c9c1be7586d,202,,35.42098610400035,35.635138976000235,214.15287199988597
1772,3566ffaa-c838-414b-9958-dd29008e2739,202,,35.4408682520002,35.6511569700001,210.28871799990156
1773,db90e5d9-2b26-4b04-bd4c-5e3cf65db8cd,202,,35.461917456000265,35.66326198100023,201.3445249999677
1774,3ef2bdd9-c8e0-4d1c-8119-fd0b7256eb76,202,,35.48151278500018,35.66915501700032,187.64223200014385
1775,4f6426bb-c60f-48d6-b8f1-720684d1f318,202,,35.504188396000245,35.67581713300024,171.62873699999182
1776,361d1d44-d5e2-4a4e-a456-2ab6c63b4842,202,,35.52065844700019,35.67975503100024,159.09658400005355
1777,b91f0be4-2c8f-4c90-9b8b-7ea0caf4924d,202,,35.54017690599994,35.68924956799992,149.07266199998048
1778,8baa6da2-cd1f-451c-bcb1-ecd85ffd8246,202,,35.5602666650002,35.693233755000165,132.96708999996554
1779,391d93eb-2865-4086-b47d-b9f443982f9a,202,,35.580142311000145,35.69873602100006,118.5937099999137
1780,5533d5ea-87b2-476c-99a1-391898a8851f,202,,35.60018157400009,35.70460180800001,104.4202339999174
1781,79e984a7-7bee-4154-81e0-2a55c7d30de9,202,,35.620201462000296,35.708779317000335,88.57785500003956
1782,b81e1eea-0646-422f-8968-a09e2cdb90a0,202,,35.640215934000025,35.70864336700015,68.42743300012444
1783,0f7d2074-3000-4b84-a0fc-c33efd2a08cf,202,,35.660195491000195,35.712403859000005,52.208367999810434
1784,a9d66a87-55e5-4f95-aae2-121c7843e814,202,,35.68014884200011,35.71452086199997,34.37201999986428
1785,7065ac50-a45d-47d4-a56f-b6927d6dc357,202,,35.70022731000017,35.72181427500027,21.586965000096825
1786,53803384-0d3d-4f43-acf0-8095200ab432,202,,35.72029827899996,35.7320804750002,11.78219600024022
1787,10a52353-0795-41c6-aa9c-92e11162c762,202,,35.74020967300021,35.751386821000324,11.177148000115267
1788,49461aad-fa9f-4187-8ab3-dda50f79d686,202,,35.76051333700025,35.77907514300023,18.561805999979697
1789,b1b28608-2a16-4f1d-a451-919722a35700,202,,35.7803823170002,35.79080105000003,10.418732999823987
1790,cfa5b8f2-91e0-478e-b040-a72f1ca47f34,202,,35.800436120000086,35.81194179100021,11.505671000122675
1791,726dbc6b-fd77-455a-b614-86a77f182415,202,,35.82033959899991,35.83462027600035,14.280677000442665
1792,30963761-603c-43c2-b041-38491d1fd471,202,,35.840210036999906,35.85088900500023,10.67896800032031
1793,3344108f-d4e7-4c3c-ae71-20e4441a1b20,202,,35.86032104500009,35.87158135500022,11.260310000125173
1794,8d59f678-bd08-4536-8e05-ff88a875fe0a,202,,35.88036122400035,35.89249660800033,12.135383999975602
1795,04a48567-f4fc-4e12-ac61-44e0604388c1,202,,35.90015862500013,35.912477582000065,12.318956999934016
1796,21e70f34-6dbb-46ab-96f1-15b046d91f11,202,,35.920203221000065,35.941697316000045,21.494094999980007
1797,0ab887dc-3334-452a-881a-af6f6bcf8869,202,,35.94019452700013,35.96061514200028,20.420615000148246
1798,7e7a03b2-d9ab-4a3b-9963-8dc4af7d901e,202,,35.96036344899994,35.977855440999974,17.49199200003204
1799,881bcc8d-61dd-45c8-9a8b-a6a7f8e630f8,202,,35.98036592100016,35.99311727000031,12.751349000154732
1800,679436ff-9b58-48bd-b212-3aca86aa0e74,202,,36.00036064400001,36.010085876000176,9.725232000164397
1801,0772a6bf-52a4-4bb1-9414-52284a62ba8b,202,,36.020204209999974,36.03135527600034,11.151066000365972
1802,695ec1c7-520a-46c8-ac35-24dbb9c0376c,202,,36.040439960000185,36.055875196000216,15.435236000030272
1803,710522d7-1551-4f3f-867a-8dcd103274b5,202,,36.06040147700014,36.07663833300012,16.236855999977706
1804,353655ff-9e1c-4552-9030-cd4a9e3bf266,202,,36.08022404400026,36.093206504000136,12.982459999875573
1805,0cc07980-dd34-4339-8333-28635450e8a7,202,,36.100636742999995,36.11818623199997,17.549488999975438
1806,119eecbf-f081-4137-8f7e-3c4bfacb96f9,202,,36.12021940600016,36.14543482799991,25.215421999746468
1807,ce9a9cde-0f60-432c-9054-24e94ce7c454,202,,36.142906265999954,36.16455722699993,21.650960999977542
1808,458dace2-0917-4960-80f3-f90b97b814a8,202,,36.16128395700025,36.1761541840001,14.870226999846636
1809,d401bc3e-7336-4418-bb75-1cfb255ba8d6,202,,36.180238073000055,36.19674841400001,16.510340999957407
1810,10183199-1e7e-4d54-a140-ac164148b677,202,,36.20035583100025,36.21493390800015,14.578076999896439
1811,625097c3-9c99-43eb-8c25-45fa284f0d54,202,,36.22054870900001,36.23717083500014,16.622126000129356
1812,b96628a5-bf68-4c96-9ee1-914a0abd4fb0,202,,36.240387400000145,36.25303317099997,12.64577099982489
1813,4e5fc997-8e33-48f3-b622-365b249154bf,202,,36.260276671000156,36.27242451300026,12.147842000103992
1814,156baca4-10b1-4c95-b898-a227f52f3935,202,,36.28020798100033,36.2911098110003,10.90182999996614
1815,40a89800-495b-4672-ab46-cea4f93a7490,202,,36.3002641170001,36.31179961900034,11.535502000242559
1816,d619fb33-b31f-43e8-80bf-e4492e51ea91,202,,36.320281422000335,36.332055869000214,11.774446999879729
1817,c8e9b039-0713-4489-a58c-1a142cb70d5b,202,,36.34020885700011,36.352485442000216,12.276585000108753
1818,a618fa3c-b0ad-438e-83a9-a291e4d0492f,202,,36.36036244600018,36.37631406900027,15.951623000091786
1819,f39166a6-b437-440f-9778-3ae6071c3fa3,202,,36.38051045200018,36.40201317200035,21.502720000171394
1820,5c9a3937-a4ec-40a3-9fec-7fddd4b27533,202,,36.40039689000014,36.4160698200003,15.672930000164342
1821,89dbb620-f485-46df-8efc-06fe49d5a689,202,,36.420435402000294,36.43342277900001,12.987376999717526
1822,59ea76a6-e05d-4176-ad9a-0ff64e90cabf,202,,36.44041166800025,36.4631776870001,22.766018999845983
1823,9875adb1-5246-4dec-a9a4-4e51317664c4,202,,36.46029527000019,36.472850546000245,12.555276000057347
1824,811850eb-4ad6-4b71-b4ab-2f7e6004f953,202,,36.48065417900034,36.49352985299993,12.875673999587889
1825,7008f76b-5253-4a5e-8d79-38acae502748,202,,36.50016742800017,36.51228702000026,12.119592000090051
1826,867a7e61-d8df-4cc4-8b1f-ba7e814ada89,202,,36.52027276800027,36.53315573300006,12.882964999789692
1827,ad427583-208f-496f-98e5-fe61cde570fd,202,,36.54019949300027,36.55170087100032,11.501378000048135
1828,b3122c3b-881b-4ea4-a08a-1650ed62c769,202,,36.56019367299996,36.57257633300014,12.382660000184842
1829,b5cb42ed-0451-425f-b7b7-9f7f2e57b713,202,,36.58019539399993,36.59929170800024,19.096314000307757
1830,57e958ea-b158-43c6-ab3c-86daeffa0318,202,,36.60016732400027,36.618490184000166,18.322859999898355
1831,b15c932e-d2ef-44f8-81bb-603dd60e4724,202,,36.6203965740001,36.63551870099991,15.12212699981319
1832,65f69095-18f6-4f00-af44-776713e68f94,202,,36.640303425000184,36.65287320000016,12.56977499997447
1833,cf069e53-6b63-486a-bf8c-ec88bbc141c1,202,,36.660361559000194,36.67231291200005,11.9513529998585
1834,16a012f3-fab9-43b6-8771-8bb9ce6ba40c,202,,36.68022587199994,36.699321686000076,19.09581400013849
1835,0b49eead-034f-4d8c-ac45-0a317cdeb1c8,202,,36.70019842700003,36.71261604400024,12.417617000210157
1836,456a887c-c2e4-43fd-aa44-df033fa483f5,202,,36.72036813900013,36.74125805800031,20.889919000183
1837,1b785cd9-31ab-491c-bc12-91b405dc49d4,202,,36.74021295200009,36.7557888450001,15.575893000004726
1838,d10090da-c47c-410e-b8b8-05be3a09ec59,202,,36.76022762999992,36.773402078000345,13.174448000427219
1839,84d3f9cb-6663-4c3b-a9f8-125e433821c7,202,,36.78017835400033,36.79130500400015,11.126649999823712
1840,c6812c8d-82ed-4668-b7ff-c83917cd32a7,202,,36.800212614999964,36.81077179700014,10.559182000179135
1841,8021c593-80f6-46aa-9b59-2710ebcf166f,202,,36.8203575360003,36.83190966100028,11.552124999980151
1842,450cf42d-0ce2-4244-9fd0-e3c4e1d19fcc,202,,36.84022651400028,36.85524506399997,15.018549999695097
1843,1455ef41-f0cc-415a-9793-b87f6988a705,202,,36.8603219380002,36.87940492000007,19.082981999872572
1844,ffa1b5a6-dcdd-4e9c-81f2-1c17b23803c0,202,,36.88023966400033,36.89155376100007,11.314096999740286
1845,72a2564b-e847-4acb-9a74-52bd139be0b0,202,,36.90020801200035,36.91149402700012,11.286014999768668
1846,0fbdb19f-cb41-40b8-9cf2-fef5df919aec,202,,36.920244605000335,36.93316265200019,12.918046999857324
1847,0365f2db-80de-4b9b-9787-e2cfb0af6b5e,202,,36.940421441000126,36.95732817399994,16.906732999814267
1848,f184d673-6ab7-4b79-a2ee-562ca4b015ff,202,,36.96014838600013,36.971371405000355,11.223019000226486
1849,627504bc-cd53-4eee-923f-914ea9fe3492,202,,36.9802083540003,36.99158765500033,11.379301000033593
1850,af55f2f9-ba63-4f4c-9a5c-8a3a9e028716,202,,37.00037939799995,37.01027649400021,9.897096000258898
1851,2ec867b2-4342-42fc-a1d6-7ebed084b9bb,202,,37.02027116699992,37.03271753200033,12.446365000414517
1852,7675dae6-88c3-4f1f-9cbf-7c9b0b08d0a5,202,,37.04038584,37.050926231000176,10.540391000176896
1853,ec0c61f2-c622-43b2-ad29-7b019dd36be5,202,,37.060202613,37.07050022700014,10.2976140001374
1854,27ca2e8e-5509-4f16-ae15-5dfa3b273433,202,,37.08017483499998,37.09444284500023,14.268010000250797
1855,a3c58081-efc3-453f-b5f5-9d8219d90956,202,,37.10021438700005,37.11451364599998,14.299258999926678
1856,dc07b24e-552e-4431-b9b4-d0b653940a43,202,,37.12038589000031,37.13246269299998,12.076802999672509
1857,715bf32b-a7c1-4384-a106-55e23711fab3,202,,37.14020603800009,37.155658313,15.452274999915971
1858,74c3d6f1-d819-4120-b71b-441854f36722,202,,37.160164053000244,37.17631970399998,16.15565099973537
1859,6aa8c501-bf7a-4fc7-ac9a-4ed6d829faad,202,,37.18021943800022,37.19682239600024,16.602958000021317
1860,8908faed-c444-46a9-86b5-40170b5c2eaf,202,,37.20026098900007,37.21156891999999,11.307930999919336
1861,3271ac8b-3078-4d38-b609-587c952224bf,202,,37.220231337000314,37.2347358750003,14.504537999982858
1862,16ad456d-2bab-4ecb-a133-de5d5510e3b8,202,,37.240286888000355,37.252775959000246,12.489070999890828
1863,416c697e-4ba8-4bf5-8ba1-5a943e7063aa,202,,37.26021119699999,37.273469015000046,13.257818000056432
1864,4af1199a-5209-4a93-94ca-a2e8e3924ba1,202,,37.280290913000044,37.291596218999985,11.305305999940174
1865,42ae27df-e40c-4fa9-be82-62e79d505639,202,,37.30015755900013,37.31131845600021,11.160897000081604
1866,1bcb0c36-cf4c-4bf7-833e-c80df88f60a1,202,,37.32037597499993,37.329701145999934,9.32517100000041
1867,495b7117-3588-44ee-867a-30e41fcab2dc,202,,37.34033519900004,37.35191078100024,11.575582000205031
1868,f763b1df-7674-4272-bdb9-60e75f8a46f2,202,,37.360205594000035,37.371664391000195,11.458797000159393
1869,880d3e82-5d13-44a4-a754-e772b55e2037,202,,37.38034726500018,37.397563938000076,17.21667299989349
1870,2a3ac25c-631a-4926-a70a-651cf4cbeb49,202,,37.40020170300022,37.411595170000055,11.393466999834345
1871,d99d4d73-7196-45a6-a2f5-ef6bcd95d26e,202,,37.42042624400028,37.44208391000029,21.657666000010067
1872,160b920e-1502-40d1-bee5-5b86b02f3798,202,,37.44023343400022,37.45159477700008,11.361342999862245
1873,5f8b1e88-997c-4f67-9ce1-67c42f32b41a,202,,37.460432308000236,37.48215242800006,21.720119999827148
1874,fabcac0a-29b9-4a2e-9ebc-474032a7c389,202,,37.48031386699995,37.516484109999965,36.170243000015034
1875,a867227e-e00d-4174-a6a6-bc530872ef3c,202,,37.500786142999914,37.528813980999985,28.027838000070915
1876,350cc60a-61f0-4498-aba6-6463b97892a4,202,,37.52026393400001,37.538331848000325,18.067914000312157
1877,955d02f0-5354-4643-86a6-92cfe56a28d3,202,,37.54040677000012,37.83867765600007,298.27088599995477
1878,9979a167-2cd1-44c5-8f5f-22d07c4dd04e,202,,37.56947004800031,37.8388936020001,269.42355399978624
1879,abed1f61-9c32-420c-ad03-bec99c2e1ac7,202,,37.5843574380001,37.83817710199992,253.81966399982048
1880,87df3d3f-9ea6-4e84-8a73-30017060a9ef,202,,37.60247697400018,37.89272086600022,290.243892000035
1881,dcdd9649-61ca-4f3b-95f4-0f8710712910,202,,37.620886534999954,37.885434954000175,264.54841900022075
1882,51743181-e8a7-4ec0-b69e-b776a8080d86,202,,37.64125052500003,37.903219426000305,261.96890100027304
1883,f7ce280e-9542-4860-b26f-cef6eb558d10,202,,37.66587585200023,37.92853071300033,262.65486100010094
1884,d2cb1c26-d5dc-4a77-8b85-6e5346e6d279,202,,37.704487620000236,37.98082598300016,276.33836299992254
1885,aadc9587-acd7-4b4c-b42a-83d8620da880,202,,37.741571810000096,37.95043461400019,208.86280400009127
1886,06a599d0-1f9c-4f5c-af02-1ed9fad80641,202,,37.74180108900009,37.97915612099996,237.35503199986852
1887,76a39595-1367-43a3-abc6-ca852cc8420d,202,,37.755178315000194,37.990135361000284,234.9570460000905
1888,3b3a4898-a908-4460-bb56-425c918c9c3d,202,,37.761474160000034,37.99752793400012,236.05377400008365
1889,f328a6c3-87cd-4a5d-a98f-b1e9381c47f0,202,,37.78225854199991,38.010546890000114,228.2883480002056
1890,1fe0ab73-0155-4da2-819b-ea4a1437d660,202,,37.802950305000195,38.01177581899992,208.82551399972726
1891,fcbc85f7-7fed-4912-8f9a-d2204782be51,202,,37.82217690200014,38.021743743000116,199.566840999978
1892,78c138db-a9a0-416d-baee-9a3a978cb79e,202,,37.84208221000017,38.03794155700007,195.85934699989593
1893,19d7bbd0-a47b-479f-8ea3-93509fb13e1f,202,,37.86039744300024,38.03994889900014,179.5514559998992
1894,8305dddb-e75b-4d97-91fd-fbe697f59d79,202,,37.88026016999993,38.056098007999935,175.83783800000674
1895,03135c9a-1780-42a5-bc96-3d96197843c4,202,,37.902623461000076,38.058477745000346,155.85428400027013
1896,72a4fd06-0c5c-4b21-b5f3-fe7805b65e09,202,,37.923055530000056,38.074704266000026,151.64873599997009
1897,d0b16326-d3e4-46d3-a5b3-4bbe86b22591,202,,37.94157145999998,38.09359938200032,152.0279220003431
1898,245b2f59-7e10-45ba-9229-7640912f0cd3,202,,37.96064948200001,38.099460377000014,138.81089500000598
1899,683a2771-c53c-49be-8602-754f9aa9bbaf,202,,37.98213428200006,38.10599362400035,123.85934200028714
1900,f4672372-acd4-49d1-909a-d201114f48ac,202,,38.00021215400011,38.11353014700035,113.31799300023704
1901,893cfc43-5a5b-4d1a-8ea9-3bd397f86f99,202,,38.02193206500033,38.123103467999954,101.17140299962557
1902,eeaed395-c21c-4600-9e03-34fbcd9cba3e,202,,38.040319294000255,38.133200343000226,92.88104899997052
1903,71244c08-4672-45e6-a72f-341031462346,202,,38.06152215200018,38.138108225999986,76.5860739998061
1904,0651b36d-c70b-4576-b0c7-a9bb6b0cc769,202,,38.08035856400011,38.13933765499996,58.97909099985554
1905,2c30b857-89d9-4618-a516-556b8af4b2f3,202,,38.100304078000136,38.14926270700016,48.95862900002612
1906,cf056262-eb34-4428-b581-fd7a739b2d17,202,,38.120234509000056,38.14852487400003,28.29036499997528
1907,7aced757-07b5-4af2-9f7c-91f86249af11,202,,38.140183315000286,38.15631154900029,16.12823400000707
1908,b2c28b32-249a-4ef4-ae52-895c345591ab,202,,38.16040472900022,38.174230138999974,13.825409999753902
1909,354386d6-12a4-4c88-8679-076f5a1e2584,202,,38.180216542999915,38.19542112199997,15.204579000055674
1910,4037afe8-068f-4e36-93a4-84c2a0b95b16,202,,38.20020422100015,38.21559745600007,15.393234999919514
1911,7844e9ba-3b99-49ce-b71a-fc021b7652c6,202,,38.22021827200024,38.23912855500021,18.91028299996833
1912,ff0cf71b-7908-4870-950a-7cfab58793c0,202,,38.24030882000034,38.28195916300001,41.65034299967374
1913,3b0d2efb-2a7d-4cb7-bda1-2f8eee59657b,202,,38.260248001000036,38.28274961700026,22.50161600022693
1914,878fc40d-a999-42cc-ab77-d8ba31d1dc1a,202,,38.28026726000007,38.293484871000146,13.217611000072793
1915,4bf271a0-57d5-4582-95ad-1ed674d35344,202,,38.30211149800016,38.32203347199993,19.92197399977158
1916,98f25959-87e8-4493-86a7-beef5ae5b546,202,,38.32220167000014,38.35078131,28.579639999861683
1917,c2aa672a-5b88-48be-acf0-64cb67f34f9f,202,,38.34038795200013,38.35784456900001,17.45661699987977
1918,b8c07e06-bcd6-435c-8ecc-f943a03f5092,202,,38.360224098000344,38.371591523999996,11.36742599965146
1919,984adbda-0edf-4a1a-a7fc-4c60d62d3345,202,,38.38022294200027,38.394943008000155,14.720065999881626
1920,ee06d25f-1647-4773-8870-28a9e2230302,202,,38.400208037000084,38.412659734000044,12.451696999960404
1921,b4536313-6cc1-4761-bcf0-5e6c646f2bc9,202,,38.420425910000176,38.43767837099995,17.252460999770847
1922,1368874b-7d78-4370-8549-8e413e7638a9,202,,38.440350424999906,38.45340212800011,13.051703000201087
1923,e01edef0-8c5b-4a95-a998-1cfbb587b5ed,202,,38.460204691999934,38.47612139600005,15.916704000119353
1924,640339b8-2cef-4764-828f-95189b085742,202,,38.4803613590002,38.499766486000226,19.405127000027278
1925,a61de69a-df75-4b32-914b-824f9c2686ae,202,,38.5001780030002,38.51639356500027,16.21556200007035
1926,3e1ba7b2-8a1a-4c6f-8ce0-63acfbd6136f,202,,38.5202443420003,38.53429569500031,14.051353000013478
1927,3cf40cef-cbd9-4bd2-a393-d9dbc99f2834,202,,38.54026505799993,38.55242293800029,12.157880000359
1928,0b0cb010-af69-48af-9913-36325d9da878,202,,38.560203404000276,38.572095466000064,11.892061999787984
1929,84ef909a-1123-4f14-9446-05d8db8f30cb,202,,38.580210246000206,38.59433076200003,14.120515999820782
1930,3a611f83-dd83-4cc1-ac43-ad61e6731c40,202,,38.600319706999926,38.61382746700019,13.50776000026599
1931,058686e2-6f4d-4b7d-ae94-686d01ce8b5c,202,,38.6205785760003,38.634422691000054,13.84411499975613
1932,cf8af81f-40f4-4a59-9d0f-6e04ed3a2981,202,,38.64028572699999,38.65490079700021,14.615070000218111
1933,beb08921-b080-4624-a722-72447b87f649,202,,38.66023307200021,39.33623165100016,675.9985789999519
1934,fea79a7c-0028-4960-9e7f-09bb61c05d19,202,,38.680220249000286,39.36295231200029,682.7320630000031
1935,953f6565-600a-4ea9-a0cf-5a095dc62c75,202,,38.7014323960002,39.37527118300022,673.8387870000224
1936,d05981df-6a90-42e4-831c-09bf1fb8c44b,202,,38.72053204000031,39.38125058700007,660.7185469997603
1937,45452312-2419-452e-8a0f-960ddc4a2b5c,202,,38.74211233300002,39.393294806000085,651.1824730000626
1938,1588c343-460e-4002-b909-fb41ee3cd8e6,202,,38.7617340300003,39.39541905800024,633.6850279999453
1939,7b5f1e27-23bb-4a17-b13c-0f308ad9279d,202,,38.78038761700009,39.40886223799998,628.4746209998957
1940,0e43b242-fe0c-4073-b385-dc9ceaa56ae0,202,,38.80126157500035,39.414986217000205,613.7246419998519
1941,123f193c-1de4-415c-96b2-6117cfc6af50,202,,38.820716448999974,39.420431693999944,599.7152449999703
1942,0ddfe1b3-9198-48e1-84e3-7ed9efebc0e2,202,,38.84283883500029,39.43757145100017,594.7326159998738
1943,32d8814d-d1bd-4756-836c-7c9560650822,202,,38.86071988399999,39.44197211300025,581.2522290002562
1944,1ebab086-7c2b-4661-9e86-6d969bc59ec7,202,,38.88234159100011,39.4558757650002,573.5341740000877
1945,38aeb025-2a0e-46e9-a493-9b0d20fbc1e8,202,,38.90139786200007,39.474104417000035,572.7065549999679
1946,378f7b16-f5ca-42ef-b2f2-7cfb6747ae10,202,,38.922186409000005,39.48430478399996,562.1183749999545
1947,7759a6c0-a23c-423b-b837-9e9463e6e080,202,,38.94122951500003,39.49702154600027,555.7920310002373
1948,1ec1c569-7529-4dbe-b9b3-b82f339aec63,202,,38.96042515399995,39.503016241000296,542.5910870003463
1949,e7f5440c-4291-4d90-8921-1d1ca204aa25,202,,38.98042407999992,39.51671478000026,536.2907000003361
1950,277cb4f4-af0d-4ee5-a9b3-797677b6610b,202,,39.00070140600019,39.557748859000185,557.0474529999956
1951,c7d0bf81-6860-4999-bb6f-e58250072a75,202,,39.020785910000086,39.5967348070003,575.9488970002167
1952,83b7c52e-187d-4086-a670-5b8106667377,202,,39.040185829000166,39.599534145000234,559.3483160000687
1953,cd7792b4-9c66-4109-89c7-dfd615da0d1c,202,,39.0602938320003,39.609667099000035,549.3732669997371
1954,3581789a-8700-4b4d-bab9-8e272af04f6d,202,,39.08098280100012,39.624237796000216,543.2549950000976
1955,f834b19b-5ce4-4af2-a7f1-615342eadbaf,202,,39.10023910300015,39.63258285400025,532.3437510000986
1956,1fdb7d58-bbaf-4c59-bf85-fdb09bf1ae73,202,,39.120367271000305,39.64936413100031,528.9968600000066
1957,370a7818-a5c2-4970-b71e-b7076d2aabba,202,,39.14030257500008,39.65867459099991,518.3720159998302
1958,5da75aa1-c0b4-4499-a698-3cc88c361c47,202,,39.160272003000046,39.665827717999946,505.5557149999004
1959,dcde931a-bd06-459b-aaf6-30d8f4a3af2a,202,,39.18071961100031,39.67729809499997,496.5784839996559
1960,dbb2cb40-b447-42e0-8fb8-8f46aa1722eb,202,,39.200175775999924,39.68453871700012,484.3629410001995
1961,fe222f34-e72a-452e-b7e7-ec6bcfc55afe,202,,39.220241698000336,39.69444701700013,474.20531899979323
1962,a9dcb103-904a-49ea-9ea5-0c9bf51927aa,202,,39.240198626000165,39.70825813300007,468.05950699990717
1963,a87cf209-b14d-4229-8397-35cac3df57d1,202,,39.260206259999904,39.715888649000135,455.6823890002306
1964,f2a529e0-38f7-41b6-8df1-5219e7645424,202,,39.280188395000096,39.74326664599994,463.07825099984257
1965,8e643795-148a-49e7-9495-c7625112f19b,202,,39.30023985900016,39.738852193000184,438.61233400002675
1966,b1be66a2-819a-4ec9-b27f-a36d1f982713,202,,39.3202687830003,39.75499317399999,434.7243909996905
1967,cf9d4113-4deb-4b80-bcaf-83d9de8c0436,202,,39.340219378000256,39.76346580800009,423.2464299998355
1968,25bcd6b4-739e-4a56-bba2-0e8375d50ee4,202,,39.36134502999994,39.774237475000064,412.892445000125
1969,abf5b917-e4a9-462f-b3aa-8332473e7dc7,202,,39.38110297000003,39.77890437099995,397.8014009999242
1970,c9f97462-ac32-46a9-9b93-2535bdaf93e1,202,,39.40028465100022,39.79187057800027,391.585927000051
1971,0a8e5775-17c8-4905-ada4-d93e37b2a005,202,,39.42212672000005,39.79862352000009,376.4968000000408
1972,4a50263b-88a9-47bd-bbc3-39a5861587a4,202,,39.44045974200026,39.80542308400027,364.96334200001
1973,a2eca251-867f-4992-9f93-6449046ddd1f,202,,39.46028513500005,39.811827671000174,351.5425360001245
1974,35318a76-eb62-455b-b697-5b7eb248c8e1,202,,39.481087387000116,39.81984895599999,338.7615689998711
1975,082b3b65-e432-45c9-91db-93bd17cb39bc,202,,39.500360020000244,39.82938819400033,329.02817400008644
1976,0788138b-4f78-417a-b155-fa935129926f,202,,39.52045777100011,39.83451964699998,314.0618759998688
1977,df148416-21bc-4c18-90ea-35407db4ef4b,202,,39.546887447000245,39.842579430000114,295.69198299986965
1978,54db514d-45ef-4c6a-ab5c-a4035996dd76,202,,39.561281363000035,39.850867157000266,289.58579400023154
1979,a0b0c39d-32a2-46c5-bf41-1fc2bf51c2c6,202,,39.585199268,39.85681664599997,271.61737799997354
1980,74037396-7ab7-4ca9-bc8c-820b5a508715,202,,39.60020044000021,39.86379211600024,263.59167600003275
1981,b4158906-5cc7-4381-b7d9-c80120b6d703,202,,39.620741291000286,39.874685693000174,253.9444019998882
1982,63699408-1bc2-4c35-ad09-a51e204cf195,202,,39.64024070200003,39.88063514000032,240.39443800029403
1983,760c8bc6-01ad-4709-acd0-e1e72d9365f6,202,,39.660207877000175,39.89020900200012,230.0011249999443
1984,33c6e32a-a511-4a0b-b28a-86df34f98a7b,202,,39.68087342900026,39.89583659200025,214.96316299999307
1985,49bd19dd-7239-4391-9e2f-4d6bf295d03f,202,,39.700338468000155,39.91211881500021,211.7803470000581
1986,d452fd02-22ea-4d75-ba5b-bb26b276d248,202,,39.720417219999945,39.917320304999976,196.90308500003084
1987,f0c0b9d5-0b0e-499d-bfe3-609d0e626d9b,202,,39.74068612800011,39.92210173600006,181.41560799995204
1988,b09ba89d-8e3c-4d48-98b3-260e4eba5eff,202,,39.76022037100029,39.929014627000015,168.7942559997282
1989,b0f819ef-deae-4424-814f-df1a1808b238,202,,39.78022596100027,39.93926124100017,159.0352799998982
1990,a68cb6c3-d584-41e3-9514-1431772d91a7,202,,39.800382250999974,39.95125179600018,150.8695450002051
1991,f4ae411f-10c7-4c78-800a-4b6618c74e12,202,,39.82022580900002,39.95632221000005,136.09640100003162
1992,0e232a2f-164a-4bb4-87b2-6e7d812eaae9,202,,39.84020060900002,39.96277629499991,122.575685999891
1993,b0a558d7-42ae-4d01-9dd8-9f86982acfd5,202,,39.86037298100018,39.97295745400015,112.58447299996988
1994,2b264b0d-1d51-4081-9714-6b1f2e058db8,202,,39.88083550300007,39.9808954529999,100.05994999983159
1995,a00f64fa-4771-4857-943e-a0b6bef89628,202,,39.90018588200019,39.982407864999914,82.2219829997266
1996,cd79a81f-03b0-4b1a-9566-91a2f9300186,202,,39.920425541999975,39.99542736000012,75.00181800014616
1997,57347049-43d4-4189-b8e5-7cf443f82f2c,202,,39.94019372899993,39.99184365100018,51.649922000251536
1998,488dece8-20d2-4fbc-81d6-78ac1b9adb53,202,,39.96089894500028,39.99554285300019,34.64390799990724
1999,27cbd0a1-2363-4023-bd34-8ced91a030b4,202,,39.980263239000124,40.00234529199997,22.08205299984911
2000,baaf7822-4e98-43cd-9d10-70380412b00e,202,,40.00065359900009,40.01488094100023,14.227342000140197
2001,476423f4-dae6-424a-abd4-5e69a6d139e5,202,,40.02021738100029,40.03379192800003,13.574546999734594
2002,38d4edf1-582b-4c73-ba6b-8d08f14516a6,202,,40.04036496300023,40.05370110700005,13.336143999822525
2003,e6d23907-e22f-4f0f-b789-182f34aed7b3,202,,40.06021331200009,40.074474693999946,14.261381999858713
2004,ac77222d-eeea-46cc-9e64-9804257c2836,202,,40.08041122500026,40.094804764999935,14.393539999673521
2005,f7f4571d-d939-4513-92f0-1a42a5e4faea,202,,40.100197410999954,40.11384253699998,13.64512600002854
2006,fd030e65-bc1f-4f42-b687-59bc7800d4cb,202,,40.12029153799995,40.13353843599998,13.24689800003398
2007,4be909e6-6cf2-44dd-8e25-d0ebc5adf0e9,202,,40.14041241299992,40.14981003499997,9.397622000051342
2008,ba39c4ce-6cdb-4db9-a1ac-42166e303666,202,,40.16018626699997,40.17447989600032,14.293629000349029
2009,6b678482-f0f7-416a-b408-e47e785d40fc,202,,40.18024477000017,40.19303882000031,12.794050000138668
2010,ca30a9e9-17f8-4c97-8acb-0744cf071848,202,,40.20039285200028,40.21750619300019,17.113340999912907
2011,6451a5f3-bf10-4b99-a24b-a33262719679,202,,40.22032873800026,40.23340152200035,13.072784000087267
2012,66e37e82-d8fc-4e27-adaa-9a707890f05f,202,,40.24041253199994,40.25220926500015,11.796733000210224
2013,54b464bc-ed43-4db2-af1e-0adf75642944,202,,40.2603570010001,40.27121078800019,10.853787000087323
2014,1f4bba04-a8be-44c9-903f-12fd8108d780,202,,40.28021826600025,40.29419312300024,13.97485699999379
2015,d4441015-a893-4024-8916-5f521ff4e8b0,202,,40.30017306800028,40.311200220000046,11.027151999769558
2016,a826a4c1-b20e-4126-a76c-55fb46c6bce6,202,,40.320219697000084,40.33248256900015,12.262872000064817
2017,d884dd05-ab02-40c8-ad99-bd59d2cc506f,202,,40.34019945499995,40.35160937699993,11.409921999984363
2018,aaddcb93-0047-4d96-9d52-b023b26bc60f,202,,40.360322414000166,40.37375426000017,13.431846000003134
2019,3d1073a7-4ba8-4f83-8e6b-1ba20b519189,202,,40.380150598,40.391603725000095,11.453127000095265
2020,7ed640c9-7436-4a7b-ac12-f264167c7f2f,202,,40.40017177000027,40.411207963999914,11.036193999643729
2021,d191c9ba-b83c-4749-9810-970416038f33,202,,40.42020273400021,40.43259776500008,12.39503099986905
2022,a610c53e-4005-461c-b3f5-9e34e05ef99d,202,,40.44049334900001,40.466351639000095,25.858290000087436
2023,e43216b8-3756-497c-bae9-57798ce3361a,202,,40.46687235900026,40.49392403799993,27.051678999669093
2024,86c342c0-1268-4481-85fd-8494ba558bca,202,,40.48067709900033,40.52855765200002,47.88055299968619
2025,eb4b39d0-0dcd-42e0-8c34-58d380adfb18,202,,40.503086922999955,40.54838133400017,45.294411000213586
2026,03c3f288-fcf6-44b5-8c66-14d18d2e7124,202,,40.52116024800034,40.57614159800005,54.98134999970716
2027,83b7e3aa-01fe-4756-af93-dde74aca6b86,202,,40.54055228900006,40.594264962000125,53.71267300006366
2028,3c334318-30f9-4545-af65-1e29856a5a0b,202,,40.56108455499998,40.599769641999956,38.68508699997619
2029,c334e98d-8c04-4ac6-9376-f68b9d964225,202,,40.58046859600017,40.61161532999995,31.14673399977619
2030,4ad4e421-45de-4911-bac5-e042390de4be,202,,40.600281654000355,40.628614592000304,28.332937999948626
2031,8e26b370-fce9-4a62-8f79-804759693195,202,,40.620320366000215,40.635119423000106,14.799056999891036
2032,32e2b02a-d1dc-4ff8-88fb-e47d22aaeaa8,202,,40.64045382199993,40.65370826000026,13.254438000330993
2033,7500fd33-55ce-4875-be7b-231e68fa27a5,202,,40.66038941400029,40.675776104000306,15.386690000013914
2034,6e3165c1-0e8f-4f33-a22a-53d311eea366,202,,40.68023988699997,40.69598234800014,15.742461000172625
2035,65873e52-edc4-4f21-8829-f22e1933923e,202,,40.70019689400033,40.71355036900013,13.353474999803439
2036,c30ff900-55eb-4712-afd7-63dabbf385ef,202,,40.72035372400023,40.732419524000306,12.065800000073068
2037,7f3c1778-f02b-498e-83ef-c0c9b60ab989,202,,40.74072770800012,40.77960790900033,38.880201000210945
2038,8012d9dd-ef35-4fa4-8261-115ef4afe1d3,202,,40.760436562999985,40.78358442800027,23.147865000282764
2039,e401745b-31e3-4859-9f9b-2050308cb905,202,,40.78148467500023,40.7922423,10.757624999769178
2040,ff164cb9-8feb-40f7-a7cb-2d6738b16c17,202,,40.8001899220003,40.8142466889999,14.056766999601678
2041,ea3b3bd0-bba6-41d8-81e4-8af43a512bdc,202,,40.82024142399996,40.832241561000046,12.000137000086397
2042,1edd33b2-ff60-48b2-882f-cb9f476f33fc,202,,40.84016280900005,40.86803473300006,27.87192400001004
2043,53126854-9321-4c82-96d5-54c56158d7ce,202,,40.86212145100035,40.87865444900035,16.532998000002408
2044,e95381bd-9bf4-4b28-8fe0-117de69f33fc,202,,40.880364267000004,40.89464293800029,14.278671000283794
2045,b564e023-6659-4fe5-a51d-8d038f6746df,202,,40.90017078300025,40.91719000300009,17.019219999838242
2046,f51aa422-f002-4b12-8362-b95475cb41bc,202,,40.92031486399992,40.939842646000216,19.5277820002957
2047,3fd73707-1d15-4c60-8b19-d4f4d7b64077,202,,40.94019191799998,40.961119369000244,20.9274510002615
2048,6d505d4f-c4b8-4bd0-a49a-d3faa9882cdb,202,,40.9607695980003,40.980557866000254,19.788267999956588
2049,9ace2f08-069c-488d-84be-96ba96bd0017,202,,40.980603196000175,40.992400178000025,11.796981999850686
2050,5da6df43-7c05-4692-ae2e-991048654442,202,,41.00033080100002,41.01418708000028,13.856279000265204
2051,74bc44de-a33e-42a4-92a1-534663d05a20,202,,41.02016452399994,41.046937010999955,26.772487000016554
2052,46b43fc0-6514-4dad-b8f9-15d021748348,202,,41.04060992099994,41.05515920100015,14.549280000210274
2053,b2b8c52e-37c2-44a3-8685-257dd3b5bd5c,202,,41.0604006880003,41.08038602800025,19.985339999948337
2054,7b94f9bf-a504-4370-9b13-4511597c3c41,202,,41.08043294200024,41.10223242600023,21.79948399998466
2055,cc97b707-240e-47c4-8074-c4db86d18b3e,202,,41.10062093600027,41.12241104600025,21.790109999983542
2056,3cc54acf-85be-4a5a-85c6-83aface76879,202,,41.12023192200013,41.139499804000025,19.2678819998946
2057,1a1a1cfa-c9cd-4ebd-a5fc-9501b3fb0029,202,,41.140201638000235,41.15788715300005,17.685514999811858
2058,8445012b-b08c-4fb4-8dea-4f9ae33128cc,202,,41.160500000999946,41.178725859000224,18.225858000278095
2059,dabbbcaf-4f56-4583-82c3-2e33eb072e02,202,,41.18024885400018,41.19463226900007,14.383414999883826
2060,a9681d10-f12b-48d3-bbbc-6c4804e43afc,202,,41.20017144700023,41.21533631700004,15.164869999807706
2061,84bc8f0e-5e23-4fef-b4da-9ef712337108,202,,41.22023757400029,41.23383524300016,13.597668999864254
2062,9f1299f8-ce34-4b11-a26d-4b4c00d0faa9,202,,41.24019124899996,41.25287334600034,12.682097000379144
2063,3c47bf07-8d62-4727-b26b-978f49df4212,202,,41.26027274900025,41.27322228899993,12.949539999681292
2064,f13f60b9-49b2-4505-a5e6-381ee9665206,202,,41.280208009000035,41.29449755399992,14.28954499988322
2065,e08b40da-9fe5-4053-b778-d133c797b6d8,202,,41.30027805200007,41.31330642000012,13.02836800005025
2066,91b486da-a1c2-4538-8676-56cbd4dd2cab,202,,41.320212226999956,41.330949145999966,10.736919000009948
2067,cfc5d830-a1e3-4175-b67a-4afcd22aaf50,202,,41.340396930000225,41.35057013100004,10.17320099981589
2068,3d02118b-9029-4307-8563-26065addc336,202,,41.360348063999936,41.37629751300028,15.94944900034534
2069,c038d89b-5730-405f-9125-e16d83e2424e,202,,41.38016470499997,41.39073846600013,10.57376100015972
2070,e2f2794c-98cc-467e-8f1a-689c8b7410e2,202,,41.40038273900018,41.412168097000176,11.785357999997359
2071,82774200-a697-48bf-b1eb-7084efff9096,202,,41.42023350299996,41.435245340000165,15.011837000201922
2072,97d2b6f3-f04f-460f-94d3-fe921ef00b03,202,,41.440139014000124,41.45515247399999,15.013459999863699
2073,5d851c8e-8abe-4ce8-87d0-0fff63eb8600,202,,41.460287217000314,41.4747427100001,14.455492999786657
2074,94df0328-caf8-47d4-9127-3f15f743dbeb,202,,41.48030659400001,41.491969541000344,11.66294700033177
2075,1ed57c61-92fb-4779-8c90-8c1841b9f046,202,,41.50026664200004,41.510879150000164,10.612508000122034
2076,c4d5fba5-cce7-463a-b940-31da98f4cffc,202,,41.52034030799996,41.53164940000033,11.309092000374221
2077,cec0ab6c-c88c-4230-adc1-11e5a8b64072,202,,41.54038680900021,41.54950011200026,9.1133030000492
2078,4f1d433b-515a-45c8-8266-84612784a7db,202,,41.56039877000012,41.56973493600026,9.336166000139201
2079,9947031b-464f-46ea-b91f-f2d2557d38fd,202,,41.58058905400003,41.589740855999935,9.151801999905729
2080,676c6638-a716-42a4-a39c-c2eaad265957,202,,41.6004194850002,41.6109977860001,10.578300999895873
2081,fecd31de-a80f-49e1-b21c-6f0c964bdd69,202,,41.62139209800034,41.63050615200018,9.114053999837779
2082,9e2993ab-390c-477e-ae8e-3caef1cc65f9,202,,41.64145747300017,41.650453075000314,8.995602000140934
2083,e48bc91f-99d2-4ca5-853c-b8e887181ee1,202,,41.66026558800013,41.66954921500019,9.283627000058914
2084,d77fc3be-ae48-49f4-958d-0545970813e0,202,,41.68112041700033,41.693833136000194,12.712718999864592
2085,cda863d6-b7c1-44a0-b21e-ba752062e280,202,,41.700345923999976,41.70934073400031,8.9948100003312
2086,f5f0a320-bb8e-489f-9724-7affe775c6b0,202,,41.72046679499999,41.729485687000306,9.018892000312917
2087,2556ca64-6ab5-41bc-8604-30fe9e299339,202,,41.740563459999976,41.749981412000125,9.417952000148944
2088,04864d2a-f808-46d3-9383-4b88d0aaf24a,202,,41.76062916799992,41.778743115,18.113947000074404
2089,3503e609-4b95-4f40-a770-0e7ea0d47d1d,202,,41.780235028000334,41.814715522999904,34.48049499957051
2090,bc1e3c6e-30fe-4b68-a43c-77490cb7f2de,202,,41.80091465900023,41.82344601500017,22.531355999944935
2091,0c629375-9d10-4771-8800-bd765ec4b1ca,202,,41.820177247000174,41.83820986499995,18.032617999779177
2092,ab180dcc-5d9f-41dd-bf02-e20b0fe5a713,202,,41.84015562700006,41.85833311100032,18.177484000261757
2093,ff198645-e7e5-42c2-8508-189c75a5b26d,202,,41.86106957700031,41.875172424000084,14.102846999776375
2094,0f01a8a2-6264-48cc-9cf4-ae577b339371,202,,41.880637189000026,41.90173237900035,21.095190000323782
2095,15e42a16-0f4c-41ee-8564-5a025d9f2fb5,202,,41.90029321300017,41.91154722500005,11.254011999881186
2096,1b198663-0a0b-40d1-ba2a-ae66fa2b2756,202,,41.920354046000284,41.93165709699997,11.303050999686093
2097,f1ad5be9-e317-4718-9a43-fc52610a5c2d,202,,41.94021726600022,41.95142478100024,11.207515000023704
2098,bd00d128-0ad4-40d5-ae54-23c553fd7048,202,,41.96030943100004,41.97099122700001,10.681795999971655
2099,b617b565-5985-4835-b0df-964981ca7a9e,202,,41.98015573500015,41.99355645600008,13.400720999925397
2100,b5876ea2-0c72-49d9-a6ee-8e0dded2eee1,202,,42.00025565000033,42.011848351000026,11.592700999699446
2101,7dc17115-5eef-4f04-895f-190294c0d38b,202,,42.02017753300015,42.03302532800035,12.847795000197948
2102,7ac1e02c-6e6d-4de3-8dbd-49ba0033a4ec,202,,42.04021840900032,42.0506422200001,10.42381099978229
2103,7ecf2972-d52f-4693-aa0a-5948eb6fff33,202,,42.06048368900019,42.072451867999916,11.968178999723023
2104,02592c53-4a5e-4393-9a90-763cd89fc33c,202,,42.080787883000085,42.112477706999925,31.689823999840883
2105,4f3edc25-41e7-497f-80ad-510343125f68,202,,42.100421242000266,42.122213641000144,21.79239899987806
2106,8a23f337-07f2-4f4b-aeaf-2fa112df8759,202,,42.12031595999997,42.134186737000164,13.870777000192902
2107,ab27f081-1fe2-4b07-a4e2-40d640e43538,202,,42.14019430400003,42.152854609000315,12.660305000281369
2108,8b8be4d7-d19a-4121-8136-a4bcaa2a7edd,202,,42.160215722999965,42.17831808700021,18.102364000242233
2109,a22422cd-834d-4858-bf3c-69be1b1267fc,202,,42.18034626100007,42.19692971299992,16.583451999849785
2110,b2ef921b-9da4-4339-8181-3f98245c61ad,202,,42.200166191000335,42.21334000900015,13.173817999813764
2111,80eeb09f-a65f-4db2-9756-9ed8bf6669b1,202,,42.22018798499994,42.237093086000186,16.90510100024767
2112,4ae3f2da-dc59-4f7f-9122-7116027b5235,202,,42.24018657200031,42.250937238999995,10.750666999683745
2113,86c7a994-7f87-46ec-b5e1-478149ed476c,202,,42.26097898800026,42.27879445200006,17.81546399979561
2114,c6355d43-5758-4e1d-a844-4a871c114313,202,,42.28029319799998,42.29389782399994,13.604625999960263
2115,4b2d0514-1fe6-436e-af7d-8ca682473390,202,,42.30024212200033,42.31401594599993,13.7738239995997
2116,e7c08ecc-2755-4e99-a2aa-4e37aa9370b7,202,,42.32052706700006,42.330398909999985,9.871842999928049
2117,ef341efe-824a-4ae7-a00f-cc052af574b9,202,,42.340226047000215,42.35283898000034,12.612933000127668
2118,88b055a7-7494-4d41-ae3f-2d1a3ab397bf,202,,42.36207465100006,42.37405978700008,11.985136000021157
2119,a138c485-26c7-46ac-981e-a2ce11a8aac3,202,,42.38065748700001,42.399317235000126,18.65974800011827
2120,1dde0675-f322-49ba-a8ee-4860ce21b8d3,202,,42.40019447600025,42.41739647600025,17.201999999997497
2121,41c0a717-ff8f-4dcf-b695-e94810b4a512,202,,42.420514878000176,42.43400517600003,13.490297999851464
2122,f9075ec3-a87a-43ab-bf57-709313d3d847,202,,42.44045325900015,42.45343883600026,12.985577000108606
2123,cee7c9d9-9dc1-41f3-9dba-78c2e1ec0161,202,,42.46041530499997,42.47352329200021,13.107987000239518
2124,77605421-e4fa-4be7-a9fe-0754ef2c5382,202,,42.48039276700001,42.511650571000246,31.25780400023359
2125,dfbbb729-8a28-4d8d-9751-f77fc2f1a3bf,202,,42.500321772999996,42.541809148000084,41.48737500008792
2126,04bd0bca-e3eb-4384-8bb9-13f5c2754b2d,202,,42.522758674000215,42.549290546000066,26.53187199985041
2127,fea73e4d-2e14-4344-91a6-7abb49598447,202,,42.540381939000326,42.55611806500019,15.73612599986518
2128,d8c17092-9565-4434-87fd-52744d35d1ff,202,,42.560393357000066,42.57199814000023,11.604783000166208
2129,00e92caf-b800-4935-b9bf-12c5caaf888f,202,,42.58039573399992,42.595104169000024,14.708435000102327
2130,e7f2d1db-69ce-4007-b3c8-821bba2ff1c0,202,,42.60049489700032,42.61371908499996,13.22418799963998
2131,f59096cb-b133-49fb-9405-9cfe393574a5,202,,42.62041782000006,42.6335098909999,13.092070999846328
2132,3ff2e28c-054d-4f77-93a0-9b3f93dfd06a,202,,42.640424905000145,42.65197527400005,11.550368999905913
2133,fca19e01-c6fc-434c-9049-70a067636f19,202,,42.66047294500004,42.67993535300002,19.462407999981224
2134,79a79e20-bd9e-424a-9ca9-109c26ab81a1,202,,42.680195254999944,42.69989098299993,19.695727999987866
2135,c119a816-d375-40fd-8b57-5cb664149b07,202,,42.70016905000011,42.71672941900033,16.56036900021718
2136,aa6ada6d-98f2-4726-b4e1-50e453be27df,202,,42.7204174540002,42.73167296500014,11.255510999944818
2137,e3abc78a-5ff9-4ae2-a2b6-1e213021dc72,202,,42.74125511600005,42.75430402200027,13.048906000221905
2138,3f759db9-450d-4cfe-97c8-6e631471dfaf,202,,42.76036962700027,42.77152951900007,11.159891999795946
2139,8ac60650-ab17-4a6b-95f3-77422e4a6f73,202,,42.78040221099991,42.7929324390002,12.530228000287025
2140,b123d44d-ba88-4e2b-8b26-02edaa23ba24,202,,42.80029834400011,42.81603155199991,15.73320799980138
2141,fcd33800-335e-4220-8df0-872a5e80b0b5,202,,42.82041783800014,42.84336912700019,22.951289000047836
2142,cd5e0064-98e2-49ee-9aff-d3a697825ee0,202,,42.840937935000056,42.86047425600009,19.53632100003233
2143,31209f73-aa12-4632-9ec6-6e6ae238b994,202,,42.86025151800004,42.88629783500028,26.04631700023674
2144,e5bd1f85-d3d7-4045-9bbc-be39041940f3,202,,42.883231722000346,42.89875752600028,15.525803999935306
2145,6badebe4-4f6f-46d1-aee1-a891734dc3f7,202,,42.900366932,42.91326755599994,12.900623999939853
2146,cbb38fdf-8dc4-4dc0-86e0-1b3f5e0f773e,202,,42.92020115200012,42.93496750000031,14.76634800019383
2147,b815490a-bf35-4345-af8e-617f629077fb,202,,42.94020311200029,42.953150650000225,12.947537999934866
2148,8ae0602e-048c-42e4-83aa-de86cb1062c4,202,,42.96038597799998,42.97455173700018,14.16575900020689
2149,78231b67-b090-433e-91b7-c0c1f5f84511,202,,42.98015920200032,42.99657007900032,16.410876999998436
2150,4a58e9fc-5529-42ad-a4ec-2016fbba1580,202,,43.000194701000055,43.013464053999996,13.269352999941475
2151,12515ef2-8b88-4251-bdda-f929a154e980,202,,43.020410774000084,43.03393456999993,13.523795999844879
2152,d387f47f-c5ef-41ed-82c3-b016e3e8af86,202,,43.04024741000012,43.055551726999965,15.304316999845469
2153,2dffd1cc-cbd6-46b0-9e17-40ac9ad3c157,202,,43.06022874700011,43.077675981000084,17.447233999973832
2154,3b66d40a-1a5b-4758-9def-414507c260df,202,,43.08021949900012,43.09662708499991,16.407585999786534
2155,50326fb0-3bd6-4166-b36b-eee184d367e5,202,,43.10023666699999,43.12198177500022,21.745108000231994
2156,2ac39e90-cae9-48e5-b8a4-c5d10a5912d5,202,,43.12027887400018,43.14663788100006,26.359006999882695
2157,3a03bb7c-b43f-4923-b64b-13ecdfdd5f8f,202,,43.146222322000085,43.177899185000115,31.676863000029698
2158,d2f65c22-fc50-4c9d-800c-8d11cf01a2a1,202,,43.16207764799992,43.18988086200034,27.8032140004143
2159,79879e59-3e15-420f-8dff-ff05dd3936ff,202,,43.180232008000075,43.20256633200006,22.334323999984917
2160,f010f885-47cf-43da-b82f-4604274c09c4,202,,43.20095842599994,43.21878647099993,17.82804499998747
2161,2549b526-11a4-4c09-8791-7850552c45af,202,,43.220268884000234,43.234230988000036,13.962103999801911
2162,c1001df3-6220-4df7-809f-cc9895b2e520,202,,43.240147643,43.25396033900006,13.812696000059077
2163,c359aa24-114f-4e43-baa8-50134e6d20fd,202,,43.260722528000315,43.28162756100028,20.905032999962714
2164,e4ce3b7e-af35-477c-bb46-ae5482550b3b,202,,43.28024210000012,43.29452181000033,14.279710000209889
2165,bdc2042c-ac9e-4f48-ad4b-b84b60b929eb,202,,43.3001552730002,43.314278534000096,14.123260999895138
2166,7ae24e75-66de-4ccb-adb3-9f0bfe278c1d,202,,43.32041600999992,43.333609742000135,13.193732000218006
2167,2667444d-e532-40a9-911e-c78590e11cb2,202,,43.34030626799995,43.357603053000275,17.296785000326054
2168,eaeaa073-6042-498b-bfa7-ed4d1b8fbd23,202,,43.3603736,43.37425720800002,13.883608000014647
2169,06604908-7f7b-4620-9a6a-c64b8610e2e3,202,,43.38035814400018,43.39286774900029,12.509605000104784
2170,4b3e35e7-8013-4fb6-b476-0f00e2e161d9,202,,43.40018144800024,43.4123551560001,12.173707999863836
2171,d8e81687-3346-4791-8509-7f70e972a356,202,,43.42039577100013,43.43171677800001,11.321006999878591
2172,0aecc628-aa04-4728-afba-b41b5cc2680c,202,,43.440399980000166,43.45128601200031,10.886032000144041
2173,df33ddb4-bb0b-406d-b741-e33fce3be483,202,,43.46035764900034,43.47097798799996,10.620338999615342
2174,edb57bd6-6bc6-4ddc-ab78-e42af649939c,202,,43.48047822600029,43.49035781600014,9.879589999854943
2175,febb5b62-f34e-477a-a421-a50f55cbfa53,202,,43.50022919899993,43.51427400400007,14.044805000139604
2176,a7b800d4-5948-436e-823f-d5366a6bbf09,202,,43.52042931200003,43.536443253000016,16.01394099998288
2177,b184cbc5-9a20-4d86-b1f0-4909a262981e,202,,43.54021228300007,43.55163207500027,11.419792000197049
2178,71d98019-1720-4d5e-9672-0163cd801d78,202,,43.56128592899995,43.57164599099997,10.360062000017933
2179,ff99ae59-61d8-411d-b656-4a7b09214386,202,,43.58034681700019,43.59229932800008,11.952510999890364
2180,6e517400-3bf5-47b0-abb0-01381adcd283,202,,43.60067259000016,43.6107717509999,10.099160999743617
2181,76ab9058-6890-4868-a95c-a7029f34bd2d,202,,43.620446852999976,43.63063017600007,10.18332300009206
2182,806874e3-e3f7-4880-a42f-0a18a12d0aff,202,,43.641116481000154,43.65093074200013,9.814260999974067
2183,02039456-bcd5-486c-bb9f-33779a74b7bc,202,,43.66041081399999,43.67167669900027,11.26588500028447
2184,2b2a48cf-1a53-4df6-8632-77025f301dcc,202,,43.68019174400024,43.692007012999966,11.815268999725959
2185,de9f49fc-cbdb-47f4-b2de-0c9992674c54,202,,43.70022840799993,43.71384415600005,13.61574800012022
2186,b3e4f3fc-5f3b-489e-ad43-856c7d8ce349,202,,43.72033469400003,43.73382328200023,13.488588000200252
2187,01f2c530-78b5-4508-9c98-8f9d096da4cc,202,,43.74034381799993,43.76070458899994,20.36077100001421
2188,a42e9037-738d-4b20-90b0-9773e7eb2f6d,202,,43.76034569300009,43.77791541900024,17.569726000147057
2189,86d6b01b-e990-4486-9c8b-dccc9a318ed2,202,,43.780263282000305,43.799189969000054,18.9266869997482
2190,2ad0b01f-e1c1-445d-979d-90de9aae31ea,202,,43.800160287999915,43.8121112570002,11.950969000281475
2191,54664a50-9bec-4e4a-a276-f7915f4ffb0d,202,,43.82020903500006,43.833265440000105,13.056405000043014
2192,a07b1bf0-7891-4eb6-95f6-46cb12ea0472,202,,43.84036035999998,43.857181587000014,16.821227000036743
2193,eafb1050-fe27-42fe-9cb0-513b8aec06e4,202,,43.86113460600018,43.89776884499997,36.63423899979534
2194,15bd9784-6abb-44af-8369-d0bcfc06a6b1,202,,43.8830919510001,43.904210677000265,21.118726000167953
2195,11a118b5-5e9b-43a7-80bf-95f14accfff9,202,,43.90034348600011,43.92014991399992,19.806427999810694
2196,a776e603-158b-4a0e-9792-37bb6d40feef,202,,43.92040044100031,43.95241865700018,32.018215999869426
2197,52cd1578-9355-4db5-b9f0-ed78397f8515,202,,43.94017741300013,43.96751011000015,27.332697000019834
2198,89f70a30-6407-45c9-aff5-a2768658c119,202,,43.96038156800023,43.97508470999992,14.703141999689251
2199,efaa0a26-2608-41eb-bfae-4ea2cac0f9ee,202,,43.980176705000304,43.99462311200023,14.446406999923056
2200,059070bf-f784-4435-813d-630bdb223d2e,202,,44.00058551400025,44.01399644000003,13.410925999778556
2201,80635a7f-ca9f-4e92-a31f-f58284d41048,202,,44.02031328000021,44.03187223100031,11.558951000097295
2202,422451ac-bd1a-455f-80d6-9ab0dfba4b45,202,,44.040199911999935,44.052409116000035,12.209204000100726
2203,a2a93ed7-8a4f-4563-ae18-e2f709ff532c,202,,44.06017753800006,44.07440595800017,14.2284200001086
2204,c22050a7-c9d8-4776-bd1f-170a058f659d,202,,44.08017066399998,44.09415426500027,13.983601000290946
2205,b113d5f1-4dae-49d3-af13-38b31c1f8620,202,,44.10019074599995,44.114574406999964,14.383661000010761
2206,901b587d-2bf8-469b-a527-3a0d4c4f57b9,202,,44.120462896999925,44.1345352430003,14.072346000375546
2207,81670802-8a30-4006-88f9-1ace7210dea2,202,,44.140388776000236,44.153566758000125,13.177981999888289
2208,2b686ca0-9200-405d-865c-7a69813b9161,202,,44.16018828799997,44.17415393200008,13.965644000109023
2209,e100761d-0832-4cf6-95b2-07c94099a6c6,202,,44.18026365900005,44.19357800700027,13.314348000221798
2210,d9e70d9c-d750-468d-808d-248492a0fc92,202,,44.20018516400023,44.21350346999998,13.318305999746372
2211,0a94450b-ec51-468b-a2e6-3a448e1683cf,202,,44.22029069900009,44.23202426500029,11.7335660002027
2212,b7306a09-fca5-42bf-81ad-ee38b662753d,202,,44.24026557600018,44.25659145700001,16.32588099982968
2213,3a02ba80-bab2-4f83-bda7-5d5750390c36,202,,44.260203120999904,44.27307341200003,12.870291000126599
2214,a50755e5-0a31-4392-8e0a-2c3f8f3fea2c,202,,44.280180455999925,44.29659762400024,16.41716800031645
2215,647227b8-7c12-4f9c-9417-b5374927e41a,202,,44.30023403600035,44.31103724000013,10.803203999785183
2216,d0237ac4-522f-4f30-9c3d-d5b61831da60,202,,44.32021307900004,44.336702576000334,16.48949700029334
2217,573d475a-1cf8-462a-b610-304d11ce7ea8,202,,44.340364904000126,45.12930841000025,788.9435060001233
2218,ee090886-1bff-46e6-bbd4-b41f3074ea71,202,,44.36026661799997,45.13245172699999,772.18510900002
2219,e26cf11b-a517-483f-be28-8299ab5baf3a,202,,44.3804845640002,45.142054999000266,761.5704350000669
2220,a8bc42cd-d31e-4f3e-abad-a69ab9812d47,202,,44.40111548599998,45.149918665000314,748.8031790003333
2221,1878234b-0897-4ddf-9195-463f686620cb,202,,44.42065742900013,45.15659431600034,735.9368870002072
2222,8e69ccbb-ef79-42cc-a31b-78f06f5064ed,202,,44.44050085500021,45.16621408800029,725.7132330000786
2223,02700a3b-433b-448f-b0d3-0d19cf147578,202,,44.460222161000274,45.17503278100003,714.8106199997528
2224,63f593bd-e031-4283-a8f5-421a0507bf47,202,,44.48357371300017,45.184370694000336,700.7969810001669
2225,655b4501-a6f4-4f12-88c4-7b252dcb24e8,202,,44.50051697400022,45.19289498700027,692.3780130000523
2226,600ecdfd-ce42-4a05-8819-3ff59199fc20,202,,44.521694987000046,45.20267637400002,680.9813869999743
2227,db4d40b0-06b7-4089-9e03-96b58abfb4b4,202,,44.54024782000033,45.205610703000275,665.3628829999434
2228,434c19f2-dffe-4e84-8a20-ed9ed78ee934,202,,44.561161055999946,45.218458744000145,657.2976880001988
2229,fc0333e4-f21f-43a6-ae01-33a95c5f7a0d,202,,44.58142195600021,45.227768449999985,646.3464939997721
2230,d1792cf3-9e76-4238-85f4-007abcdb5002,202,,44.6005595470001,45.23293464900007,632.375101999969
2231,622faae4-c0b3-44e0-8001-fd44117bc1bd,202,,44.62029822700015,45.23828466900022,617.986442000074
2232,882213c4-4f6e-40d9-aa08-bad85c8fda89,202,,44.64093189699997,45.245300468000096,604.3685710001228
2233,1c212336-2c6e-4fa8-baeb-3d6b6518b12a,202,,44.66049304600028,45.25074185800031,590.2488120000271
2234,cd630704-c8f3-44ee-99cb-8f9fb4f9cfc5,202,,44.68060207899998,45.2547131260003,574.111047000315
2235,f264da35-faa2-4650-8e6e-751efb5afc58,202,,44.70233743500012,45.259118452000166,556.7810170000485
2236,6627c7e6-c146-4ffb-9d12-7c3f670b1527,202,,44.72025447100032,45.27365564499996,553.4011739996458
2237,d4995e44-a972-4c55-b831-f97f52002930,202,,44.7420699889999,45.27795626900024,535.8862800003408
2238,56477915-651d-411c-8210-031cd5b05c67,202,,44.76467312700015,45.35277514800009,588.1020209999406
2239,85b377fd-e4cf-4763-ade0-a59f5c3490fa,202,,44.783117591000064,45.317897894,534.7803029999341
2240,79b147c2-5d22-4b59-9d6a-252f71996ac6,202,,44.80157297100004,45.292118441000184,490.5454700001428
2241,cdd5c820-99bc-463f-9dd6-c3a9f8d763d7,202,,44.82363880699995,45.371260110000094,547.6213030001418
2242,6c53a899-e136-404a-8721-6c1b2404e68e,202,,44.845093929000086,45.32685287100003,481.7589419999422
2243,4d9e29a2-e1a3-4286-9d56-754c22bc4db1,202,,44.86107016200003,45.310638568000286,449.56840600025316
2244,b7cd544d-f1f7-4f18-891b-4885fb7d2bd4,202,,44.88047773700009,45.442453367000326,561.9756300002337
2245,860902a5-c345-4b7e-854d-e0d08cadec23,202,,44.900612103000185,45.412325795000015,511.7136919998302
2246,bf133014-912a-4d45-b9de-c1df9fd4a9da,202,,44.92068076400028,45.435376656000244,514.6958919999634
2247,c381ad2c-4b04-490f-be66-8d8fa2a72ad7,202,,44.94055889400033,45.40822061800009,467.66172399975403
2248,e4d9524c-7250-4cd7-bbd6-1b9c5bd7dd41,202,,44.96022524499995,45.340238922000026,380.01367700007904
2249,0a6fb355-e88b-448e-99a1-0d2fb604ad2a,202,,44.980206953000106,45.391873613999906,411.6666609997992
2250,6a1b212a-5d56-4774-86bf-0927eb90b656,202,,45.00067213300008,45.45366071200033,452.98857900024814
2251,784e5fa0-d3f5-43b1-9229-23d04a022b78,202,,45.02058342800001,45.46347788799994,442.89445999993404
2252,a363f90b-0128-40cc-94f5-f5d150b94336,202,,45.04029519300002,45.4826030600002,442.30786700018143
2253,2bd0d416-ca8e-4571-9d36-8dfa4b8524f0,202,,45.06025681900019,45.586544938000316,526.2881190001281
2254,992ac514-efa8-4157-8f7f-e663e43098ad,202,,45.080984525000076,45.60463579599991,523.6512709998351
2255,69bd6fda-3acd-4d16-b386-dfaf651f50bb,202,,45.101310296000065,45.677869679000196,576.5593830001308
2256,16623119-f0f4-48f5-826b-10a2313605e5,202,,45.12101693600016,45.7359026590002,614.8857230000431
2257,73d670a1-b323-4e16-a309-19e3b5f0e2be,202,,45.14038330500034,45.76216462299999,621.7813179996483
2258,fddaf164-a1a7-4f8a-aa1f-275baf341424,202,,45.16033409800002,45.793717527000354,633.3834290003324
2259,d5387d9d-c5be-4136-813b-7e5d6f2391cb,202,,45.180978891999985,45.816592480000054,635.6135880000693
2260,9eb1374c-0abe-440a-86ed-703361e35922,202,,45.200969348999934,45.81746159600016,616.4922470002239
2261,5f80cb95-e96a-4305-9a5f-5c71b06abd8d,202,,45.22039779800025,45.83327313000018,612.8753319999305
2262,8b2c5027-2048-41eb-b179-6ec5869b1b12,202,,45.240384921999976,45.85874872300019,618.3638010002142
2263,725ae362-9f39-4073-96e5-b0e1696603a6,202,,45.26039021099996,45.86795976700023,607.5695560002714
2264,d5198ec5-1c76-4949-a0de-3281d0814ddf,202,,45.2804298330002,45.88381204799998,603.3822149997832
2265,70eb239d-e6ea-477e-8b4f-abf5fbf1d75b,202,,45.300315671000135,45.89496922900025,594.6535580001182
2266,34dc1c80-fe53-4326-9630-2f431be42fc9,202,,45.32078018400034,45.9152274600001,594.4472759997552
2267,1d685032-0645-462b-bda6-c11ed438f182,202,,45.34090317500022,45.924398007000036,583.4948319998148
2268,34d83f80-79ff-4676-9c54-1e9eddc53ab4,202,,45.36034079000001,45.935827213000266,575.4864230002568
2269,cf01bbc7-77d3-456f-bcc1-189710b291b5,202,,45.380610897000224,45.94295142200008,562.3405249998541
2270,0c64b9d2-c94a-4409-9c46-cde4e67809cb,202,,45.400644644000295,45.96327606600016,562.6314219998676
2271,f44bb352-d250-4d2e-a3c9-3753d43cd2dc,202,,45.4208565050003,45.97593549200019,555.078986999888
2272,a0bb3f45-344e-4624-a2bd-3fcd3dd9b669,202,,45.440385030000016,45.99238561300035,552.0005830003356
2273,54fbc5b2-6f2a-4778-ae34-4fa14c801e28,202,,45.46101103199999,45.995538970000325,534.5279380003376
2274,49947ea6-64cc-467e-844a-0aa30d13ecc2,202,,45.48322339900005,46.007588724000016,524.3653249999625
2275,f3cccb7b-3078-445b-8f9d-7062c0c0080e,202,,45.50320089700017,46.025457262000145,522.2563649999756
2276,64f7e30c-735b-4653-b191-82ecb3ee0b96,202,,45.529827173000285,46.03115955300018,501.33237999989433
2277,03f5de64-7a77-430f-8c04-d762d60f7392,202,,45.542446143000234,46.039563812000324,497.11766900009025
2278,31121809-2096-442c-83e8-0f8c0b9282b6,202,,45.56035263700005,46.06050879500026,500.15615800020896
2279,d2adeba9-7105-46fe-991c-d38515264b4e,202,,45.582719204000114,46.071128257000055,488.4090529999412
2280,ab4be328-86be-40d7-bc19-09a8256868e7,202,,45.605082478999975,46.079315278000195,474.23279900021953
2281,fd848766-52cb-4683-a25c-5ec83f1d4d99,202,,45.626163829000234,46.10915874000011,482.9949109998779
2282,d3c4ac0e-00a6-4648-b4dc-6658d4814bd5,202,,45.643022468000254,46.18990243300004,546.8799649997891
2283,173ac306-e8d2-441d-8d9c-9ebc00238cec,202,,45.661395643000105,46.12402507900015,462.6294360000429
2284,aea94ead-ae86-4ff7-b4c2-7affc98e0dd1,202,,45.681527090000145,46.15501934900021,473.49225900006786
2285,d88b6102-6363-4f9f-9d84-592722246e6f,202,,45.70497230199999,46.209085936000065,504.1136340000776
2286,b735830f-4f5f-4693-814c-73c256d0e7d2,202,,45.72177252700021,46.17736512500005,455.5925979998392
2287,7497c4e0-ec46-4f33-ad43-9dbfec29bcf6,202,,45.74524252900028,46.22445124600017,479.2087169998922
2288,4bb9ab59-a093-4811-92dd-d5391051ab60,202,,45.76036302000011,46.23306582500027,472.7028050001536
2289,230f25f4-4913-4d77-b24b-efe878fcb80c,202,,45.781489242000134,46.242475858000034,460.9866159999001
2290,eadfed01-b46e-4c4c-b17d-2b6730ad02af,202,,45.80036963800012,46.25084491000007,450.47527199994875
2291,c5e3e746-ba6c-4cd9-af83-7e52d8f24c8a,202,,45.82046358700018,46.25975930499999,439.29571799981204
2292,bdf1367b-9931-4e25-a8d0-a1be31ddcae4,202,,45.8415983509999,46.270386642000176,428.7882910002736
2293,7cbf5501-3189-4516-b967-651cd54d82bb,202,,45.86064644499993,46.27820514299992,417.55869799999346
2294,cb70f298-cc52-48af-87df-9d440fa73b91,202,,45.88031012800002,46.29212607799991,411.815949999891
2295,d6c8308e-33a3-4419-9c1a-9cd6218fa2c5,202,,45.90033641500031,46.29843479300007,398.09837799975867
2296,fce8c295-b5f0-4a3d-9092-b99e1364ece4,202,,45.92155271499996,46.31693158600001,395.3788710000481
2297,54528324-ed70-4dbd-9ae5-5c5128ffeef9,202,,45.94276734899995,46.338732185000026,395.9648360000756
2298,3d5c6b65-bf6f-4fc4-a7fc-a82b9f4194a9,202,,45.96081196000023,46.354559550999966,393.74759099973744
2299,19ef3f8e-4777-4b95-95eb-94d2cd9f80e9,202,,45.98021524200021,46.35821546200032,378.0002200001036
2300,4e733098-39c4-46c5-bb28-3bf1a36e3e9f,202,,46.00174727400008,46.37303884500034,371.2915710002562
2301,ab43b55f-b747-4dce-a2ee-270a93095b86,202,,46.02072224700032,46.38219914199999,361.47689499966873
2302,a8f63c86-f13a-4997-8f8f-82c6714839d9,202,,46.04022893899992,46.39328678500033,353.0578460004108
2303,0b8a53a7-e52c-4237-97dd-58603a5bebb4,202,,46.060590831000354,46.39895466200005,338.3638309996968
2304,9075b9ef-9c2d-44a1-b905-7d7f29877594,202,,46.08105275900016,46.410243960000116,329.1912009999578
2305,8dc5dc7c-859e-4e21-b887-15f19be03082,202,,46.10103309100032,46.42407615100001,323.04305999969074
2306,4c464794-b716-419d-822d-3172fa33bf1f,202,,46.12122457600026,46.430672057000265,309.4474810000065
2307,8e450574-8a26-4faf-83fb-77366b398aa6,202,,46.14163900700032,46.43623989800017,294.60089099984543
2308,18d0cac0-9268-48ff-8344-9b5edb2de765,202,,46.161015040000166,46.44674640700032,285.7313670001531
2309,3d7216de-5522-4494-9f2f-263005715a4f,202,,46.180557187999966,46.45285459100023,272.29740300026606
2310,6fd26e95-4a88-4062-99a6-81a0e708004c,202,,46.20117435700013,46.45821277699997,257.03841999984434
2311,b3c95b59-b2e3-48b8-9df3-bea430933760,202,,46.222346244000164,46.46734111700016,244.994872999996
2312,abe024e6-940b-4b67-b69e-f8886306f112,202,,46.240276070000164,46.47233511600007,232.0590459999039
2313,556fcaa8-4127-464e-9864-f878c7093fdc,202,,46.260196279999946,46.480482847000076,220.28656700013016
2314,89a412e1-09ef-4692-be26-cc701222bfea,202,,46.28038039000012,46.507113995000054,226.73360499993578
2315,07267229-f04e-4b56-81ed-f8fbe1b9e44d,202,,46.3002491860002,46.517209154000284,216.95996800008288
2316,d0be9fef-e9d5-45f1-a03a-9d3913be1c92,202,,46.320372343000145,46.53100751200009,210.63516899994283
2317,899d0af8-d589-4a9d-935d-7e0606ea5859,202,,46.3402723449999,46.54035913100006,200.08678600015628
2318,59de5850-0ae4-4b2b-805f-4bbd7e60e55d,202,,46.36025746800033,46.546182040000076,185.92457199974888
2319,757132a8-99fd-4e22-a6dc-202bb4617b4a,202,,46.38033991800012,46.554307731000335,173.96781300021757
2320,b55234d0-d674-4c7e-b2bb-f4ee2d382068,202,,46.400414743000056,46.56075085300017,160.3361100001166
2321,dd7ee87e-3d53-4e33-9d68-21216d5d3392,202,,46.42102008000029,46.57255799500035,151.53791500006264
2322,c02738e4-eda0-4534-933d-2f88fb6c4324,202,,46.440510522000295,46.57681486999991,136.30434799961222
2323,84654206-5ff2-4b03-9672-1750bf7904c4,202,,46.46033281900009,46.58701214800021,126.67932900012602
2324,52c4ca0f-6016-407a-8807-707f70d72ada,202,,46.480511304000174,46.59317403700015,112.6627329999792
2325,71847e50-f31c-4097-90f1-8ee0ec21b0a4,202,,46.500740619000226,46.59677582600034,96.03520700011359
2326,30c605fb-480d-46aa-b3d4-cb240e52c2b8,202,,46.52047950399992,46.61116744099991,90.68793699998423
2327,391bdd40-e30b-4377-9db1-3cc989d3e8e6,202,,46.54026751099991,46.608300234000126,68.0327230002149
2328,50db5621-f6a2-4526-bcad-5561b14a3911,202,,46.56021488400029,46.61180086200011,51.5859779998209
2329,7ee52191-4985-416a-8852-ea4ccc6c343c,202,,46.58028145900016,46.61860271400019,38.32125500002803
2330,8094e3ad-faaf-494e-8992-356d52f3a2d6,202,,46.60029349500019,46.62186298100005,21.56948599986208
2331,de9dff31-a744-4ac7-9655-9920ea0e5a01,202,,46.62019953700019,46.63690735,16.707812999811722
2332,2fb63eb6-65ba-4744-8222-79ffedccc00c,202,,46.64036489699993,46.652737505999994,12.372609000067314
2333,45b17171-73c5-42f4-97f6-b403c93f0aff,202,,46.660220692000166,46.67190525800015,11.684565999985352
2334,f29e2026-3187-47d9-b72b-e3834c2278b9,202,,46.68016731500029,46.733482817000095,53.31550199980484
2335,6be6f1ff-8dee-4ea9-aaf7-1a098ee50466,202,,46.70045537700025,46.76562564200003,65.17026499977874
2336,f33c8d2b-177c-4a4b-8cb3-95858bc672e2,202,,46.720398082999964,46.79273451200015,72.33642900018822
2337,f726e7e9-f203-43c0-99d2-bf607ff8256b,202,,46.74041999400015,46.81310465200022,72.68465800007107
2338,26a2bb22-8120-4d98-b745-a7d1adeae1a0,202,,46.760796174999996,46.825886278000326,65.09010300032969
2339,6c275d2e-f0b5-4d9e-b279-e41cefb0c237,202,,46.780863040999975,46.833909808000044,53.04676700006894
2340,cc93d696-9b75-4902-b61e-2730633a845f,202,,46.80042318699998,46.832684297000014,32.26111000003584
2341,34373644-9f72-4dbe-b7a1-50c7e783a0ba,202,,46.820281940000314,46.839475441000104,19.193500999790558
2342,e84ee289-1afd-4c58-9572-bc0184f4ab61,202,,46.84029660100032,46.855610204000186,15.313602999867726
2343,92d9db5f-c461-4b59-9e16-ac5a73d147da,202,,46.86016276999999,46.873354123000354,13.19135300036578
2344,efd224ed-0daf-497c-ab5d-86be3d58333d,202,,46.88026688400032,46.90037574799999,20.108863999666937
2345,9e16b239-8499-4ed7-9829-482bf209fe24,202,,46.900420037,46.91668733400002,16.26729700001306
2346,b0eb6c8b-8f98-4210-95e3-22bdb50e30ea,202,,46.92020512799991,46.94051493799998,20.309810000071593
2347,07d50f8e-887a-44bb-8a22-29b3949a6586,202,,46.940195123000194,46.95352413399996,13.329010999768798
2348,b1396d09-a1f3-46fa-8d84-a1a44aaa4c2f,202,,46.96018303600022,46.97319352300019,13.010486999974091
2349,66be2a83-1381-4881-9ee8-041716cec655,202,,46.980155949000164,46.992108957000255,11.953008000091359
2350,858ea627-409c-45d4-8dc5-4e3719aa0fea,202,,47.00019865000013,47.012749498000176,12.550848000046244
2351,596e37d3-4668-4ec9-8ab3-00e52bd8c93b,202,,47.02016364700012,47.03417015900004,14.006511999923532
2352,fcc3094e-91e5-4429-90a5-1f6043a9f474,202,,47.04025272000035,47.05493277599999,14.680055999633623
2353,8603319c-7020-40f7-8320-37c038448f17,202,,47.06019626000034,47.07318912300025,12.992862999908539
2354,d43ebd85-43ea-483d-b8df-1521de483a2a,202,,47.08021371199993,47.09450033300027,14.286621000337618
2355,e854d6a4-98c3-4f54-9074-4713680755ad,202,,47.10016795999991,47.123114948999955,22.946989000047324
2356,887dd350-8913-42ba-8019-f1ca35597529,202,,47.12023757499992,47.13347534200011,13.237767000191525
2357,305fd638-5a99-44cc-9972-9314b844fb93,202,,47.14019590599992,47.16180989000031,21.613984000396158
2358,d34c7a78-9a8f-4da9-ba82-95970b0c0ce1,202,,47.161298002999956,47.17606805500009,14.770052000130818
2359,d7bd15aa-c1fc-4447-b295-45fa437cf597,202,,47.18039671800034,47.194775459000084,14.378740999745787
2360,445d0332-48f4-41e3-9c20-4c1088527c8b,202,,47.20033471600027,47.21337149400006,13.036777999786864
2361,de154e0b-8304-4712-b152-fab4c685070b,202,,47.22019159499996,47.23672075100012,16.529156000160583
2362,a9cdbcfd-0c01-4c05-9470-72e32df2398e,202,,47.24024737800028,47.25095033400021,10.702955999931874
2363,e7b620ee-4046-45d3-a9e9-771c091adf08,202,,47.26022845700027,47.278331189000255,18.102731999988464
2364,30707429-0282-4772-9161-28529099d6e5,202,,47.280258742000115,47.29261297700032,12.354235000202607
2365,c2a46dbf-a7fa-4387-80e9-f10c85fb43f0,202,,47.30032723300019,47.318484919000184,18.15768599999501
2366,bba45738-cc26-43df-8a63-70fb5c713096,202,,47.32022127600021,47.336126178000086,15.90490199987471
2367,d0a9245a-88a4-41be-bf88-459c20da838a,202,,47.3402026470003,47.35365085900003,13.44821199973012
2368,733d7a1c-4292-4fef-86c0-682ccbcc8564,202,,47.36097630500035,47.37215352500016,11.177219999808585
2369,be15523a-5880-406b-93ca-d70f04600dc0,202,,47.381247951000205,47.39428822800028,13.04027700007282
2370,1a2640ef-e1c8-4ab9-ba78-5f4272a09566,202,,47.40027462800026,47.41500934800024,14.734719999978552
2371,7570db8b-bc1c-400e-ac02-524aef9c8bd6,202,,47.42074755300018,47.4427371390002,21.98958600001788
2372,6076ffa3-46b4-4d4d-8182-33d72660742f,202,,47.44228574900035,47.47622279999996,33.93705099961153
2373,0f647c30-e090-48ea-b87d-9345bada6c2f,202,,47.46411680200026,47.492059412000344,27.942610000081913
2374,a3c5f556-def7-46c7-b5ae-7aae6520beb2,202,,47.48049042399998,47.49785444700001,17.364023000027373
2375,8cec2b19-ba55-4701-b860-88381ab01c2e,202,,47.50081202399997,47.5151213930003,14.309369000329752
2376,71cc5110-bd43-440d-b343-b3db59711c44,202,,47.521507851000024,47.566469547,44.96169599997302
2377,61a68e85-0607-4052-83f1-2f4988de62e1,202,,47.54024291900032,47.56907226900012,28.82934999979625
2378,e277463e-1ad1-4cbc-81c1-a64b0bfcf0af,202,,47.56038752900031,47.57795695599998,17.569426999671123
2379,de41439e-6ab5-4078-87d7-c3d7dd97047d,202,,47.58021115700012,47.59536706000017,15.155903000049875
2380,dc48abb6-190d-43dd-8b2f-3a9fe5a71a30,202,,47.60017219400015,47.618086227000276,17.91403300012462
2381,0fb2561a-d7b1-4a3e-8010-bb361231d1c1,202,,47.62025609900002,47.6363412390001,16.08514000008654
2382,db06be98-19d6-4165-9bfb-2326038d2f00,202,,47.64018788800013,47.656885867000256,16.697979000127816
2383,399bb6d7-83f8-4cb0-8db6-669c377cf357,202,,47.6613007750002,47.67702981000002,15.729034999822034
2384,9602bfca-b691-4494-b527-e429285796ec,202,,47.68050952300018,47.69703522000009,16.52569699990636
2385,2df8e18b-2ce8-40a5-a977-5bb7cb6d4a54,202,,47.700251823000144,47.71497833400008,14.726510999935272
2386,71c892b1-8c69-4826-83f9-313f011f5a15,202,,47.72026989799997,47.73341654400019,13.146646000222972
2387,05daa16e-a486-4350-9fd6-060909391aee,202,,47.74018343800026,47.75731560000031,17.13216200005263
2388,5ad069f4-b8e4-4ee8-b35e-e3fd4c182162,202,,47.76019080600008,47.77571985300028,15.52904700020008
2389,e1e84f6d-0d3c-4910-bb3f-018fe18c67c4,202,,47.780604317000325,47.794433088999995,13.828771999669698
2390,b14dc84e-3d44-4916-ba0d-510be98496f9,202,,47.80156850399999,47.825056167000184,23.487663000196335
2391,a2f0ef9c-2e7a-4e0f-bd1e-b5d393d0e614,202,,47.82044581300033,47.83696296900007,16.517155999736133
2392,95c2fc9d-371e-4386-bc85-5dcef9b18d5a,202,,47.840374684999915,47.86051733700015,20.142652000231465
2393,e0fb8c70-01ac-4e7a-8d84-4732510bfab3,202,,47.86017810700014,47.87318771800028,13.009611000143195
2394,a7c5d9a7-982b-4c7f-9365-33309c759b13,202,,47.880286635000175,47.89503368700025,14.7470520000752
2395,c910febe-cd0b-4508-827a-dc472c37f2db,202,,47.900350000000344,47.91779476800002,17.444767999677424
2396,577a9f45-462a-4a1e-a622-cdc5f76b8abc,202,,47.920226834000005,47.93850759399993,18.280759999925067
2397,5714e785-e235-4b1c-bace-74580baf5932,202,,47.940207827999984,47.954623107000316,14.415279000331793
2398,dcd02281-424c-408e-9490-2f10feab0a16,202,,47.96027852499992,47.972301945000254,12.023420000332408
2399,f4d8a881-e05d-4d55-a071-b25bb9f0fd33,202,,47.980351931000314,47.9957446530002,15.392721999887726
2400,97a276cc-082c-428b-a0a2-5442eb2dcdc6,202,,48.00024072299993,48.01167634300009,11.435620000156632
2401,521d63f5-9e5d-4a08-8824-f4ff91291d6c,202,,48.020217509000304,48.036251110000194,16.03360099989004
2402,2e1c4701-03bb-4a06-b64f-99ac9a4819d1,202,,48.040262499000164,48.05726304400014,17.0005449999735
2403,71d1f062-97e6-43f6-8141-d3f9f85c9ffb,202,,48.06029853200016,48.078312267,18.01373499984038
2404,0abb8fb6-7870-482e-9ef8-530eceb095dd,202,,48.08019461499998,48.09176935300002,11.574738000035723
2405,accbad2f-2dd2-4760-8191-8301f985db58,202,,48.10200412700033,48.116929085000265,14.92495799993776
2406,c5d977c8-6290-4970-a761-aa20881ca8f2,202,,48.120334343000195,48.13362435499994,13.290011999743001
2407,615748dd-a5a5-4fe0-8d9f-b197df4ad0eb,202,,48.14029325599995,48.15507743000035,14.784174000396888
2408,59ad0f2a-31ac-45bf-9c5a-531151528bc3,202,,48.16048832100023,48.191303054999935,30.814733999704913
2409,09389b83-69c8-45c1-b64f-908dc5eec1dc,202,,48.18025257799991,48.194112055999994,13.8594780000858
2410,80b43dcb-29fe-4576-8995-1bbe1eade1fd,202,,48.20042272799992,48.21085644899995,10.433721000026708
2411,e48fafb0-a0fd-4027-8c95-947e0bed9d07,202,,48.22047592600029,48.23231431500017,11.83838899987677
2412,8a759fa7-8601-4e86-80c6-d874cbdab861,202,,48.24097997300032,48.25355044400021,12.570470999889949
2413,a27ccd39-878e-4300-9cb4-166991058ac4,202,,48.26081980900017,48.279290976000084,18.471166999916022
2414,21e6e6ce-aed3-4555-b392-2dc9f542710a,202,,48.28041574300005,48.29282768200028,12.411939000230632
2415,e51c495d-ba7e-45b8-9d62-7dfce9f7738a,202,,48.30090829100027,48.312728056000196,11.819764999927429
2416,6f1901b1-46c9-4f9b-818f-bed4b9cd127e,202,,48.320886452000195,48.33078770400016,9.901251999963279
2417,b305c918-e8c6-4fca-87e3-6878131f07d7,202,,48.34067216600033,48.351248337000015,10.57617099968411
2418,938ad21c-fb2a-4108-8e78-91eda5b360b4,202,,48.36160431300004,48.37708911300024,15.48480000019481
2419,88aad6d9-46fc-445e-8bb7-21f06737ad47,202,,48.38033617200017,48.39685816100018,16.521989000011672
2420,246c40f4-96ff-4df8-a06b-81992748d969,202,,48.40036345599992,48.41549131800002,15.127862000099412
2421,af1a3bae-9ca2-4bdc-a04e-2bc93b166bbd,202,,48.42022766500031,48.43113623399995,10.908568999639101
2422,46c1192f-b009-4c19-aa0a-f236c2a17051,202,,48.44043964599996,48.451207305000025,10.767659000066487
2423,aae466bd-bcb9-4708-90b6-077db7582382,202,,48.46100885400028,48.475623495000036,14.614640999752737
2424,b63dd890-0e58-431a-8b8d-4afc6117bc7c,202,,48.480297429000075,48.4955034110003,15.205982000225049
2425,926baf67-d831-4edf-9413-e60ac2b450ac,202,,48.50045828600014,48.5111149520003,10.65666600015902
2426,0c49b257-2124-4f76-a302-87de7a28fbae,202,,48.5203989900001,48.530541644000095,10.142653999992035
2427,9a161861-2b03-49c3-bca1-972db2d8cda7,202,,48.541115939000065,48.55425025100021,13.134312000147474
2428,ea3a9a5a-432c-4f45-b8d3-3312b56a77f3,202,,48.56021710799996,48.61040807600011,50.19096800015177
2429,6ec3379d-c264-4361-8739-ce7c0ee2e312,202,,48.58054437200008,48.63840434800022,57.85997600014525
2430,7d88ed1d-cc1c-4afe-ae5f-f507430e1559,202,,48.60045361900029,48.646003485000165,45.54986599987387
2431,844cf940-4194-4c66-aabd-14107c33d1cf,202,,48.62172816100019,48.65261992900014,30.89176799994675
2432,b2b81090-4780-417a-a3e9-45c3bc2a4053,202,,48.64096111400022,48.65741002300001,16.448908999791456
2433,e3966be5-76c0-4e5c-b422-98826e043b90,202,,48.6601789020001,48.675504334999914,15.325432999816258
2434,2bdeeebe-ad15-470e-a9cb-c308759c0e63,202,,48.68032030199993,48.70152734800013,21.207046000199625
2435,ca9140f0-048c-470c-acc6-23aa04ca54f3,202,,48.70024192300025,48.71655175600017,16.309832999922946
2436,587f518b-754b-432a-a916-ce376f8058dd,202,,48.72031474400001,48.73245323900028,12.138495000272087
2437,50ac9ad1-a776-4fa7-9b39-b1be32c05790,202,,48.74021153300009,48.75887877000014,18.667237000045134
2438,3d8a8c37-052e-44ab-9d51-a5ceb7a20225,202,,48.76040705500009,48.78230685100016,21.899796000070637
2439,8a7ec917-379c-440f-9a54-b39b879272d6,202,,48.78327225300018,48.81107866100001,27.806407999833027
2440,198ad24c-0e54-4533-b214-a70c89247e2e,202,,48.80063198300013,48.828649795000274,28.01781200014375
2441,9a5f8514-02f9-48be-939d-7256a325c87c,202,,48.82036340700006,48.863185058,42.821650999940175
2442,5cb3f2c4-7e06-4c71-a3e5-d36d2c871035,202,,48.84160532600026,48.89180937600031,50.20405000004757
2443,6ee17967-69cc-4479-84cf-fb90e4025693,202,,48.86065145700013,48.89603087800015,35.37942100001601
2444,d418b1f9-86ee-4995-a9c0-2497dacdeeaf,202,,48.88052833100028,48.908437565999975,27.90923499969722
2445,711ac9d0-77c8-472e-aa3e-d10334d1d098,202,,48.90025008900011,49.03331789499998,133.06780599987178
2446,6b8898f0-7f32-4801-a93f-83e3ccb16c14,202,,48.920575894000194,49.04847104700002,127.89515299982668
2447,bb0f88b4-10f5-484f-aa59-d0763f480cf0,202,,48.945354064000185,49.02955590800002,84.20184399983555
2448,5bfbe0e6-eff3-439d-8413-458174b8af7c,202,,48.962929239000005,49.046683318000305,83.75407900030041
2449,e0d14d7d-0f08-4c63-89ec-2cc5b513ebfe,202,,48.98233276600013,49.05390906100001,71.57629499988616
2450,9aefd3dd-cbf2-49cb-b933-21c40d2185e4,202,,49.00026517100014,49.058662823000304,58.397652000167
2451,4fafeec9-f579-49dd-9db0-de43a3348c53,202,,49.020212081999944,49.06584319300009,45.63111100014794
2452,1169fee1-328e-42b4-9acd-e165f79b3d54,202,,49.04036735599993,49.07333029400024,32.962938000309805
2453,83fef0eb-c922-4824-8489-fee4ea609a9a,202,,49.06045575899998,49.07864773200026,18.191973000284634
2454,de2f135d-2e53-4629-95b1-347588d1ca88,202,,49.080161560000306,49.09770261199992,17.541051999614865
2455,35690490-3c64-45d1-8e61-56ed3125f2c3,202,,49.10033645800013,49.11846522600035,18.128768000224227
2456,bdf03199-12a5-47c8-b59f-8e79422fbc45,202,,49.12019741600034,49.150574298000265,30.37688199992772
2457,96229178-12ed-4086-8687-19f9b92cb058,202,,49.14473714099995,49.21730658500019,72.56944400023713
2458,16df05e4-600f-47a7-b81d-912b83e23a60,202,,49.161004893000154,49.22164012200028,60.635229000126856
2459,c39a16aa-c03d-48bb-9e35-e099bf4ff178,202,,49.18021797300025,49.23438941500035,54.17144200009716
2460,b389f992-f2f2-4c24-9663-0704ff1adc99,202,,49.20041187000015,49.244379536,43.96766599984403
2461,ffd0cdac-e6bf-495e-9a87-230a9d533d2f,202,,49.220777005999935,49.253225058000226,32.44805200029077
2462,5eebc0d9-3f23-41bd-b07b-6b0a75826cf6,202,,49.24021186500022,49.26041771900009,20.20585399986885
2463,eb8b678e-afc6-425f-aa45-54389f75fc93,202,,49.26053892000027,49.28117529100018,20.63637099990956
2464,ee09a4a4-1549-4e46-8866-d7c3926efc4e,202,,49.28019509900014,49.32582321000018,45.62811100004183
2465,d620f909-2c27-4fea-a31b-4b891e30c0fd,202,,49.302414752000004,49.33588178500031,33.4670330003064
2466,87bd4a19-a813-4c08-9c4f-5a4bb9ccdfcc,202,,49.3203694470003,49.34180272899994,21.433281999634346
2467,c8ce4246-d84b-4970-a6bf-7697b1bd0f29,202,,49.34019453200017,49.35378169200021,13.587160000042786
2468,5f0c3d4a-4e21-4c27-96e8-68b9ad179e36,202,,49.360180566000054,49.37379730800012,13.616742000067461
2469,41b2a1f6-8e64-46bd-a8e4-500555a74266,202,,49.38033534000033,49.40018050700019,19.84516699985761
2470,0fd0f74b-c21a-4525-802a-38803122a6e1,202,,49.40032037400033,49.41202810300001,11.707728999681422
2471,e69ec692-a182-44c1-9bef-e58e072a645b,202,,49.420185457000116,49.43585145299994,15.6659959998251
2472,a7abee7b-6c1e-4a41-83a3-152f4baa3c64,202,,49.44018324000035,49.45097085499992,10.787614999571815
2473,c2820eac-db83-4842-ad8c-8b93944f3695,202,,49.46050896099996,49.47125032900021,10.741368000253715
2474,f272d576-82e9-4394-9897-584db2e0a09c,202,,49.48024913300014,49.494026530000156,13.77739700001257
2475,4aea0d48-7bf7-408a-a412-f6ef9c932d73,202,,49.50035903300022,49.5099519270002,9.592893999979424
2476,a2a2fd37-3c79-4a90-8c05-1189c4c63444,202,,49.522371653999926,49.53226394700005,9.892293000120844
2477,af595873-f795-46d8-9ce8-29900039f199,202,,49.54060045699998,49.55100067800004,10.400221000054444
2478,abffc5f2-2d39-45b7-9873-53031022bfda,202,,49.560719856000105,49.57774623000023,17.026374000124633
2479,f3f8fa3d-0746-49fd-9ac1-d45cdccb825f,202,,49.58042044700005,49.596668950000094,16.248503000042547
2480,5aafdad6-c70f-4612-9553-e918a25cbbc5,202,,49.60033694200001,49.622695210000074,22.3582680000618
2481,bb6dbe29-0999-4440-8fa3-f2a66e53723e,202,,49.620963229000154,49.6491496120002,28.1863830000475
2482,044404dd-2ca9-43dd-a35e-4f119816086a,202,,49.64023601100007,49.657290424000166,17.054413000096247
2483,356b27c7-f683-4705-a5e2-a74914fe3fac,202,,49.66040095000017,49.68334130800031,22.940358000141714
2484,2cd68f54-b88a-4a67-a87a-c39ebecd7248,202,,49.68027419700002,49.701172468000095,20.89827100007824
2485,fe269d2f-07de-4da9-a657-a03550ec907e,202,,49.701682688000346,49.71568282199996,14.000133999616082
2486,fd7a3c24-b153-49af-9e69-0e18d530ff41,202,,49.720211181000195,49.732410755000274,12.199574000078428
2487,3aa9d065-c5b7-4c61-82a3-d4dc25787b09,202,,49.740406326000084,49.75929600600011,18.88968000002933
2488,79954601-f7ea-4c98-9296-e78419cf82ee,202,,49.76058113900035,49.82624452500022,65.6633859998692
2489,8254ca83-3d94-43e7-a1cc-526a40c24537,202,,49.780787283000336,49.84255023300011,61.76294999977472
2490,887bfe07-3558-419d-a2a7-8f3749975bf5,202,,49.800504873000136,49.85251981300007,52.01493999993545
2491,273d05cf-ea4a-4564-b8dc-718ae0838dd8,202,,49.82046603200024,49.864011720000235,43.5456879999947
2492,f3249210-ba84-403f-af22-90e0bf27cc95,202,,49.84262122900009,49.876514943000075,33.893713999987085
2493,b473b41a-5b4e-455e-8d96-7946e1df3e1b,202,,49.860248732999935,49.895224217000305,34.97548400036976
2494,bd3d2d64-038f-4a2e-b1d5-8b150ffda375,202,,49.88029567900003,49.90836111099998,28.065431999948487
2495,f122e284-d34d-45af-83f9-eb0c4ffbc5e9,202,,49.90044849300011,49.91916901600007,18.7205229999563
2496,b4fec96c-a933-4ce0-90e9-a7e3d1894e8b,202,,49.921161399000084,49.93962189600006,18.460496999978204
2497,aa1e912d-429d-46ae-b37c-584094c6a2f0,202,,49.94091232000028,49.97641923099991,35.506910999629326
2498,0284ad59-988e-4d67-9fca-95b8aa7fc6a1,202,,49.963161220000075,49.98671754199995,23.556321999876673
2499,ccee7ea9-962e-4416-8437-b5e65cf7ec6c,202,,49.98024275600028,49.995969289000186,15.72653299990634
2500,6d81bb12-f309-4b47-b628-df3755f29229,202,,50.000327116000335,50.01586532700003,15.538210999693547
2501,05958bca-5b65-4677-9c78-52927c24d640,202,,50.02034756300009,50.03933477999999,18.987216999903467
2502,fdaf7628-1f9e-4b6e-9529-e174cae3d161,202,,50.040166064000005,50.05383176000032,13.66569600031653
2503,2c30616a-23b1-4c69-bca6-78a24c7d1dfd,202,,50.06046253600016,50.07302900500008,12.566468999921199
2504,71cf0dde-08af-4475-b697-b61de262b9f3,202,,50.08027895400028,50.100039040999945,19.760086999667692
2505,ca6df75f-6b38-4938-8c5a-ac0c12df00bf,202,,50.10024115400029,50.96328674799997,863.0455939996864
2506,cf93886b-6db7-4a68-a252-8d144d410dbb,202,,50.12031226499994,50.982328210000105,862.0159450001665
2507,d078fbba-5f3b-4dae-948d-6f34ef480823,202,,50.142652159000136,50.996155770000314,853.5036110001784
2508,327e82fe-a504-4859-8bd4-10372f4d68f0,202,,50.162078599000324,51.00242856700015,840.3499679998276
2509,c4981dc9-062e-4356-8928-9605e88659a7,202,,50.18361008200009,51.01388510100014,830.2750190000552
2510,60bed954-1c0f-4bb2-9bdf-65de691006c7,202,,50.20546483800035,51.020529334,815.0644959996498
2511,440aca3d-1b38-4219-999e-a2399edcf3a9,202,,50.220197805000225,51.029756457000076,809.5586519998506
2512,0ba249fe-392f-4a09-88de-21b16712d9bb,202,,50.242100224000296,51.0340334550001,791.9332309998026
2513,44266001-ede1-4f7f-85e9-c2565e8056e3,202,,50.261013112,51.04073214400023,779.7190320002301
2514,2e76a1d5-49d4-4b20-a7f5-350274385f0f,202,,50.280199733000245,51.05236700000023,772.1672669999862
2515,7501d212-f757-44c6-9275-f17b39f28914,202,,50.300845976000346,51.0571503430001,756.3043669997569
2516,06d5de75-5d85-4c7c-a720-a3721bb684e0,202,,50.32059768900035,51.06210555100006,741.5078619997075
2517,244b6bf1-b163-4412-8201-843e68bd3050,202,,50.34035481799992,51.07038573,730.0309120000747
2518,a087c5b8-a9a2-410a-8cc7-99bf4ddd5b0e,202,,50.360367516000224,51.07747031200006,717.1027959998355
2519,b66eff7d-7588-478f-9512-31924821c5fe,202,,50.38324237799998,51.086090596000304,702.8482180003266
2520,c6f35854-93fa-402b-851f-1d51a07f9533,202,,50.40206627099997,51.095401631000186,693.3353600002192
2521,9ab0e619-f79d-4453-a819-ea1dfb04c5c6,202,,50.420756755000184,51.110359374999916,689.6026199997323
2522,b198d9b2-3798-4248-8e46-c319250342e9,202,,50.44078007600001,51.129102395000245,688.3223190002354
2523,eaee53b5-6159-4965-a5fd-4e69ea80a1bc,202,,50.460743858000114,51.13838551500021,677.6416570000947
2524,00d61083-8878-4800-867f-81271bdb18a6,202,,50.48024758400015,51.15264705000027,672.3994660001154
2525,fb844941-b91e-45e3-94db-073b59bff2e9,202,,50.50020199200026,51.20440808300009,704.2060909998327
2526,9f022e6a-a894-44d9-b35c-5cbb18ffdda5,202,,50.52052450200017,51.226318709000225,705.7942070000536
2527,23e8a3cf-cdd1-4d1a-a1b2-6158452e1594,202,,50.54028717100027,51.23588914500033,695.6019740000556
2528,bbe2ce63-3191-4fdb-9427-fecc5232259f,202,,50.56186615000024,51.25172267100015,689.8565209999106
2529,a2b2bb7e-1557-4296-9e88-0e5ca5656ba1,202,,50.581881221,51.276635368999905,694.7541479999018
2530,5ccad33d-ba51-4ce2-9536-90c7b0745ec0,202,,50.60234880600001,51.285282068000015,682.9332620000059
2531,ce504186-150e-4bc5-9c2b-f5e91f411dc4,202,,50.62209589300028,51.37721281800032,755.1169250000385
2532,420a6fdf-690e-4f09-847a-e754b03a5824,202,,50.64037706599993,51.40376412900014,763.3870630002093
2533,a5ba07fb-85ae-4210-8fb7-99b464dba697,202,,50.660557960000006,51.44978904100026,789.2310810002527
2534,7de81686-b01b-432c-a6e8-e32776ba4401,202,,50.68519621700034,51.48636559100032,801.1693739999828
2535,7924b2e9-168a-4023-bc7f-5f776b80e477,202,,50.70103440899993,51.50027935400021,799.2449450002823
2536,735aaff1-f19a-4363-b97c-470af9fbe1ee,202,,50.72136966900007,51.51971291600012,798.343247000048
2537,f7b5f59e-d983-4f93-b844-f85cc35651fc,202,,50.74106159200028,51.548819240000284,807.7576480000062
2538,1f22bfc1-3fcf-4c99-a752-3baf7625fd9c,202,,50.760514821000015,51.57360440299999,813.089581999975
2539,86ca0419-4de8-4170-92b5-7d685a49ba71,202,,50.78083470699994,51.591573342000174,810.7386350002344
2540,212a2da4-2e27-43b4-8bdd-c726b38e454a,202,,50.80044517600027,51.596075160000055,795.6299839997882
2541,f4a609b3-9c48-4d17-9e0e-ef14fb2b5f3c,202,,50.82031667199999,51.61022782500004,789.9111530000482
2542,fc944b09-3fcd-45fc-b287-2b439603fd29,202,,50.84053381400008,51.622160996000275,781.627182000193
2543,6a8ecc99-f056-4fa9-ba87-91215b010832,202,,50.86110906000022,51.63545492000003,774.3458599998121
2544,808d9857-b4e1-4d64-b2ca-b69822508293,202,,50.880314012000326,51.643528609999976,763.2145979996494
2545,ae98e3b0-104a-4403-9c62-ab0c50ba33b1,202,,50.90063735600006,51.700724902000275,800.0875460002135
2546,47272ad4-efe5-4601-bd71-57066aff7c93,202,,50.92110735899996,51.71069285600015,789.5854970001892
2547,4d13254f-306e-428d-a9dd-bb7dc5885f2f,202,,50.94039505599994,51.716136285000175,775.7412290002321
2548,9713bf9e-cd18-4f89-b31d-3e6c8336e30b,202,,50.96037683700024,51.79997271299999,839.5958759997484
2549,60c2b35a-3207-4470-ae16-509903ae7997,202,,50.980415988999994,51.82152306700027,841.1070780002774
2550,af328cab-e29e-4614-ac1c-24920f6efa3c,202,,51.0005141380002,51.85035149100031,849.8373530001118
2551,ac2b6793-8168-49f9-8319-6c2782c4e140,202,,51.020245267000064,51.86092386700011,840.6786000000466
2552,543bcc31-2cf1-4beb-8712-9d52813da165,202,,51.040285378000135,51.87837096300018,838.0855850000444
2553,e9bdf1e9-8c7e-4185-8a08-a043d722c04d,202,,51.06042685800003,51.89710189900006,836.675041000035
2554,854dede7-fd64-4be5-9b8e-2d54b46911b0,202,,51.080457886000204,51.938620991000334,858.1631050001306
2555,39c26265-f33c-4320-95ce-66528c03d022,202,,51.10215677499991,51.953922588000296,851.7658130003838
2556,49a75477-4b2f-4a2a-a598-00e3edbe9c08,202,,51.122160721,51.978290067000216,856.1293460002162
2557,86510ab9-5ad3-47ca-a0ec-0fbe531d207c,202,,51.14056196999991,51.987100339000335,846.5383690004273
2558,d8b051ff-80a7-4bef-b55b-4d339d01847f,202,,51.16061237200029,51.992007549999926,831.3951779996387
2559,364f0f22-954f-4243-9bdf-5e09a6dc323c,202,,51.190428865000285,52.01423732100011,823.8084559998242
2560,12ac1d86-6c92-439c-bfc9-4707370906d2,202,,51.20349072099998,51.99944694400028,795.956223000303
2561,f698d312-bd4a-489b-8de7-b44818b26a73,202,,51.22196821500029,52.03554764699993,813.5794319996421
2562,ed636c66-2dd9-46ec-91b2-ee8e856357bb,202,,51.24050929000032,52.03784413700032,797.3348470000019
2563,17c6d023-a2bc-406c-aa44-aef3d73d0921,202,,51.262861389000136,52.04911388900018,786.252500000046
2564,ef4d0b77-a438-4b7d-bc9e-5e2ce7af91bc,202,,51.28086920300029,52.06470263500023,783.8334319999376
2565,fdd21b51-b2ee-4f3f-bce1-6ed87a11f704,202,,51.30085006800027,52.09337148600025,792.5214179999784
2566,e4b9aa6f-e4f9-4fb3-a914-234153a355be,202,,51.322498000999985,52.103663128000335,781.1651270003495
2567,f4f13043-18da-4642-9b1c-98b8bf3cfaef,202,,51.34165391400029,52.14629657100022,804.6426569999312
2568,3dbf5989-9a5d-4677-91b9-e39b13409ac5,202,,51.36356308099994,52.151637631000085,788.0745500001467
2569,da3e1a19-4a35-4ad7-97c3-2ea97a07fc0f,202,,51.38030813600017,52.16175374300019,781.4456070000233
2570,4315c128-bc66-4b3e-bede-234174b8f034,202,,51.400944879000235,52.17828805900035,777.3431800001163
2571,2319d0e4-165b-4c94-b962-fb04901a6569,202,,51.42154220700013,52.19526005700027,773.7178500001392
2572,cefeaf94-824d-4ae9-a304-4153c65099bd,202,,51.44192958800022,52.207806150000124,765.8765619999031
2573,57f7caef-e855-4615-a4d1-eb6d95e1d9aa,202,,51.46062515199992,52.21779956099999,757.174409000072
2574,d5cf0f37-de53-4cad-86dc-c4fc1343f68e,202,,51.48094699500007,52.23478476700029,753.8377720002245
2575,af1794ed-59e9-4897-8246-72e1ae063164,202,,51.502133161000074,52.25502461399992,752.8914529998474
2576,da2a3de8-5912-415e-9b73-56c200d9a777,202,,51.52037246000009,52.259644883999954,739.2724239998643
2577,50821850-559f-42c5-b7ac-6e7fc81c1d1c,202,,51.54072475900011,52.27072818800025,730.0034290001349
2578,a0f9df34-53c7-4222-a64d-9fca3d3c3954,202,,51.560683789999985,52.28642017900029,725.7363890003035
2579,e3ef3249-46a0-4d6c-80a8-414b1c9a7f0f,202,,51.58029009100028,52.368233059999966,787.9429689996869
2580,a0f7810e-ec41-4bc9-aa4f-2d407f2cf9c7,202,,51.60032124300005,52.439961910999955,839.6406679999018
2581,4e655858-6e67-44ac-82c3-c67f2ff6c52e,202,,51.62235194300001,52.57863188500005,956.2799420000374
2582,c50f03b5-c0b3-49ed-9789-0aac35701767,202,,51.6416136820003,52.579362675000084,937.7489929997864
2583,39033b5e-f667-403e-96d2-9e9d0a77f0b6,202,,51.662463201000264,52.5675072920003,905.0440910000361
2584,be2a9134-d686-43a5-9a4f-899c8f80cbb5,202,,51.68413863100022,52.62387087800016,939.7322469999381
2585,f5dee707-2480-410c-ae66-56d2f3139a28,202,,51.702298058999986,52.624066158999995,921.7681000000084
2586,034dbd13-9044-4999-b0e6-6c6abca5834b,202,,51.72071480600016,52.63386837100006,913.1535649999023
2587,7c962bb0-9b7f-4a91-81ef-80e0b3062933,202,,51.7442007540003,52.644860679999965,900.6599259996619
2588,914579d6-1898-4df0-b939-22106855c50f,202,,51.76094155800001,52.68449692100012,923.555363000105
2589,d5b55ad1-02d2-4f6d-a909-2214233c56bf,202,,51.781378227000005,52.73590980100016,954.531574000157
2590,4a620200-5daa-4a6d-8f2b-53309b80bfdd,202,,51.800484849999975,52.69565159600006,895.1667460000863
2591,178095f8-f92a-47d8-ad82-7270cb1ddbbd,202,,51.82053441700009,52.7139501810002,893.4157640001104
2592,1db3e1b7-a604-4b47-88c8-9fb33b025ec2,202,,51.840524320999975,52.738336532000176,897.8122110002005
2593,b7c520e3-3102-4ad0-9a8d-d793a266dece,202,,51.862582186000054,52.74770010400016,885.1179180001054
2594,13fd2d7a-1fee-4253-8b5b-80299700ff31,202,,51.880264893,52.82025669199993,939.9917989999267
2595,52831d1e-48dd-42b4-9d3f-07a72f46fdfd,202,,51.903831794000325,52.80861512999991,904.783335999582
2596,d73af10d-8759-4d98-87bd-b5a20a44f30e,202,,51.92183585600014,52.83687741800031,915.0415620001695
2597,816ddbc4-40a2-4652-9691-4cac9b4056bf,202,,51.9404949220002,52.84979961299996,909.3046909997611
2598,511cbf58-b009-4dba-827d-338dc9eaf8c5,202,,51.96025742300026,52.86083783599997,900.5804129997159
2599,9fa273cd-c2aa-4788-9bf6-6a06b6e75558,202,,51.98028540800033,52.87492533700015,894.6399289998226
2600,16151242-dfae-4f8e-9203-8695b98bb5de,202,,52.000479883000025,52.88942193899993,888.9420559999053
2601,6157e414-9285-435d-8bae-3bd92e542822,202,,52.0203590430001,52.90143177100026,881.0727280001629
2602,b6fe4ec1-59b7-4208-a877-8c373b6aa0b6,202,,52.040244578000056,52.91889998900024,878.6554110001816
2603,82645a04-6f37-4cd6-b8f7-ed9165f0732d,202,,52.06482771099991,52.93303611200008,868.2084010001745
2604,1c31de83-9451-4a1b-bf25-5e9112fae17b,202,,52.08323166700029,52.95581930800017,872.5876409998818
2605,5bba50dd-2649-4da0-ad82-66daf051917b,202,,52.10549543700017,52.96290855500001,857.4131179998403
2606,043a24c0-d299-47ba-8339-20ca09021345,202,,52.12336796599993,53.01324412300028,889.8761570003444
2607,f47f2e49-51e2-4d76-9840-c424e8774450,202,,52.14023301199995,53.43571299600035,1295.4799840003943
2608,ab7f0ca7-486d-412f-9e19-d8211095f8c9,202,,52.16028391300006,53.582547225000326,1422.2633120002683
2609,ef5efb60-3384-4df0-86d5-2533c5385277,202,,52.1802681500003,53.58052459500004,1400.2564449997408
2610,1f2ac6e0-91d3-42e9-8726-1a326768e7e7,202,,52.200393129000076,53.62702467700001,1426.631547999932
2611,b6a2a4c0-b27a-46ec-90e6-2fce1772a3e0,202,,52.2202711230002,53.62510037400034,1404.8292510001374
2612,c45eecd2-8524-4cbf-8365-d2cd56fd5a9c,202,,52.240660128999934,53.663951659000304,1423.2915300003697
2613,9b999794-bb91-459f-8fc3-bdda95601d1a,202,,52.26034234200006,53.68353425100031,1423.191909000252
2614,a6f7bbec-4aef-40dc-a927-172193990371,202,,52.28174666299992,53.69673605300022,1414.9893900003008
2615,cec4496e-fcdc-413a-bbba-caa0f75098d1,202,,52.304834676000155,53.70449492700027,1399.660251000114
2616,20466da7-a435-47da-aef0-c18048ea66e0,202,,52.329808785000296,53.75081110400015,1421.0023189998537
2617,17c770d9-a17e-45f3-83c9-37f7697cbfd4,202,,52.34073259900015,53.72388682200017,1383.1542230000196
2618,b2733850-754a-495f-9514-3b39c2b3cdc1,202,,52.36123734800003,53.77410389200031,1412.8665440002806
2619,42ef102a-d06e-48ce-ba23-85aafafa5749,202,,52.39349569500018,53.77586182999994,1382.3661349997565
2620,5eb2f218-59d5-4ebc-a806-62011c15a1fc,202,,52.40174054099998,53.85261091400025,1450.8703730002708
2621,04cb5d55-3d74-4e09-b891-1fa5334fe6ff,202,,52.422449570000026,53.86055565200013,1438.106082000104
2622,631445ab-79f0-423d-9499-bb90a57f56d9,202,,52.44267779200027,53.9269392250003,1484.2614330000288
2623,9cb2885e-9549-4a17-87e7-0c8e28ef5b2b,202,,52.460983210999984,53.88759359400001,1426.6103830000247
2624,375338e0-6ffa-47fc-8693-44d79e666903,202,,52.48086874399996,53.99725573100022,1516.38698700026
2625,3b7fe1de-a6e8-4707-ad0f-348dd41284d5,202,,52.50064936700028,53.942613756000355,1441.964389000077
2626,efda3ca3-b59c-463d-9be5-f7004d246f0b,202,,52.52120798600026,53.95871672000021,1437.5087339999482
2627,7d752f98-5f1c-488f-9769-bfd7832caacd,202,,52.54025419400023,53.965368492999914,1425.114298999688
2628,d772d4fa-75a0-47fe-aff9-0d09b8997b49,202,,52.56037917100002,53.926798857999984,1366.4196869999614
2629,5def97ca-18c9-47b8-86b4-4f57bcfd7c56,202,,52.58109053099997,53.98662977699996,1405.5392459999894
2630,ffa08c8b-0bad-4004-a9b9-3ed456bf742e,202,,52.600554381000165,54.020904666000206,1420.3502850000405
2631,2f976c4a-7c60-42bd-8741-cd34df67f0d9,202,,52.62023030199998,54.00368226799992,1383.4519659999387
2632,da7bc713-40dd-4c43-abb2-4a626a506503,202,,52.64163620399995,54.03398414200001,1392.3479380000572
2633,6e7b049c-8a9f-42ca-bda1-4ad52cf0a89c,202,,52.66130354200004,54.04334075499992,1382.037212999876
2634,e1cdc613-81ff-4ff7-92bf-567d3594a6f4,202,,52.68045245200028,54.05999418600004,1379.5417339997584
2635,af4bfd68-b4be-4690-9ae0-787a9ad81da1,202,,52.70109981600035,54.082335115000205,1381.2352989998544
2636,8f0034d8-59c9-48a1-9784-624cf11f426c,202,,52.72043800600022,54.07344813999998,1353.01013399976
2637,137e02b5-fb87-4d7d-a611-f161b3b5f575,202,,52.74038574399992,54.09579756800031,1355.4118240003845
2638,4d9526dd-036a-43bb-af09-63984b4c0b36,202,,52.763371011000345,54.121273769000254,1357.9027579999092
2639,cae03012-bb6f-404a-b1af-5b179545c0f3,202,,52.781628141000056,54.10974720100012,1328.1190600000627
2640,908a84de-92d4-470d-a963-3b20a558bcec,202,,52.801576879000095,54.147635876000095,1346.058997
2641,01fdceb0-b715-4c8a-81df-332a7baaac5b,202,,52.82061821200023,54.18119905699996,1360.5808449997312
2642,e4b1cdec-d45f-4c8c-b36a-6c6d03c1415f,202,,52.840348172000176,54.18176177400028,1341.4136020001024
2643,5739084a-a58e-4075-ba68-455d10fe0eed,202,,52.86266310300016,54.199112956000135,1336.4498529999764
2644,b744786e-b947-4477-a493-dcf46de356d4,202,,52.8804763840003,54.21400470000026,1333.5283159999562
2645,ba5f0093-a4a2-4641-8437-448ed7f899dd,202,,52.900461287000326,54.22021566500007,1319.7543779997432
2646,29d7bd94-a8fc-48f2-8c51-c4acc937c47e,202,,52.92068671700008,54.23342142599995,1312.7347089998693
2647,45ec987e-00fb-4ac0-ab7f-974bac766698,202,,52.940494212999965,54.243343130000085,1302.8489170001194
2648,89c7fee7-e88d-4312-8fe7-169f35a9df74,202,,52.96027421100007,54.253985333999935,1293.7111229998663
2649,73c8ac39-24c8-44f9-afad-ff7f379ef62a,202,,52.98462414699998,54.27412630900017,1289.5021620001899
2650,95be36a1-c52e-4093-8405-6dafad13e91a,202,,53.01179675000003,54.259897234000164,1248.1004840001333
2651,7ada281c-282f-4589-8022-bbd9ccef5158,202,,53.02377204300001,54.297257899000215,1273.4858560002067
2652,0e9a3743-b06b-4e49-8009-ba1b7bb45790,202,,53.04131767300032,54.2992378240001,1257.9201509997802
2653,00672107-b962-4626-b861-487ff27803a9,202,,53.06127420200028,54.27876882600003,1217.4946239997553
2654,d4555442-e404-4652-9c8c-08e3dfc8df6d,202,,53.08251223900015,54.318292571000256,1235.780332000104
2655,99aab955-257f-414d-b6f6-49daf7af83c6,202,,53.107134159,54.315408908000336,1208.2747490003385
2656,7bee352b-3260-444d-98ac-95e9311c3e12,202,,53.13402132100009,54.33427700099992,1200.2556799998274
2657,a113ca7a-613f-4639-a3b2-f67add55d91d,202,,53.15693013400005,54.36246125000025,1205.531116000202
2658,8cde9386-7c0b-4cb8-a18c-6a0123542908,202,,53.1664711530002,54.41246166600013,1245.9905129999242
2659,086c0028-f40d-4a0a-83fe-af84719251b8,202,,53.19644000800008,54.42189810800028,1225.4581000001963
2660,2bd5ec15-4675-4273-b747-90483e7272ba,202,,53.210456180000165,54.38314402600008,1172.687845999917
2661,c98487e2-c256-4df2-8ba8-ebeaef85afa1,202,,53.22085406499991,54.47720283300032,1256.3487680004073
2662,7bab7a36-04da-46dc-a180-138ee4723d03,202,,53.244563248000304,54.505806680000205,1261.243431999901
2663,c29fe6e3-c3ab-4577-9851-865a5911d2b9,202,,53.27445764799995,54.3990322110003,1124.5745630003512
2664,1655ed5a-a49f-47e1-8f1e-c4b679a7f911,202,,53.28251013099998,54.370008345000315,1087.498214000334
2665,07085c2a-d074-46f4-8bd3-ae6956dfe8dc,202,,53.30893877800008,54.45088164200024,1141.942864000157
2666,35461800-1026-43b9-9d4b-22177d7856f1,202,,53.32455868800025,54.34303123300015,1018.472544999895
2667,a86dd469-cbfd-4cd2-8282-e0322dfe9a83,202,,53.37082328800034,54.41609266000023,1045.2693719998933
2668,a3334fde-5e6a-48db-bcf5-3de64377b2c5,202,,53.36681031700027,54.38668206700004,1019.8717499997656
2669,155c0980-ec62-49ba-9575-8b8505e43007,202,,53.38122029900023,54.52092736800023,1139.7070689999964
2670,1baba920-2049-4fa8-8ae6-dd48315744f4,202,,53.40336765700022,54.43815135500017,1034.7836979999556
2672,7d67a327-76ec-4baf-a2e6-5882c579d085,202,,53.45418219500016,54.4931733870003,1038.9911920001396
2679,c71dc77c-073a-434f-b888-c149ae06eef6,202,,53.581001858000036,54.529736512,948.7346539999635
2680,a6624e78-c462-4f39-93b4-577df568c44f,202,,53.60479165900006,54.537741662999906,932.9500039998493
2682,2515d588-1d29-4472-9690-f83cfa798163,202,,53.641036182000335,54.55327420100002,912.2380189996875
2683,3fc12ba3-6f73-42fd-8557-051d0065cb34,202,,53.667148387,54.564467913000044,897.3195260000466
2684,42204a49-9f33-47b4-ab96-efe32505e340,202,,53.68265072000031,54.575352685000325,892.7019650000148
2685,09a69b73-da14-40ea-8122-d2ac9dfe1e06,202,,53.70075398200015,54.58214757399992,881.3935919997675
2686,75f5beec-d5db-448d-9e3a-534e71d02a89,202,,53.72416401400005,54.59326449900027,869.1004850002173
2687,e3d8c618-2518-475c-bf5a-857a5ea3dd35,202,,53.74086485900034,54.60594303900007,865.0781799997276
2688,69e0dd0a-83e4-4aa3-afcd-42d52c062d44,202,,53.76052769500029,54.61097240800018,850.444712999888
2689,a8a973f8-4459-4c05-93a6-b3d7acbb6733,202,,53.78580370000009,54.622180994000246,836.3772940001581
2690,ca1ff670-6649-4fa5-8e63-0a99916ddfb7,202,,53.80026738600009,54.63523834500029,834.9709590002021
2691,42df8208-fa55-4113-b1cd-6e7f70b67178,202,,53.82041673599997,54.640875553000114,820.4588170001443
2693,4f5666c8-0dfc-450e-a836-a1442296a22d,202,,53.86028612700011,54.65303712400009,792.7509969999846
2694,ad4bd241-8e3a-4bd8-bed7-6bc7acc0ad99,202,,53.88379648599994,54.66129638500024,777.4998990003041
2695,c51ae566-16ef-4305-a593-79a372c02b71,202,,53.90397366700017,54.671956752999904,767.983085999731
2697,9affd7be-7ae0-4aa4-abc3-a3db99870983,202,,53.94077611500006,54.677692330000355,736.9162150002921
2698,75da053c-69f9-4b94-a55a-26527b3ed556,202,,53.96103120800035,54.690224170999954,729.1929629996048
2699,9da76587-a987-4075-abca-4587159e4b24,202,,53.98112597699992,54.691806369000005,710.6803920000857
2700,a5d379de-46d0-404f-9463-dfef720d759a,202,,54.00171550899995,54.698339065000255,696.6235560003042
2701,2063c4af-560e-44e3-9dec-a0709c1a0602,202,,54.020413152999936,54.70856383499995,688.1506820000141
2702,d70b8c7a-67b1-4bb5-9127-06edb0125bf5,202,,54.04160477400001,54.711390417000075,669.7856430000684
2703,7776e4fe-1c62-457e-8efb-efcf109fe86a,202,,54.06023896400029,54.73502780800027,674.788843999977
2704,aca95883-68c5-4210-aba2-3e862df5e9dc,202,,54.08029840200015,54.7373722530001,657.0738509999501
2705,ee34ed20-6937-4106-96d3-b5df362c5061,202,,54.10026426200011,54.74478168900032,644.5174270002099
2706,884d756b-d2c1-4415-b4d8-b6c36635dbfb,202,,54.120465691999925,54.75308961300016,632.6239210002313
2707,a022572f-d837-4ee1-82ef-aa932f237876,202,,54.14087315100005,54.7646590950003,623.7859440002467
2708,325d7c62-9f8b-4769-b0b4-7f8f34f431b2,202,,54.16195482100011,54.78457145700031,622.6166360002026
2709,669cc3eb-68e6-4eb1-9c1e-258dc6e86658,202,,54.18069896199995,54.792597065000336,611.8981030003852
2710,80ee9ae5-06cb-4cd4-98da-5235d903bef9,202,,54.20030184400002,54.7983078100001,598.0059660000734
2711,d5824ef3-9d82-4e83-9a17-72f10222b10d,202,,54.220416444999955,54.80841975200019,588.0033070002355
2712,26e7b4c2-83a9-4e88-9b75-cbae192463c1,202,,54.24151923799991,54.82443722000016,582.9179820002537
2713,36773738-899d-4731-8bcd-750fc494f3fb,202,,54.26040437100028,54.83443612800011,574.0317569998297
2714,e4c3620f-9c08-4b17-a612-f4d7afeba772,202,,54.28024778000008,54.85395847100017,573.7106910000875
2715,afb93c06-393c-499e-96a5-501d27d0f56d,202,,54.30056728699992,54.86208953100004,561.5222440001162
2716,9eb362bd-c6cb-437c-a688-24bbb3f53ff5,202,,54.320228123000106,54.87788859500006,557.6604719999523
2717,d14bb6ce-0fa3-4fb6-9450-b47d3b2a6afe,202,,54.34027981200006,54.91369251500009,573.4127030000309
2718,f1366f1f-bfa1-4fb5-a6ee-ee4999133d18,202,,54.361388396000166,54.99111234500015,629.7239489999811
2719,77f60c2c-9b0b-46ef-9ec1-a62340c102f3,202,,54.38125484600005,54.993302674000006,612.0478279999588
2720,02353b07-dda7-4375-a07f-b9c24013d8e6,202,,54.40027451300011,54.99877447500012,598.4999620000053
2721,c7a11893-e850-47ee-ad3d-0730378bbf71,202,,54.42025732999991,55.0011545010002,580.8971710002879
2722,5abc16d8-7592-44ef-bfab-ff8e5f5a5c21,202,,54.44056179500012,55.045696319999934,605.1345249998121
2723,ba006a47-e692-4592-b276-fedd640f19a7,202,,54.460291001000314,55.09947367600034,639.1826750000291
2724,caa2af48-b42d-49f3-9370-bcf6d553b031,202,,54.48042830800023,55.135456127,655.0278189997698
2725,a05f4f59-33a7-4701-95b7-b60c787b9df3,202,,54.50085776500009,55.167747006000354,666.8892410002627
2726,4037589c-dbf6-4ffb-a8f4-76c36b55ed08,202,,54.52032532000021,55.204521660999944,684.1963409997334
2727,7aee3bb6-e592-4d79-b4b8-782ba41f20c3,202,,54.540653449000274,55.21961093300024,678.9574839999659
2728,2c984381-de86-44ae-a4a6-60088650e223,202,,54.56062997400022,55.25482938899995,694.1994149997299
2729,03c2d73e-ea89-4205-ae39-2e78c271f699,202,,54.58145265700023,55.30677135299993,725.3186959997038
2730,d856fac5-4b26-45bc-93ae-550692727a24,202,,54.60125235900023,55.32346282300023,722.2104639999998
2731,43feaa7d-fe49-4f07-88dd-2206385eea92,202,,54.62034056099992,55.33512554800018,714.7849870002574
2732,d5f22081-5bf2-4373-8eb7-2efe0960c441,202,,54.64035250100005,55.377753981000296,737.4014800002442
2733,78e7b440-32c8-4020-8f81-3f965dca3f4d,202,,54.660378648000005,55.40316818400015,742.7895360001457
2734,f559cef4-f8d8-4be5-879a-f76b1cf0fd37,202,,54.680181558000186,55.41821475100005,738.0331929998647
2735,4c8d9c9d-bc40-423d-9692-63539c0396be,202,,54.70038869400014,55.44342492300029,743.036229000154
2736,ced2eb16-d7a6-4b33-9de9-b6ff62bc753a,202,,54.72065707599995,55.46185728799992,741.200211999967
2737,84f0dfdc-a8ca-487a-a388-00ba27f1f92e,202,,54.740413573000296,55.49916399199992,758.7504189996253
2738,3c8fd388-9388-4ade-b3c1-9cdb66ee72a4,202,,54.764829542999905,55.527270324000256,762.4407810003504
2739,8e07fcfe-da60-4d66-aa71-6eeef5a6e86f,202,,54.78062123200016,55.542402677000155,761.7814449999969
2740,c11ec226-4e7f-4c30-81c3-5727490043f0,202,,54.80025565200003,55.57005353600016,769.7978840001269
2741,935db576-f105-4b70-bdfc-0866d1db7750,202,,54.820426791000045,55.588679098000284,768.2523070002389
2742,1f233b33-d40f-453f-8607-f5a55d04cc83,202,,54.84339651300024,55.601682493000226,758.2859799999824
2743,89d97aa8-5df4-4fce-aa29-02546e42903e,202,,54.86019876799992,55.61137954300011,751.1807750001935
2744,9a75e715-7deb-4995-8207-121688ce4d40,202,,54.880290619000334,55.628267833000336,747.9772140000023
2745,d1120feb-06e9-4ed4-bdf6-21298f242b85,202,,54.90112142699991,55.67893186900028,777.8104420003729
2746,e0ffa132-1c17-48dd-a421-ba37de753c4d,202,,54.922306630000094,55.70572369599995,783.4170659998563
2747,b5c77e92-0a04-4b37-8a06-af0cdd501abd,202,,54.950056528000005,55.80359405700028,853.5375290002776
2748,2db72d30-01d6-4da0-ba1c-9e9bc02d459b,202,,54.9602992959999,55.73606064700016,775.7613510002557
2749,4e4159f0-5e19-49ab-97fa-3f9c1483c55d,202,,54.98024848900013,55.77987446399993,799.6259749997989
2750,be611a29-a27d-4b91-830e-7e511c19d386,202,,55.00018326600002,55.85461669699998,854.4334309999613
2751,1c169c28-fec9-4e28-ad5d-470613154e12,202,,55.02447978500004,55.899625944000036,875.1461589999963
2752,522df1fa-4736-4cba-b120-b5ae372aa1ba,202,,55.04229598000029,55.92928822600015,886.9922459998634
2753,9845dde1-e34c-46e5-8044-3b6b40e0c205,202,,55.06378758200026,55.954855167000005,891.067584999746
2754,89cc2440-a521-48a8-8a73-eee5c0de560a,202,,55.08134737499995,55.97530962000019,893.9622450002389
2755,d5bede18-0bff-4530-8352-59e40b594d62,202,,55.10152413800006,58.747767507999924,3646.2433699998655
2756,10558c8f-8557-479f-90e5-d48e3d90276e,202,,55.12022728000011,58.752253782000025,3632.026501999917
2757,4b4b02e9-c918-437e-97b4-dbe38b3715f2,202,,55.14035154600015,58.82554862500001,3685.197078999863
2758,b7a62aa4-0061-418f-822e-3f86235e4f13,202,,55.16109685800029,58.783548419,3622.451560999707
2759,22412b28-d4c8-4ce2-8d4c-40b83bce004a,202,,55.184126618999926,58.800577903999965,3616.451285000039
2760,6165c5a8-6002-44c9-a3d2-dc7263340b68,202,,55.20172857600028,58.931329991999974,3729.6014159996957
2761,e35392f6-7cda-450a-a452-fabead65ec97,202,,55.22254800900009,58.875578771000164,3653.0307620000713
2762,894947e3-7dde-49ec-b5a0-caf51095f1ad,202,,55.24068743499993,58.839587873000255,3598.900438000328
2763,fb0d15ed-04e9-45e2-a16a-0a3e46a15be6,202,,55.26094035999995,58.860240433999934,3599.3000739999843
2764,8b63738d-6862-4d09-8179-1985c6b0186b,202,,55.28275048400019,58.963833930999954,3681.0834469997644
2765,03a0859b-7629-4f91-9768-8c7b836a09dd,202,,55.30128213700027,58.94247449500017,3641.1923579998984
2766,b3005317-3df3-4796-bc3b-7e1788eda5a8,202,,55.32063611500007,58.978349233000245,3657.7131180001743
2767,e7972119-6064-4170-a8be-66a76e39f30f,202,,55.34035044700022,59.021513121000226,3681.1626740000065
2768,7718786c-4aa0-450b-b427-835354d67082,202,,55.37340836400017,59.03348320000032,3660.074836000149
2769,8021f63a-94c6-471f-804f-4e9f12e40ead,202,,55.381198526999924,58.99223499000027,3611.036463000346
2770,23ce92c3-c9d2-4082-93ab-99c53b6d205b,202,,55.40036805799991,59.053917816000194,3653.549758000281
2771,b3447eff-c97c-4d72-99a3-971f5abd23e2,202,,55.42031120999991,59.010490652000044,3590.179442000135
2772,dcddcf84-e704-4d15-97c1-ed49d52bb944,202,,55.441606656000204,59.03862881000032,3597.022154000115
2773,06280d3b-ac8f-48a0-a869-cc9cc94955d7,202,,55.46103529500033,59.06388559700008,3602.8503019997515
2774,59259f0d-65a3-45b4-a8c8-124bb7a3eaf5,202,,55.48113468600013,59.112959675000184,3631.8249890000516
2775,07581f31-12ea-4463-af0c-4527a9e0f3b4,202,,55.500964427000326,59.094592519000344,3593.628092000017
2776,d366fa51-8a1c-45ef-a717-75766cc81b1f,202,,55.520561139000165,59.114709529000265,3594.1483900001003
2777,89d928c5-d9d2-429a-8974-390db69c3c04,202,,55.54048220699997,59.12721399200018,3586.731785000211
2778,8626eb38-6cbf-464f-8082-05a1a5cc6ed1,202,,55.560999990000255,59.14483410999992,3583.834119999665
2779,78be4bb1-7128-44f9-9f2a-6c84c46d9be5,202,,55.58038079900007,59.13814834100003,3557.767541999965
2780,86abfb93-26c6-49aa-af3a-e7d6361c0fa7,202,,55.60208205300023,59.163854477000314,3561.7724240000825
2781,0c83ec38-643c-45d4-851e-760ec53fcb2d,202,,55.62027564000027,59.15238936800006,3532.1137279997856
2782,5f3f7755-7e9b-4fa0-8a52-1252414a6b95,202,,55.64197568600002,59.21026042099993,3568.2847349999065
2783,b58b2057-a604-4db4-a205-6ff5715eb569,202,,55.66032834800035,59.176916407000135,3516.588058999787
2784,80cc5c97-9d44-4d13-9b65-f75473237414,202,,55.68038619900017,59.19439374100011,3514.007541999945
2785,1e4cb1ce-7667-4930-ba1d-96a7bc6cd4d5,202,,55.700797614000294,59.16928307000035,3468.485456000053
2786,ed7c7239-d809-468f-972e-b67dd5aaf1fc,202,,55.72614473500016,59.21407736099991,3487.932625999747
2787,7bc02755-2a5a-414d-be1c-28014fdb28ff,202,,55.74124283900028,59.220223036000334,3478.9801970000553
2788,1376c738-5a4e-40d7-96f2-470cf3e0d92a,202,,55.763245159000235,59.24128732300005,3478.0421639998167
2789,c0384130-0f13-44f9-ad3b-0d930c44d9a0,202,,55.78033506200018,59.277961056000095,3497.625993999918
2790,dd1817c4-6936-4602-92e0-0af3a5997fdd,202,,55.80047136700023,59.23033918400006,3429.867816999831
2791,4edbc9d4-54e8-48d3-b4f7-c53e58b03bc6,202,,55.82061867199991,59.259557985000356,3438.9393130004464
2792,853ae2dc-34cf-42e1-849e-789b883be5f1,202,,55.840970797999944,59.28548027500028,3444.509477000338
2793,d98fbdd7-5036-44dc-9071-06676be9dfb6,202,,55.860595426000145,59.35607082100023,3495.475395000085
2794,ed83add7-efe7-4395-90cc-16d7d55fb88c,202,,55.88033867100012,59.264551896000285,3384.213225000167
2795,2adf2185-f0bd-41cf-b9a6-9417b7ecc1f6,202,,55.900487267000244,59.292768424000315,3392.2811570000704
2796,ac209738-b6bd-4f6e-9835-f9cbf853df4a,202,,55.92026892700005,59.425928742999986,3505.659815999934
2797,dcc3c3e0-651d-419a-a776-f014fc520663,202,,55.940506642999935,59.414252855000086,3473.746212000151
2798,e243ebc9-a3e1-4397-9b51-ffb8ff5008de,202,,55.96134561500003,59.377242518,3415.8969029999753
2799,a414b4b8-b3c1-4b72-a62e-b1cb1a25136f,202,,55.9802801589999,59.40132908300029,3421.048924000388
2800,f80dcf90-1d7c-44de-8e25-49a8de9622a9,202,,56.003319792000184,59.43861598700005,3435.2961949998644
2801,2a3c2a7d-3820-4a52-bde1-2808cb969069,202,,56.02033190800012,59.455672094999954,3435.340186999838
2802,3b77b792-638d-4133-bcad-8b56a3e02c8f,202,,56.045573202000014,59.47276845100032,3427.195249000306
2803,9f47e477-9487-4975-a4d3-3660e523ebd5,202,,56.067222376000245,59.47810934100016,3410.886964999918
2804,a88d1d7f-9625-4f2a-b0e4-1f0717b27515,202,,56.0882303379999,59.48882149300016,3400.5911550002565
2805,87adf748-4f52-4674-8088-8718677baa6d,202,,56.106529044000126,59.508873672999925,3402.344628999799
2806,0718fb36-7bf0-4e62-bb7f-e4d16642837d,202,,56.12135662300034,59.54751732600016,3426.160702999823
2807,ab5422cf-3c30-4f3b-912c-16e3e899dba2,202,,56.1469876860001,59.52906730199993,3382.079615999828
2808,e0084817-64eb-4178-a741-2ec6fe95526d,202,,56.16044226300028,59.55784171100004,3397.39944799976
2809,58830f5a-7972-4fe3-a433-0b2c89d50ab6,202,,56.18059927500008,59.49271326100006,3312.1139859999857
2810,5c2dcb6e-ce84-4a24-9fa7-a8507737eb45,202,,56.200452180999946,59.53787440199994,3337.422220999997
2811,6f11d381-8ac5-48bd-8ccf-0444666724b0,202,,56.220517699000084,59.593592745000024,3373.07504599994
2812,ae88857f-7acb-4246-8a5a-e9478bb069ff,202,,56.24089348999996,59.576667629999974,3335.7741400000123
2813,77388562-e395-48aa-857b-ce93acc98468,202,,56.260657859000275,59.57198336700003,3311.3255079997543
2814,a5fc3c5f-12f0-4fd7-b257-ead7df1a3b31,202,,56.28214958400031,59.61565576300018,3333.506178999869
2815,1be9987f-d7da-4063-8c7b-f0ea45004646,202,,56.301102043000355,59.59717653200005,3296.074488999693
2816,e2591955-999a-4b50-867e-e1d3b5ad37a4,202,,56.32072558800019,59.608441943000344,3287.716355000157
2817,51ce4004-e15c-42ac-99be-7cbca5a0c5a1,202,,56.34066273799999,59.634133036000094,3293.470298000102
2818,5efa6a75-318c-40d1-9128-83b27fc65ebb,202,,56.361496377000094,59.623171815000205,3261.675438000111
2938,849b61d7-aad3-4911-8100-e07ba2701f9b,202,,58.76171888499994,59.64216976500029,880.4508800003532
2939,eb196c80-a756-4eb8-bffd-6407716b895d,202,,58.782265412000015,59.65096107399995,868.6956619999364
2940,0277c76f-099c-4ca8-9253-8020fca7b448,202,,58.80033125199998,59.657559139000114,857.2278870001355
2941,c3259b8d-16d3-437c-b3b2-232f175de623,202,,58.82190105100017,59.68115252400003,859.2514729998584
2942,4daf5698-8fdd-4116-b1a2-0773e7fe2451,202,,58.84217755200007,59.68778117000011,845.603618000041
2943,3ae923ba-a764-43de-9ed3-c7b280cc8f30,202,,58.86217956900009,59.69489699600035,832.7174270002615
2944,6597b432-977b-4453-b1b6-970ac96a22fe,202,,58.881971307000185,59.704678704000344,822.7073970001584
2945,4f9e09cd-cab9-46a1-9d28-369c96dde5c5,202,,58.901147415000196,59.72470705200021,823.5596370000167
2947,228e7b41-61c9-46ee-98ea-ce01949980e4,202,,58.940720558000066,59.73533112600035,794.6105680002802
2948,5eeee04e-b663-4f06-8301-828a5fdc5e0c,202,,58.96045309100009,59.775385238000126,814.9321470000359
2949,d2afa17f-b392-44ff-bcc3-2708dfc5baa8,202,,58.980379946000085,59.785869363000074,805.4894169999898
2950,fac5ea03-a102-4753-9734-014559b9be76,202,,59.00799592600015,59.814633272000265,806.6373460001159
2951,05b58de3-76f4-45e8-9cb2-ee658a3602bf,202,,59.0216937350001,59.86220906000017,840.5153250000694
2952,b435aa74-7960-4eef-878c-647a107f1fcf,202,,59.042349088000265,59.86329091200014,820.941823999874
2953,5b027c8e-5359-425b-93cb-9503824da157,202,,59.06176847300003,59.9246978340002,862.9293610001696
2954,bba367a7-59d6-4b09-a6fb-6a9a59636e77,202,,59.08048552500031,59.94533856099997,864.8530359996585
2955,54514644-428d-4c4e-ac44-5a7908c74272,202,,59.100321052000254,60.02501510100001,924.6940489997542
2956,34706ccd-0102-4ba2-b8b7-a9ed559f8f31,202,,59.12087749500006,60.157476535000114,1036.5990400000555
2957,a024c764-dd57-46fd-be91-b1ef0378ce58,202,,59.14045541199994,60.15092596800014,1010.4705560002003
2958,663be9af-ec5d-4fa2-ad56-0a8a50498c81,202,,59.1607584530002,60.17175843399991,1010.9999809997134
2959,de4af878-1d5f-4715-9b20-496c7253a9a3,202,,59.181396015000246,60.20946768500016,1028.0716699999175
2960,f4f0c140-0d09-472d-a3d7-6ab31544c773,202,,59.20026918300027,60.24727342999995,1047.004246999677
2961,f03ebedf-85ef-471c-bfd6-a8a413a6e346,202,,59.22061680500019,60.26667669000017,1046.059884999977
2962,fba08bae-364c-4d71-82ef-9cbd7245bb4f,202,,59.24067815100034,60.29824643200027,1057.5682809999307
2963,06e58f1f-3dd7-41ad-8277-695257ab628f,202,,59.26038639400031,60.37591100899999,1115.5246149996856
2964,36551217-50c4-40f5-997b-42bbee0b571c,202,,59.280448823999905,60.443529976000264,1163.081152000359
2965,68ac4e0c-806a-480d-934c-e0ac92f70c9f,202,,59.30218669600026,60.455567256999984,1153.3805609997216
2966,4d37be05-ed2e-4edc-8e71-d878f94f756e,202,,59.32168316000025,60.465541037000094,1143.8578769998458
2967,79d95c16-c5af-4360-8447-7c05cf17c332,202,,59.34095601200033,60.53748544900009,1196.5294369997537
2968,24bf8cba-c79e-4877-8530-5a1c8e361bbb,202,,59.36024173900023,60.56351326999993,1203.2715309997002
2969,7ad62588-5971-40e6-87af-f41a87235f1b,202,,59.38398649100009,60.57838259100026,1194.3961000001764
2970,e4776cb1-dd8f-4d9b-9369-d75bec6d7feb,202,,59.40174739200029,60.60309994799991,1201.3525559996197
2971,1128c906-7837-42c1-972e-c780c4a42230,202,,59.4202397490003,60.63374345200009,1213.5037029997875
2972,c6267503-7754-469b-abb9-f89e0f526ea9,202,,59.44028222099996,60.65797033800027,1217.688117000307
2973,656e17cd-133c-44a3-80aa-aba09033b6e9,202,,59.46035152500008,60.684918396000285,1224.5668710002064
2974,c9fa65e4-da3f-4c53-ae76-f1f7ed97d26f,202,,59.480225964000056,60.69740690000026,1217.1809360002044
2975,e616aef3-51ab-432b-abf1-09749fc81a6c,202,,59.5025557580002,60.718637215999934,1216.081457999735
2976,df34c649-b1fb-42a4-a8e3-b6888f4d7930,202,,59.521847274000265,60.73594347400012,1214.096199999858
2977,f2074e82-9f1e-48a3-aead-907026b13bef,202,,59.54261445200018,60.745586898000056,1202.972445999876
2978,5e457b25-727b-4e88-8754-9bc46c7169ec,202,,59.560512259999996,60.7647059650003,1204.193705000307
2979,b4e177f6-5637-46ed-afb0-27be9224b0b4,202,,59.58065247600007,60.77926347099992,1198.6109949998536
2980,2f8039e5-6d08-4b0e-bdd1-a7ca7bbbe83c,202,,59.60124045600014,60.793322590000116,1192.0821339999748
2981,a369760a-52f9-4e93-9016-d5c06f2f0236,202,,59.620223199000066,60.7992433190002,1179.020120000132
2982,35747e9c-4bcf-4067-a207-15e921be01b3,202,,59.64066977099992,60.82115059500029,1180.4808240003695
2983,7634c010-979c-482c-a6ff-57cffa5d8c49,202,,59.66242368200028,60.87878423700022,1216.3605549999374
2984,684a450b-f3d4-420f-a205-decbeab9fb0b,202,,59.68123268599993,60.88660806100006,1205.3753750001306
2985,ad57456d-d658-4801-a078-286fe0c60462,202,,59.70037996100018,60.988438147000124,1288.0581859999438
2986,066d3d48-58f9-4ba4-974a-ee172cf74aac,202,,59.721023938000144,61.002917700000125,1281.8937619999815
2987,c2cec9d7-9b1a-4492-b1ab-7eeace2745f9,202,,59.742969837000146,61.07423419099996,1331.2643539998135
2988,373ee718-e040-44a4-9bfc-7dc700284995,202,,59.774150811000254,61.21527751900021,1441.1267079999561
2989,c61e7a37-657f-43c9-997b-a85b3a6bbe9f,202,,59.783198022000306,61.12555641800009,1342.3583959997814
2990,fa389fb4-ee40-4df1-b0be-c6b5672d8963,202,,59.801967486000194,61.31962433000035,1517.6568440001574
2991,847b38ec-7708-41ea-9e5b-3ce2e1696817,202,,59.823200011000154,61.55752336600017,1734.323355000015
2992,5b922f1e-4b0a-4241-895a-2328a0596e9f,202,,59.84531502600021,61.619455372000175,1774.1403459999674
2993,13b4b1b9-d1a7-4e5b-8140-1d74af3fc419,202,,59.862856230000034,61.785291582000355,1922.4353520003206
2994,0366d8b7-1eb5-4890-80bc-5d49ef225560,202,,59.880618421000236,61.82820397500018,1947.585553999943
2995,46f49d51-b8f2-4b7d-ab88-662752143304,202,,59.90111624000019,61.88939485800029,1988.2786180000949
2996,a4393b17-7f65-46fa-aa57-b38b29832bc9,202,,59.92041925500007,61.903166326000246,1982.7470710001762
2997,4fe604ce-e1bc-4ecb-a78a-a0710964847e,202,,59.94044377,61.919548721999945,1979.1049519999433
2998,d863186f-4118-4ded-a3fc-3a315f7fa4a9,202,,59.96913830800031,61.94436461300029,1975.2263049999783
2999,5252d103-0d30-409f-ae30-b41cb9e06726,202,,59.99508551100007,61.950381503000244,1955.295992000174
