index,eventId,status,code,start,end,latencyMs
0,2ef02319-9118-4705-bb36-b6b5887486ad,202,,0.0005971790001240151,0.1456806010000946,145.0834219999706
1,7ace5189-a630-4fbd-8422-bed46e458196,202,,0.020508834999873216,0.19745219800006453,176.9433630001913
2,f924ddb0-ab71-4d2b-bd01-cbe037980a71,202,,0.04062356299982639,0.17256962100009332,131.94605800026693
3,e8522cee-c904-4b91-9969-ac45746e47a8,202,,0.06119910000006712,0.20395554700007779,142.75644700001067
4,eec30bce-dbc2-4a79-9dd9-1061339fa257,202,,0.08157973000015772,0.21964403199990556,138.06430199974784
5,b60183bb-74e5-4f4b-8d6a-5c7d9f13d0d0,202,,0.10063113299975157,0.23022572299987587,129.5945900001243
6,d39ebe47-9bd7-4656-9605-fbeda2602ab3,202,,0.12045924799986096,0.24411421200011318,123.65496400025222
7,23fc1000-a5c4-4f3c-a09f-e782c909eb4d,202,,0.14076100700003735,0.2389369649999935,98.17595799995615
8,d48be34a-50a3-4e6d-b45c-7b1eac6ee174,202,,0.16045829599988792,0.25586780499997985,95.40950900009193
9,38243bc4-8bae-474b-ab72-a5156617aaed,202,,0.18035840799984726,0.26777922300016144,87.42081500031418
10,c76f8b8e-0467-4415-a11f-301add7cff72,202,,0.20045234300005177,0.283810024000104,83.35768100005225
11,dab8e910-0013-4f77-ab97-ff5d8d6cf617,202,,0.22025108499974522,0.28960844899984295,69.35736400009773
12,a0ebfde0-01fb-4f9f-b682-1898c2d195fa,202,,0.24018344600017372,0.29800466500000766,57.821218999833945
13,7909b21a-4d1a-4768-8d58-4aa13e9a9636,202,,0.2618403470000885,0.3031457050001336,41.30535800004509
14,39143e54-0f5d-4f51-94c1-dd2921ffb673,202,,0.2818578689998503,0.31450410900015413,32.646240000303806
15,05558d10-aeb8-4d72-a437-55792df4dbb9,202,,0.3010295170001882,0.3234142569999676,22.384739999779413
16,3c6d68f7-1e0d-4b06-b770-cfe233b4e06e,202,,0.32040002999974604,0.3400914849999026,19.691455000156566
17,5a44b081-e3ea-4ded-afa1-f25eef75875b,202,,0.3402213119998123,0.3639959010001803,23.774589000367996
18,9a4dc307-2061-41a7-85c0-ff110b8db7d1,202,,0.3602784579998115,0.37739832999977807,17.119871999966563
19,b5c01c2f-1d2f-412e-90a4-77c25bf33c6e,202,,0.3805924660000528,0.3927187909998793,12.126324999826466
20,047cf9d6-d5c0-41e8-a43f-bb801ac76209,202,,0.40116104499975336,0.4191528749997815,17.99183000002813
21,4ef3b16c-ae4a-424f-9a6c-c4ab723f05e8,202,,0.4204031889998987,0.43432771800007686,13.924529000178154
22,1307470c-9bcd-4cf6-950e-aa6fdd81edba,202,,0.4401803910000126,0.48042025899985674,40.23986799984414
23,3cd2055e-4a84-43eb-9820-040627044db6,202,,0.46043177699993976,0.49032185899977776,29.890081999838003
24,1573111c-200f-4e05-8f5a-4d86f95491e9,202,,0.4804817979998006,0.5011684969999806,20.686699000179942
25,849b923e-dbf5-4384-8916-c1e94f5c8d1b,202,,0.5002447920001032,0.5140508260001297,13.806034000026557
26,094ef205-2213-485c-86c7-b7e3edfb7b49,202,,0.5203458099999807,0.5389921500000128,18.64634000003207
27,22892029-d3d3-4666-8ea3-122b65cc1919,202,,0.5404718700001467,0.5535293150001053,13.057444999958534
28,f568b7e9-4131-4129-90a0-fef605393811,202,,0.5607245480000529,0.5741295180000634,13.404970000010508
29,75c265ae-0c92-4ba8-98bd-e7bb36c654fb,202,,0.5802749270001186,0.5969343629999457,16.65943599982711
30,551699ee-491f-4e2b-8e13-e0b22e07e517,202,,0.6002964909998809,0.612481771000148,12.185280000267085
31,181dd21c-92f0-477e-8b07-4aeb32babfff,202,,0.620274806999987,0.6313185600001816,11.043753000194556
32,38078c33-87dd-4ab9-9ddb-9cf9ee30e401,202,,0.6406028149999656,0.6531297030001042,12.52688800013857
33,2279a1ed-d3d2-47ed-b1de-af52aeb73119,202,,0.6606667519999974,0.6750039690000449,14.33721700004753
34,7960f6c5-1fdc-479e-ae7f-e53e0244877b,202,,0.6803860390000409,0.6916779049997785,11.291865999737638
35,01423d4f-529a-41c9-a65a-bc2c7e311419,202,,0.7003550230001565,0.7122071939998023,11.85217099964575
36,d979a36e-12d2-4e29-80a2-b899b755ced0,202,,0.7202707169999485,0.7338171810001768,13.546464000228298
37,60574fd1-ad38-407a-9c98-92ed5f8ab116,202,,0.7402776160001849,0.7526600940000208,12.382477999835828
38,e244302b-6ca7-4900-b64a-6b5e6e3dc21e,202,,0.7603411780000897,0.790808565000134,30.467387000044255
39,18ba8261-bfea-4734-9220-4251e70d0ff7,202,,0.7802479140000287,0.802370584000073,22.12267000004431
40,879be1af-f158-4e8f-87b1-a766ee9d3446,202,,0.8002206890000707,0.8131405589997485,12.919869999677758
41,a11a72f8-6cc9-4d69-89fa-7105769bee1b,202,,0.8202585439998984,0.8407694180000362,20.510874000137846
42,ed199a3b-1f44-4b73-b43e-4f6e62ae6f33,202,,0.8404378509999333,0.8582757300000594,17.837879000126122
43,45f6ecc0-8947-4e53-8cb1-4503c887d706,202,,0.8602385089998279,0.8808772100001079,20.63870100027998
44,11000b5a-b045-476a-9f61-0d774ea2f30e,202,,0.881106574000114,0.8956221990001723,14.515625000058208
45,bb6f3ece-be0d-4fb4-a480-fc52d719167f,202,,0.9002690140000595,0.9158963760000915,15.627362000032008
46,772c0dc8-5973-475a-ae2b-071a63d87164,202,,0.9202155399998446,0.9384920640000018,18.276524000157224
47,25d1bfad-926c-415c-a040-5f6073772f29,202,,0.9401905649997389,0.9578276199999891,17.637055000250257
48,59fb0270-30a0-43d6-adf3-3aabdf792d16,202,,0.9601856300000691,0.9782152500001757,18.02962000010666
49,a8be5d0d-3f26-4b5c-a692-557b4ced0c29,202,,0.9802656500000921,1.0028939620001438,22.628312000051665
50,06a5e692-8068-4041-886f-b668c9d185bc,202,,1.0010303029998795,1.0275437999998758,26.513496999996278
51,ac1d8875-8f90-47fe-a687-030197143d2d,202,,1.0208755839998958,1.0404951659998005,19.619581999904767
52,189b264b-6901-454b-a641-3714b1960e34,202,,1.0402084299998933,1.0599329219999163,19.72449200002302
53,e8d5551c-ede7-4e17-b909-f507f356e7a4,202,,1.0602215750000141,1.0778015470000355,17.57997200002137
54,c73bbe72-816e-471f-bcbe-579021d097d1,202,,1.0809262689999741,1.1148843559999477,33.9580869999736
55,4933e02c-8c7d-4835-9f8c-cf843c4dd42e,202,,1.1017475819999163,1.1266989440000543,24.951362000138033
56,7f54e04c-c772-41ee-9273-b408c321c35d,202,,1.1201858879999236,1.1427888220000568,22.602934000133246
57,9c6ea33e-6e17-4469-8fc4-c996a9cee97b,202,,1.1403817320001508,1.1597022860000834,19.3205539999326
58,541a995a-7eaa-4e63-ae13-6c94392d678e,202,,1.160166388000107,1.2196652650000033,59.49887699989631
59,fd5d189c-9ce5-4a4d-a347-5a709c1cce41,202,,1.1819162389997473,1.2258536710000953,43.93743200034805
60,ef63421c-3f39-4e87-982b-e1b3ec2a1d2e,202,,1.2005207030001657,1.22846383399974,27.94313099957435
61,1ca6ed98-87ca-4f9a-95af-3e7562c0c162,202,,1.2202134889998888,1.238075697000113,17.8622080002242
62,245d9ad4-2b51-407f-922f-6867cda8e423,202,,1.241039926999747,1.2593132819997663,18.273355000019365
63,a36cc675-f6fc-40c6-a1ba-a15e5000104f,202,,1.2602740679999442,1.2854609599999094,25.186891999965155
64,e0a90c78-f64e-418a-893e-2856f0087ffc,202,,1.2813252870000724,1.3141245970000455,32.79930999997305
65,ac697b36-2e64-4f62-b445-3eb674c2b1a1,202,,1.3008948289998443,1.3183001429997603,17.40531399991596
66,8dc50e01-5a78-4dcf-be10-249f2951f42a,202,,1.3201958419999755,1.3399908719998166,19.795029999841063
67,7018591c-40e0-4d13-9a9b-42bff9756872,202,,1.3402061950000643,1.353825569000037,13.619373999972595
68,0814ca2e-0c41-4ca2-a417-4a7d95f49f66,202,,1.3602251309998792,1.3723269550000623,12.101824000183115
69,34e134cc-d419-402f-b288-58f7e946c574,202,,1.3802059439999539,1.3925613390001672,12.35539500021332
70,694f670c-b215-421d-8bd5-1b6fed899a77,202,,1.400338124999962,1.4111831350001012,10.845010000139155
71,652ff357-5257-483f-9afd-fd970c436109,202,,1.421220227000049,1.4311837810000725,9.963554000023578
72,8f4d2c16-a20f-4f49-9984-02b65256b3b9,202,,1.4402962929998466,1.452105047999794,11.808754999947269
73,2d3e9052-9d77-4c49-aa30-91c72ba11742,202,,1.4605170109998653,1.4706962619998194,10.179250999954093
74,c50be4b7-94f8-43a9-99d5-b12b93966e70,202,,1.4805882780001411,1.4923920739997811,11.803795999639988
75,68ebfad7-022f-4997-953c-8b6b7eb3f9d3,202,,1.5003092279998782,1.5108107969999764,10.501569000098243
76,856d923f-b7a0-4912-91ca-711a53e495e5,202,,1.5203903279998485,1.5308017349998408,10.411406999992323
77,a3f17839-d5ea-49b9-823d-878e7b11d0ee,202,,1.5409476959998756,1.5516575470001044,10.70985100022881
78,af8840d7-fb71-4746-8ea6-08eb65d8143e,202,,1.560338412999954,1.5712339629999406,10.895549999986542
79,48b37ea8-2e52-4c53-898a-6c1083efb487,202,,1.5803078519998053,1.5905291009999019,10.221249000096577
80,29fee42e-7c11-46ec-8315-0dc8a6777e8c,202,,1.601274407999881,1.6129691269998148,11.694718999933684
81,9ceb06dc-72e6-42e2-a5a3-d42da4dd95de,202,,1.6203730140000516,1.631302936999873,10.929922999821429
82,d524e8ef-4943-4c66-ab52-91b4b15da753,202,,1.6413186139998288,1.6548609090000355,13.54229500020665
83,5803ac9c-eadb-4f8e-a2f9-b47fc4a0f382,202,,1.6605717540001024,1.6729771049999727,12.40535099987028
84,e6bccd42-f2f6-4f67-b1e5-b1d180aacd66,202,,1.6808008459997836,1.6923340729999836,11.533227000199986
85,bd2d1a92-4adb-4b23-8857-ae5ecb7d1352,202,,1.7012132629997723,1.712412631999996,11.199369000223669
86,1be63733-988f-4789-8e76-ee6e88c63fd1,202,,1.7205022769999232,1.7361696349998965,15.66735799997332
87,8d76841f-f886-4dd7-86a5-fdca33fde10c,202,,1.740292891000081,1.7517642039997554,11.47131299967441
88,9163fe8a-59e6-4ed6-aefe-61156b143e74,202,,1.7602831200001674,1.7703455860000759,10.062465999908454
89,c72fadb2-5afe-4845-9b0d-db06ce02f55e,202,,1.7803009310000562,1.7906258419998267,10.324910999770509
90,b82816e7-62d7-4069-b887-780331934dfa,202,,1.8003470749999906,1.8141639400000713,13.816865000080725
91,cf10597d-95e2-40ab-b1f0-aacdc1572668,202,,1.8202419750000445,1.8322246379998433,11.982662999798777
92,d0ed49be-04e2-4913-aa9e-c6dde7876472,202,,1.8404511519997868,1.8577665540001362,17.315402000349422
93,d5f6b533-a6f8-4798-8a3d-dfefe9453c87,202,,1.8601591030001146,1.87449881800012,14.339715000005526
94,0d3f4928-5721-42be-a697-e7e8677dbef3,202,,1.8802327869998408,1.8938854100001663,13.652623000325548
95,8c4dead8-14c6-4b9f-9764-0c980a2df6c2,202,,1.9001730599998155,1.9157396730001892,15.566613000373763
96,ffaf6c59-fff5-4518-8f8c-4cda75c64aad,202,,1.920168872999966,1.938111576999745,17.94270399977904
97,adddc984-9fb7-4ddd-9aa7-14580b7d261d,202,,1.9401564770000732,1.9565718809999453,16.41540399987207
98,90f30977-86aa-439d-b751-c162b96fd1ac,202,,1.9603463630000988,1.9730110350001269,12.664672000028077
99,d5cbabd0-f563-4ce7-a2f1-081411b0bd57,202,,1.9801713090000703,1.9942301199998838,14.058810999813431
100,f4f8e2be-5b9c-4f00-bfba-c1e3f72b6576,202,,2.000310114000058,2.0161876699999084,15.877555999850301
101,e42f2cb6-98b7-4c12-8ed4-961133102330,202,,2.020173765999971,2.0342227430001003,14.048977000129526
102,72f8bf4e-ddc1-45a1-a922-66ed400a933a,202,,2.0401569099999506,2.0512467819999074,11.089871999956813
103,a0e98f8e-0a98-45e5-9d3d-a319c3e32976,202,,2.060172217999934,2.0748606629999813,14.688445000047068
104,a16d7dce-e3ef-4df5-83b8-754a69caa8a4,202,,2.0803226859998176,2.0932757579998906,12.953072000073007
105,c0acc2de-f13e-4df2-bc4f-f17bbd248bc0,202,,2.1001602119999916,2.1153083839999454,15.148171999953775
106,2c7415ff-54eb-45d0-bf66-0bfee2103805,202,,2.1201686449999215,2.1343206579999787,14.152013000057195
107,a299b469-b4c9-45a9-8c3d-237b1f6370f4,202,,2.1401919109998744,2.1528391229999215,12.647212000047148
108,af0a12e4-4491-4690-b456-8c148f67056f,202,,2.1604639150000366,2.174882372999946,14.418457999909151
109,982a30ea-46ff-4fb7-944d-96f97a5645fa,202,,2.180380437000167,2.1934392120001576,13.058774999990419
110,67d19c1a-0926-4d6c-b3b7-3be2e1a44b48,202,,2.200318789999983,2.2197260449997884,19.407254999805446
111,609557d4-8691-46c2-9e8f-8a11be22c7d1,202,,2.2203121829998054,2.2459013419997973,25.589158999991923
112,8716c92e-3e3a-4dd0-8442-3e4178916789,202,,2.2403441149999708,2.2670142629999646,26.670147999993787
113,2039e7ce-6a95-42a3-9fb5-50af2aa8137a,202,,2.2602098470001692,2.2799966669999776,19.78681999980836
114,304e0a81-a212-4ff3-bd75-7c2000be0da4,202,,2.280143201000101,2.2938291539999227,13.685952999821893
115,11780896-ef83-4b35-8bf1-edd5a74d3d4d,202,,2.3007671039999877,2.316280216999985,15.513112999997247
116,2e344985-02f6-4406-9bd1-70ec21169b0b,202,,2.3202055659999132,2.3386960739999267,18.490508000013506
117,5c7068b4-1cb7-4d4b-8fcc-c2fc5c3dc0c7,202,,2.340348158999859,2.3521679119999135,11.819753000054334
118,0d67702f-1544-41d8-ada7-3ad925802064,202,,2.3603478019999784,2.37094411399994,10.596311999961472
119,d2280fd9-7d21-45f0-8c2d-26f73f3d7139,202,,2.3803083210000295,2.393685414000174,13.377093000144669
120,1529f56c-6e1e-44f3-81e4-a6edb583217f,202,,2.400659029000053,2.414052121000168,13.393092000114848
121,d5244a25-078a-41f5-88c1-16ec847b39fe,202,,2.4204419319999033,2.431380936000096,10.939004000192654
122,d188949c-104e-4f1b-ae57-767954cbecc0,202,,2.4406508970000687,2.451885720000064,11.234822999995231
123,eb61f1bf-da46-4c2d-bd8e-182ad49bb6d2,202,,2.4606374989998585,2.4713558469998134,10.718347999954858
124,4e9b2e24-decb-4f34-aa59-440fce9da77e,202,,2.4803453640001862,2.4953846660000636,15.039301999877353
125,201435dd-46ab-4fca-af77-02186182c533,202,,2.5002128460000677,2.5135800640000525,13.36721799998486
126,7c2b4cec-1b13-4122-8b2b-fc063ba8144e,202,,2.520275567999761,2.5326684179999575,12.392850000196631
127,bbdd6dd7-a058-466c-9a92-00cf9e21b5b2,202,,2.540220087999842,2.550441544000023,10.221456000181206
128,ba303c77-fdcf-4d81-9390-ee0e35e6a2d9,202,,2.560221063999961,2.5717652049997923,11.544140999831143
129,7afaff40-b1ff-46bb-862c-98a5d4468bf3,202,,2.5804791929999737,2.5906095699997422,10.130376999768487
130,18ffc822-c2e6-41c3-9e2f-ac5c1095e29f,202,,2.6003017610000825,2.610133360999953,9.831599999870377
131,32d931a4-e002-4939-b585-ab99e0f8888d,202,,2.62261820599997,2.633998272000099,11.380066000128863
132,631b8c0a-157e-4b84-a746-0911be3aebc5,202,,2.640606571999797,2.6545764689999487,13.969897000151832
133,466232a6-3983-4c8b-9cc3-02503350299f,202,,2.661542542999996,2.671509428999798,9.966885999801889
134,e91589d0-a5c5-419a-b0e3-d14bf0980a63,202,,2.6805918159998328,2.691018136999901,10.426321000068128
135,52204c50-9783-471f-a06c-9bda7b500d00,202,,2.7006456220001382,2.7102452330000233,9.599610999885044
136,d06de75f-61ad-489a-bf28-2d7e334e3ee1,202,,2.7203938180000478,2.7314291930001673,11.03537500011953
137,ee456d1c-853c-4957-acf3-664786a5664f,202,,2.7401636380000127,2.7520109729998694,11.847334999856685
138,d2f6607d-4382-4395-8ced-40a057be7b30,202,,2.7602965659998517,2.7709530419997463,10.65647599989461
139,6d29e787-7ab3-4877-8cb1-fd2a63ca40da,202,,2.7824539349999213,2.791694522999933,9.240588000011485
140,2a1dc002-0368-46df-8ce9-60206b5cffc3,202,,2.8002649350000866,2.8127109900001415,12.446055000054912
141,40f2d46a-114d-4aea-bd99-800bb55536f1,202,,2.8220865299999787,2.846850895999978,24.764365999999427
142,00ac9698-f183-4f06-86af-cfb9c5f41c54,202,,2.8402297210000143,2.8561803130000953,15.950592000081087
143,a396f193-66c7-4628-9c2f-721d377f3043,202,,2.8601706999997987,2.8725243839999166,12.353684000117937
144,e24e0c84-a35b-4120-91b4-43a9271c06d8,202,,2.8803424170000653,2.8954201759997886,15.0777589997233
145,e37ac486-19c8-44d1-91a1-a2dcb870d58b,202,,2.9004309299998567,2.9141697959998965,13.738866000039707
146,4fd6ee0b-7567-43a2-8aaf-37f7916d3d2d,202,,2.9202202070000567,2.9330954080000993,12.87520100004258
147,6813e10b-6fc1-4d80-b4f8-24776781b0b8,202,,2.940256015000159,2.956434844999876,16.17882999971698
148,f2fc12e8-4caa-4c4e-a1ab-c89da01a7c1c,202,,2.9603656509998473,2.9756487750000815,15.283124000234238
149,b84dbd2b-4415-44d3-8d13-f0be170e5c63,202,,2.980204552000032,2.994324233000043,14.119681000011042
150,2105cf69-47d1-486f-ac14-86b70c2ed216,202,,3.0002316929999324,3.013215554999988,12.983862000055524
151,ad037363-c3cf-4b9e-b79f-83775b794f30,202,,3.020182086999739,3.033440226000039,13.258139000299707
152,eb63648b-dbb3-4713-b3fa-f2799a19d4a9,202,,3.040233765999801,3.0528300619998845,12.596296000083385
153,2aa988d1-65a2-4043-ada7-7324a023d3f0,202,,3.060175240999797,3.0749150149999878,14.739774000190664
154,1381c616-c07f-46dc-a062-502a8e82a727,202,,3.080348122000032,3.0975728150001487,17.22469300011653
155,38dcbbe0-e4b7-4675-b380-6e1d6f7f9ef5,202,,3.10025264099977,3.115616716999739,15.364075999968918
156,10399183-c561-4e71-a029-9b430dd9c085,202,,3.1203553579998697,3.1344022069997663,14.04684899989661
157,0409e388-e300-441e-a0e6-273498d17bb9,202,,3.140254711000125,3.1527396779997616,12.484966999636526
158,4f8ad51f-c56d-4740-a20a-093cc03982c4,202,,3.1603669269998136,3.1804332719998456,20.066345000032015
159,9843aeb9-de41-406f-8a1d-ce81d8485010,202,,3.180163327000173,3.1942746310000985,14.11130399992544
160,6912aa94-3b7c-43b1-8245-4a43a9df9ab1,202,,3.200551654999799,3.2169113069999185,16.35965200011924
161,cd7e0c8b-76de-4133-860a-407feeaa7493,202,,3.2201878529999703,3.235714671000096,15.526818000125786
162,ab368637-de65-4a63-aceb-0540ad1fad38,202,,3.2405403920001845,3.258601792999798,18.061400999613397
163,376b8597-0b28-4e0d-b595-50249c73d9ff,202,,3.2603264579997813,3.283448192999913,23.121735000131594
164,1dea82de-3268-475c-9f69-cd27ec26664f,202,,3.2804490079997777,3.2959632849997433,15.51427699996566
165,26462fdf-f43c-46c6-8665-11185e7667fa,202,,3.300176577000002,3.318157732000145,17.98115500014319
166,b7317dec-443d-49a1-a394-8a857d2c45c2,202,,3.320164466999813,3.3409176519999164,20.753185000103258
167,6e7da699-b09f-4b8e-a045-1bdc2703dec6,202,,3.3401971869998306,3.352615700000115,12.418513000284293
168,ef136219-ae76-4694-bdda-39745700f1b7,202,,3.3602662399998735,3.3749908059999143,14.724566000040795
169,dae332f7-831e-4f85-99cd-9ba7670c98e3,202,,3.380282710999836,3.390174848999777,9.892137999941042
170,191e7a1d-c8d1-4012-b472-673a0b030430,202,,3.400260767999953,3.416750539000077,16.489771000124165
171,4d2b3cd9-2d8e-4729-ab27-6582d99fc5eb,202,,3.4202935719999914,3.435323414999857,15.02984299986565
172,21132d1d-39bf-40c8-8503-f298a626d4e0,202,,3.440445453999928,3.4541461539997727,13.700699999844801
173,94898deb-539d-4402-8404-b74f625ed122,202,,3.4606360419998055,3.471535837999909,10.899796000103379
174,7edb07c7-b41a-42d4-bfc7-5fed55f10b71,202,,3.481323021999742,3.493587251000008,12.264229000265914
175,1699cf9c-4e39-4329-9dcc-b667edde3a0c,202,,3.500298462000046,3.513454147000175,13.15568500012887
176,69316078-fb8c-46ad-b624-8b6f8bda51ec,202,,3.5218208169999343,3.53559197200002,13.771155000085855
177,f9b81de3-fc73-45c8-90c9-b1bdd3675bcb,202,,3.5409206260001156,3.5559213030001047,15.000676999989082
178,61164f62-d715-436b-b356-18125f3208b2,202,,3.5602787550001267,3.57463683900005,14.35808399992311
179,884a0b37-eadd-4f2e-b1c1-0cefc40564c4,202,,3.580334474999745,3.590888495999934,10.554021000189096
180,b3f6e701-843a-4b67-b457-5f146496c438,202,,3.600296531999902,3.61126857499994,10.972043000037957
181,e88b6ce8-83f1-48df-81e7-ddf2d0cdc730,202,,3.6204249570000684,3.6307132409997394,10.288283999670966
182,762e8b06-1c7f-4892-9358-abcb8a33e187,202,,3.6405360899998414,3.654212873999768,13.676783999926556
183,25d0bd5d-1452-4100-ba99-1eefda90e7d2,202,,3.660334197999873,3.6730020310001237,12.667833000250539
184,f091959b-fcfb-43aa-b4da-cd18a5a6c41f,202,,3.6806212810001853,3.6949805310000556,14.359249999870372
185,17c44811-5e73-4a54-8fd3-6e4934941900,202,,3.7003129350000563,3.71247866900012,12.165734000063821
186,0a9847c1-7418-4e94-9a57-35871c068652,202,,3.7206181010001274,3.732984950000173,12.366849000045477
187,1609a781-2a8d-4c96-91cb-d39f13680b0a,202,,3.7413377039997613,3.751930431999881,10.592728000119678
188,705d7b56-af46-45ee-9ae1-9fa4b115537f,202,,3.760281728999871,3.771638002000145,11.356273000274086
189,3b021aea-3f64-4090-99d7-3acd7fcab387,202,,3.7822486879999815,3.7969593789998726,14.710690999891085
190,638fbfa5-0bb7-4526-bbd7-a8a112eef937,202,,3.801082383999983,3.814222277999761,13.139893999777996
191,06cb4d3c-c3a0-444f-a43d-a98b164255a6,202,,3.8207517480000206,3.8324423379999644,11.690589999943768
192,bfa0970f-0abb-4754-ac93-264badaf202e,202,,3.8402956599998106,3.857709676000013,17.414016000202537
193,011aea40-ec66-4b7d-81c4-2c4b900eaa69,202,,3.860419625999839,3.8833990759999324,22.979450000093493
194,72fe7ced-06a0-44f4-874e-f97d43765b37,202,,3.880179693000173,3.895801797999866,15.622104999692965
195,a1b90433-7b02-4f5b-805c-fa95822be913,202,,3.9002096640001582,3.9134678440000243,13.258179999866115
196,10e7ac9a-daff-4f11-a5a2-e3cb65827a49,202,,3.92036129600001,3.9342520280001736,13.890732000163553
197,f1106b71-92bd-4b3f-9f99-9ba0a4a34f09,202,,3.940166278000106,3.954453365000063,14.287086999956955
198,770acf94-e25d-44d6-8c68-6d730de256d1,202,,3.960199956999986,3.9716740999997455,11.474142999759351
199,f1c5589f-7210-4a27-8b5a-e5497e982179,202,,3.9801822640001774,3.994220404999851,14.038140999673487
200,10c3d1bb-d390-4c69-9049-440b98ccf298,202,,4.000172402999851,4.013776690999748,13.60428799989677
201,bdbd13f7-f9c6-4dd2-8af3-3b8f5504de22,202,,4.020177459000024,4.03185746500003,11.68000600000596
202,41faf750-bcd3-4f5d-8246-486ef54dca7a,202,,4.040251257999898,4.052157336000164,11.906078000265552
203,7cc867f6-5ea0-42d2-bd65-52d5c92db907,202,,4.060163439999997,4.072808689999874,12.645249999877706
204,3474d3b9-a933-48c5-8f5d-e6a64c285468,202,,4.080272863000118,4.095330325999839,15.057462999720883
205,b1428438-69fa-4bd1-b2aa-a5141bf99132,202,,4.100307496999903,4.113553217000117,13.245720000213623
206,4de28320-037b-4f7c-8885-70ec78890125,202,,4.120942100999855,4.135961316999783,15.019215999927837
207,7f92ec41-fb9e-4b4b-9722-1ccc575b945e,202,,4.140339850000146,4.15306730400016,12.727454000014404
208,292b71d9-9abf-4102-afeb-6d5500ba2b12,202,,4.160170535999896,4.1794067099999666,19.236174000070605
209,d9d0681c-7d39-4eae-b0dc-e6e0500517db,202,,4.180149840000013,4.192303821999758,12.153981999745156
210,d2dafee3-79af-4181-a167-471a65d4b220,202,,4.200178891000178,4.214555680000103,14.376788999925338
211,328691f2-190e-4682-822b-1cc8f5e56c78,202,,4.220495303000007,4.239020470000014,18.52516700000706
212,35a8a0c3-a08f-42a9-84e9-6d264bd696b7,202,,4.240264783999919,4.253549169000053,13.284385000133625
213,385add9f-e0be-4bd4-9adf-37e119c42288,202,,4.260302709999905,4.275067771000067,14.76506100016195
214,5f7bde23-05de-4126-8be1-27b7e27bce05,202,,4.2803303020000385,4.293196332999742,12.86603099970307
215,3af2d0e9-b2c0-49af-b8e0-9852b18a508b,202,,4.300216110999827,4.313527160999911,13.311050000083924
216,cf650058-7c22-483f-8420-78667397a399,202,,4.320197622999785,4.340665109999918,20.467487000132678
217,c6ada1da-f67b-42a6-9991-019d5c08742e,202,,4.3411987919998865,4.355996559999767,14.797767999880307
218,b5eea645-1c5c-4b82-b7a9-1c292b3e598a,202,,4.360237808999955,4.371021733999896,10.783924999941519
219,ad675809-1ae4-43fc-b99b-deda7e5b9e29,202,,4.380325691000053,4.394173298000169,13.847607000116113
220,95c91cc9-0638-4586-9205-c308758d4af0,202,,4.400428696999825,4.411950085000171,11.521388000346633
221,73801125-9c29-411f-b05a-ba337a164d3c,202,,4.422208494000188,4.434008661000007,11.80016699981934
222,b7a5b382-4944-41be-b6d2-bf995699c718,202,,4.440524464000191,4.449718675999975,9.194211999783874
223,3eb7a233-ae04-4813-b4f0-0920871e1537,202,,4.460571431000062,4.469998963999842,9.427532999779942
224,a943dba7-1b94-4a06-833d-e896e8b5168a,202,,4.480212917999779,4.4983195639997575,18.106645999978355
225,8897f24f-19ac-4ec6-bc31-eef6ff35aba9,202,,4.500336464000156,4.512992380000014,12.655915999857825
226,3b371425-7962-4c27-96bb-5e48cf81d4f3,202,,4.520326974999989,4.534817966999981,14.49099199999182
227,7c258ddd-181b-4d23-bfe0-ead48695cd03,202,,4.5402813639998385,4.5506036450001375,10.322281000298972
228,5095d2a7-d8b0-45a2-acda-ff711833d34a,202,,4.561394570000175,4.57313848900003,11.743918999854941
229,f2174c36-94c0-488f-b23d-c5ff8520faba,202,,4.58130866800002,4.591376086999844,10.06741899982444
230,4b32340f-91ab-417b-b8ed-fd3c376254b6,202,,4.600710458999856,4.618420207999861,17.709749000005104
231,59fa2c5f-8e69-40ab-a432-f30ad52e5721,202,,4.620173078999869,4.631974120999985,11.801042000115558
232,9c2158f6-bd7d-4149-8a39-85a1cbb467bb,202,,4.640304999999898,4.651904927000032,11.599927000133903
233,1861cef8-975c-4c43-8fcd-83e680c79984,202,,4.662170169000092,5.148888496999916,486.7183279998244
234,9526c4b7-6129-4be4-b042-3442d1c21e44,202,,4.680650713999967,5.175113111999963,494.462397999996
235,7afe5699-66d8-42f6-95a0-77a16bf632f6,202,,4.701999823999813,5.180314229000032,478.31440500021927
236,25c0803b-1eef-4dc5-b352-705f2c6cc719,202,,4.720597487999839,5.188818890999755,468.2214029999159
237,271cf9bf-0646-4c5b-b4d7-45ad4b6ee191,202,,4.740523753000161,5.193679107999742,453.1553549995806
238,a95ad6f3-901a-41b5-bf11-aa956e8a1c02,202,,4.760452391999934,5.199242664999929,438.79027299999507
239,118f7688-671e-4646-9eca-0fd056988d95,202,,4.7824987600001805,5.208575201999793,426.07644199961214
240,2c1d36d2-c97d-471c-aabd-06d0b8e02e18,202,,4.80091901600008,5.214109927999743,413.1909119996635
241,941f63f6-a65e-4254-a52b-ba5779a84e3a,202,,4.820921109999745,5.219434496999838,398.51338700009364
242,beeeb862-634a-4147-bb37-fbb44c4223ef,202,,4.840739546999885,5.230182629999945,389.44308300006014
243,b34dc143-e4ea-4eae-8e27-e7683f7f6a83,202,,4.8603249950001555,5.236241537999831,375.9165429996756
244,9f8f3e62-5f6b-464c-be25-ee50e2f2a53a,202,,4.880433584000002,5.250330422999923,369.8968389999209
245,c36b938c-a760-4612-aae8-2cc4c0bde36a,202,,4.902074430000084,5.2598831569998765,357.80872699979227
246,6b174bdc-1c91-4e2b-a4ba-da7700b48b11,202,,4.920519600999796,5.267277831999763,346.75823099996705
247,f5e8ccbf-18d5-4133-baa2-be68f58ac6f3,202,,4.9408720950000315,5.274566094999955,333.6939999999231
248,0462b7f4-3317-4c0b-bb65-90a297abd9d9,202,,4.960503081999832,5.281719489999887,321.2164080000548
249,db9be538-59f7-429f-a76b-5f35024f1cba,202,,4.980890823999744,5.288280164999833,307.3893410000892
250,f6283e76-cbf2-480f-ac3f-3b4a06d3b7bc,202,,5.000645971999802,5.295793500999935,295.14752900013264
251,7b3ad518-6073-45af-b194-51931323502e,202,,5.02035978899994,5.301463302999764,281.1035139998239
252,bb2820b5-217b-4436-9c54-46191c377d83,202,,5.040467834000083,5.3099684640001215,269.50063000003865
253,f317261f-a5ed-48a3-8b26-18f78943427f,202,,5.060530005000146,5.314383077999992,253.8530729998456
254,f0732b4e-c192-49ac-8a1a-827bcb0c1f28,202,,5.080669088999912,5.32102224900018,240.35316000026796
255,64d57fd9-f618-486c-a48c-eae587a6c054,202,,5.100988372999836,5.328932314999747,227.94394199991075
256,5d1ce94f-ca3d-4505-8d0f-5cd86ca641a3,202,,5.120520445999773,5.337267193000116,216.74674700034302
257,81c5f7f0-de42-4a42-950e-ac9a4101e687,202,,5.140866019999976,5.350180260999878,209.3142409999018
258,7b3734bd-8140-4467-8e3f-b95b6b58fc03,202,,5.160255141000107,5.35311794800009,192.86280699998315
259,09f3c97b-f993-4caa-98f4-4e5ebf28b52a,202,,5.180341353000131,5.360022897999897,179.68154499976663
260,22dcc817-8b47-48a6-84d7-566e71ae0c02,202,,5.20039289999977,5.3700974809999025,169.70458100013275
261,7aaa0f7b-186c-4f6d-8534-cf3ae8091327,202,,5.220328578000135,5.372891925999738,152.56334799960314
262,eb960a46-cdcc-4fed-bc73-50bc4267acb1,202,,5.240415330999895,5.378149622999899,137.73429200000464
263,652cd6ab-8772-4dc9-9cfd-822486fe70a0,202,,5.260163475999889,5.389190451000104,129.02697500021532
264,5da538ea-c942-45d2-a0b6-430d448bd043,202,,5.280213356999866,5.391190600999835,110.97724399996878
265,7ae7a5a5-13b7-4e7a-9e15-1a64e73e4789,202,,5.300204948000101,5.408118136999747,107.91318899964608
266,0da02622-9670-4cdd-8cb8-9ed31644011e,202,,5.320532357000047,5.417176979000033,96.64462199998525
267,eb2f129c-085d-4106-9e16-863ecf0195c8,202,,5.340248878999773,5.42247659099985,82.22771200007628
268,5abc77be-df4b-4077-ab6f-8d99172ae323,202,,5.360202097000183,5.432420013999945,72.21791699976166
269,0b1c20d1-019f-40e0-9904-6e4d3f4a8f2d,202,,5.380229811999925,5.4325290090000635,52.29919700013852
270,231851b0-35ec-41b9-8922-f4ca8f7fda9d,202,,5.401624874999925,5.4344127489998755,32.787873999950534
271,00890c1f-c101-4ae9-9344-e697e70db8bb,202,,5.420600183999795,5.437684336000075,17.084152000279573
272,64f19430-d788-4c4c-a074-d051e31b92ce,202,,5.4405205289999685,5.455678277000061,15.157748000092397
273,2e75ae82-0efc-44da-a14b-28939c6c9ade,202,,5.46024988399995,5.474169525999969,13.91964200001894
274,98b6373d-9839-4090-bc00-cb990c812b97,202,,5.480159103999995,5.495390640000096,15.231536000101187
275,941e098e-684f-4ea2-b98d-6566c866ee96,202,,5.500186611000117,5.512500041999829,12.313430999711272
276,ba179258-fe4c-49de-a42f-790805dd990c,202,,5.520169244000044,5.536309068999799,16.139824999754637
277,226a7164-7401-4608-a69a-209c1c298a6c,202,,5.540304037000169,5.557411064000007,17.107026999838126
278,aa9f0b7d-7461-454e-b894-917641ca8288,202,,5.560182550999798,5.572065419999944,11.882869000146457
279,f75b7f7b-a4bf-4cbc-a9f8-5ce5cfe48d6f,202,,5.580402880999827,5.592998340000122,12.595459000294795
280,80a9dbc1-56fd-4681-89eb-f98b8cd49cdc,202,,5.600169192000067,5.610761874999753,10.592682999686076
281,a0aa78b5-6ff3-4a30-a710-ff45a95ebdda,202,,5.620313984999939,5.631693336999888,11.379351999948994
282,e1ec917d-c207-48a8-9442-5c2913c5a0cc,202,,5.6401818740000635,5.653483381000115,13.30150700005106
283,0820f65c-805a-4a2e-8e2b-f0b9ebb12528,202,,5.660181214999739,5.671781806000126,11.600591000387794
284,89ffa3af-f1fe-4a66-b606-cb0b74185f47,202,,5.680351880999751,5.692248082999868,11.896202000116318
285,fbede0dd-3b09-4738-8e36-e3e4cfe4b6f9,202,,5.700174189999871,5.7164860049997515,16.31181499988088
286,2a62a8b2-9e09-4005-95a3-a76cb92baf00,202,,5.720169989000169,5.731162986000072,10.99299699990297
287,1ab32025-e70a-4083-a820-26b09ebdad73,202,,5.740392861000146,5.751205116000165,10.812255000018922
288,4f6b81b2-7f34-46b9-83db-a33a612fead8,202,,5.760299997999937,5.770420371,10.12037300006341
289,cb3829c8-1e21-4b97-849b-c0b063de2b96,202,,5.780325047000133,5.791706106999754,11.381059999621357
290,27727d9c-ac08-40fc-8e7a-5c7cb1362a47,202,,5.801092890999826,5.814644469000086,13.551578000260633
291,88b3bcbf-298a-45b1-aaf6-dba28997e101,202,,5.820356726999762,5.830365688999791,10.008962000028987
292,12e38293-dc45-4245-bb2a-df508d07b7ff,202,,5.840280197000084,5.85003013000005,9.749932999966404
293,d509df38-875c-48ef-a73a-2b0cd110691f,202,,5.860538941999948,5.871563312000035,11.024370000086492
294,c7e6fab0-daee-4134-ac4f-cef708115914,202,,5.881038592000095,5.891030429999773,9.991837999677955
295,9f029452-2e16-499d-bd91-1bb4feb355c9,202,,5.900227473000086,5.9108745290000115,10.647055999925215
296,12a78fe4-8dfe-440f-8d8e-e381b102b872,202,,5.921410088999892,5.93095990699976,9.549817999868537
297,51b5e204-bfb5-439a-b2a1-06b160079397,202,,5.940273402999992,5.955779843000073,15.506440000081056
298,cc2a4678-2270-4bca-94b3-18e3876a230c,202,,5.960282826999901,5.970139879999806,9.857052999905136
299,e4d361d8-0a91-4a5b-9d74-c0c766bf7068,202,,5.980418869999994,5.989987519999886,9.568649999891932
300,100d0b3e-1cd7-4f9c-810d-f44d0ed564da,202,,6.001567238000007,6.011621405999904,10.05416799989689
301,0598aede-93c7-4103-8022-f058bc6a3b3f,202,,6.020344556000055,6.031957354000042,11.612797999987379
302,2a1ec2d6-afe8-48dc-aec6-3b9b5e2c8e33,202,,6.040395100999831,6.04993266800011,9.537567000279523
303,39bfa3b7-1783-4dc7-8a0d-425c023550d8,202,,6.061062906000188,6.070210367000072,9.14746099988406
304,fc547fda-4ee2-4bd0-9f5b-a20b5879d6c7,202,,6.080202244999782,6.090265118999923,10.062874000141164
305,2f74064a-e881-4038-9982-94b998100d3c,202,,6.100491902000158,6.111764091000168,11.272189000010258
306,8efafe4f-10ed-4bb8-8b65-c17387b03e1c,202,,6.121348321999903,6.131823800999882,10.475478999978804
307,72dff02a-aec0-49a0-bae9-f13337ef62a8,202,,6.140388249999887,6.151341830000092,10.953580000204965
308,22365cc9-8048-49d9-be17-888cafbc181a,202,,6.160391003999848,6.178710343000148,18.319339000299806
309,a7d4c72b-9096-44de-b7ac-2fd633a51e26,202,,6.180306929999915,6.193235077999816,12.92814799990083
310,fa829a2a-26a1-47e3-a807-f57832bf1df7,202,,6.200615627999923,6.211487337000108,10.871709000184637
311,d11d3cae-3d7e-4c37-b5a6-d935b0b32d51,202,,6.220411059000071,6.233145508999769,12.734449999697972
312,6885d44c-ca62-4c14-a748-e42feaf77e4f,202,,6.2402983609999865,6.255604390999906,15.306029999919701
313,81504e07-6832-4215-a909-a1baba5ea5cf,202,,6.260299740999926,6.274321000999862,14.021259999935864
314,7bb91694-4ef0-43dc-b1e8-a9f557a80aa6,202,,6.2812251159998596,6.301075419999961,19.85030400010146
315,b267dfaa-92d2-440a-b5f7-df7491098cb3,202,,6.300720937999813,6.32043099800012,19.71006000030684
316,930fa79a-aae2-4a3b-9ea6-c43b4955dbef,202,,6.320220176000021,6.332068128000174,11.847952000152873
317,fb6098ab-9e29-44b3-bc11-1b99a06958a1,202,,6.340221221999855,6.359896076000041,19.674854000186315
318,84735423-bc62-448c-8ad3-d8059b52685f,202,,6.360265848999916,6.373400611999841,13.134762999925442
319,f50cf507-4dd6-4fbc-8953-320b93069f0f,202,,6.380167401000108,6.392562575999818,12.395174999710434
320,dbc764be-eed8-4119-b726-1f28106eee4d,202,,6.400334771999951,6.415836042000137,15.501270000186196
321,bb6d5a67-51a8-46ac-9450-4ea3c3fb8388,202,,6.420400523999888,6.4329580650000935,12.557541000205674
322,17c72e14-d425-4e55-9f51-b94a94214cd4,202,,6.440224037000007,6.451142993999838,10.918956999830698
323,97f34dc1-2c49-4b72-a580-af04056b5e7f,202,,6.460201876000156,6.479246261999833,19.044385999677615
324,7b591162-df96-4103-808c-da6c95b8c25b,202,,6.480199464000179,6.4948454440000205,14.645979999841074
325,2013ad83-1940-43dc-b846-fbb759ab47a0,202,,6.500189219999811,6.5181855739997445,17.99635399993349
326,7bb0ab40-1079-4098-9a6f-7ab1a2493889,202,,6.520336384000075,6.5371501300001,16.813746000025276
327,0989d0b3-1711-4462-ac77-7659021e8d7c,202,,6.540346887999931,6.554684298999746,14.337410999814892
328,f0a6b791-ad83-4743-86d7-a6e7ea40bb68,202,,6.560207900000023,6.576192395999897,15.984495999873616
329,c5f7fb9f-8f62-4974-a4e7-0005875865f5,202,,6.580337023000084,6.597010484999828,16.673461999744177
330,d59ecd82-214f-4bef-a0b4-909062e09351,202,,6.600373567000133,6.6155216470001506,15.148080000017217
331,5512e56e-de2c-49b8-a859-2d2826a603c9,202,,6.620330699000078,6.632657585999823,12.326886999744602
332,0cbdbd8a-f5db-45c1-9ba2-60d68a6014d8,202,,6.640488820999963,6.704655710999759,64.1668899997967
333,434687d4-12ab-40a9-896f-c0a0c4b4c4cb,202,,6.663513383999998,6.753736602000117,90.22321800011923
334,82da7bf7-5fca-4ec5-8e16-644c9a626977,202,,6.68059303400014,6.75533881399997,74.74577999983012
335,983c52b0-3964-43d0-9824-8e272e10ff0f,202,,6.704919281999992,6.765392355000131,60.473073000139266
336,4d080cdc-6549-4235-981e-fbdc17e4556f,202,,6.722716104000028,6.77497896199975,52.262857999721746
337,06d2a378-34b9-4d0f-ab23-1d89a4945417,202,,6.740712124999845,6.786018746000082,45.30662100023619
338,4669d66b-08ae-4214-ad17-3b676cf4fb48,202,,6.760298025999873,6.797000323999782,36.702297999909206
339,49319ea1-95b2-48c8-8d5c-e69e3ee80ab0,202,,6.781116489999931,6.819231718000083,38.115228000151546
340,635455f7-95de-470e-ba39-25a0941ee132,202,,6.80072372199993,6.8308398069998475,30.116084999917803
341,bc38adbb-e59f-4dd8-976b-449da021dd71,202,,6.8202444590001505,6.842471560999911,22.227101999760634
342,0b0b2c8f-180c-4164-a252-6b49c6840a1e,202,,6.840341251000154,6.855147805999877,14.80655499972272
343,93da09ac-676d-4a26-9f06-5f7cbb891924,202,,6.8604682489999504,6.874662292999801,14.194043999850692
344,8661f581-3f89-410f-9250-7d8accb5aeef,202,,6.8804756700001235,6.8953741790001,14.898508999976912
345,353075bd-a154-4c30-b717-a9568abb1fdf,202,,6.900245477999761,6.919904124999903,19.658647000142082
346,720374ab-7c35-435a-b9b7-7082634e4215,202,,6.920152236999911,6.9370169809999425,16.86474400003135
347,71b460fa-4863-4bdf-a4d5-a88c316a732d,202,,6.940362897999876,6.953838393999831,13.475495999955456
348,198e3100-b0d0-4e40-ad1d-2442d11e3b59,202,,6.960216993999893,6.9774091379999845,17.192144000091503
349,dacf0679-40fd-41b3-8e69-e0e03e8e7929,202,,6.980587146999824,7.002270858999964,21.683712000140076
350,13116bc7-28e8-4fd6-b1b1-292c5b416626,202,,7.000159963999977,7.021337827000025,21.17786300004809
351,bf6991db-6fcc-4112-9dbc-f1f6598f725c,202,,7.020340917999874,7.032948165000107,12.607247000232746
352,0c42111f-566d-44db-8078-3a82cfaa70e1,202,,7.040305339000042,7.052333363999878,12.028024999835907
353,7b4bac20-33cd-46e5-9a30-4bc54b5ad91e,202,,7.062055002999841,7.077250578000076,15.195575000234385
354,09bc0123-3d6a-4827-8b0d-d3b8212bcc3c,202,,7.080411545000061,7.092762428999777,12.350883999715734
355,4a57b2bc-d8f0-4e54-949d-23afcbd07b1b,202,,7.1001866830001745,7.111403790000168,11.21710699999312
356,f9f5f4a1-80ea-4293-b36c-6b4c0aa4f08f,202,,7.120370716999787,7.1320029700000305,11.632253000243509
357,7d854f47-70e8-45f5-a442-fd3abc3297cf,202,,7.1403430539999135,7.152216669000154,11.873615000240534
358,401954ef-9873-4a53-af79-c97a2b6716e9,202,,7.160192645999814,7.174600634999933,14.407989000119414
359,832736f1-eb14-455b-a5d5-21c06080cb7c,202,,7.1803538899998784,7.1942668619999495,13.912972000071022
360,dd08ddb7-104d-450d-8b9f-2b769d59201b,202,,7.2002644379999765,7.2132730379998975,13.008599999920989
361,1a49646c-da96-4bf0-9216-0327c241af28,202,,7.220707125999979,7.234260824000103,13.553698000123404
362,29efff03-3b41-47bc-bc8d-f3a4ba667a5e,202,,7.24030239700005,7.250519720999819,10.217323999768269
363,3601ee09-c5e8-41b8-923c-d6b20aba37cb,202,,7.2603083989997685,7.271371679999902,11.06328100013343
364,85d828fd-965b-4b17-a867-bef2444deef7,202,,7.280248527999902,7.333464997000192,53.21646900029009
365,4ecc0947-0044-4f11-a679-98de76468c6a,202,,7.304015050000089,7.350699220000024,46.684169999934966
366,138b813f-8e61-4b35-8380-8bf990918b55,202,,7.320931038999788,7.351551011000083,30.619972000295093
367,e721cc8b-2683-4400-af54-88b5a89fa51f,202,,7.341314771999805,7.362845029999789,21.530257999984315
368,b3859a7b-b499-4c60-bf68-5addf01198b1,202,,7.36182795600007,7.39912038600005,37.292429999979504
369,4864dc3c-07f3-4208-b4e9-a2423a1e6039,202,,7.381332315999771,7.422571006999988,41.23869100021693
370,09b90fb6-c6b5-477c-870c-5a9da1eabf6a,202,,7.403316802000063,7.4480342779997954,44.717475999732414
371,86bf9361-a964-4f71-b7aa-692deef4bcd7,202,,7.426090956999815,7.467668505999882,41.57754900006694
372,099fcc4b-db2e-4687-9f03-7683d9c5e8b2,202,,7.440569483999752,7.472361146999901,31.79166300014913
373,09889483-31ec-4ba9-a9d8-2cabf394a492,202,,7.460189755000101,7.475347830999908,15.158075999806897
374,77d871a8-fe07-43f9-b603-26c7b8fe0073,202,,7.480345623000176,7.493520965999778,13.175342999602435
375,4756d143-d59d-4fbe-9ac9-feacfd8c552d,202,,7.500188508000065,7.513658919000136,13.47041100007118
376,4747c80a-21f6-4247-b30d-dd06ebf1c3d4,202,,7.520301003999975,7.533624838999913,13.32383499993739
377,c9f138b3-df1d-4eac-a00c-afa47603eb2a,202,,7.540207385000031,7.552611973999774,12.404588999743282
378,169ee075-3dae-4bf7-928f-3d235503c204,202,,7.560234469000079,7.574238102999971,14.003633999891463
379,3f5cebdd-f073-44ea-b059-69ad68286e9a,202,,7.580385795999973,7.592228289000104,11.842493000131071
380,d179eb5e-237a-4476-a61d-d4c7af4f229b,202,,7.600212015000125,7.614591796999775,14.379781999650731
381,523225cb-b672-4666-8122-63d79b8dca39,202,,7.6201571030001105,7.63254919200017,12.392089000059059
382,c35f0890-6b38-4eb8-8ccb-87fc17a234d2,202,,7.6403553029999784,7.655067109999891,14.711806999912369
383,9d79d9d6-a8ca-4008-bf52-7968ca27aea6,202,,7.660364971000035,7.673010130999955,12.645159999919997
384,3c6d5c3c-7f9a-48ff-8823-c37082e43bdd,202,,7.680388470999787,7.692898304999744,12.509833999956754
385,7e1dfbe6-ce9d-4183-9d82-4ca81b1d7001,202,,7.700178066999797,7.714890373999879,14.712307000081637
386,85cef8c9-1cf9-4c4d-8bb4-821711921477,202,,7.720164901999851,7.730345060999753,10.180158999901323
387,8b76c710-d879-444c-aa0a-042a55518cd0,202,,7.74030847999984,7.752863687000172,12.555207000332302
388,85d4e798-6234-4e8a-a3eb-5f3ca62816fa,202,,7.760353729000144,7.770558178000101,10.204448999957094
389,319f4985-d047-4648-8e6f-fa51e173c36c,202,,7.780250486000114,7.790855874000044,10.605387999930826
390,82858f75-4065-4323-94ff-a45c3c82b349,202,,7.800189116000183,7.81632168599981,16.132569999626867
391,74cb278e-d305-42e2-a21d-f02b876945c3,202,,7.820261281000057,7.838378501000079,18.117220000021916
392,0f5f8d6e-ebbb-48a5-af1c-3daa41c47807,202,,7.840208952000012,7.852927108000131,12.718156000119052
393,55ce1385-736c-4d51-838e-bfa78ba85f51,202,,7.860175580000032,7.872916110999995,12.740530999963084
394,23007f26-b3ee-4f74-9ab0-21707178c71f,202,,7.880200663999858,7.892852864999895,12.652201000037167
395,f7899f53-2c09-4ccf-aab4-221ba4336124,202,,7.90030099400019,7.9132339309999224,12.932936999732192
396,0aba89d5-eb24-4cc3-9d70-157c080f8c01,202,,7.920404614999825,8.146983327999806,226.57871299998078
397,6789b975-2b50-4627-93f0-02199b41ab1e,202,,7.94026033199998,8.139300128999821,199.0397969998412
398,9b69de18-67eb-421a-acb1-50e0417dfcfc,202,,7.960556277999785,8.154906805999872,194.35052800008634
399,7eda220d-28ef-4647-8ab0-05c77078d594,202,,7.980822641000032,8.168258013000013,187.43537199998173
400,07e6f004-024a-4701-9da0-e125c30098e1,202,,8.0004018300001,8.171963326999958,171.5614969998569
401,f8b365bb-7382-4c80-862b-c56971615931,202,,8.020437121999748,8.20807039400006,187.633272000312
402,412ed407-5a41-4f3f-ba97-db2a832dad06,202,,8.04023050700016,8.197188523000023,156.95801599986225
403,d7f02d13-a56e-4c04-8427-c9ecfd86de88,202,,8.060441160999744,8.210682429999906,150.241269000162
404,c23a3181-cb19-4e6c-b1ff-c4c4edbe0983,202,,8.08035653900015,8.192071903999931,111.71536499978174
405,6cce4a23-cd1d-463d-bdae-2f35dc5b778e,202,,8.100560985999891,8.182893321999927,82.33233600003587
406,2eec1d83-1a1a-44af-9af0-c96bcc9efbd6,202,,8.120220668000002,8.215728136000052,95.50746800005072
407,9d1256b0-5ec3-4c62-be5b-ab90c50a384e,202,,8.140198625999801,8.219880345000092,79.6817190002912
408,119ba609-5915-492a-8dc9-41b32f891cad,202,,8.160172042999875,8.222046860999853,61.874817999978404
409,657a4063-1069-48bb-a386-2681dd243174,202,,8.181142534000173,8.230205994999778,49.06346099960501
410,225b1b03-9fa2-4f74-b12e-6987d5235950,202,,8.20019603899982,8.230361112000082,30.165073000262055
411,870ad51c-381e-416e-b7f3-73cea32a3bb9,202,,8.220224327999858,8.235930708000069,15.706380000210629
412,64b3b370-c7d6-438c-bb59-42ca8ca25f17,202,,8.240188578000016,8.249918923999758,9.730345999741985
413,9539377c-cc85-49d1-8479-b7c172e1d91a,202,,8.260310904000107,8.272433464000187,12.12256000007983
414,b265c65e-4e6f-4f62-a019-f390e7af80a2,202,,8.280282278999948,8.29163496000001,11.352681000062148
415,152d7b14-b484-433f-a960-ca470bea4192,202,,8.300311233999764,8.31303318099981,12.721947000045475
416,957fc69c-5cca-44ea-8421-6c038d9b0d9e,202,,8.32102669699998,8.3397999660001,18.773269000121218
417,315d4ba0-267c-45ff-8703-2273f7e6f8b7,202,,8.34025127599989,8.353511321000042,13.260045000151877
418,4881cb5c-a6fe-4879-93df-39528297455a,202,,8.360225858999911,8.374914665999768,14.688806999856752
419,add8aa56-bc48-46eb-be90-199f9b387cf8,202,,8.380375559000186,8.401106479000191,20.730920000005426
420,cf04b486-99ce-4837-9fa1-74dc06aa6235,202,,8.400305893999757,8.417728521999834,17.422628000076656
421,9dd1da18-2413-4a24-b0de-386b97811156,202,,8.42020993899996,8.43289880400016,12.688865000200167
422,1214e058-270c-476b-a92a-18b56657db4a,202,,8.440150191000157,8.48134821199983,41.198020999672735
423,c374b055-e412-4c62-beb0-ed2f609f83ec,202,,8.4602701419999,8.501418582000042,41.14844000014273
424,1d9a1ac4-ed84-4c8c-ad38-f34560d407ec,202,,8.480486004999875,8.508443355000054,27.95735000017885
425,63cf4555-95e7-4fa3-921b-6a4295dd3ddf,202,,8.500365342999885,8.517375033000008,17.009690000122646
426,47ccadf5-f8c4-41e8-b354-3df86de40fed,202,,8.520170226000118,8.53473824699995,14.568020999831788
427,9dbecb0c-6a10-4d4c-b094-15a200a20e79,202,,8.540175683000143,8.552975084000082,12.79940099993837
428,8e7c5088-a296-430a-859c-f5435631953d,202,,8.560185680999894,8.582778925000184,22.593244000290724
429,f22c02df-9d01-470b-a26d-43c7e6045f09,202,,8.580470374000015,8.596224876000178,15.754502000163484
430,4ff81348-a4d3-435a-853d-7d8336a496c4,202,,8.600578199999745,8.618888699999843,18.310500000097818
431,287d92d2-b9e3-414a-8c86-9060a26d7332,202,,8.620377458999883,8.633505925999998,13.128467000115052
432,d7cc9a33-64b5-4ccb-ac8a-fbdf52cb2a89,202,,8.640177675999894,8.651374697999927,11.19702200003303
433,a185b557-f59c-4334-a8a4-3fc16afea0ae,202,,8.660324292000041,8.67328160199986,12.9573099998197
434,4d989f4a-5272-4e6a-9387-d3ff9708af47,202,,8.680188255999838,8.694162680999852,13.97442500001489
435,8b8ca026-4ad1-47e2-9bd9-64dc13788318,202,,8.700218753000172,8.735482945000058,35.26419199988595
436,7c3b6092-6bf6-40be-b052-84e07af5e50d,202,,8.720511944999998,8.755879924000055,35.36797900005695
437,ac3944e1-603f-42ad-aadd-2e24d52fc556,202,,8.74021645799985,8.770051964999766,29.835506999916106
438,4e05067e-ce39-435c-897c-d16f7dbc13a9,202,,8.763358050000079,8.777236063000146,13.878013000066858
439,e942e2c8-d73c-498e-b2ab-c1a0f4266a25,202,,8.780279036000138,8.792906654000035,12.627617999896756
440,5751f819-a308-4fb7-8b28-c25c5159df9c,202,,8.800686764000147,8.814373328999864,13.68656499971621
441,b7b272df-51e7-42fb-9aea-3e9a86dafed7,202,,8.820234410000012,8.835446774000047,15.21236400003545
442,067a4e68-62be-4134-b341-e37013349c7d,202,,8.840360736000093,8.854818803999933,14.458067999839841
443,dfe51e91-0c53-4bff-8016-92b3b06d680d,202,,8.860366109000097,8.872037983000155,11.67187400005787
444,ed1cc4b7-56a0-431c-aaa4-73aaa52e3cfd,202,,8.880166410000129,8.891062488999978,10.896078999849124
445,9d17ce56-d9ff-4063-9c0f-60d7b3dc7c7a,202,,8.900437769999826,8.913467700000183,13.029930000357126
446,6055dd7b-0f59-48c9-ba2f-f060b5004431,202,,8.920215362999897,8.932852354999795,12.636991999897873
447,66ffab45-4091-45dc-894f-04e1c26301c3,202,,8.9401641139998,8.954784715000187,14.620601000387978
448,d90d34ae-c279-40a8-8b4f-b84fd2f3a5b7,202,,8.960201818999849,8.972561782999946,12.359964000097534
449,2357fc52-5e2e-4ab8-b710-005eb7d6e5bf,202,,8.980278063999776,8.993349284000033,13.07122000025629
450,aaebd825-cc27-4d3d-b867-73398ddf4b6b,202,,9.00016956799982,9.012577280000187,12.40771200036761
451,3c847459-727d-402c-87c9-b6394a4df9fd,202,,9.020334100000127,9.033532645999912,13.198545999784983
452,1e6b76ee-5038-4e38-8523-ae3acaa54cdb,202,,9.040358885999922,9.052025759000117,11.666873000194755
453,8c9b2d22-ebb9-44e2-87bc-dce0bb979091,202,,9.060181016000115,9.077698470000087,17.51745399997162
454,34ef2fda-585a-4439-b750-2520b35c0219,202,,9.080164929000148,9.094371423999746,14.206494999598362
455,1a3202df-d6fb-4742-ab4a-6402026d0175,202,,9.100386496999818,9.111925583999891,11.539087000073778
456,93ae77a7-73ba-4c0b-9374-e9b59f3aa601,202,,9.12031570399995,9.13479101899975,14.475314999799593
457,f4301e0c-6adb-45ee-a186-8417a22f595e,202,,9.14035948899982,9.151552551999885,11.193063000064285
458,ab7f8ee8-acfd-477f-8903-db03be206ac6,202,,9.16024407399982,9.17726155299988,17.01747900006012
459,43389c5c-8228-48bf-879f-857417a6a412,202,,9.180152033000013,9.192509120000068,12.35708700005489
460,d455fc21-56ca-435f-9112-a46a20aa95b0,202,,9.20052750900004,9.217784225999822,17.25671699978193
461,c1fe77ee-77fd-4fed-9dad-15e5eb6d88c5,202,,9.220360471999811,9.232200669000122,11.840197000310582
462,0c873744-03ca-4d73-8d31-7707d0f010cf,202,,9.240657869000188,9.261443699999745,20.78583099955722
463,3d01747f-ffff-4a23-9d00-a0847174d1e5,202,,9.260568618999969,9.27631095300012,15.742334000151459
464,80c8ec7e-9532-417b-b480-5c95c49547e3,202,,9.280281629000001,9.324086137999984,43.80450899998323
465,bbc53aaf-b0ca-4658-8050-f57e532e37ea,202,,9.301485023000168,9.370169947999784,68.68492499961576
466,1ae8a007-d280-4536-b222-3c29c4894cf8,202,,9.321374273999936,9.40566412399994,84.28985000000466
467,2a427556-2f9f-4e6c-9007-99b9de90a218,202,,9.341907284000172,9.42126742399978,79.36013999960778
468,c49fdb2a-89fa-4627-bb81-760b97fbea86,202,,9.363556489000075,9.438975992999985,75.41950399991038
469,92b9f1ab-16d1-43b0-8fdd-d76a52570ffa,202,,9.38233542099988,9.485479740999835,103.14431999995577
470,f5091c8e-0a24-4029-bf47-d8956c24694d,202,,9.400537964999785,9.555527097999857,154.9891330000719
471,e7d56918-3e33-4ff2-804a-02b46980b617,202,,9.42188014300018,9.582724190000135,160.84404699995503
472,95539970-0a2d-477d-a309-900809ae6e43,202,,9.440626700999928,9.589090037000005,148.4633360000771
473,5bc2149a-c1d5-4a24-87bd-91b8b62c2dc1,202,,9.462075499000093,9.611606822999875,149.5313239997813
474,2f964ea9-8b05-4322-8c12-daf8b0e05b3b,202,,9.48045590899983,9.61786234200008,137.40643300025113
475,55c8dc2d-bfff-4ada-8821-b5e8cc22526f,202,,9.502801453999837,9.624492342999929,121.69088900009228
476,947ca63f-4256-470f-a594-62cda8c8e076,202,,9.521548221000103,9.63954650300002,117.9982819999168
477,9d29255e-6643-4dac-958e-c9846aea9847,202,,9.54941365500008,9.64905169199983,99.6380369997496
478,43d75ca8-741e-4eca-b237-f31b1981e55b,202,,9.56143059299984,9.655644485999801,94.21389299996008
479,202fd680-e693-4532-a39b-42ce28f751cf,202,,9.580515134000052,9.659965311000178,79.45017700012613
480,1eafc65f-61e8-4d28-894a-cb164fcf627b,202,,9.602358703999926,9.674309131999962,71.95042800003648
481,e6a0ad2c-f0dd-4454-bd20-4108c3c31d1b,202,,9.62150153399989,9.674505038999996,53.00350500010609
482,8037bcf2-a122-463b-b75e-3e5179277950,202,,9.64025146799986,9.679441875000066,39.190407000205596
483,92197712-5351-4fbd-9f96-15f5bfc08697,202,,9.662188658000105,9.688106564000009,25.91790599990418
484,076758f9-8d7a-4b00-847f-0e3da8233283,202,,9.680172170999867,9.69522462399982,15.052452999952948
485,fbd32fd6-30d5-4b3a-9ce2-3e2dc17ffcc3,202,,9.700329033999878,9.729556483000124,29.227449000245542
486,31db0f05-2bdb-40a7-aafa-fc699c7f8b35,202,,9.722645705000104,9.762173760999758,39.52805599965359
487,4e31709b-1096-462c-a7de-72fe7ba46490,202,,9.746849698000005,9.782218045999798,35.368347999792604
488,a778bee6-f1ef-4e4c-8e77-88b467609953,202,,9.760265356999753,9.791465331999916,31.19997500016325
489,c067844a-f86c-4e0b-9164-6f87f59d1603,202,,9.781164307999916,9.796952014999988,15.78770700007226
490,eac1d1ed-3469-4563-8fc2-64a2210d09e0,202,,9.80027059799977,9.822317532999932,22.046935000162193
491,ee8943cd-2ad6-41fe-919e-29f86c13a322,202,,9.820357672999762,9.834421716000179,14.06404300041686
492,2eeb1acb-2522-4f6b-831e-2aaa7ce0c132,202,,9.840310711999791,9.85341134600003,13.100634000238642
493,57bbdcad-e754-468e-bd96-4fb9a1a7929d,202,,9.860173340000074,9.873887900999762,13.71456099968782
494,a5ec638c-2dc8-4abe-ac3e-721f23df8d06,202,,9.88031791100002,9.898100935000002,17.783023999982106
495,40163557-a6ab-417d-b545-da6ca9fbfbcd,202,,9.900345405999815,9.912814945999799,12.469539999983681
496,82e97586-32f7-4cda-bdf1-6db465aff141,202,,9.920239739999943,9.93536631400002,15.126574000078108
497,d4ccff04-034e-423d-a20b-23575ae31722,202,,9.940250067999841,9.958588480999879,18.33841300003769
498,b8bf9dbf-b176-4382-9cdf-662c1430729d,202,,9.96015860999978,9.97575507700003,15.596467000250414
499,931636c1-643e-47f2-ab93-c642b7cbba48,202,,9.980185270999755,9.993275946999802,13.090676000047097
500,ce594257-4a3c-4fd4-8211-e682be4e2704,202,,10.000272096000117,10.015657031000046,15.3849349999291
501,155bfe23-2319-4825-9f54-5d7f3e60b0d9,202,,10.020165429999906,10.042819581000003,22.654151000097045
502,1830f58f-e847-4db3-b3db-a2111dc3e7f3,202,,10.040384371000073,10.057340807999935,16.95643699986249
503,abde5a52-9a29-44e3-8ccc-7695bf62276d,202,,10.060257036000166,10.079882631000146,19.625594999979512
504,b8090959-c48d-4cf6-880e-bdf760959499,202,,10.080131034999795,10.096910440000102,16.779405000306724
505,5b3c86dd-b067-4bee-bdb1-41ac106b107d,202,,10.100660418000189,10.121126303999972,20.465885999783495
506,038bbacd-6b42-451b-9d06-e1307c76badf,202,,10.120515833999889,10.142096289000165,21.580455000275833
507,e9a95769-149d-45bd-94ca-1f0a501eb6e6,202,,10.140200300999823,10.157718251999995,17.517951000172616
508,fbd441b4-7271-43d7-b245-65a73dbc522a,202,,10.160330286999852,10.844606611000017,684.2763240001659
509,cf986d08-ed25-44c8-a2df-fca5171d551b,202,,10.180341571000099,10.847873446999984,667.5318759998845
510,09c55228-072c-41db-9fcb-5b48d8b5068c,202,,10.201222519000112,10.858301712999946,657.0791939998344
511,d441455d-ba7f-4f57-bf8f-943e57f48ec5,202,,10.222377619999861,10.866544840000188,644.1672200003268
512,f9422fe4-ab03-4f28-bd82-2c7001c446ab,202,,10.241764977000003,10.877081392000036,635.3164150000339
513,776a4ab2-06d2-46dd-b572-e9a2a3af5442,202,,10.264327840000078,10.887745521999932,623.4176819998538
514,bb503573-ebf7-4224-bab1-055b70b95723,202,,10.281412645999808,10.895832447999965,614.4198020001568
515,a11f63c8-a484-4f83-81dc-ddb5ab1de6ac,202,,10.30024311499983,10.904455804999998,604.2126900001676
516,02698f14-b391-4a9d-980d-4785efadb537,202,,10.32022194199999,10.915175097999963,594.9531559999741
517,274c7067-9a4f-4dfc-b973-0acf279bd98a,202,,10.340221809000013,10.921821930000078,581.600121000065
518,f6a2b257-111a-4255-8db9-ff4621600619,202,,10.361198336000143,10.932150159999765,570.9518239996214
519,718fa3f2-41f9-4bb1-b26e-4bf186c267a8,202,,10.384375335000186,10.932242779999797,547.8674449996106
520,a0124808-c238-4e8f-b7e3-1a321e1af313,202,,10.40125077699986,10.940015888999824,538.7651119999646
521,90d9ef0b-9b21-4f7c-b416-6fac1ec77cac,202,,10.423368871000093,10.947155488000135,523.7866170000416
522,4a8a991e-5cd5-4d8c-9bb0-2d907a3c49c0,202,,10.440493467000124,10.952435762999812,511.9422959996882
523,7462d222-0181-49a2-bd22-e32125b83baa,202,,10.460240054999758,10.965061794000121,504.82173900036287
524,900f47db-0060-4e20-b83a-29ed7315a248,202,,10.480646902999979,10.969706934999977,489.0600319999976
525,9774b296-b870-406e-b062-7a664ec3b889,202,,10.501955203999842,10.974388866000027,472.433662000185
526,c364456d-0367-44af-a22e-788545bb1874,202,,10.521464847000061,10.988128507000056,466.6636599999947
527,4227b8dc-5f8b-4c9e-be81-a070a43d60ac,202,,10.540283232000093,10.994921831999818,454.63859999972556
528,8f1dfe79-2ab6-4201-a40c-a65d1971f705,202,,10.561326589000146,11.012773098999787,451.4465099996414
529,d90550b4-7afd-4022-93df-09ca4c182102,202,,10.58435276199998,11.029736910999873,445.3841489998922
530,72e798cd-d284-4210-8876-c6ccbecbae11,202,,10.600297083999976,11.032744467000157,432.4473830001807
531,fe7df002-7a43-445c-8fc3-43360c7a83d0,202,,10.6211402429999,11.039883397999802,418.7431549999019
532,07c98f1a-49bd-4620-81e7-d2de5f087ac0,202,,10.641369598999972,11.05297269499988,411.60309599990796
533,53700762-804f-494d-b3f5-76557bd88303,202,,10.660798911999791,11.067582706999929,406.7837950001376
534,2a82bbe5-d2b6-4796-b0d0-d5db6cb4d902,202,,10.680505418999928,11.074561353999798,394.05593499986935
535,b16e2755-60f0-45c5-986e-189c3a8d3888,202,,10.70050432800008,11.076765618000081,376.2612900000022
536,bfebe829-36f5-4e4f-be0e-331d9b5ccad2,202,,10.72145448099991,11.086208308000096,364.753827000186
537,1ce63f21-c1cd-4f16-86ea-7ece00046817,202,,10.740926709000178,11.094395602000077,353.46889299989925
538,159d51f1-9d88-4b34-98ed-401dbf0a7555,202,,10.762107474999993,11.10996248299989,347.85500799989677
539,d33a5377-80c4-47f1-aa2f-e2399c4ae0f7,202,,10.780562629000087,11.11541833199999,334.85570299990286
540,0e950942-e0ac-42bc-955a-46ca39b751ee,202,,10.801840890999756,11.128656330000013,326.81543900025645
541,1c06adc0-f860-481b-9f8d-f312285782b4,202,,10.820436661999793,11.131526934999783,311.0902729999907
542,45b9ec20-641d-4a44-b236-9584ee5be1aa,202,,10.841165493000062,11.14491950799993,303.75401499986765
543,c469ebfe-9190-478e-97c4-47968b2f0a95,202,,10.860373608999907,11.151099738000084,290.726129000177
544,3124495c-34cf-4bde-a4c7-f5c9ae52ec19,202,,10.88023239999984,11.158274958999755,278.04255899991404
545,576b052e-61db-444e-a364-656f748e6dc7,202,,10.900203603000136,11.168256246000055,268.05264299991904
546,22f8c25e-ff0e-47a5-9c2b-ffda63fc99d5,202,,10.920375627999874,11.172687605000192,252.3119770003177
547,c97294c9-64ca-47ff-9853-d4318046fae0,202,,10.940222252999774,11.18078115499975,240.5589019999752
548,9f3a5dce-f47c-4dba-9252-c4293c4103fe,202,,10.960374946999764,11.18822277900017,227.84783200040692
549,84228850-e352-41f4-aaf4-aae442f50160,202,,10.980421644999751,11.194172561999949,213.75091700019766
550,4821c797-a391-406e-9c37-3b1293014f50,202,,11.000410680000186,11.20061756899986,200.20688899967354
551,27f61b48-2395-4f04-b497-583a40ca09af,202,,11.020230390000052,11.211176993999743,190.94660399969143
552,18f2f39f-16b4-45da-8af0-ebcf45b9e603,202,,11.040185841000039,11.215939544999856,175.75370399981693
553,36b4f391-3ea0-4983-b88b-8de4ef36a7a3,202,,11.0601969129998,11.225648137999997,165.45122500019716
554,27fe91e9-9540-44cd-9f20-752d2f2c31bb,202,,11.080207235999751,11.235272110000096,155.0648740003453
555,1f417abd-5949-43e3-96fd-67966cd1f24d,202,,11.100243974000023,11.241807280000103,141.56330600008005
556,771c6165-4a4b-4f9d-bc8d-6e86942629de,202,,11.120220006000181,11.252545238000039,132.32523199985735
557,501364cf-e491-470f-829e-e12f1077aa12,202,,11.140435526000147,11.259210108999923,118.77458299977661
558,74c9b2fa-6f98-463d-b29d-fb88060c8f82,202,,11.160497220999787,11.271964089999983,111.46686900019631
559,63217170-5cd4-4381-a355-0c8dc3b01565,202,,11.18018668500008,11.271935257999758,91.74857299967698
560,027d7b35-c78e-42f1-aaed-b6f3a6c9aa8c,202,,11.200234296999952,11.272852087000047,72.61779000009483
561,e869860b-52a2-4790-88b0-ff8f0435479b,202,,11.220186248000118,11.279202099000031,59.0158509999128
562,3652eece-0fe9-4ed2-80eb-a650501dc168,202,,11.240227026999946,11.283463425999798,43.2363989998521
563,965dc359-9153-4a02-be07-9b657599c5ed,202,,11.260310387000118,11.319806047999919,59.49566099980075
564,47f61e08-7136-4bd6-ab2a-ec87c0389c49,202,,11.280663233999803,11.343067289999908,62.4040560001049
565,bc79e2ed-4ca2-444e-9912-7e4e154bb865,202,,11.30153630399991,11.357655053000144,56.11874900023395
566,616e3f57-2d4e-41e8-a3c9-d8be1c5bf3bf,202,,11.321226017999834,11.367598341999837,46.37232400000357
567,6b35d380-55b8-45c0-8d65-d94efd26ee58,202,,11.340435630999764,11.372231483000178,31.795852000414015
568,851b8300-6e51-4d69-8a85-1217e15c58d6,202,,11.360277419999875,11.386406932999762,26.129512999887083
569,6330e276-87f1-4144-9609-03eb01154a42,202,,11.381546803999754,11.400930408000022,19.38360400026795
570,e2796b6a-8d00-477a-9acd-b490b90478ca,202,,11.401115106999896,11.414462016000016,13.346909000119922
571,c76885e2-f171-4ff9-830b-69740a5867de,202,,11.420218475000183,11.439874566000071,19.656090999887965
572,522cd2ee-8407-483c-b80c-4571eaccc9f7,202,,11.440325792999829,11.456721797999762,16.39600499993321
573,1c74ce51-8c84-4f2c-8451-b8d39a7821fc,202,,11.460186623000027,11.472635077000177,12.448454000150377
574,33ac78b6-dbf5-4c4c-bc01-d624fee717e8,202,,11.480257150999932,11.49209976100019,11.842610000257991
575,c8fcbd36-6c5b-47e3-915a-3bd16ea961f0,202,,11.500196684999992,11.516862050999862,16.66536599987012
576,be2e3f55-6231-4f97-8227-290025c73f7d,202,,11.52016546799996,11.536207698999988,16.04223100002855
577,539ae915-5345-4fcc-86a2-9e80ce01ae4c,202,,11.5402197049998,11.560634297999968,20.41459300016868
578,9499670a-6f46-453b-95ab-04193e6df18e,202,,11.560397310000099,11.572912844999792,12.515534999693045
579,1b433c66-1d9d-47d5-b67d-963fc38d25bf,202,,11.580177643999832,11.593212151999978,13.034508000146161
580,8275f379-7f59-41e4-8035-5a3663ac6dbe,202,,11.600345792000098,11.614960887000052,14.615094999953726
581,cdf29e2e-1bce-4b37-b3c4-727daf8c831b,202,,11.620438693999859,11.639564519000032,19.12582500017379
582,b06d1077-03dd-4151-9141-bcca55ee6abf,202,,11.640560426999855,11.66683597500014,26.275548000285198
583,bc252dc7-66a1-41bb-8999-364bc6030cdf,202,,11.660496753000189,11.68120849900015,20.71174599996084
584,94c82d36-8bdd-4ea6-a184-6c7fdf290ca3,202,,11.680228090000128,11.694761980999829,14.533890999700816
585,97f9a655-f253-4003-bb22-c94bc58190e4,202,,11.700315950000004,11.731381963999866,31.066013999861752
586,e6fcdf0d-894a-41a9-8ec3-ddc5ae6048e6,202,,11.72038197799975,11.744337851000182,23.955873000431893
587,4a2d6c8b-593e-4695-b4a2-6b0d700d2a88,202,,11.740383050999753,11.779748895000012,39.36584400025822
588,4b0608a3-7346-4b02-83b5-e87691a397ed,202,,11.764161683000111,11.782670040000085,18.50835699997333
589,0a634ab3-4ebc-4dc2-ad42-cc0c2faa5d14,202,,11.78037773899996,11.793557905999933,13.180166999973153
590,0cceca48-f09d-4aa8-8585-1f2d5f95b899,202,,11.801639956000145,11.812043638999967,10.403682999822195
591,c771cabb-1f84-45e0-bb22-2116f7e46750,202,,11.820301596999798,11.832085875999837,11.784279000039533
592,fb096459-715b-4580-b087-580a487dc353,202,,11.84079822800004,11.859120926999822,18.322698999782006
593,e65498f5-acc6-4b79-b240-a05f068ae8a5,202,,11.860447109999768,11.871542299999874,11.095190000105504
594,07cfb1a4-8671-42ba-ae88-ea51bc8e891b,202,,11.88199602199984,11.891570580000007,9.574558000167599
595,d50dd54d-67f0-48d8-833a-6abc08261734,202,,11.900402841999949,11.921258580000085,20.855738000136625
596,1cd71de2-d4f3-408f-843e-2e6d9206daa7,202,,11.920245755999986,11.931099957999777,10.854201999791258
597,5c6c03c8-9aa6-4d21-84ad-42a5992b12f7,202,,11.940598227999999,11.953025432999766,12.427204999767127
598,99a18550-c05d-4bbf-b7d7-f3280ddda40d,202,,11.961052736000056,11.972038138999778,10.985402999722282
599,185cfb4f-6cdc-43c5-ba71-d95b1c702c79,202,,11.981111598000098,11.994568043000072,13.456444999974337
600,b684e540-cf78-4db5-a6b7-59569ac66248,202,,12.000387706999845,12.017390932000126,17.00322500028051
601,8045abef-6bb6-4ead-9e53-827fff687f66,202,,12.020212121999975,12.047316457999841,27.104335999865725
602,a54655f5-8d74-48f4-99ac-d22be0c5376f,202,,12.04035960200008,12.058793334999791,18.433732999710628
603,b0be643b-30b2-4185-b1d7-04b19800db63,202,,12.060175515000083,12.081269154999973,21.09363999989
604,5f94f6d3-3789-43ec-ab12-ceb2204346e6,202,,12.080234415000177,12.093795395000143,13.560979999965639
605,cad82a5d-eb88-44f9-9b04-820372ed6fe1,202,,12.10026015099993,12.114328605000082,14.068454000152997
606,879de855-6c69-4a81-a4ba-e37b7523ee3b,202,,12.12017835000006,12.133179273999758,13.000923999697989
607,2d577e85-e5d7-416a-8cbe-e2ecaf3a8d9c,202,,12.140158253999743,12.155549098999927,15.390845000183617
608,9829e628-5957-47e9-b698-e15a8abad12c,202,,12.160293276000175,12.176812063999932,16.51878799975748
609,61247e2b-8abb-4966-9a08-d988c418a5f6,202,,12.180282512999838,12.19727048499999,16.987972000151785
610,5c2d7ccc-1a14-4da5-ac38-17812833f982,202,,12.200258751000092,12.219391697999981,19.1329469998891
611,37ed60ea-01c5-4725-8e92-1842f881985b,202,,12.220164075999946,12.24975386799997,29.589792000024318
612,729d716e-6ab0-4706-929b-e71fc12c2a84,202,,12.240398341999935,12.269391540000015,28.993198000080156
613,eb70417b-3941-4c26-a978-ee592313aaea,202,,12.260164589999931,12.279172586000186,19.007996000254934
614,293aa46b-7c6b-4b7f-883a-8e33b8d6d71c,202,,12.280358026000158,12.292423748000147,12.065721999988455
615,fe4e9f22-c8d1-4a80-839d-0a2a4a0f661d,202,,12.300658204999763,12.31597859600015,15.320391000386735
616,b1a86b14-2c23-49f8-aa2b-30571170de6e,202,,12.320160508999834,12.335233078999863,15.072570000029373
617,99cd135c-7c7d-4b20-b80b-9af03d69a9e3,202,,12.34015282900009,12.355695959000059,15.543129999969096
618,14e250f9-d070-4444-8a83-f4bf4a1be099,202,,12.360202729999855,12.37271588800013,12.513158000274416
619,a209db00-1583-40dd-8812-da007055ad66,202,,12.380221215999882,12.395992917000058,15.771701000176108
620,b25c86d5-2efc-4bca-bf08-12ad76f733da,202,,12.400451983000039,12.44619549800018,45.74351500014018
621,94931758-0f07-4526-9cd9-8746d8e8fe82,202,,12.420201024000107,12.452527343999918,32.32631999981095
622,f87128ec-8097-4127-abea-fe7bdd5f99c8,202,,12.442463811999914,12.459861763999925,17.397952000010264
623,d2c34112-068c-4375-bb52-9475c71bf1eb,202,,12.460152041000129,12.475987029999942,15.834988999813504
624,c1fee974-eaa7-4e23-b4cd-9c5d38635d33,202,,12.480206275,12.496043556000132,15.837281000131043
625,ecb304cc-e231-46ac-bc21-cd75a26bec31,202,,12.500223926999752,12.519438161999915,19.21423500016317
626,2b4528d2-bf8b-4744-81df-71945d4d9eb1,202,,12.520230288999755,12.532590829000128,12.360540000372566
627,3587dfeb-fc99-406d-b1e5-ddb9de0c19fa,202,,12.540336477999972,12.55351235199987,13.175873999898613
628,214c7b9b-f87d-4017-8b4f-506b942efcb1,202,,12.560181555999861,12.573789241999748,13.607685999886598
629,26f980e9-4b35-4431-848e-4c9ff56cd2e1,202,,12.580332409999755,12.592880483000044,12.54807300028915
630,c35e98e0-c584-459d-805d-c0a6c7fa08fd,202,,12.600351270999909,12.615380592999827,15.029321999918466
631,cd10fa11-0ed3-4de3-a2c1-16f9856a9ebf,202,,12.620191974000136,12.636155581999901,15.963607999765372
632,32088d81-52bd-4ab2-909d-300bc62e8430,202,,12.640173544999925,12.653888225000173,13.714680000248336
633,289bc5e8-bbef-43c9-bc98-51c33a883eca,202,,12.660175572999833,12.678318446000048,18.14287300021533
634,3e992dc2-f5ef-4d99-9e88-8f8fdc3d926e,202,,12.680948229000023,12.694971684999928,14.0234559999044
635,409fc638-4a88-498d-9bb1-d71c508faafd,202,,12.700172129999828,12.714313912999842,14.141783000013675
636,44fff875-5f8e-4ca4-a363-02b9085d8e4e,202,,12.72027332000016,12.732920637000007,12.647316999846225
637,b407da58-c8ae-4974-8281-137e59ef2c63,202,,12.740229642000031,12.755752438999934,15.522796999903221
638,326b15a1-4b16-4f45-b0d7-977bd274b56f,202,,12.76064494100001,12.77612494799996,15.480006999951001
639,97044613-928e-4425-bde1-89eea0eb03e1,202,,12.780243364999933,12.794873915000153,14.630550000219955
640,4011ee03-001a-4801-adbb-e5876dc77470,202,,12.801016561999859,12.811092843000097,10.076281000237941
641,773a802a-2879-49b3-9d31-6f462d18020a,202,,12.820364915000027,12.831080705999739,10.715790999711317
642,3da65cf9-b7b5-48a5-af8a-085bf70d0dab,202,,12.840603139999985,12.85059480000018,9.991660000196134
643,e5981365-bcd6-4e14-81c0-20ad0ba12e04,202,,12.861321715000031,12.874037653999949,12.715938999917853
644,d070c6c1-bd2f-4884-85c5-8e6682968321,202,,12.880294753999806,12.889985345999776,9.69059199996991
645,77b7329d-46ed-4a4f-a62d-4558b8f0de88,202,,12.900298906999978,12.910004331999971,9.705424999992829
646,d050b1ad-ea1f-4fd8-8435-011a27fab377,202,,12.920213189000151,12.932413695999912,12.200506999761274
647,3c26b7e4-0d24-4a13-93a2-7772987c0b3a,202,,12.940809604000151,12.952420558000085,11.610953999934281
648,3408ab42-0d80-4149-9d2c-7aad72389dde,202,,12.960282617999837,12.970819583999855,10.536966000017856
649,ff6115ad-bbda-40a1-a6eb-71a4f7637acc,202,,12.980331185000068,12.990129272000104,9.798087000035594
650,5c32de34-de46-4f23-8bc3-bdbe69fca781,202,,13.000788731999819,13.010390412000106,9.60168000028716
651,3a500a1e-2bda-4446-a7fe-77f8ecf855bc,202,,13.021594969000034,13.196530580999934,174.93561199989927
652,845b9961-0f31-4cc5-bedd-a9baab531435,202,,13.043833797999923,13.257409654000185,213.5758560002614
653,71b263c9-2371-4f35-ab98-b523c98d1722,202,,13.074827347999872,13.297823017000155,222.99566900028367
654,e9755d3e-622e-4291-884d-6077db1326ca,202,,13.106232960999932,13.274434206000024,168.20124500009115
655,b7da928f-7d9c-4d67-8a19-48f8d12cc7e3,202,,13.10311536900008,13.746166401999744,643.051032999665
656,a284e170-d956-481c-9eae-eb9740dc27a1,202,,13.12342162899995,13.787593589000153,664.1719600002034
657,454e9a55-5bd5-42f7-89bd-402422fabcab,202,,13.144910204000098,13.814503638000133,669.5934340000349
658,900b8421-9ed3-42cc-b234-920f1929f38c,202,,13.161224167,13.808454029000131,647.2298620001311
659,c19ccac5-853e-49ae-8856-67b33f3ca617,202,,13.180421399999886,13.816521534999993,636.1001350001061
660,0ba3831b-c989-40a8-83e8-cf8b76988ff6,202,,13.200634831000116,13.83889731499994,638.2624839998243
661,370f8f83-c9f1-4ba1-bdf4-b3d09773e1b6,202,,13.222226774999854,13.855457557000136,633.2307820002825
662,3fed194f-e40e-4977-82bf-8c83e3b552a0,202,,13.241492837999886,13.880776103999779,639.283265999893
663,6ee3f40c-323a-4a8d-a1e4-c6e3d5daba0d,202,,13.261865010999827,13.890453236999747,628.5882259999198
664,3c496da7-3c83-4f92-8638-ac3049fd5ded,202,,13.28099378900015,13.896039578,615.0457889998506
665,f50590a2-90c3-4eb7-8816-58f4fb2a906d,202,,13.300938733999828,13.911056856999949,610.1181230001202
666,42c5c3cd-49d8-4454-aa25-fdf82ef12232,202,,13.32323876800001,13.936384194999846,613.1454269998358
667,9d763be2-7b79-47a2-82b2-3b3af0b1d317,202,,13.340754752000066,13.92349805799995,582.7433059998839
668,baba6d9e-4ee7-47bb-828c-00051a7f4ae7,202,,13.36715661900007,13.940051675000177,572.8950560001067
669,cf7674f9-202c-4047-b6b5-22e06358fbb1,202,,13.388359499999751,13.950582848000067,562.223348000316
670,e1c2b3e4-ff05-40d0-a9b4-4498ec38e699,202,,13.411894762999964,14.027249118999862,615.354355999898
671,ce16c7dd-30f4-45b6-9c74-3b557d0dd8c2,202,,13.4528115170001,13.964548764000028,511.7372469999282
672,b10ff851-afbc-47de-9246-ec7b1a40bca2,202,,13.460825025999839,13.980127596999864,519.3025710000256
673,468672f1-c911-4832-8d55-2abe1683d3d7,202,,13.496540460999768,14.001518427000065,504.9779660002969
674,4b937828-87ee-4bb3-899c-53c6d35dfe7e,202,,13.502086721000069,14.20625403899976,704.1673179996906
675,bf2abc59-f1f3-49b8-86ac-20c9260be3e1,202,,13.503118086000086,14.01199389500016,508.8758090000738
676,80e56f02-103b-4a0d-9255-2f340ef81b44,202,,13.520820228000048,14.062950966999779,542.130738999731
677,69e6afb7-0572-4414-b9e5-ae31d03dd39f,202,,13.542474711000068,14.129718398000023,587.2436869999547
678,351a1c73-0684-429a-9fee-818c7218400d,202,,13.566427243999897,14.297136490999947,730.7092470000498
679,03da5777-54f6-4d78-8317-74605fd6a689,202,,13.58205578299976,14.326693110000178,744.6373270004187
680,1a803bad-a0d4-49b7-8fa5-8f70929dd9df,202,,13.609701335999944,14.036575268999968,426.8739330000244
681,ae8a359d-c5da-42e6-9fda-689a8a9a94d8,202,,13.622530476000065,14.162877415999901,540.3469399998357
682,acde7347-63b1-40ec-99a9-90feb72e7432,202,,13.640670887999931,14.304235463000168,663.5645750002368
683,2cf32918-1a21-4c9e-8848-3ada44b7a988,202,,13.660950648999915,14.26892097100017,607.9703220002557
684,05b4ba54-4dfc-4aa3-88e0-8b80b44622c2,202,,13.68467640200015,14.421932922999986,737.2565209998356
685,2310e918-4ce3-492b-a109-f5a162115c97,202,,13.700964240999838,14.437516003999917,736.5517630000795
686,c3cf35f8-e692-4b6a-9919-56b1ce97910e,202,,13.72053716299979,14.403209960999902,682.6727980001124
687,6c8f46b8-de7f-4fa8-b1b2-e2050a45fa43,202,,13.744379618000039,14.39425804199982,649.8784239997804
688,165baedc-0f69-4dac-93f2-ca4c0522a30f,202,,13.760269851999965,14.36391612999978,603.6462779998146
689,d319bca5-6eb0-43ec-915c-1790e99ea5fe,202,,13.7824092689998,14.449331859999802,666.9225910000023
690,4a9e256c-6b7f-441c-a38c-707d2b513bfb,202,,13.80549513699998,14.4654743709998,659.9792339998203
691,2f454306-40bc-45b3-bc9b-0e54efdc4bcf,202,,13.820472000999871,14.45189973000015,631.4277290002792
692,5f8f7bd0-a193-45f5-a28e-8f81eddbecd8,202,,13.840398905999791,14.473455380999894,633.0564750001031
693,f01a7d8a-1300-476d-a604-416fd713bb1a,202,,13.860881405999862,14.4801202499998,619.2388439999377
694,e3004326-8755-4a9a-810b-28eaa654aafa,202,,13.881309076999969,14.4924128319999,611.103754999931
695,789efc7c-3990-45ed-ac1a-b567bb677fdb,202,,13.90052180900011,14.506183547000091,605.6617379999807
696,42b70f2c-ceb7-4969-a342-f51e0f8f6693,202,,13.920251014999849,14.514956933000121,594.7059180002725
697,5007dc97-ac88-4d02-9a97-a11be202b479,202,,13.940511277000041,14.52114207600016,580.6307990001187
698,8c9b431e-7cb5-4767-9345-ec8db2cd12e7,202,,13.963324033999925,14.529567437999958,566.2434040000335
699,35a0657a-680f-4afd-b8dd-79fffe987540,202,,13.98036495999986,14.543251908000002,562.8869480001413
700,e37abe4f-e2a4-4b4c-bc8c-d5d6c38cb0c0,202,,14.000600223999754,14.556490607999876,555.8903840001221
701,c5720c6e-5928-44c6-ae6b-9cfc25f98041,202,,14.020397176000188,14.576845612999932,556.4484369997444
702,6e11d137-768f-453c-9c83-b81241699905,202,,14.040264956000101,14.597519100999762,557.2541449996606
703,06e73a23-d77e-4dc5-bf59-7e216e80caa8,202,,14.065357135999875,14.60814960100015,542.7924650002751
704,08ce61bf-b4a4-4d0a-be85-e8add5b6881d,202,,14.080659730999741,14.615185992000079,534.5262610003374
705,0b4f4a14-9d89-4847-9c1f-acd416d3b3b7,202,,14.10233991799987,14.620218360999843,517.8784429999723
706,a0aa5492-835a-4419-b204-6e22fc023149,202,,14.121983292000095,14.641247289000148,519.2639970000528
707,7b20c2a0-1de1-4007-88d8-0fa82eef531b,202,,14.140310065999984,14.659193333000076,518.883267000092
708,b82f5805-770c-479b-acc6-7c45e8376eb3,202,,14.161396866999894,14.677018549999957,515.6216830000631
709,25067d30-4e47-4d74-b85b-2bcbffcf715e,202,,14.183907219000048,14.689534995000031,505.627775999983
710,6677f063-49ae-4c24-a770-3e309a2ab9ba,202,,14.205352377000054,14.705477057999815,500.12468099976104
711,b8f8528f-85dc-40c2-8899-ec3c9138a2ce,202,,14.222340218999761,14.749196871000095,526.8566520003333
712,550733b4-b937-4fb6-9f6b-b0d763c3bfd7,202,,14.241488368999853,14.719204025000181,477.7156560003277
713,9a359fb0-1553-44ae-b3af-831edb81a0d2,202,,14.26340516800019,14.732607007999832,469.2018399996414
714,06ceba8d-2fa9-4181-8b8b-8da23e5948af,202,,14.281363170000077,14.777908158000173,496.54498800009605
715,c8836d5c-fdd4-4fbf-9618-ae63a075e830,202,,14.302319434999845,14.782094444999984,479.77501000013945
716,d9f28c8c-1c5d-46c1-944d-fafc06395be7,202,,14.320614502999888,14.802404035000109,481.7895320002208
717,83c9ee22-236a-46cd-ac8f-fa8e36aec590,202,,14.341517021000072,14.85051458299995,508.9975619998768
718,54438f66-b2f9-42b3-a2b1-592b759967c7,202,,14.361245474000043,14.855500828999993,494.2553549999502
719,278ba16c-afe7-4fa0-aea3-8cc2af093f3c,202,,14.380585114000041,14.86258380199979,481.99868799974865
720,a526356a-150a-494e-a912-de11ee0501ed,202,,14.40024148700013,14.883173210999757,482.93172399962714
721,d824240c-aee3-4fd7-8a2b-f7d26be81de1,202,,14.420352337000168,14.887609525999778,467.25718899961066
722,577731e0-d0c1-4532-bffa-1ceecd38e46c,202,,14.440355150999949,14.89770326200005,457.3481110001012
723,c67b15d8-f2c1-4f65-bc9c-1c2f179ea579,202,,14.462494273000175,14.912976900000103,450.48262699992847
724,25eb2d30-0e6f-4cbe-baf3-ae31c121fdf2,202,,14.480297991000043,14.916645087999768,436.3470969997252
725,007f140a-1e9f-4980-99eb-b667bda7a8b9,202,,14.500240640999891,14.924034544999813,423.7939039999219
726,1fac15c7-d875-42c7-ac02-1bc804381c8d,202,,14.520346907999738,14.931138307999845,410.7914000001074
727,b85848e0-8f0b-4d1e-98c1-d4936b3bc7db,202,,14.541387377999854,14.937715055999888,396.3276780000342
728,37418292-5bac-4658-b02e-c2ed9cb7447e,202,,14.561790963000021,14.958421084999827,396.63012199980585
729,e9ec9179-60fa-46f5-bdc6-1b6e859787ee,202,,14.58040993099985,14.958685779000007,378.27584800015757
730,8969def4-91af-4a74-823e-c6c111fa82b5,202,,14.600414661999821,14.962743864000004,362.3292020001827
731,588295ca-ba66-4e9d-8932-f67d52966e81,202,,14.622417332000168,14.968923257999904,346.50592599973606
732,3d46a69f-e05c-4ede-8888-bd7f1a863717,202,,14.640484286000174,14.977343329000178,336.859043000004
733,e66ff541-9cb5-47c3-82e7-542b363f677f,202,,14.660487559000103,14.98232761600002,321.8400569999176
734,8e65f380-126c-42d4-9a94-26ad5c338ced,202,,14.680266633999963,14.997143945000062,316.8773110000984
735,da4c8cd0-e6cb-45a2-a7a9-a389082f0b78,202,,14.700195368000095,15.01366231100019,313.46694300009403
736,eeafabc8-3bc8-43bb-9542-94969fde00c4,202,,14.720220014999995,15.017889970999931,297.66995599993606
737,40598dd0-daf9-4841-b098-e51a753547d3,202,,14.740241328000138,15.02187297599994,281.6316479998022
738,d8bd66a0-835a-453f-bd79-ccd140bab443,202,,14.763340441999844,15.036602349000077,273.2619070002329
739,7207991c-84bd-4ad2-aa0f-9c197e8cb520,202,,14.780301578000035,15.058128706999923,277.8271289998884
740,17f1a55e-b7cf-4fc9-a247-ddfb897693be,202,,14.802527694999753,15.073020321000058,270.4926260003049
741,ff9ea4f7-dcf0-4e26-b8f3-db1467eb32a0,202,,14.82245805499997,15.096795855999972,274.3378010000015
742,a9048de3-952a-410d-a9b2-f39cabb0043f,202,,14.840428513999996,15.100489208999988,260.06069499999285
743,960cc41d-ffe7-4693-b8e7-ccb884482130,202,,14.860376622999866,15.112982362999901,252.60574000003544
744,84580102-6814-4664-af57-d594f4e721eb,202,,14.880210612000155,15.119039261000125,238.82864899997003
745,f515f9bd-9578-4218-b002-661f9927f5e5,202,,14.900270090000049,15.134549218999837,234.27912899978764
746,7887e39d-a88e-4492-9cfa-4050bdc3ad09,202,,14.920212614999855,15.145451911999771,225.2392969999164
747,0221cbf7-8f10-4886-b1e7-36d5dba1c6f3,202,,14.9401966800001,15.156243776999872,216.0470969997732
748,b07ffda9-4434-44a6-abc0-2db2c9a34bb5,202,,14.960406442000021,15.178673088999858,218.26664699983667
749,b21fe711-e026-4d3c-b222-6e8cc982e5a7,202,,14.980342758999996,15.187157988999843,206.81522999984736
750,d8ab793f-87db-4472-8de4-d11e0cb86960,202,,15.000416320000113,15.193071520000103,192.65519999999015
751,84528c2b-08c3-4501-a915-c3c9d882acb9,202,,15.020895400999962,15.198142344000189,177.24694300022747
752,d8837b71-fa24-4256-a0a3-767948358287,202,,15.040301367999746,15.20988886899977,169.58750100002362
753,a07e7ad4-fede-4ef6-9db7-14fd416efa0a,202,,15.06443876000003,15.215315966000162,150.877206000132
754,7d0ae93f-04be-4032-b142-5dda1868c5be,202,,15.08321396700012,15.224947516000157,141.73354900003687
755,314411d3-d3c9-4189-937c-975e38dccc47,202,,15.100261388000035,15.22604721000016,125.78582200012534
756,c3579bd5-13df-4bd7-9eb1-41c2f9973410,202,,15.120328112000152,15.241947814000014,121.61970199986172
757,d23a4a3a-da55-4f6a-b3f3-debfe7679527,202,,15.14110517500012,15.251441287000034,110.33611199991356
758,e1a826bb-cbab-4cda-b0f2-0365389fc0a1,202,,15.163343038999756,15.252715054999953,89.37201600019762
759,f97e6c94-26ee-45e2-8675-632af2855d9c,202,,15.180936806999853,15.255662737999955,74.72593100010272
760,168587f3-ec41-489e-b6e9-e601d324b709,202,,15.200957200000175,15.260208505999799,59.25130599962358
761,5e6165cf-8d86-4b75-a6b9-f52b2e54961a,202,,15.220237797999744,15.271611505999772,51.37370800002827
762,1ba66a34-177b-461a-b952-8f3659dedcdf,202,,15.2403258129998,15.277259092999884,36.93328000008478
763,8087e88f-4b87-4771-9073-7a9a3851afdd,202,,15.260709271999986,15.286443039999995,25.73376800000915
764,eea5a347-95a7-440f-9f53-7ce2489b1661,202,,15.280215982999835,15.304511949999778,24.29596699994363
765,2924fb2c-6d41-499a-995b-b7a26e7f539d,202,,15.300604649999968,15.324033411000073,23.428761000104714
766,615367ca-de6e-4021-b744-0ba0e512ca53,202,,15.320604043999992,15.343557662999956,22.95361899996351
767,a593caf2-e4ef-4c71-9efa-068befcff121,202,,15.34019120999983,15.356818485000076,16.6272750002463
768,4a7e86f8-e275-4a82-adb3-a0b4fb44ddf1,202,,15.360343179999745,15.372062039999946,11.718860000200948
769,86b31d3d-ec78-4881-bb12-ac0a32c333c6,202,,15.38016350099997,15.406896175999918,26.732674999948358
770,1c196fef-4127-44bf-882f-590242d3799d,202,,15.403481101000125,15.428763766999964,25.282665999839082
771,d4d712ee-be29-4cb0-9ab8-42a1f22821ea,202,,15.420189538000159,15.442380113000127,22.190574999967794
772,d4f50113-4cd5-4018-8c44-631bbad0154c,202,,15.440138810999997,15.453527459999805,13.388648999807629
773,2f8f1857-e3af-485d-87ef-eb2174f6eb62,202,,15.460171411999909,15.475775531000181,15.604119000272476
774,722932b8-7102-4582-b19d-bd7beaf73e06,202,,15.480445208999754,15.495075294999879,14.63008600012472
775,704fb1ee-10a7-410f-969e-b1cffc96bdd7,202,,15.500208573999771,15.513920874000178,13.712300000406685
776,fc4f92bf-2289-4c0d-b367-33bc3d56fa0c,202,,15.520297423000102,15.533267467999849,12.970044999747188
777,bc08a585-f006-4654-a2fa-138fd96b6cac,202,,15.54027648500005,15.563604084999952,23.327599999902304
778,4bd72bdf-67d2-4708-88dc-2602ae77309c,202,,15.56021517399995,15.573324004999904,13.10883099995408
779,5088cca1-e948-489f-8f81-c96697be3607,202,,15.58015890500019,15.592196997999963,12.038092999773653
780,2fd40e9f-543e-400e-813a-79478fbfaba0,202,,15.600375497000186,15.611482803999934,11.10730699974738
781,b5daf317-96fb-4f42-9b81-248f0f3ca11f,202,,15.62017865200005,15.633255857999757,13.077205999707076
782,7eca527f-d572-4dad-beed-330dc123dc22,202,,15.64034824600003,15.65340799500018,13.059749000149168
783,2710874d-c5f6-4569-93c3-029a0cc78c62,202,,15.660199439999815,15.696255388999816,36.05594900000142
784,4d370a4c-016e-4843-a834-39cfa1bec886,202,,15.681218073999844,15.72157276200005,40.35468800020681
785,ff614240-5872-42ab-8368-a7cbac84b345,202,,15.703528601000016,15.731632498000181,28.10389700016458
786,03ff4082-7a14-4c44-894f-c24c6138c5a1,202,,15.72043057000019,15.744132691999766,23.702121999576775
787,06a0e650-509a-4e95-81c0-e0f18bcbfb02,202,,15.740352301999792,15.762433882000096,22.081580000303802
788,4249bc91-053a-4f2e-a495-215447542090,202,,15.760391278000043,15.785149762999936,24.75848499989297
789,061405c2-6956-4537-864c-0bfcca15b833,202,,15.780823191999843,16.717846501000167,937.0233090003239
790,60e636fa-62aa-4a7e-951d-98df8d18288f,202,,15.801060533000054,16.74326436499996,942.2038319999047
791,2ccb67f3-bc43-4d9e-9a92-9692bff1a317,202,,15.821450740999808,16.7606798060001,939.2290650002906
792,431683c8-7cc0-4c0b-9bb4-92ccd5def49f,202,,15.841006533999916,16.753237353999793,912.230819999877
793,d189963b-bf58-4976-8278-e561d0a60202,202,,15.860246092000125,16.774799624000025,914.5535319998999
794,e75622e5-d853-4ac4-8d10-ab3e6f5ab6b3,202,,15.88051934799978,16.79573671700018,915.217369000402
795,29e7f9ba-ba52-482a-9304-b5eed6b0ed8c,202,,15.900658567999926,16.798115554000105,897.4569860001793
796,e5ac56b9-cb4c-4148-8be7-6e639619350c,202,,15.920235650999985,16.80541726299998,885.1816119999967
797,0b67abb4-8158-464d-809f-0dc63dcec935,202,,15.941474190999998,16.815557784999783,874.0835939997851
798,82d86893-f2b7-44a7-a566-5313ac1e1b9c,202,,15.960379891999764,16.82787144599979,867.4915540000256
799,5e7b953d-bea4-4ca9-96b3-61721c3e9748,202,,15.982377267000174,16.832630493000124,850.2532259999498
800,aad40ae0-5205-4c9b-a2ed-05497447f956,202,,16.000534965000043,16.83775493899975,837.2199739997086
801,e67b8c23-e0b7-4856-bc80-fdedca26e3d5,202,,16.021302862000084,16.8453203009999,824.0174389998174
802,5996db44-bb46-49c7-a8cf-293ae067d64e,202,,16.04031030499982,16.852068288999817,811.7579839999962
803,edb490c2-e347-4d95-92c6-96f541872282,202,,16.060307112999908,16.85688908400016,796.5819710002506
804,617ef924-8f6a-4fdc-a093-b446faa3dd90,202,,16.081024510000134,16.870063658000163,789.039148000029
805,479b333e-ecdf-41aa-8c3a-33ecbdbf4964,202,,16.10076508200018,16.878228073000173,777.462990999993
806,d3e0cfda-8fdc-4820-b289-713fd483b60a,202,,16.12032916299995,16.896395850999852,776.0666879999008
807,3eead1b1-d97c-4dab-8fd2-e6e218f2761f,202,,16.14533954799981,16.917006710999885,771.6671630000747
808,6db8b4ea-63d5-4d7e-b5c0-5d9ad519cf5e,202,,16.16052531100013,16.908815255999798,748.2899449996694
809,47d0da47-e8df-49dc-9c2f-ecfb97ed84e9,202,,16.182920747000026,16.928151222999986,745.2304759999606
810,b8318579-ebd4-47bf-9947-e1efb3e7f3b7,202,,16.20057338400011,16.937110347999806,736.536963999697
811,283cd224-42cb-49bc-ac8c-ddf1cbf83040,202,,16.22044799000014,16.94713245899993,726.6844689997924
812,cd156c03-aa8c-4a93-9032-0d51e8041d68,202,,16.240216101999977,16.953468883999903,713.2527819999268
813,d3f1fb83-5d48-4da3-af34-24503d776d61,202,,16.260183787000187,16.971739739999975,711.5559529997881
814,6d268208-5e0c-47eb-aff5-a95201cd0f8d,202,,16.280233968000175,16.975163814000098,694.9298459999227
815,c2f7ce93-ddea-43c7-a93f-41f2b83c964d,202,,16.30184860999998,17.013910203999785,712.0615939998061
816,8f65af40-8b44-4707-adf9-0a66bc989dbd,202,,16.32037966100006,16.99265279300016,672.2731320001003
817,bd0b47e1-53f0-48b8-84db-8551d876ffa2,202,,16.340427841999826,17.017931498000053,677.5036560002263
818,f09158c4-4e07-4e7d-8629-e7ece9a93deb,202,,16.360414067999955,17.030929414000184,670.5153460002293
819,8c5240d5-fffd-48ae-8c95-b8846a94389a,202,,16.381859884999812,17.043181450999782,661.3215659999696
820,14b1cf01-fbc7-4391-a572-150603718309,202,,16.404363356999966,17.038672516000133,634.3091590001677
821,7f7094f3-5421-4fc6-8cf4-454f5c5b1b8a,202,,16.422268772999814,17.05964977199983,637.3809990000154
822,edf2a1f4-7ed7-4df2-abad-456b953c5877,202,,16.44062916499979,17.050179257999844,609.5500930000526
823,ec9dbde8-2f78-4188-ba13-bf1f0ffd24be,202,,16.46340866499986,17.072628270999758,609.2196059998969
824,9d1165c7-cc52-4613-b0f9-7bc85801667a,202,,16.485883262999778,17.099522639000043,613.6393760002647
825,b927640d-f76b-40ee-a76e-e5327ea4e5e4,202,,16.50062029899982,17.08091576200013,580.2954630003114
826,44642f63-b134-4ef6-8fb0-d3a57df9e7ff,202,,16.522118905999832,17.108637670999997,586.5187650001644
827,ae05b85e-5d8a-4a0a-9f74-331b9cb03134,202,,16.54156249300013,17.11539753199986,573.8350389997322
828,eee61fb9-d90b-41c4-984d-5b84b3d1ff9e,202,,16.56258641500017,17.130492755999967,567.906340999798
829,7569b7b0-9041-41fc-a7c5-bbe8442f0011,202,,16.580749818000186,17.143787364999753,563.037546999567
830,952a9fde-2ead-4194-a7db-8f1fd1890a68,202,,16.602038101999824,17.158353574000103,556.3154720002785
831,428b8d6f-ffaf-41a2-ac58-65d7a63426d1,202,,16.62091938399999,17.160305265999796,539.3858819998059
832,a8c78a86-2e9e-460a-ba42-ce01b793361d,202,,16.64095323299989,17.16994731199975,528.9940789998582
833,06fed059-b5ce-4d13-9b9b-3d4cf89d4a69,202,,16.66110328400009,17.193251530999987,532.1482469998955
834,d7118266-dd49-49d9-b338-c9b83c87192b,202,,16.68861370700006,17.208405043999846,519.7913369997877
835,78d98a39-8629-49f3-8e42-0a3881be0129,202,,16.70140471800005,17.20018892500002,498.7842069999715
836,54ba1b52-f2e0-4c48-80e4-1bf6ebb868fb,202,,16.720688687999882,17.216357759999937,495.66907200005517
837,6839f85d-f187-4b2a-8dc9-623fb6b44b18,202,,16.742053635000048,17.223534267000105,481.4806320000571
838,7b299551-ef49-4cc1-b517-8bba75735d44,202,,16.76032403199997,17.235601272000167,475.2772400001959
839,3c5019fe-0b38-4426-8619-0238c7db61fa,202,,16.780719986999884,17.239986088000023,459.2661010001393
840,593212ae-226d-47d3-a50c-4b739b655dd2,202,,16.800459850000152,17.254296894000163,453.8370440000108
841,b9466e71-c89c-45ca-81e0-b379c055082f,202,,16.820385288000125,17.256135008,435.7497199998761
842,9a6629a8-960b-4632-b5ad-a2e0f5f224a4,202,,16.840298475000054,17.26255926099975,422.26078599969696
843,068d6941-b490-49c4-9d8d-2517c2640da4,202,,16.86044456799982,17.27121377499998,410.7692070001576
844,cb267b5c-12e2-4bbc-99cf-4fe900e03b26,202,,16.88026905200013,17.276521084999786,396.25203299965506
845,cc33780a-6ca7-4e28-972f-0f0eb32e7e2d,202,,16.900759085000118,17.286674563999895,385.9154789997774
846,bcc4b784-bde2-41d1-9518-32bb871b6a7a,202,,16.920330249000017,17.29385973599983,373.52948699981425
847,bec20751-59b3-4361-9176-5381eb0fca02,202,,16.940395053999964,17.302404214000035,362.00916000007055
848,d827d9d0-f8b4-4d45-8dcf-acf0ed5f2c46,202,,16.96051306499976,17.313213242000074,352.7001770003153
849,d9871185-5c8e-467b-ba9e-23ad164eccd9,202,,16.980266303000008,17.314369639999768,334.10333699976036
850,3a6c559c-6f52-49ed-b0f8-08930c31fcf4,202,,17.000622925999778,17.319636786000046,319.0138600002683
851,05585f67-8501-4b82-8a26-b90cdce42092,202,,17.02177659200015,17.330864750999808,309.088158999657
852,0d578b8b-ed55-4e6a-946d-b1895de62871,202,,17.041155763999996,17.339569844999914,298.41408099991895
853,86558669-40ec-4818-b6a0-154ba73d9add,202,,17.060329362000175,17.347776174000046,287.446811999871
854,5cd5c373-5ab4-47a1-9b93-0aed468b5eff,202,,17.080565321999984,17.35671225599981,276.1469339998257
855,4b2ed61a-f235-4a6a-9ff8-936e37efd422,202,,17.101479122,17.370222729000034,268.7436070000331
856,f34391fb-1e96-425a-b703-249ba8f6c375,202,,17.120235283000056,17.375995514999886,255.76023199982956
857,8d2231d2-3c5f-4602-a091-054064897913,202,,17.140324917999806,17.385114629999862,244.78971200005617
858,713a8cc9-f0f5-4e9d-9f3e-3d33d46744da,202,,17.160323264999988,17.388648072999786,228.32480799979749
859,f6063f17-f4a7-434c-b710-742db67a5557,202,,17.180557016999956,17.398969209999905,218.41219299994918
860,48ced202-c6c1-4991-9855-e08117d32744,202,,17.20033345899992,17.405724153999927,205.3906950000055
861,fb38b2fa-3a42-40e6-abb8-98b634850d60,202,,17.22025189399983,17.4309530659998,210.70117199997185
862,cb7da51a-78b3-49f4-bceb-0f5ef7146fa3,202,,17.24026882299995,17.43934296799989,199.07414499994047
863,ffd8d385-eeb1-4766-8be5-37d575aa993e,202,,17.26101967400018,17.45182436899995,190.8046949997697
864,df33c839-0517-45b4-90d7-57f8f60f373f,202,,17.28037255399977,17.45965775800005,179.28520400027992
865,1c7b7d1e-9f2b-40c0-af31-bb7b6c4ab327,202,,17.30035835999979,17.46674010200013,166.38174200033973
866,276f0836-4b52-47df-b1cf-aeab93f8434a,202,,17.320269128999826,17.476234448000014,155.96531900018817
867,9652081e-79eb-4154-af0a-17d4996858d1,202,,17.340281891999894,17.481841368000005,141.55947600011132
868,520427ab-ed9f-423c-b08c-8c78dbe69c46,202,,17.36030077999976,17.49348281099992,133.18203100016035
869,0a17bc4c-5b72-4378-8fd2-00d76c2bfc38,202,,17.380375832000027,17.49701604599977,116.64021399974445
870,4b425693-4d2c-4c34-9023-84e31f963102,202,,17.40274614100008,17.51067180300015,107.92566200007059
871,f0373458-c0d6-468b-9b04-d6666cc4a6a4,202,,17.42059414000005,17.53001930900018,109.42516900013288
872,1ffc7987-6d98-40eb-a24f-fefa395b53a0,202,,17.440237671999967,17.53290486900005,92.66719700008252
873,cd19bbd2-c0f3-4956-bc56-fafe9fe28ee2,202,,17.460197063000123,17.54798588499989,87.78882199976579
874,751f600f-e8ff-470c-82db-8bba35674720,202,,17.480196286000137,17.5797574610001,99.56117499996253
875,89b68e10-3d2a-4798-a052-069e037ee5e9,202,,17.500239589000103,17.59663863500009,96.39904599998772
876,196eaf73-9355-4e67-afdc-d7e8ad46b071,202,,17.520485131999976,17.602680367000175,82.19523500019932
877,8ba65f3e-4bb6-4671-a288-22eb79cd82eb,202,,17.54099361999988,17.651447527000073,110.45390700019198
878,8ec9a32f-2b65-43e7-885c-9d14cd93e668,202,,17.560256171999754,17.660743465999985,100.48729400023149
879,1c53b90e-f249-442d-8a1f-446c575208a6,202,,17.584054449000178,17.671228219000113,87.17376999993576
880,c8157ee7-4dc8-4c0a-ab4f-2d9cf28aef61,202,,17.600422357999832,17.692214349000096,91.7919910002638
881,1b02068e-b824-47c9-822b-6ee25e1eca6c,202,,17.625855051000144,17.69743428899983,71.57923799968557
882,503264a8-d2a5-4ffe-aefb-6f13358102d7,202,,17.640396386999782,17.699569763,59.173376000217104
883,dfe873cd-8b0a-4372-9bf6-69999e29437d,202,,17.660865376999936,17.720615888999873,59.75051199993686
884,18e19245-24bd-4f08-8ce6-c75490c966c1,202,,17.683514921000096,17.79126125899984,107.74633799974254
885,a426e840-3f1b-4844-a180-11902bdb7226,202,,17.70027330999983,17.76858346600011,68.31015600027968
886,374ebb73-c016-4047-be53-b9b0e89f2234,202,,17.720263782000075,17.800889223000013,80.62544099993829
887,5fa5a8b9-c0ea-4554-ae70-e46eaeeeea88,202,,17.74646635299996,17.827930832999755,81.464479999795
888,5f65bf21-8666-475d-9af5-5cd54f56ea0c,202,,17.766485240999828,17.853779046,87.29380500017214
889,616e52f3-1b85-4f48-a3a3-bbe7ebef76dd,202,,17.781799412000055,17.859488086000056,77.6886740000009
890,788fc1be-5057-4331-8602-cc9a1794779d,202,,17.800628693999897,17.866306194000117,65.67750000021988
891,10734f17-207f-4211-ae84-9a9cc6638a63,202,,17.820655290000104,17.875780874000156,55.125584000052186
892,ed756f1f-337b-4a9d-b9e4-2e47a3085c14,202,,17.84247691900009,17.88254727599997,40.07035699987682
893,5abfb279-9532-47c9-ac40-fa30a340be44,202,,17.86026971299998,17.885277218999818,25.00750599983803
894,45af9164-d4ce-4e57-a877-1591a39aef42,202,,17.88025326900015,17.91036018099976,30.10691199961002
895,d58f72c3-4d05-4ea1-b7cc-62734844d90b,202,,17.902113854000163,17.997128972000155,95.01511799999207
896,dd7e21b0-426e-4f39-bb1f-2a1dfd6272f2,202,,17.921342449999884,18.046201030999782,124.85858099989855
897,a86e7fe3-079f-48f9-8d10-bccf753b8719,202,,17.940978565000023,18.05658741199977,115.6088469997485
898,7bca11b9-d2e9-4826-a904-5c6db8d68741,202,,17.963314875999913,18.05779022500019,94.47534900027676
899,33b52d47-3eb3-4ca8-82c5-0c4cc15fe4bf,202,,17.980228590000024,18.06339706100016,83.16847100013547
900,dd623304-4993-4a53-87fe-1594a53f785a,202,,18.00046009200014,18.087756722999984,87.29663099984464
901,316898b3-f725-48d1-bed4-fe9432a5659d,202,,18.022346093000124,18.1337396859999,111.39359299977514
902,efd7619a-2fc0-4a29-ab1b-9214f33998de,202,,18.041770299999826,18.143142119000004,101.37181900017822
903,7285d47d-34be-4cd2-ac3d-4942fdf07ef4,202,,18.06398811400004,18.158704816999943,94.71670299990365
904,8e1883a8-0887-4006-abaa-b42bfe941c44,202,,18.083604020000166,18.16395842100019,80.35440100002234
905,5cb367ff-9dac-480e-ad55-f4b0b8695a54,202,,18.1067199539998,18.563253470999825,456.5335170000253
906,6ffa6c16-5a2a-4a81-912f-ac2da5fd1917,202,,18.12377599199999,18.424965637999776,301.18964599978426
907,8cdfd703-a934-49c6-9954-6748e93a4235,202,,18.140207936000024,18.558134235000125,417.9262990001007
908,5881a1e9-27cb-4020-86e2-f9d030475fcf,202,,18.16069846399978,18.56722468299995,406.5262190001704
909,c2b20284-2c08-4333-83e3-3a3c979c1770,202,,18.18403742800001,18.707698861000154,523.661433000143
910,53d4f846-2ebf-4da4-96d4-b5d5a6f2ed22,202,,18.205346788000043,18.688201324000147,482.8545360001044
911,2f21d4fd-baf0-44b4-b51c-4b4ab0a1667b,202,,18.22210592500005,18.741810144999818,519.7042199997668
912,b90c4131-b93e-4fa8-a684-a86e28920432,202,,18.245428056000037,18.70230963899985,456.88158299981296
913,dcf25544-e0d5-4615-aa1a-5a08b9577e38,202,,18.26361507799993,18.728166431999853,464.55135399992287
914,05e0fed6-4e5f-4495-b7cc-4a5e2e444647,202,,18.28196400700017,18.708006553999894,426.04254699972444
915,9e5bdd83-bd28-4e04-b747-99d437233ba1,202,,18.30883028900007,18.763923756000167,455.093467000097
916,10848775-51d6-4a74-acf7-845c1bf8fdae,202,,18.323802850999982,18.85136862499985,527.5657739998678
917,b7e3fc91-e8b3-4200-8eb2-8d79c0c8cfa8,202,,18.34152764600003,18.796746188999805,455.2185429997735
918,e19436b4-63c4-4d1d-a37f-633bd5118a91,202,,18.370343619999858,18.801921006000157,431.57738600029916
919,7e02d8a1-8186-44a6-a72e-11153264ec98,202,,18.386542910000117,18.82779121500016,441.24830500004464
920,52a952f8-75d0-48d2-bdc3-2fa59f57d258,202,,18.40196615700006,18.877460488999986,475.49433199992563
921,69af6b36-5090-445f-849c-a871498d81a4,202,,18.42806364499984,18.998030568000104,569.9669230002655
922,87ecf417-9466-4401-89db-b03e12282869,202,,18.44382262499994,19.079601981999986,635.7793570000467
923,96de8ec5-8cde-460b-ac81-54a3ed3ea365,202,,18.460513222999907,18.954703549999977,494.1903270000694
924,721a250a-eb84-4569-a253-e2f645341d76,202,,18.483351462999963,18.961476825999853,478.12536299989006
925,1c57ce68-637c-4c13-80ec-bb27db505821,202,,18.50033029699989,18.86071968499982,360.3893879999305
926,3ea70241-fa74-4733-9f7e-5d83781ab2c8,202,,18.522426907999943,18.912483392000013,390.05648400006976
927,d28eb90b-48e1-4687-833e-a623341a25c1,202,,18.54112377799993,18.97678032900012,435.65655100019285
928,057dc6e0-877f-4932-a99a-826def4bd9d3,202,,18.563363132000177,19.054599273999884,491.2361419997069
929,96fc28a2-1bda-419f-95eb-49475d85eccd,202,,18.585377789000177,19.005470266999964,420.09247799978766
930,9a2ebcab-522e-4631-b800-28128cda1992,202,,18.602786141999786,19.08630126099979,483.5151190000033
931,b4e0a5b9-54cc-41cf-a40f-e2b56aa62eb9,202,,18.620244993000142,19.097393854000074,477.14886099993237
932,e8fb8c9e-bfd7-4b57-aad1-850f30303a3c,202,,18.64540948800004,19.11027473000013,464.86524200008716
933,8e8799cb-84c5-405a-93d2-3e83486ba213,202,,18.660386965999805,19.117261661000157,456.8746950003515
934,09cf5f15-ea5b-4988-9da8-6aaa1549caa5,202,,18.680801039000016,19.130722173999857,449.92113499984043
935,e3937ce2-b881-492f-aadb-eaa97e99aa3f,202,,18.700413444999867,19.13580599399984,435.39254899997104
936,4b44859b-0af4-4970-a8b9-290b024c19bc,202,,18.720194551000077,19.141210714999943,421.01616399986597
937,adde5177-4c84-49bf-88a5-0775daf1a5e1,202,,18.741969387000154,19.152489881999827,410.52049499967325
938,bec58cb1-927f-495c-aca0-10b7506e4def,202,,18.76118964699981,19.158944756999972,397.75511000016195
939,716dd612-3d90-489d-993f-25c69db3e5f2,202,,18.780434904999765,19.17255659600005,392.12169100028405
940,7cfc6bec-e1d3-45e2-81ea-2ad965cdff4d,202,,18.800584866999998,19.181397930000003,380.81306300000506
941,f616393b-e691-4f2b-8894-7178305503d0,202,,18.82060912599991,19.191356165999878,370.7470399999693
942,ad002938-3693-4e81-b5bf-7f963987d416,202,,18.840712840999913,19.202398094999808,361.6852539998945
943,74b8aa3f-a36e-491e-9061-f739854afb6f,202,,18.86041857500004,19.223052861999804,362.6342869997643
944,5d7a392e-7aeb-469c-8b98-54db6cc390de,202,,18.88021659700007,19.23674027900006,356.5236819999882
945,aedf781a-667c-4ae0-945d-f0509dc06084,202,,18.903376902999753,19.24173235499984,338.3554520000871
946,3e4f0ec2-00be-4ab7-8aa6-f5f44bb21c93,202,,18.92074221699977,19.25787243700006,337.13022000029014
947,4af177aa-f561-4349-a901-45ee55d7a80c,202,,18.940962091000074,19.24943458200005,308.472490999975
948,0e9219bc-c6d4-484b-b467-4782244f7334,202,,18.961526239999785,19.270866307999768,309.34006799998315
949,49e39f37-fa54-4992-86f8-6513f1d78d39,202,,18.980396434999875,19.32577967899988,345.3832440000042
950,0b415276-14b8-410a-b33a-233eb966137f,202,,19.000585727999805,19.349978677999843,349.3929500000377
951,fabb4d85-5bae-4e2c-997e-9720caa21605,202,,19.03033977699988,19.396923878000052,366.58410100017136
952,8b816f00-2804-406e-95db-04a3c3fb36a0,202,,19.04068299299979,19.43277123400003,392.08824100023776
953,eaa7dd65-e6f0-4ab0-8ec1-b2c792924851,202,,19.065567539999847,19.457204554999862,391.6370150000148
954,ecde15d6-8ba1-414c-a05a-2243883be904,202,,19.082968848999826,19.475421697,392.45284800017544
955,ddffccd8-9335-40d5-99b0-adf9d7de068d,202,,19.10058139800003,19.483816054999807,383.2346569997753
956,ca1e60cf-de2e-4a92-9022-738d54914aa5,202,,19.120422830999814,19.494054276000043,373.63144500022827
957,131c4467-ce40-4b7b-a9d9-6cd84d582ec5,202,,19.140249180999945,19.503016020999894,362.7668399999493
958,5fe443d7-f1d2-4bcf-986e-e2a46cb4cdb7,202,,19.160322060999988,19.516489616999934,356.16755599994576
959,0dd3ac14-96b7-49aa-afc3-6ae9843f9349,202,,19.1802564059999,19.52811689100008,347.86048500018296
960,bf31a0cc-16b9-45cf-ac76-f5ffb9a43fb4,202,,19.200322118999793,19.536926186000073,336.60406700028034
961,ec0e44e9-464f-487d-a4c1-00b1dc71e80d,202,,19.222479683000074,19.54424035000011,321.760667000035
962,762a4025-3a1c-40a9-80f2-173f85f4a39c,202,,19.240331134999906,19.56252769599996,322.1965610000552
963,1946d4df-eedd-4b27-92ea-3d8a2ffe0917,202,,19.260834408999926,19.574361834999763,313.52742599983685
964,5a723a28-bbfb-400f-8c99-fe72d56e5f13,202,,19.282678989000033,19.579983460999756,297.3044719997233
965,db963051-6a29-4f1e-a523-15d519bc380e,202,,19.30157234599983,19.58896970500018,287.39735900035157
966,10289a44-169c-420a-b415-4e243fbe905b,202,,19.323579208999945,19.604531317999772,280.95210899982703
967,9f4febde-8f82-4b9e-8e77-0f81e5e02a5a,202,,19.34100747499997,19.596374489000027,255.36701400005768
968,d676fef8-cd4a-45af-82cb-0c9b23a31d6d,202,,19.36035664200017,19.610473261000152,250.11661899998217
969,40035c37-2b61-4dd4-bfc7-71be44c00a1f,202,,19.38296301599985,19.62477868799988,241.81567200002974
970,cee2bb8b-1eb1-44a0-b0fa-ac15e57b4844,202,,19.40025187299989,19.63916402799987,238.91215499997998
971,3b03946f-dca6-4cc0-a438-499415eeb9f1,202,,19.420472453000002,19.646018507999997,225.54605499999525
972,7232e845-6417-4218-a6d3-630699ae1626,202,,19.44308199299985,19.665985309000007,222.90331600015634
973,e2af64bb-0512-4826-ba4c-30dc408d9cfb,202,,19.460346184000173,19.684447313999954,224.10112999978082
974,ab212a2d-bcd2-4bbf-9715-c051d185b670,202,,19.480415646999973,19.69273596899984,212.3203219998686
975,6722c2f3-c717-4ec6-951d-c8042aa37071,202,,19.501166658999864,19.701930118999826,200.76345999996192
976,b3658bd8-b165-4bd7-bf5c-f55bb7f04b83,202,,19.52092963699988,19.70919307699978,188.26343999990058
977,954a8ce5-53b4-48be-b998-82ccc9edbda2,202,,19.54021476600019,19.71906881699988,178.8540509996892
978,9e98faa0-9554-4e7b-8f12-997e3d1a1ad9,202,,19.560689165999975,19.72284087199978,162.1517059998041
979,15b72207-6186-4704-b3e7-237225ca71cd,202,,19.580190200999823,19.730329234999772,150.13903399994888
980,26bf50de-731d-4603-8685-938ffb576e30,202,,19.600314411,19.73901828599992,138.7038749999192
981,349fb0e5-dd41-403e-b6d3-f46ee4796ddd,202,,19.622647673999836,19.755208033000144,132.56035900030838
982,402867ff-81f4-4820-aea5-fd26b8494da3,202,,19.64432492800006,19.758476156000143,114.15122800008248
983,f163bfc7-5b33-4675-88be-53545b033fb2,202,,19.66673672900015,19.763179453999783,96.44272499963336
984,1570bc81-c093-40df-abe3-892b3d8da5e8,202,,19.68018311700007,19.770714357000088,90.53124000001844
985,ac34d6a6-2acd-4717-8c7c-77cccaa2ab44,202,,19.700235623000026,19.775324660000024,75.08903699999792
986,bbaa0616-34df-410d-a5ad-669c5dab42d5,202,,19.720336918000157,19.790594787999908,70.25786999975026
987,6cbc6765-2dc2-479e-98e1-361ccf9dca87,202,,19.740248514000086,19.826862622000135,86.61410800004887
988,4fa4b5c2-c086-479a-8589-7075be5159d5,202,,19.76076732899992,19.82958614800009,68.81881900017106
989,4ff0d9d4-1238-4131-ac13-49635b186b6c,202,,19.781589627999892,19.87924929000019,97.65966200029652
990,9c778398-1de3-43ce-9d28-7fbb0930c1a9,202,,19.802368012999978,19.90370790199995,101.33988899997348
991,9056403a-2f68-483f-bc60-3b1f91541658,202,,19.823005488000035,19.903829478999796,80.82399099976101
992,f6e7273b-75ba-4896-85ac-897c94a7b4d8,202,,19.840333093000027,19.897142699000142,56.80960600011531
993,10851ab7-2bc6-4669-b46d-0ef8fba9dcc9,202,,19.862337538999782,19.942061377999835,79.72383900005298
994,f8b46634-8a72-4c25-99c5-a52d80ddf666,202,,19.88031435999983,19.925319534999744,45.00517499991474
995,6c65c8f8-47ea-4a00-b4af-c818dc4838b9,202,,19.90181233300018,19.963589515999956,61.777182999776414
996,71949da8-4de9-45c9-880c-eeaddd6fbca1,202,,19.920264295999914,19.970524616000148,50.26032000023406
997,32c8387a-207e-462c-920c-6089118da3f4,202,,19.940279261999876,19.98087678899992,40.597527000045375
998,5642947d-7eb9-4f86-89d0-c7db517590e5,202,,19.96140504599998,19.990629577000163,29.22453100018174
999,d2acd9f3-2139-4802-86f1-e712af10131a,202,,19.982337547000043,20.00740191900013,25.064372000088042
