index,eventId,status,code,start,end,latencyMs
0,65307cd2-f6d9-4d08-aca6-892c92cf24dc,202,,0.0006186249997881532,0.14470751599992582,144.08889100013766
1,90aeaba8-0d86-44f8-8017-81a65f0f2f2f,202,,0.02126525599987872,0.14411410100001376,122.84884500013504
2,20f2ec48-73ee-4770-9f81-ee1a45771536,202,,0.04184042499991847,0.1531591230000231,111.31869800010463
3,ce1aeeaa-0539-43dc-a700-de9e57f39417,202,,0.0625726449998183,0.16442008499961958,101.84743999980128
4,8cee8f82-bee0-45be-b7d2-802c44a40f4e,202,,0.08045663299981243,0.1772031479999896,96.74651500017717
5,93c891c3-129a-489c-9f26-04be59111f05,202,,0.10073482400002831,0.19123271199987357,90.49788799984526
6,99a5818e-b37a-4d0e-9907-5785131fbda0,202,,0.12181781699973726,0.21677554600000803,94.95772900027077
7,981c731e-c110-46b4-8478-b1e7cc156b6e,202,,0.14069003799977509,0.2184782429999359,77.78820500016081
8,60e48e54-8735-4ed9-a6af-2a42fbff392a,202,,0.16024872199977835,0.22784099499995136,67.59227300017301
9,95a0a7c8-d716-4357-a5e8-a58523f696fb,202,,0.18194108999978198,0.2300844359997427,48.14334599996073
10,d197d710-b458-4a8c-8e2f-942f6c12949a,202,,0.20330535299990515,0.23748534799960908,34.17999499970392
11,d4a4bdaa-bd1b-4db2-9445-c4b52967f90d,202,,0.2201671479997458,0.24228179399960936,22.11464599986357
12,67a25902-f498-44df-aa6a-555dda7e2b5b,202,,0.24067231099979836,0.2529492579997168,12.276946999918437
13,2ede8e7d-0afa-4255-b51d-fe963ac53ba5,202,,0.26204886699997587,0.27424230799988436,12.19344099990849
14,e9f8ba5a-5bdf-45b8-b6db-185a4e5c39c6,202,,0.28020595699990736,0.2984941799995795,18.288222999672143
15,b6ec7064-612e-4f06-a5de-d33517fbb59b,202,,0.3005718189997424,0.31548919199985903,14.91737300011664
16,64dd5f35-d8af-4e7b-a1d6-e3104d3545a4,202,,0.3202062999998816,0.33166110799993476,11.454808000053163
17,02d8378f-f5ac-4228-8ea4-eb4ac6d813fc,202,,0.34124083199958477,0.35208451599964974,10.843684000064968
18,df3f5f17-bb94-4f1c-b49e-7b79e6b41eb0,202,,0.3601733069999682,0.37242995999986306,12.256652999894868
19,2389467f-3d9d-46b5-9f9b-c7e503aff62a,202,,0.3802962779996051,0.39213411199989423,11.83783400028915
20,5b6d5f89-ea8e-42f0-8c52-22f475e1f87d,202,,0.4012746399998832,0.4125948139999309,11.3201740000477
21,55e0e82d-501e-4d98-86b4-fa411cf0aee0,202,,0.42201969500001724,0.43555872599972645,13.539030999709212
22,f318d28b-29cc-434b-8e3f-a1ade9a43edc,202,,0.4410533430000214,0.4552434600000197,14.190116999998281
23,f94e8c35-8964-4354-a199-1b28a8c18f04,202,,0.4602205009996396,0.47309740399987277,12.876903000233142
24,591df19f-c425-4960-a49c-d9f2ad14ce16,202,,0.48070312099980583,0.498723659999996,18.020539000190183
25,4ec4fb86-a915-42bb-a159-a508b280a84f,202,,0.5002410119996057,0.5179050269998697,17.664015000264044
26,aec25cb2-fe2e-44b5-a7df-6164c2a31f07,202,,0.5202859779997198,0.5338049239999236,13.518946000203869
27,6003bdce-64f3-4024-b78b-f77feb323e1e,202,,0.5403168179996101,0.5545044759996927,14.187658000082592
28,a90f856b-7cdb-4f5d-8ccf-d54588a24cad,202,,0.5611080839998976,0.5950893579997683,33.98127399987061
29,6f3ea664-c491-440f-aee8-d83d9766a5a2,202,,0.5802797009996539,0.612462936999691,32.18323600003714
30,cc7d5ce6-30ce-4f1f-baaa-bf0472b8aa0a,202,,0.6005704329995751,0.6212198149996766,20.64938200010147
31,8abffbea-3c58-4477-bf21-b0ac2e9eddcf,202,,0.6203285049996339,0.6358765039999525,15.547999000318669
32,92cde792-438d-4e27-96fb-1582205518ec,202,,0.6403246349996152,0.6576999639996757,17.375329000060447
33,d9bb5ccd-b991-4bae-a397-071826fda1a3,202,,0.6602564679997158,0.6749468259999958,14.690358000279957
34,34732ff1-6167-4b4b-9978-be681d01052a,202,,0.680944518999695,0.6950562969996099,14.11177799991492
35,0ba85f9c-cac3-4b1f-a1ac-643db255284b,202,,0.7007440109996423,0.7119244569998955,11.180446000253141
36,d5767932-23fb-4463-a035-17c17d87c6ac,202,,0.7221812159996261,0.7338204819998282,11.639266000202042
37,f790255b-f7f0-4987-b509-a18caa9092a3,202,,0.740958660999695,0.7515714009996373,10.612739999942278
38,5f2be47e-90db-4a91-9734-5f8119743e63,202,,0.7601794259999224,0.7796679589996529,19.488532999730523
39,818b2f03-7ff3-4056-8856-3f7a303e9467,202,,0.780164116999913,0.7949960099999771,14.831893000064156
40,6309a771-aba6-4b9d-a88f-fd728ad24f0c,202,,0.8002468979998412,0.8157105409995893,15.463642999748117
41,8a666ca4-ac76-4b7a-a97e-bb65e6c850ba,202,,0.8201925439998377,0.8348504679997859,14.657923999948252
42,bf8886d9-8f08-4149-aa16-42ae4e43cbe9,202,,0.8402115289995891,0.8580205349999233,17.809006000334193
43,eb01844e-d3b6-4d3f-9fec-b9593491d952,202,,0.8605146989998502,0.8758799610000096,15.365262000159419
44,2705e36d-e699-4da5-9d6e-4c2ec995c808,202,,0.8803376289997686,0.8914699039996776,11.132274999908987
45,bbeec36a-e6ac-4953-947a-00ccf4c5d4e3,202,,0.9002489819999937,0.9172840619999079,17.03507999991416
46,b2e2f20b-79d4-4b45-95b4-ada16d95a424,202,,0.9202187549999508,0.9311803939999663,10.961639000015566
47,1a963b84-a6d5-4c45-b986-43fa1b7c3f12,202,,0.9402596169998105,0.9521853599999304,11.925743000119837
48,c694b32b-aeb7-437c-992a-576711c20ecb,202,,0.9602423489995999,0.9736884429999009,13.446094000300945
49,0f6ced8f-1038-4c53-9d33-fb61f886c499,202,,0.9802615839998907,0.9924398859998291,12.178301999938412
50,46197ab1-b15e-42bf-a2bb-8527694efa07,202,,1.000236940999912,1.0144121239995911,14.175182999679237
51,ca88697a-1f07-4094-a5b6-1868fd1fa0f9,202,,1.0201965459996245,1.0326804100000118,12.483864000387257
52,cd199974-ba54-4c05-acf3-e37132fb1844,202,,1.0406538519996502,1.051656575999914,11.002724000263697
53,b18f935b-07cc-4571-8989-31e6cc9f05a4,202,,1.0601536359999955,1.0756197369996698,15.466100999674381
54,bc61b1bc-0d88-471f-b4a9-26eaec138619,202,,1.0801464520000081,1.0956743079996158,15.52785599960771
55,545af197-4747-4f38-a3ec-39ca0a33628b,202,,1.1002017309997427,1.1193742020000172,19.172471000274527
56,924a9f26-b299-4082-a356-6bd126e2b77b,202,,1.120147543999792,1.1320580779997726,11.910533999980544
57,79ec4410-aa28-4152-8dd1-c9e1d05a5eb3,202,,1.1407929449997027,1.1546419819997027,13.849036999999953
58,255d235a-dd31-41df-9f7a-9f3532319697,202,,1.160220723999828,1.1728111779998471,12.590454000019236
59,18a17399-2c71-4118-bb2d-b8fc8484ac61,202,,1.1802690029999212,1.1965767849997064,16.30778199978522
60,ccce699d-6c7c-4766-99ac-95c8eca25aad,202,,1.2003366159997313,1.2116731539999819,11.336538000250584
61,9d2d6bb3-a92f-43f4-8c1b-0935aa17b006,202,,1.2218698669998957,1.2391698809997251,17.30001399982939
62,000f06b4-7eb1-40aa-a354-97275329bb4b,202,,1.2401398619999782,1.2703460169996106,30.206154999632417
63,76a06ba0-0411-494c-b098-ed1fb58bd402,202,,1.2650415009998142,1.28818823399979,23.14673299997594
64,5b39da2b-2451-4a55-a530-5c238f37cc9f,202,,1.280280380000022,1.3009951179997188,20.71473799969681
65,c766a74e-d2c2-4c63-9348-1d957908863d,202,,1.3013801439997223,1.3315762989996074,30.19615499988504
66,aae6d6b9-2240-4133-8884-4eacd7c12272,202,,1.3202118839999457,1.3433772419998604,23.165357999914704
67,5b1c07a1-4b28-419f-93e5-2b0dc4c144fb,202,,1.3409862099997554,1.36094302399988,19.956814000124723
68,ee3f8dc4-73a0-4c42-8cb3-c6a18874c204,202,,1.3602321439998377,1.3795627079998667,19.33056400002897
69,7c842f9a-4537-440a-a4bb-65c56b102e03,202,,1.380229209999925,1.3983402359999673,18.11102600004233
70,d696f559-3f9e-4e67-ad5a-dc8c06ed9bd1,202,,1.4001610639998034,1.4244400379998297,24.27897400002621
71,cf7d001e-d2cb-4ab6-9cd1-1fb2d3fec909,202,,1.4201977589996204,1.4368902329997582,16.692474000137736
72,8036de65-6a9d-4608-8d96-dab4b5f5b3d4,202,,1.4402465789999042,1.4586722089998148,18.425629999910598
73,0da93387-da6c-4556-9386-296d95cb4691,202,,1.4601449309998316,1.4771438419998049,16.998910999973305
74,036f9b91-c055-4324-96d1-a36ca42cc9e4,202,,1.4801779999997962,1.4917921809997097,11.614180999913515
75,582f4ea0-4e03-414e-9fdf-0cb143e12f70,202,,1.5002005679998547,1.5119612589996905,11.760690999835788
76,a5d7253d-0291-40ed-96ac-7f7d2419c271,202,,1.5203148089999559,1.5396247469998343,19.309937999878457
77,9cd538a8-b379-4c8f-a45c-7ceaceb733ed,202,,1.5401997429999028,1.5605250819999128,20.32533900000999
78,916a73a7-d584-469e-b99a-f5d7b9777b5f,202,,1.5602704399998402,1.576574846999847,16.304407000006904
79,9a9acb79-f35f-4014-8fa3-f867a470afd7,202,,1.5826053689997934,1.607062687999587,24.457318999793642
80,e9a2c12e-f2f3-4a84-a1be-46fe51c312b9,202,,1.6013228099996013,1.6281509089999417,26.828099000340444
81,d1517a49-ccf0-411c-8c1e-617b6f7365a9,202,,1.6208064259999446,1.6453877109997848,24.581284999840136
82,f372dea7-86ec-40dc-88da-8f1845a90696,202,,1.6408774559999983,1.661331343999791,20.45388799979264
83,07f42dc7-9b6c-4f7b-9f61-f11a75808af3,202,,1.6608928989999185,1.6730774919997202,12.18459299980168
84,06a8da0f-7873-4517-b226-3ca989282401,202,,1.6802727999997842,1.6982523579999906,17.979558000206453
85,e06867c1-12f2-4dfb-9bc3-b62b26cc13fc,202,,1.7003224529998988,1.7141187239999454,13.796271000046545
86,3da76d1a-34a4-4d28-a227-911f48afaac2,202,,1.721704174000024,1.7333115509995878,11.607376999563712
87,df85bd91-39e5-4d26-abca-3214e96c1797,202,,1.740211664999606,1.7524111640000228,12.199499000416836
88,46efabcc-b441-42a7-af86-25511332ffe4,202,,1.7615296289995968,1.776845912999761,15.31628400016416
89,1cd10c8a-e18f-48b8-9f2e-569ec95120f7,202,,1.7802375080000274,1.7970801829997072,16.84267499967973
90,7880013c-f7c2-4782-ba69-797984653db1,202,,1.8006749989999662,1.8178250269997989,17.150027999832673
91,d314bec1-31ea-4e96-96e4-d17239b6b246,202,,1.8203727329996582,1.8377002729998821,17.327540000223962
92,f26536cc-1873-4dd3-b9c5-e3ec114cbf6c,202,,1.8402676059999976,1.8599196699997265,19.652063999728853
93,58721500-eae2-4171-a3ff-d0142d003380,202,,1.8602931949999402,1.8739494540000123,13.656259000072168
94,84c7c8ac-9a35-4ec6-8b12-c651cf30e20c,202,,1.8802980319997005,1.8954773909999858,15.17935900028533
95,99eb2aa8-e818-4af3-b6f4-d81aae139036,202,,1.9002283239997269,1.9161522719996356,15.923947999908705
96,644deaaf-c3f3-4eef-866b-3badb76af80c,202,,1.9202139929998339,1.9335902349998833,13.376242000049388
97,9ff20138-095f-4adc-9003-deb53b930dbf,202,,1.9402467079999042,1.9570076689997222,16.760960999818053
98,129e46ce-ade7-4dbd-90d7-bffb548b45bb,202,,1.9604924779996509,1.9797572679999575,19.264790000306675
99,42c0d310-31ab-42d9-95ff-495abfe338b3,202,,1.9802125049995993,1.9972696519998863,17.057147000286932
100,1e1a161f-bd5a-44a2-ab51-eca4c01f918b,202,,2.000183798999842,2.0187104999999974,18.5267010001553
101,e2a47fcc-4da3-400d-878c-3e4ab928397e,202,,2.0202233059999344,2.0371569449998788,16.933638999944378
102,3d49e34e-f244-4d48-bfc7-d23bf5379919,202,,2.0402343519999704,2.058269728999676,18.035376999705477
103,5dbab18d-fc29-4fd5-84a5-ccb4da52e590,202,,2.0602967349996106,2.081592114999694,21.29538000008324
104,34f005d7-2225-475a-a0ad-879a0c3b78dd,202,,2.081696663999992,2.0949463549995926,13.249690999600716
105,9ed4c8e4-843c-4a77-9702-4b23fb6565da,202,,2.100187945000016,2.1157821639999383,15.594218999922305
106,e6679ada-a043-44bf-a237-5f989de1d8f1,202,,2.1202744129996063,2.1364060409996455,16.1316280000392
107,009624fa-8660-4b00-9429-b4bdec235a01,202,,2.140368505999959,2.179428411999652,39.059905999693
108,a9fb8c84-6d94-4e5b-906c-54f03b8dfda5,202,,2.160320923999734,2.187746158999744,27.425235000009707
109,dde5cfa4-da6e-4213-8ca1-4a5251f40283,202,,2.1802864259998387,2.201837822000016,21.551396000177192
110,487fc7a5-6637-44ba-b127-29353a394fea,202,,2.2008952189999036,2.228552677999687,27.657458999783557
111,ef7f4dc3-14c7-4eec-9e45-91ee7c30aa38,202,,2.2203003929998886,2.244444456999645,24.144063999756327
112,0ea6dc04-fcb1-48c7-9fc7-3501d63f6f62,202,,2.24020497399988,2.28003405499976,39.82908099987981
113,e206f452-a701-4f2f-95d0-02d35c0d7b95,202,,2.2603309029996126,2.2932627449999927,32.93184200038013
114,302b5d87-98ff-4139-8835-a056ac577dde,202,,2.2812630929997795,2.3041161149999425,22.853022000163037
115,30d2d384-b7e6-489d-b9ed-f740847df224,202,,2.3003302859997348,2.324268003999805,23.937718000070163
116,5708f5b6-73b7-447d-a2fa-0689d7823165,202,,2.320274703999985,2.335824918999606,15.550214999620948
117,701d3539-0c74-453c-9535-85c34ae90483,202,,2.340304000999822,2.357248098999662,16.94409799983987
118,cda3e8ef-1ab6-4f35-855b-672e50432a79,202,,2.3602439599999343,2.379541209999843,19.297249999908672
119,404efb25-9f94-4ccd-a99d-fbc741d82e2d,202,,2.380157415999747,2.3995134199999484,19.35600400020121
120,fa085cfd-b25c-4009-81e8-5be56ee41f65,202,,2.400468606999766,2.416367053999693,15.898446999926819
121,a5256613-4e9e-4f01-8ebd-fc946e686fc4,202,,2.420280098999683,2.4378177349999532,17.53763600027014
122,1dc52fed-a7cb-4d21-bce8-6730aa94001a,202,,2.4401829299999918,2.451808933999928,11.626003999936074
123,19f0eefc-1d1a-4860-be48-99e7d0f1e79b,202,,2.4602180199999566,2.475889369000015,15.671349000058399
124,bfa04867-03ae-496f-8b6e-55cddb54fbb1,202,,2.4802786949999245,2.508658032999847,28.379337999922427
125,a9acaa98-47f7-4cc0-b7c4-b54696350378,202,,2.5005355069997677,2.5282199260000198,27.684419000252092
126,a108af0e-f870-4f7b-bdf0-672de1d1847f,202,,2.520200155999646,2.5448910059999434,24.69085000029736
127,3711a4f6-c3f8-4018-8098-3a8692de5766,202,,2.5402979999998934,2.555222507999588,14.92450799969447
128,6208097f-b367-4621-9643-eb9be65efe26,202,,2.5602297079999516,2.578173453999625,17.94374599967341
129,7c54242c-104c-461b-b3c0-cf3f54e28399,202,,2.5807297439996546,2.598779954999827,18.050211000172567
130,fe6964ff-cfe9-43fe-881d-6d2446a5f96a,202,,2.6002546339996115,2.61431666999988,14.062036000268563
131,7e577cae-97d0-479f-b753-3e1c8a76d5c1,202,,2.6202079689996935,2.6327053199997863,12.497351000092749
132,1a44fb31-bb81-465f-9b47-84211c2b0fbc,202,,2.6407192140000006,2.659862162999616,19.142948999615328
133,1d10d546-047b-41cd-ad57-06b50ca241a3,202,,2.6601767659999496,2.6777742399999624,17.59747400001288
134,c85670cf-c1c1-4b49-a529-6d2f752d2114,202,,2.6804456209997625,2.691657847999977,11.212227000214625
135,bcba77b5-5b24-4f48-810e-d2b3076c46c4,202,,2.7004004969999187,2.7160135369999807,15.613040000062028
136,3c0290ec-bef1-4655-b1f5-2e7b8e1323be,202,,2.7203549799996836,2.7344889229998444,14.133943000160798
137,f0c3d340-9b4d-43de-b4e4-8d146ff31463,202,,2.7411511809996227,2.753022270999736,11.871090000113327
138,a43a5f14-fbc6-49f7-afa3-e7a8992ce4fa,202,,2.7602413139998134,2.777588877999733,17.347563999919657
139,ed41f323-9c9d-496e-ab70-f72f98f8a4ac,202,,2.7802824249997684,2.795081409999966,14.798985000197717
140,2a575449-c54f-4133-921b-839507e1cd2a,202,,2.800213944999996,2.814017700000022,13.803755000026285
141,cede9b0e-21db-4201-be98-a745a0f0fc3d,202,,2.8207326279998597,2.846289756999795,25.55712899993523
142,d5a94eea-ba4d-4733-a243-6354cb7ee6a8,202,,2.8411088849998123,2.8763449229995786,35.23603799976627
143,7572206f-1fd2-449c-8ee0-656faa6955e0,202,,2.8602870239997173,2.8921494299997903,31.86240600007295
144,91d92c0c-0b4a-4b08-b463-bfff30daad53,202,,2.882053702999656,2.899601196999811,17.547494000154984
145,21b4f63c-b362-442d-83cc-8ffcb734b508,202,,2.9002084439998725,2.923597100999814,23.388656999941304
146,23dc7140-9e31-4dd3-ba24-ef63676148e9,202,,2.9205176129999018,2.935299221999685,14.781608999783202
147,0cc775c9-f8d9-406c-93ae-e30f623bd178,202,,2.9402269529996374,2.958884391999618,18.657438999980513
148,9a69279c-2979-4734-b070-614f890e0b6c,202,,2.960286605999954,2.9845199009996577,24.233294999703503
149,6ed8f2e3-40ab-4bca-a6a0-cf2e078c0239,202,,2.9804317240000273,3.001404726999681,20.973002999653545
150,732933da-11b9-4ff9-9a48-cd22d04209fa,202,,3.0002254019996144,3.051762394999969,51.536993000354414
151,fb6858fd-90bd-47ea-8a57-a185e5a19dfb,202,,3.0216676019999795,3.084863796999798,63.196194999818545
152,8decce02-38d0-4fad-ad87-80612f957741,202,,3.042211577999751,3.122085710999727,79.8741329999757
153,8bba5e5c-1e82-4452-8f3a-3e96d053047f,202,,3.0616913609997027,3.1437839689997418,82.09260800003904
154,3e22b5b9-c331-458a-ae83-dee2a69117b6,202,,3.0816493829997853,3.22408021199999,142.43082900020454
155,dc5aa133-9105-4dbe-a02d-b80c0324b59a,202,,3.1007135979998566,3.261274166000021,160.5605680001645
156,5782cd00-c6c2-43d4-a2b2-24c63ce2619a,202,,3.1208983019996595,3.278336085999854,157.43778400019437
157,2e9e386e-2b29-4bff-879b-fc1ea367d875,202,,3.1404665069999282,3.29483788799962,154.3713809996916
158,e665a915-9c8e-45fb-80ca-48a48bab16b2,202,,3.160533578000013,3.3240130809999755,163.47950299996228
159,80e268c7-c419-4625-9970-bc8d67ca1528,202,,3.181336486999953,3.353834189999816,172.49770299986267
160,b2c13ab9-74e7-48b5-819a-e2a8de0755c1,202,,3.204511506000017,3.373691038999823,169.17953299980582
161,97087111-7100-4024-8dad-2e968a76a85c,202,,3.222768877999897,3.3815490399997543,158.78016199985723
162,00ce62a6-0538-4c12-bf8e-0ea9fb6da5e1,202,,3.2408467389996076,3.4061538999999357,165.30716100032805
163,4b82f4a9-105e-4aae-9959-aa2a183c77c1,202,,3.264151390999814,3.4279278709996106,163.77647999979672
164,779ec9b7-a211-49bb-86d9-210a561e3ab9,202,,3.2804519709998203,3.452896462999888,172.44449200006784
165,5efe79f8-9699-449d-a950-4364d2d2e7eb,202,,3.300306819999605,3.472008263999669,171.70144400006393
166,1cea43a2-664b-44fe-aaf7-fe72cb315c54,202,,3.323349288999907,3.531744071999583,208.39478299967595
167,814e06a0-3f46-4f1f-adf1-87ce463dd5d2,202,,3.340920783999991,3.5093057659996703,168.38498199967944
168,924e8ad7-d302-47db-8462-2650abb11638,202,,3.360771506999754,3.566898646000027,206.12713900027302
169,a769e632-8c61-4ed4-ac0a-95317070591c,202,,3.3805296829996223,3.6255408829997577,245.01120000013543
170,28f1ce0f-f4db-4d76-9ac4-c6bee849cb5b,202,,3.400613671999963,3.62900627099998,228.39259900001707
171,7f13813f-5884-49c7-8a0a-58ffdaca1ea9,202,,3.421975991999716,3.699739820999639,277.76382899992313
172,d655b81d-e83c-43ed-828f-f7fcf84c45bb,202,,3.4417917129999296,3.7339198849999775,292.1281720000479
173,8f4b8ba6-d295-453d-83c0-59fa5fab9f5b,202,,3.462723255999663,3.9001350139997157,437.41175800005294
174,0ad7d14d-af18-4f2b-b7ad-930aa781919e,202,,3.4846621120000236,3.9500989799998933,465.4368679998697
175,44542326-2540-4b95-8ee7-79607f5eb085,202,,3.502579670999694,3.9504112499998882,447.8315790001943
176,159ad6c5-0062-45fd-b33a-483efbbb67e4,202,,3.52652357199986,4.018643110999619,492.11953899975924
177,aa1f8031-1fe3-470a-8640-95180ae34601,202,,3.5412301759997717,4.048591905999729,507.3617299999569
178,507290c6-e62a-4ced-ab03-f197a8144d7a,202,,3.5628869319998557,4.093075236000004,530.1883040001485
179,6bc4d06d-e7f1-46cb-93cd-a4a3311f8157,202,,3.581735507999838,4.06688059399994,485.1450860001023
180,0d5a94a7-3205-4a2d-afe8-ad2c6a54e1eb,202,,3.602394907999951,4.1202211879999595,517.8262800000084
181,f699c509-59df-43dc-9d6d-3b0680aa5a3c,202,,3.6217901439999878,4.136800352999671,515.0102089996835
182,6211e32f-ee37-4022-9451-2b0f11e911e3,202,,3.640210109999771,4.196665439999833,556.4553300000625
183,3d65fcb4-2e92-4e1c-ba17-62678d0497f5,202,,3.6616682279995985,4.160069728999588,498.40150099998937
184,4413ba57-71e8-4fb8-acf5-98906c74a27f,202,,3.6816147069998806,4.225067803999991,543.4530970001106
185,a9d0066d-122b-4b62-a7da-58fc46b2fbfb,202,,3.702659048999976,4.198748153999986,496.08910500001
186,a0930175-5250-4642-82e2-fb08e09291f5,202,,3.7204575819996535,4.254095581999991,533.6380000003373
187,222e9f3c-7084-43aa-9e97-78e0c92bfa07,202,,3.7408900299997185,4.28035822899983,539.4681990001118
188,0216013b-ad4b-42d3-9cfc-620387029e02,202,,3.8027255319998403,4.299591392999901,496.86586100006025
195,f7246c17-23d3-4ff8-b978-7584b0883d44,202,,3.9004207819998555,4.3242835239998385,423.862741999983
198,f3e965f8-77d4-467e-9e2b-4e93d8b32ad6,202,,3.960417043999769,4.345619611999609,385.20256799984054
199,26f2e8cb-0fcb-4e2b-98e2-750ebe792ea2,202,,3.981002709999757,4.364911321999898,383.90861200014115
201,97d8b01a-420b-4788-b0d8-30da64b4446b,202,,4.020581857999787,4.38418819699973,363.60633899994355
203,60a93ef4-d8ab-4f9d-9efe-01d4e578231f,202,,4.061118690999592,4.439394282999729,378.2755920001364
204,9004e911-e74c-4a11-8320-4282f03c6b03,202,,4.082783299999846,4.4428420829999595,360.0587830001132
205,83a0f0e0-b2f9-4264-9c51-7a48d9fca666,202,,4.100345233999633,4.47411354399992,373.7683100002869
206,db0329ca-ccd9-4054-9b81-16f2d4f2d20b,202,,4.121742783999707,4.505114153999784,383.37137000007715
207,c954436f-76f9-427f-9f3a-bce707d205e3,202,,4.140488917999846,4.523104698999759,382.6157809999131
208,d066d0cb-0584-4ce6-ab44-d3bdbffce3af,202,,4.161783918999845,4.554787351999948,393.00343300010354
210,d881df62-a895-4e18-8fed-2481d8ea6162,202,,4.200829117000012,4.565325970999766,364.4968539997535
211,f3e26c2a-29af-4717-983d-5693d0ae192d,202,,4.2210166329996355,4.588809317999676,367.79268500004036
212,537a76e7-4374-4473-9611-7a5ebcff9d5e,202,,4.240431849999823,4.899679897999704,659.2480479998812
213,8e76dd92-9678-458e-8e4c-1465eb4f527d,202,,4.2614961289996245,4.967134099999839,705.6379710002147
214,600b9702-d4ad-4b84-9d70-f6f297b5c51d,202,,4.280535697999767,4.988503833999857,707.9681360000905
215,0805f1c9-32a6-4bdd-bb94-935b4ddcde7e,202,,4.300321438999617,5.00740258299993,707.0811440003126
217,e031f08a-9553-4590-bccf-03d64ee35cc1,202,,4.340575503999844,5.014169624999795,673.594120999951
218,89be69e8-3a14-4332-977d-ec48f0c47bd8,202,,4.3607800629997655,5.0356007799996405,674.820716999875
219,6bc0c085-a130-4ed7-ae3b-00407502dd22,202,,4.381935555999917,5.073939935999988,692.0043800000713
220,d70870dd-1dd5-42c4-8b45-0b81472d7d90,202,,4.401676834999762,5.099013356999876,697.3365220001142
222,713c45b2-1eda-4b61-aba2-b3409d5cbb37,202,,4.442130496999653,5.1373023429996465,695.1718459999938
223,760fb9e7-aa67-4471-be3d-bdf2bd90936e,202,,4.463705348999611,5.160728413000015,697.0230640004047
224,c3723614-4ced-440d-902f-07cb4f9fe23b,202,,4.481032269000025,5.169479118999789,688.4468499997638
226,eaa7be80-191d-4273-a584-afd533cc2c9b,202,,4.523169994,5.183030371999848,659.8603779998484
227,1063b86e-5abf-4923-8a8d-f4859fe6ff3f,202,,4.540492163999716,5.199164324999856,658.6721610001405
228,670965d3-ccbf-4836-a717-b8f582901d1b,202,,4.561692159999893,5.213846688999638,652.1545289997448
229,de965ed3-2ad5-4341-b5fc-b7989c0df765,202,,4.5808239419998245,5.216898626999864,636.0746850000396
230,6ff4c95b-d21b-4da8-bf40-81c04eb3977b,202,,4.601765505000003,5.231918219999898,630.1527149998947
245,9e620d49-0f0f-41bb-92c1-7bf0ce4888a1,202,,4.908810169999924,5.235873713999808,327.06354399988413
249,bc757c8f-d5aa-4cc2-95b4-17b95559e78b,202,,4.98046383799965,5.241168247999667,260.70441000001665
250,9a53a085-235d-4c59-b040-a6a7cdde212a,202,,5.014237128999866,5.241688905999581,227.45177699971464
251,7da78475-7283-4fbc-b7d3-a336e24f8a8b,202,,5.486308614999871,5.861838735999754,375.53012099988337
252,eab3c454-0239-490b-9ce2-d71bf90c026b,202,,5.485663658999783,5.897335971999837,411.6723130000537
253,8a898572-8191-4e90-8c00-a33e3b376a86,202,,5.485899464999875,5.970083799999884,484.184335000009
254,d7370cb7-65bc-4278-ad8c-1f688a1d9334,202,,5.486218525999902,5.960205408999627,473.9868829997249
255,c89f71f1-63ed-4391-aeaf-9201ceda3b3a,202,,5.486734516999604,5.8539666749998105,367.23215800020625
256,77049f09-b149-4097-8794-589864936784,202,,5.486030389999996,5.77274104099979,286.71065099979387
257,fabe06ba-b59a-4040-8506-64979c93595b,202,,5.486107935999826,5.7680309639999905,281.9230280001648
258,23ea3d41-1e23-4a18-85c0-05fd2969707d,202,,5.486949571999958,5.693861497999933,206.9119259999752
259,270ff074-2085-4efa-a237-739501ad7577,202,,5.487019743000019,5.6098593179999625,122.83957499994358
260,e28c73f7-09ee-44ac-9ace-9e85eb971bba,202,,5.487320218999685,5.938761983999939,451.44176500025424
261,12f08597-fd48-4c7d-a48c-ce64708c2213,202,,5.486526044999664,5.605857904000004,119.33185900034005
262,f7142f30-5ea5-46d8-bdc6-6834e361ca57,202,,5.486393911999585,5.794776961000025,308.3830490004402
263,0de24b26-a2ac-4138-8975-c002baa4fd56,202,,5.4875983619999715,5.7282474679996085,240.64910599963696
264,4d61acc4-00ed-4d02-8484-3f986e53c5ae,202,,5.487198169999829,5.917939720999584,430.7415509997554
265,b03d58c0-66b3-4473-b08f-a9a8531f68b2,202,,5.488741806999769,5.819839064000007,331.09725700023773
266,1244c03d-9a6e-41a8-b617-00cc9f56958e,202,,5.486600674999863,5.699298415999692,212.69774099982897
281,3d669d80-a96d-415c-9323-678a588c8957,202,,5.621327607999774,5.975727683999594,354.4000759998198
282,e16d1cd0-2df7-4601-8755-07710b0d14bb,202,,5.658435062999615,5.9965722809997715,338.1372180001563
285,ceac47bf-921e-4ca0-aad3-48bc0c756cee,202,,5.700317770999845,6.009789040999749,309.4712699999036
286,86c61e9a-c18a-4d9b-b1d8-396b630ecc62,202,,5.7218691639995996,6.022185292999893,300.3161290002936
287,6412691c-ff10-4065-8bd6-991a963c85d5,202,,5.7414893129998745,6.033194751999872,291.70543899999757
289,49782057-78eb-4a6e-a856-e00ea03d75d3,202,,5.7812115959995936,6.054184108999834,272.9725130002407
290,42289063-d601-425a-8939-4fb2d6f19014,202,,5.8002316669999345,6.060430695999912,260.1990289999776
291,6b22688d-c22a-481a-b655-0d46cf0a379f,202,,5.820374262999849,6.071935142999791,251.5608799999427
292,5811ae74-e459-4676-8594-35c4d458c266,202,,5.842009199999666,6.086506818999624,244.49761899995792
293,7fc64668-1813-4149-8fb0-77b5c3f65cf3,202,,5.862923217999651,6.100727097999879,237.80388000022867
294,02cc53be-030c-4375-a204-d74131aaaa6d,202,,5.888759659999778,6.146806724999806,258.04706500002794
295,bcc8190e-e820-4d01-a3a2-3592951a0ed0,202,,5.9003164859996104,6.117216638999707,216.9001530000969
296,ea5fdaa3-3c60-49f6-bf42-b847ee6ece64,202,,5.920224651999888,6.1587744929997825,238.5498409998945
297,928e1410-b724-4f89-bbc0-a23366038630,202,,5.940798273999917,6.191755408999597,250.95713499968042
298,6bd70c74-fc48-444e-855e-271c108a92a3,202,,5.96048196799984,6.209325391999755,248.8434239999151
299,9b3d06be-e61a-46d5-9872-4f46614dab9a,202,,5.980242874999931,6.218736128999808,238.4932539998772
300,6d09dac4-3d20-4012-9b99-2c9fd0f4d7da,202,,6.001410616999692,6.233078123999803,231.66750700011107
301,e9a522f2-d149-426e-91af-9e50b14457d7,202,,6.021396703999926,6.238854140999592,217.45743699966624
302,28322112-932d-46e3-a6f0-0db6e41c10c5,202,,6.040787128999909,6.245713056999648,204.92592799973863
303,1764711c-578a-47c5-bc7f-ab17e8511869,202,,6.060190972999862,6.277755999999954,217.5650270000915
304,3c2b1e75-2be3-4058-8614-71bedb92f12b,202,,6.080359863000012,6.285487384999669,205.1275219996569
305,8999e53b-4c7a-45db-9fc8-496a0a62d42b,202,,6.10092940200002,6.305544892999933,204.61549099991316
306,d56f2fc4-f20f-4d7f-b9e0-5adb532c7e23,202,,6.120617761999711,6.31825674699985,197.63898500013966
307,df63e719-6c6f-4dbe-b564-f90ac139a5e4,202,,6.14193013799968,6.347938630999579,206.00849299989932
308,5bef41e0-2c2f-4abd-baf5-ee59a8cf1f94,202,,6.160320461999618,6.353699562999736,193.37910100011868
309,f3da8bdc-1ea1-4f34-94a5-57cd1558a8c8,202,,6.181829640999695,6.361614709999685,179.78506899999047
310,4b7e0412-9688-4f10-b6fb-e732503bd12b,202,,6.200307885999791,6.3741443869998875,173.83650100009618
311,1c879acd-1fbc-411b-a7f3-98b58523924e,202,,6.220241094999892,6.385585954999897,165.3448600000047
312,4d5cbb35-e909-4539-983f-f4d42f640a72,202,,6.240187471999889,6.411563780999586,171.37630899969736
313,e81fc0e1-d909-4644-b2ac-5e6b6eb97129,202,,6.260293565999746,6.430855909000002,170.56234300025608
314,d4508569-a894-4bdd-86de-c3d18d813278,202,,6.285605891999694,6.439055405999625,153.4495139999308
315,c918ee91-5a2c-4c36-a00b-e74ef75782f6,202,,6.300848899999892,6.451920728000005,151.07182800011287
316,14e8f977-d099-4921-a7c8-81342b697b42,202,,6.320327497999642,6.457225049999579,136.8975519999367
317,6658f90d-f486-4302-a7da-72b606f9bd24,202,,6.3402972089998,6.465502968999772,125.20575999997163
318,0de695d5-49cb-454f-9026-aea0e382a0fe,202,,6.360413345999859,6.4735052039995935,113.0918579997342
319,c914a489-1e00-42c8-9fe1-f359029894e4,202,,6.382672819999698,6.482942650999576,100.26983099987774
320,334bb70f-e3c3-457d-8c2a-3cb3c1bb4ea4,202,,6.4026674079996155,6.504819019000024,102.1516110004086
321,454ac5ae-d1c6-4d45-ada3-bcfc532cf598,202,,6.420249098999648,6.527378886999941,107.12978800029305
322,d5fb7558-4643-4a33-b959-ee8cc79feb14,202,,6.440197225999782,6.5470821659996545,106.88493999987259
323,89a3b822-3a28-4c40-b690-69297c947503,202,,6.460254774999612,6.5523557349997645,92.10096000015255
324,19433bf1-b39e-4120-986f-fc232a2cc99f,202,,6.481974716999957,6.57979373299986,97.81901599990306
325,db4192ea-a8bc-4665-a59c-a4d41b589803,202,,6.500454670999716,6.6141793179999695,113.72464700025375
326,8857b068-e319-4bec-85e4-7b92e0447630,202,,6.521488613999736,6.623330622999674,101.84200899993812
327,d5e03b66-135f-4ab2-8afd-3bf2cedebd97,202,,6.542800988999716,6.65434050299973,111.5395140000146
328,acf26800-8790-48a6-a15b-f92d35e2dbe1,202,,6.5606590309998865,6.702208364999933,141.54933400004666
329,cc5a3ab6-0689-4072-a951-451bc26dc801,202,,6.580226259000028,6.739696516999629,159.47025799960102
330,2be0aec1-5794-4fd7-973a-600cfc1ee548,202,,6.600365146999593,6.750018173999706,149.65302700011307
331,0d12e0e4-9b2f-42a9-933a-0670b5b361a0,202,,6.6225953279999885,6.774715396999909,152.12006899992048
332,be00b3bc-0fd5-4f22-9115-a8cf5a8c6eed,202,,6.640725302999726,6.804818692000026,164.0933890002998
333,fc8367d6-9881-490a-9262-a1b2602a1d86,202,,6.662559751999652,6.886258880999776,223.69912900012423
334,d87427b9-00c5-4c0a-a7e3-4a9183fc1da6,202,,6.68380116499975,6.922805726999741,239.00456199999098
335,cd66982c-06b1-421a-b1d5-b70b3db7ce6e,202,,6.700271663999956,6.885944903999643,185.6732399996872
336,469e49ea-5f89-4e8e-9641-bb79eada0c47,202,,6.720675258000028,6.931074469999658,210.3992119996292
337,1810d256-08c8-44b4-bf92-cb753e128fba,202,,6.740384849999828,6.964737601999786,224.35275199995885
338,82e908b2-35ba-4c55-904e-f27db1540126,202,,6.761667701999613,7.027234244999818,265.56654300020455
339,339840b5-9353-4560-ada9-065f5c621ea6,202,,6.780416820000028,7.0422576829996615,261.8408629996338
340,062163e7-0b62-4abe-baa6-c43300ad0cf6,202,,6.800371801999972,7.067289049999999,266.91724800002703
341,e19c97db-1cf3-499c-bc9b-c9228aa2b8e8,202,,6.82411971800002,7.0856771049998315,261.55738699981157
342,cda37d06-5a5c-44b9-90d2-0a7c71ce491a,202,,6.840720040999713,7.111083119999876,270.36307900016254
343,07ffe04f-1b5f-44d2-9bfb-f5dfa50dc3c9,202,,6.8629779099996995,7.141337216000011,278.35930600031134
344,1a7adb8d-636b-4bdd-9dee-0d51510f8228,202,,6.882560160999674,7.205661217999932,323.10105700025815
345,140ffa52-7973-43a9-be1b-32d89e15756f,202,,6.9005389409999225,7.207108928999787,306.5699879998647
346,4474c4af-2ede-416e-9959-f7e6ae71c829,202,,6.920187236999936,7.216182969999863,295.995732999927
347,b1eee21e-f562-4bc7-90d9-f5abc8b07e6c,202,,6.942729081999914,7.261729268999716,319.0001869998014
348,18e8da50-6b02-4f73-b469-a742bb4e61c4,202,,6.960406510999746,7.292602734999946,332.19622400019944
349,a3a96905-5fda-45e6-81c7-c8dc30775aed,202,,6.990370130999963,7.273386838999613,283.01670799964995
350,f05dbe63-c9a5-47c7-925b-656a6ab0f81e,202,,7.000326348999806,7.362918260999777,362.59191199997076
351,4ba8156f-dc74-4df3-8b45-9bb9d09f8081,202,,7.0202214099999765,7.380905499999699,360.68408999972235
352,f8665590-5fa7-4f58-baf5-18e8af807ad4,202,,7.041704899999786,7.399503567000011,357.79866700022467
353,6af04ecf-ebc2-4954-a2bb-8912a608b8e2,202,,7.06221820599967,7.428076187999977,365.85798200030695
354,bf4f79c1-36e8-413b-bf73-70f9f46f0a57,202,,7.0805900099999235,7.466791204999936,386.2011950000124
355,14a632f7-2225-46b1-be72-5d7f025cd04c,202,,7.102748039999824,7.472230029000002,369.48198900017815
356,7972a92d-0fa3-4613-ae80-70eb76a76d55,202,,7.121156428999711,7.4845269699999335,363.37054100022215
357,5ac06347-bdef-4ccf-ab30-4107c4d67014,202,,7.142798302999836,7.522474149999653,379.6758469998167
358,630948ea-54fd-4e96-8d0a-2de4321954e3,202,,7.160719120999602,7.550522446999821,389.8033260002194
359,c5a1c57a-a19c-4672-a0d3-a19c080114e6,202,,7.184836558999905,7.593875864999973,409.0393060000679
360,3bf1d7ac-62c6-4ecc-9d16-32882d595965,202,,7.206232626999736,7.644581805999678,438.3491789999425
361,3eaad17c-417d-4781-81d2-203e5353f460,202,,7.222713526000007,7.65704358999983,434.3300639998233
362,3dfac522-3a08-416d-8285-30759ecacb9e,202,,7.240526254999622,7.69036620199995,449.8399470003278
363,d37c3e95-bddf-40f2-a8d6-ab6cd997e428,202,,7.264099659999829,7.714508379999643,450.4087199998139
364,8a1fba4d-8702-4a8e-81f9-7645922235c8,202,,7.2816725419997965,7.742279091,460.6065490002038
365,2a3296d8-dd93-4540-a7d3-f149c775da5a,202,,7.303429504999713,7.7739555729999665,470.5260680002539
369,6bcc5e76-4659-4899-a192-787dc6d53433,202,,7.38097083699995,7.789595655999619,408.6248189996695
370,bccb0079-df63-4d5b-b3a7-0af69c658167,202,,7.4057892339997125,7.8027230509997025,396.9338169999901
371,54083509-12a4-40fe-b498-0c03456c2871,202,,7.422488645999692,7.814889555999798,392.4009100001058
372,6a0e9d00-ccd1-4b5b-9017-75cf0d9a7cc2,202,,7.442007601999649,7.817954693999582,375.94709199993304
374,dc8d9e50-0db7-412a-aa4f-980571fd9c03,202,,7.480668573999992,7.8264510669996525,345.78249299966046
375,1d36cbcc-74ed-45a4-bf90-c8ba9cc8993b,202,,7.50208239199992,7.841125301999909,339.0429099999892
376,acf52696-75c7-49ae-96f0-476f7108b7d8,202,,7.521571178999693,7.850723280999773,329.15210200008005
377,13ff1fae-f5bc-4f69-ad23-c42099ea26be,202,,7.542316457999732,7.857660103999933,315.34364600020126
378,5ffc5690-caf4-48c5-a63b-7adb47e9e9f5,202,,7.561091201999716,7.886742641999717,325.65144000000146
380,9eb48ef6-b1dc-4cdb-8e66-14d0087f4dba,202,,7.600523302999591,7.894878827999946,294.35552500035556
383,23d03813-1c23-4d6d-bd73-3cafa6e83150,202,,7.660279782999623,7.91721738699971,256.93760400008614
384,224426a2-6b93-4f9d-a43c-effd13b24676,202,,7.681063063999773,7.934153462999802,253.09039900002972
385,2baceef2-53d4-4873-8e4a-824b8469fbe5,202,,7.700574935999612,7.9371741819995805,236.59924599996884
386,615354b8-367d-46c8-965a-f750f87b6e94,202,,7.720470146000025,7.951921672000026,231.45152600000074
387,e513e499-d249-4c8b-8bda-1caea619619f,202,,7.74301455099976,7.962978777999979,219.96422700021867
389,8edf3660-5d5f-47c5-a544-756dd929b517,202,,7.781947540999681,7.976996099999724,195.0485590000426
390,375c3eb5-c7a0-44fe-a72b-20e5072f6aa2,202,,7.8017959959997825,7.983973174999846,182.17717900006392
391,cd5dfe61-d576-48e4-a0ae-d33bbb1a40c5,202,,7.823422930999641,7.9918063430000075,168.38341200036666
392,0c5e3f07-5183-49d7-a54a-e1247cd919d1,202,,7.841002252999715,7.99928186399984,158.27961100012544
393,c6e58a04-01c1-4d7e-b80b-375fb47686c4,202,,7.861698090999653,8.0087525859999,147.0544950002477
394,46fcbe8b-e6bd-4b65-903e-17d1faee59f9,202,,7.882054825999603,8.018573703999664,136.5188780000608
395,6b21a280-33ad-400c-aa59-eaabdc120f87,202,,7.901604638999743,8.02738630299973,125.78166399998736
396,de08a7a8-fbac-4c9b-92ef-1e0ce40a1d78,202,,7.920234521999646,8.040399565999905,120.16504400025951
397,dc9f42ad-b611-4813-b5e9-d4add82dd472,202,,7.940713640000013,8.056770900999709,116.05726099969615
398,45db95bd-dca5-449a-9585-b1caea219260,202,,7.961423269999614,8.057019581999612,95.59631199999785
399,02662c23-1960-4ecd-bdd9-b4242c749c2c,202,,7.980232413999602,8.070079264000015,89.84685000041281
400,d2f54a45-28c4-477b-b2d9-192138dfee88,202,,8.000182499999937,8.076863286999924,76.6807869999866
401,5ccaf94b-82e5-453c-ad50-a8d7239f1f0c,202,,8.020341181999811,8.092135348999818,71.79416700000729
402,70abe8b9-6eb7-4c49-8d09-4a34f963a4f9,202,,8.040225180999641,8.098289834999832,58.064654000190785
403,c8d52a9f-4518-4735-bfee-db6df0be5ef4,202,,8.061661188000016,8.09608466399959,34.42347599957429
404,d9daaa31-f1b8-40d6-bf5d-b13604761e58,202,,8.080348740999852,8.120245412999793,39.896671999940736
405,fdaa0f9f-bb0b-4182-95d5-d88ffd67f9ec,202,,8.100656014999913,8.124130307999621,23.47429299970827
406,d151e15a-b513-4774-8840-8eadddb96c2f,202,,8.120512596000026,8.153416899999684,32.904303999657714
407,05ac5e9e-61a3-4993-a6be-765da82123f7,202,,8.141728130999581,8.178151265999986,36.42313500040473
408,6dc6a968-f406-45fa-becc-3e0794f32252,202,,8.160619279999992,8.186563008999656,25.943728999664017
409,042e714e-d528-4016-b1b2-09a4662c87f5,202,,8.182301843000005,8.205486576999647,23.18473399964205
410,33cd6667-d0b2-40a4-86a7-7460cd82671c,202,,8.200427863999721,8.220785764999619,20.357900999897538
411,ff564657-a36f-44f9-8c41-d116ab901259,202,,8.220272901999579,8.239849257999595,19.57635600001595
412,4ee5d127-1204-4665-b77d-09bab5f6f2d5,202,,8.240178818999993,8.271064795999791,30.885976999798004
413,8d32b7b6-2e67-423e-96a5-9e63fbeef208,202,,8.260369293999702,8.28845735699997,28.08806300026845
414,7a316814-3ddd-4843-9093-0ae774f88897,202,,8.280311337999592,8.309362831999806,29.051494000214007
415,8e03c674-1e36-42f8-a07b-aed7f900b5aa,202,,8.30045393499995,8.343985861999954,43.531927000003634
416,fdbbff33-5e80-4bb7-88f8-ff2e2567df99,202,,8.32474756800002,8.35881656499987,34.06899699984933
417,1f545003-5e9b-4648-a4a8-2c660af17ec6,202,,8.340958475999741,8.375809560999642,34.851084999900195
418,7e05d276-9dd2-4851-b8df-576d3fbfda21,202,,8.36082605799993,8.385827147999862,25.001089999932447
419,5e918b76-5798-47d6-9df3-e107500823a0,202,,8.38036278599975,8.414031134999732,33.66834899998139
420,6532b9df-833f-4df7-b5e3-ba6163d0481b,202,,8.402400785999816,8.439868440999817,37.46765500000038
421,b00478be-e12c-48a0-8449-261e1eeeb3bf,202,,8.420327419999921,8.452340171999822,32.0127519999005
422,30d076eb-1904-4674-8776-ce359b0b667d,202,,8.440210293999826,8.46330477299989,23.094479000064894
423,8ff96207-03d4-4032-b8c6-91286b1fcce9,202,,8.46022267599983,8.509923588999754,49.700912999924185
424,d53e2aec-988d-437d-b4da-9f24337e89a1,202,,8.480329853999592,8.572737020999739,92.40716700014673
425,d1828f1a-12ab-4e59-92d3-f6ad910697e9,202,,8.505528664999929,8.645012798999687,139.48413399975834
426,ff1a43fd-b013-46ae-8820-65468ce9bbaa,202,,8.52050862599981,8.654295593999905,133.78696800009493
427,d5401f5f-fb25-4a96-8198-0d048d09f050,202,,8.541300386999865,8.697733222999886,156.43283600002178
428,615e96ee-7fc9-4adc-9b9d-105cc8e375f6,202,,8.560362670999893,8.718149570999685,157.78689999979179
429,cdf0b789-73ca-4d25-897d-85701fdf1068,202,,8.581878931999654,8.744405958999778,162.52702700012378
430,bece4885-4a3e-4846-8ca1-ce6e5f97cffb,202,,8.600611571999707,8.781781278999915,181.1697070002083
431,9dc99a52-116f-4d57-81e7-79fa6f4dc7b1,202,,8.62045556799967,8.802448927999649,181.99335999997857
432,bd460450-0e38-4c1f-96b0-fed7499a6bdb,202,,8.642717289999837,8.860378682999908,217.66139300007126
433,ff84e94a-e1f0-401b-b5f3-c1719dd0b601,202,,8.660760680999829,8.861924479999743,201.16379899991443
434,e005b99a-ddf2-44bf-b1c5-7762716e6d46,202,,8.681733534999694,8.900088178999795,218.35464400010096
435,372d51b4-31b6-484b-858d-2909e472164e,202,,8.701689412999713,8.90514805399971,203.45864099999744
436,2a814a3f-eb5c-4dfd-b709-ce6083c97dcf,202,,8.721898328999941,8.939076133999606,217.17780499966466
437,bcf5039f-8fe1-4c8a-85ae-157ed8ed074f,202,,8.740452897999603,8.945756809999693,205.30391200009035
438,e64e8a51-d300-4dd8-b698-d49332ca054e,202,,8.76037321199965,8.961726855999586,201.35364399993705
439,2d4dec9c-6c2d-4f3d-b25d-f967c3165d94,202,,8.784346426999946,9.013519256999643,229.17282999969757
440,0b9caaa4-98f8-4173-a6db-59d267b40e80,202,,8.802018569999746,8.992735808999896,190.71723900015058
441,7ca0d884-e63c-4ab6-a1b1-7101f83508b1,202,,8.822951359999934,9.000011686999642,177.0603269997082
442,b2a28c99-b018-4cd8-8f8b-9e73a217fa52,202,,8.840332235999995,9.034190572999705,193.85833699971045
443,2c5e431c-057a-43bc-9ddd-f73e10834777,202,,8.860951506999754,9.036487121999926,175.53561500017167
444,651f935e-a26d-4d3c-aa55-b205c661a1d5,202,,8.887032509999699,9.051223678999577,164.19116899987785
445,d783a082-9d57-4aa2-804a-917e2a11b7c6,202,,8.900250271999994,9.078935275999811,178.68500399981713
446,c2ddc1ab-2871-4a6b-9efa-76e4b0ed7a71,202,,8.921455493999929,9.091150645999733,169.69515199980378
447,a12946a4-bff1-4026-922b-f286e569ba46,202,,8.940728978999687,9.119186469999931,178.45749100024477
448,e12274a4-8f85-4d86-a39a-4fd306d1a0cb,202,,8.961224951999611,9.136984994999693,175.76004300008208
449,ea3b7b27-3f2d-4ba7-a5dc-1d0e46dd5965,202,,8.980238796999856,9.162854068999877,182.61527200002092
450,d36d38e4-059b-43e6-ac6c-d72ffc8ac7f4,202,,9.000282410999716,9.17560730399964,175.3248929999245
451,c8996a76-64bb-4ed8-aaae-345c5a3a1f98,202,,9.020377026999995,9.1825019099997,162.12488299970573
452,3def6f3d-937c-48bb-9102-648c055e2da8,202,,9.040584773999853,9.196013729999777,155.42895599992335
453,f98082bf-cd84-47ba-a783-3c2fbc1013d5,202,,9.060376664999694,9.213709582999854,153.33291800016013
454,c9e5bc35-9e05-4272-beb2-88735b8027cc,202,,9.080287394999687,9.243659349999689,163.37195500000234
455,67f24192-e105-42d1-a296-0ffa91c2d532,202,,9.10214561299972,9.249448099999881,147.3024870001609
456,259a4c72-2d6c-4785-92f8-53f286181120,202,,9.123681311999917,9.257308302999718,133.6269909998009
457,719bf4bf-497c-407b-b677-cc7663f30da4,202,,9.144907202000013,9.279578294999737,134.67109299972435
458,e917c125-aade-4f63-a0c1-624467fad81f,202,,9.160592605999682,9.294500695999886,133.90809000020454
459,d6bfa36c-1fc9-4656-8db2-6253857b67bb,202,,9.181150456999603,9.306803071999639,125.65261500003544
460,865b96ec-9886-4769-8909-e59ace64129b,202,,9.20019038700002,9.313401368999621,113.21098199960034
461,5be30c39-3db9-4bbd-9ba0-052f368af162,202,,9.220318629999838,9.318880975999946,98.56234600010794
462,c8dc55d4-9aac-4075-a041-5d2ee7ca4d5d,202,,9.241324756999802,9.33085945799985,89.53470100004779
463,3d6a06f6-67a1-4a21-a9b2-1f09db58bb69,202,,9.260223554999811,9.335840744999587,75.61718999977529
464,9ee787e5-6a40-4f52-8910-2e179163b18d,202,,9.281457194999803,9.341927886999656,60.47069199985344
465,48e7964d-c156-4de5-8531-0570289a9f27,202,,9.300188731999697,9.356828411999686,56.63967999998931
466,d07cc679-36e2-484b-ac97-1c79bb7f2e57,202,,9.320198677000008,9.367103004,46.90432699999292
467,3b0bc1e8-8d8e-4148-b93b-4c217493c6d9,202,,9.340208829999938,9.373924563999935,33.71573399999761
468,1299fb76-25f5-4047-b3f3-9d43b6f50401,202,,9.360314446999837,9.386854016999678,26.53956999984075
469,9c363cf5-3362-4ad5-8307-a4f063cf16d6,202,,9.38088117299958,9.404162889999952,23.281717000372737
470,123269b6-06a4-4586-8ef6-af2a0bdc52aa,202,,9.40043225799991,9.417573953999636,17.141695999725926
471,da49b94e-bcbe-4577-b44b-34060cd85d3b,202,,9.42020885599959,9.45739678999962,37.18793400003051
472,2678103c-73fe-4211-9515-f7dcedd3a361,202,,9.440273719999823,9.493046343999595,52.772623999771895
473,d0d7c0fa-f325-463d-bb0f-c9744347bf81,202,,9.4601962429997,9.536361424000006,76.16518100030589
474,44a8b7d1-288e-473a-887e-2c28a1126d10,202,,9.481714566999926,9.568687036000028,86.97246900010214
475,3a493eeb-e058-41ce-b847-d3e5cc757357,202,,9.500398809999751,9.576973388999704,76.57457899995279
476,1e01a5e8-d94a-4693-a240-302193950a0e,202,,9.52298998599963,9.595927271999699,72.93728600006943
477,08d5afb7-5b22-4388-ad5e-e71586004467,202,,9.540227562999917,9.598829355999897,58.60179299997981
478,5cf8c419-1cc3-4ef3-ab99-fd11ea0483e0,202,,9.5602520919997,9.599879541999599,39.62744999989809
479,f7097b82-e018-412d-b6cc-a514ec19244c,202,,9.580196116000025,9.610929969999688,30.733853999663552
480,1ab5079d-68aa-4076-b1e2-90d6b62f253d,202,,9.600681045999863,9.61655516899964,15.874122999775864
481,74a58716-a1be-46a7-a8ac-c7a9dfd7129f,202,,9.620219004999853,9.642207813999903,21.988809000049514
482,bbcf1bd6-4ce5-43cb-8e88-9605f4a9acc2,202,,9.641022453999994,9.678216096999677,37.1936429996822
483,f7f962a7-a772-4638-b9eb-1c37c6348df5,202,,9.661448838999604,9.691786836999654,30.337998000049993
484,ca2b976b-9399-4ef9-9d36-d24754c6b74d,202,,9.680699697999898,9.698423510999874,17.723812999975053
485,6d5a8885-68c5-4f51-849a-f417a955ab43,202,,9.700427167999806,9.71889979999969,18.47263199988447
486,d7348550-153d-4aea-ad74-c9f26b3d43a7,202,,9.720294795999962,9.739140320999923,18.845524999960617
487,17874b75-1901-4d4b-bd11-ccaf8fee50ab,202,,9.740285635999953,9.768442313999913,28.156677999959356
488,64721a02-d4cc-4ed7-a090-e0a950dcd38f,202,,9.76037039799985,9.796811586999866,36.441189000015584
489,d857753b-f153-492d-b65e-e8cad6f8d6ac,202,,9.782888839999941,9.851527392999742,68.6385529998006
490,c10e1fe0-5668-497f-9eea-40003fb04341,202,,9.800304367999615,9.92611236699986,125.80799900024431
491,e0fd77a0-824a-46ac-be9e-be6a305a538a,202,,9.820965120999972,9.973301705999802,152.33658499982994
492,86cb97aa-7300-4776-87a2-b4daf769f0ed,202,,9.840959419999763,10.461098618999586,620.1391989998228
493,93ebd4db-509e-4745-9a4a-4e8f1ee7d4ce,202,,9.861582253999586,10.515263186999618,653.6809330000324
494,afc64258-0950-47d6-882b-5ef2722d16eb,202,,9.88056474599989,10.576253431999703,695.6886859998122
495,fa2861f5-7de3-4c64-96cd-5d541c4deeb9,202,,9.902685414999723,10.595469102999687,692.7836879999631
496,b7e0c338-80d0-4f15-9e65-b07c56ce19e3,202,,9.925461079999877,10.612244886999633,686.783806999756
497,a054524f-66c0-4ff9-a638-06533f6dc2e4,202,,9.941825590000008,10.62382962599986,682.0040359998529
498,19032a69-ebdf-467b-a42d-84967f059808,202,,9.960912129000008,10.639375839999957,678.4637109999494
499,ad5b3f8b-2b0f-4326-a5d3-b3356baa6c97,202,,9.980582701000003,10.6591907119996,678.6080109995964
500,325da5bc-4754-4682-b854-6ae15b6f3dde,202,,10.004182703999959,10.684797952999816,680.6152489998567
501,7e12b320-9c13-4af5-9568-33726774242c,202,,10.023600678999628,10.674275940999905,650.6752620002771
502,ad6f4cd2-0400-45f3-ae76-49a4c04459ac,202,,10.075730297999598,10.722795334999773,647.0650370001749
503,44fd8b26-2c64-40e0-bf73-2d16cc3ab605,202,,10.078922686999704,10.728842213000007,649.9195260003034
504,e7d81a9d-57e4-44f7-94f6-a0c95c6cde74,202,,10.08028601399974,10.706866364999769,626.5803510000296
505,9a957d65-049d-452b-9565-2b29d22fd701,202,,10.100305896999998,10.750479626000015,650.1737290000165
506,7e852dda-e1b4-486b-9366-fa883aa91a80,202,,10.12503754799991,10.757121036999706,632.0834889997968
507,c2bb710b-3559-4a0a-91a2-46c86d56ac40,202,,10.142491619999873,10.764001627999733,621.5100079998592
524,2af95aca-c37a-4e89-842e-f87e129d0c82,202,,10.483697565999591,10.786220905999926,302.52334000033443
526,082cc879-88ff-4678-9633-0b9a553aeb29,202,,10.811811787999886,11.170604834999722,358.7930469998355
527,104181a3-4db1-413e-85ac-7ecbbb93c281,202,,10.811025785999846,10.973498159999963,162.47237400011727
528,1be5a125-10e7-4de8-9f63-123e13a3abbe,202,,10.811651612999867,11.104216182999608,292.56456999974034
529,a80fc072-56a4-4c37-80c3-c2a0f8c6c10f,202,,10.811100664999685,10.982475700999657,171.37503599997217
530,426c0f16-0979-4856-a807-86acc5623264,202,,10.811231630999828,10.99529974799998,184.0681170001517
531,e903c0ec-ddfc-41a2-81a3-1ccfc25e2084,202,,10.81186420799986,11.124432474999594,312.56826699973317
532,7fa877e1-811f-4eed-8544-0ef6674190b2,202,,10.81116700199982,11.079858910999974,268.6919090001538
533,448256ce-f66b-4d2e-b6c3-15144fbf818c,202,,10.811564690999603,11.068236805999732,256.67211500012854
534,df6832e7-717c-4584-b888-cec7f37cbf1c,202,,10.812796550999792,11.153177073999814,340.38052300002164
535,1116ce39-de73-4e69-ba3f-e34de2461d29,202,,10.811335636999956,11.009429617000023,198.09398000006695
536,bb0926bd-8473-468c-afdd-2a4a8486638b,202,,10.811759034999795,11.030380907999643,218.62187299984726
537,c8017ef8-612a-4914-b556-9af3af72e890,202,,10.810916237999663,10.973935975999666,163.0197380000027
538,9b515c0f-9ca6-4426-9725-8510bc90fc2f,202,,10.81195425399983,11.160388641999816,348.43438799998694
539,b8a1344a-48df-42b0-ad81-aeeac4046c0a,202,,10.812600248999843,11.138955115999579,326.35486699973626
540,9d6bd720-ef7b-4343-934f-8db4e288dcb2,202,,10.812723546999678,11.07278293399986,260.05938700018305
541,6b1139b1-e0d6-42d4-917b-bfccd50a095d,202,,10.825859944999593,11.18438314399964,358.5231990000466
549,f280f538-d169-4016-b742-05c7109081f4,202,,10.981169085999682,11.19878994499959,217.6208589999078
550,11809709-b079-4982-bcfa-a8c84b25e83f,202,,11.000822096999855,11.20971159499959,208.88949799973489
551,000019db-1a9a-487f-b756-c300c638d423,202,,11.021855141999822,11.231878827999935,210.02368600011323
552,f8f85b3b-f974-4df2-8903-a4262d806e6f,202,,11.040590308999981,11.223852630999772,183.2623219997913
553,6b3ed126-ccd1-4689-b7fa-b25928c07599,202,,11.060264570999607,11.256024337999861,195.75976700025421
554,610d77ef-fdb3-4b23-b01a-51b8968fcc44,202,,11.080190762999791,11.265311479999582,185.1207169997906
555,3633e57a-fbf5-4701-9081-43231a0cab3c,202,,11.100695861999611,11.278352913999697,177.65705200008597
556,1acc6e4a-f92b-4c1e-a938-4d8b6b73ee4c,202,,11.121402597999804,11.286867928999982,165.46533100017768
557,c3ff673a-ae54-4d98-bef1-62ef5081f58f,202,,11.140438531999735,11.294833622999704,154.3950909999694
558,cc191d02-2767-4016-8a2e-3ce17fdc68fc,202,,11.160416102,11.312799497000015,152.3833950000153
559,a724e151-548c-4bcc-b40b-b7c0a3329f25,202,,11.181214800999896,11.320326582999769,139.11178199987262
560,3c5b7ecf-0dea-4dd2-94a9-875f9c5dd138,202,,11.201802695999959,11.337247982999997,135.44528700003866
561,3838da12-fc4a-4c5e-b4c5-f31b9ad5e720,202,,11.220437315999789,11.355349739999838,134.9124240000492
562,50f12587-45a7-4ff1-bd5f-58fbe53b3a4e,202,,11.24047226499988,11.36117852199959,120.7062569997106
563,3af76147-ee0b-4297-b722-b1ef748ed620,202,,11.260654553999757,11.36710476899998,106.45021500022267
564,cda68cbf-f7c1-494d-9001-643f0ce0053c,202,,11.282668320999619,11.386755611999888,104.08729100026903
565,84296527-4740-4076-8d43-92f30dba9b4a,202,,11.300227922999966,11.389594228999613,89.36630599964701
566,e8a3b9d4-8bf6-4973-9876-4833dcfe398c,202,,11.320560220999596,11.399743001999923,79.18278100032694
567,6f41930e-3fde-458c-acdb-a5570e25ef9c,202,,11.340731509999841,11.409470625999802,68.73911599996063
568,b5289975-e356-45b9-bd25-81ff4c72440c,202,,11.361693633999948,11.424472210999738,62.77857699978995
569,25d6f757-4fa6-44b3-96f6-c12d1196adb7,202,,11.382246319999922,11.429399610000019,47.153290000096604
570,cf181cbf-b92c-426f-a0dc-cfa48c4a5354,202,,11.40029928299964,11.43267329199989,32.374009000250226
571,3ae16c17-fb3b-45fa-bc4e-9fdac1afe829,202,,11.424514129999807,11.470091707999927,45.57757800012041
572,0ed69aff-319e-41cc-9a9f-42043ee32eae,202,,11.446660319999864,11.549161898999955,102.50157900009071
573,03080493-9199-4330-b807-ee4361f33696,202,,11.460348414999771,11.58453286699978,124.1844520000086
574,07745e77-e051-4d45-a557-dfd5e47a42d9,202,,11.480208436999874,11.605738087999725,125.52965099985158
575,02f42373-10ab-468b-828a-c5d468646e47,202,,11.502945243999875,11.65992243699975,156.97719299987511
576,17364666-84ad-4424-8906-61c7d6e69101,202,,11.521762165999917,11.671750552999583,149.98838699966655
577,a0c2aaa7-8c8f-4613-957f-f654e572382a,202,,11.54073967999966,11.694884589999674,154.14491000001362
578,c89c21cd-65c8-4c58-be0f-916f656b5a68,202,,11.560890800999914,11.707300276999831,146.40947599991705
579,6fa45f62-df0c-4dc7-86af-51a624cb512d,202,,11.580313673999626,11.725968921999993,145.65524800036656
580,4c68d2cc-31d8-4ad5-836b-96b56667f375,202,,11.600229364999905,11.735592906999955,135.36354200005007
581,606683ff-4741-4435-9fb7-980b9c28bcb5,202,,11.621237033999932,11.75763961199982,136.4025779998883
582,75b7e260-3fb7-4c0f-b8b0-d794a5dcd633,202,,11.645985452999867,11.79138620699996,145.400754000093
583,980697c4-244f-4730-aab7-915ea3ec6103,202,,11.66157456999963,11.80867473499984,147.10016500021084
584,296be176-9684-414d-b827-d8d9651d6ffb,202,,11.680791014999613,11.815898379999908,135.10736500029452
585,239be2b6-a542-40bb-b8c4-4e9acd4189ed,202,,11.700311641999633,11.839455417999943,139.14377600031003
586,e0a3c52c-df72-407d-a148-387e21c3550c,202,,11.727577967999878,11.856117744999665,128.53977699978714
587,7c8416de-08af-4fca-a990-4532368d113f,202,,11.740359376000015,11.868701724999937,128.34234899992225
588,faed9063-27ad-4b06-890b-ce9bf12cd000,202,,11.761748669999633,11.909220731000005,147.47206100037147
589,907bb3dc-c310-4269-9ec7-79e840a53e7c,202,,11.780712455999947,11.914534187999834,133.82173199988756
590,401d7a30-2332-4227-98cc-017ac64a0031,202,,11.802517481999985,11.925794303999737,123.27682199975243
591,1deaadab-e86d-49f7-bf6c-bd807255be67,202,,11.820360789999995,11.934576866999578,114.21607699958258
592,dcd1b189-f33e-402d-a6f4-dc5a4cef9560,202,,11.840179206999892,11.946866080999825,106.6868739999336
593,6db997da-200f-4660-8e89-52bf84a4314d,202,,11.860249595999903,11.955493718999605,95.24412299970209
594,6422ade3-d0b1-40c4-af88-36d2397e337b,202,,11.880332402000022,11.96930272399959,88.97032199956811
595,0eae711b-a3e2-40db-9651-ccfd15d2bf04,202,,11.905221678999624,11.979376982999838,74.15530400021453
596,4f75a017-1ee4-44e0-840f-1b803a81845b,202,,11.920283002999895,11.986250566999843,65.96756399994774
597,d032deb1-ca45-48c9-9f87-163b43163959,202,,11.940598321999914,12.027907760999824,87.30943899990962
598,44071c17-cd27-48c6-965b-58e4bfbc789d,202,,11.960273104999942,12.032550930999605,72.27782599966304
599,54e0c44b-f7b6-4b24-b1f6-fbbe12aab2cd,202,,11.981770363999658,12.036641321999923,54.87095800026509
600,d1ca1287-1f19-4fb2-9dd0-3fe7196e8724,202,,12.000310793999688,12.10668702599969,106.37623200000235
601,2e4fcd4c-b989-4d24-b584-9a3c6e48012b,202,,12.020522648999759,12.107226721999723,86.70407299996441
602,963a9284-49d0-4607-b675-7ab349b0ee50,202,,12.040291979999893,12.10785092299966,67.55894299976717
603,0301d4c6-9d73-4a27-9e1b-bce45dae7fba,202,,12.062455940999826,12.208504091999657,146.0481509998317
604,58ce2a45-daeb-4d88-8f1c-047ba6e398c9,202,,12.080656810999699,12.17207826699996,91.42145600026197
605,9b30d658-f757-4c85-b40e-8c3a3d5b3180,202,,12.101658333999694,12.25027395799998,148.6156240002856
606,b6b6f0e2-8110-4101-8a21-089a8c831bfe,202,,12.130818094999995,12.278532752999581,147.71465799958605
607,cd55228c-0d96-4432-8216-c6eab4d0117c,202,,12.140535125999577,12.287298564999674,146.7634390000967
608,2151f913-2e8f-4ee4-bbd0-07d98c028e11,202,,12.160525718999907,12.301472131999617,140.94641299971045
609,f8d46e34-ec7e-46a6-942b-b2d24c6eabf1,202,,12.180293257999892,12.330821945000025,150.52868700013278
610,c522b831-9ef8-4ccf-9f4b-2436c20dee46,202,,12.200679079999645,12.348062678999668,147.3835990000225
611,3a374012-e16c-4989-b302-bc727b774c6c,202,,12.222706034999646,12.368750892999742,146.0448580000957
612,1bda08ac-5134-4407-b8fc-a9eb5ca398e2,202,,12.241849497999738,12.377965355000015,136.11585700027717
613,af7a48bf-5553-43a6-8593-e64cfdf666b5,202,,12.26171504199965,12.396987602999616,135.2725609999652
614,214b2d7b-ac53-4b21-8f66-8fabaf6f567d,202,,12.281732636000015,12.410114528999657,128.38189299964142
615,9643d704-e8ab-4011-9a62-db8c8b2e01f0,202,,12.301929156999904,12.436949163000008,135.02000600010433
616,547cfa0b-5365-4031-ab02-588042fd5029,202,,12.324540225999954,12.441855431000022,117.31520500006809
617,45a1ffd7-22a5-4f7d-a150-ffbb9155839c,202,,12.341974012999799,12.456776287999674,114.8022749998745
618,f3d7439a-dd96-4a62-93c5-e7b8eca42e14,202,,12.360758872999668,12.463849216999733,103.09034400006567
619,ff2bead5-b409-41ff-8253-c6b3a600a6d4,202,,12.380374819999815,12.478369759999623,97.99493999980768
620,34102767-f284-4be1-a73b-916872787c13,202,,12.400712723999732,12.479801963999762,79.08924000003026
621,6dcf5c97-10ca-406d-8897-6d5d77f53f63,202,,12.420311752999623,12.509871773999748,89.56002100012483
622,bb4935ea-dcc3-49dc-bdfa-15c7ea26c4c9,202,,12.44053385899997,12.5158455589999,75.31169999992926
623,66c0fe13-05cd-492b-976e-4f801e8e46cb,202,,12.460566703999575,12.542522433999693,81.95573000011791
624,45245dfd-5e44-4eaf-bd08-abe8bbb9c39c,202,,12.480500584999845,12.542801198999769,62.30061399992337
625,545bf53c-b834-4a6f-bf11-09f642a53dd1,202,,12.502341153999623,12.619725153999752,117.38400000012916
626,d2e99888-4c32-4b50-b9d4-ea7512e34f43,202,,12.52059815199982,12.593348586999582,72.75043499976164
627,458bb956-500b-418b-b1ba-3a22f725dca6,202,,12.540236683999865,12.672710216999803,132.47353299993847
628,599a675d-66af-49c7-a063-ea636351e514,202,,12.561387506999836,12.704427823999595,143.04031699975894
629,5fe1ba1f-20b1-4deb-811c-896fd9005ce0,202,,12.581083207999654,12.741032789999736,159.94958200008114
630,f3917564-0032-4b7b-a327-34283f54c754,202,,12.601686500999676,12.75381947599999,152.1329750003133
631,71f1ef3f-815f-44dd-ad34-8848ae4edd3d,202,,12.620777002999603,12.789566938000007,168.7899350004045
632,04d076c7-361d-404f-ab06-4525e61aa368,202,,12.64579982999976,12.869492020999587,223.6921909998273
633,9de623dd-e285-4ab7-aa8f-6d0306e335d6,202,,12.663212114999624,12.854859484999906,191.64737000028254
634,7596ac90-061b-4f5f-9ddf-cefe38e3e5ed,202,,12.682103688999632,12.89656097399984,214.45728500020778
635,56532a64-f65d-4752-aca1-a465f0a17f37,202,,12.700546906,12.907333927999844,206.787021999844
636,c9f5d3b9-dccc-4002-b15d-e0c7d40c437a,202,,12.727767910999773,12.933955941000022,206.18803000024855
637,5345b1f1-b2ec-4aed-a0b4-0b091cd504ef,202,,12.740573181999935,12.926105851999637,185.5326699997022
638,0a6f504c-0c4c-4728-b7fb-32cef036594d,202,,12.760415080999792,12.949426479999602,189.0113989998099
639,25b65272-67bb-43da-b0cf-0db93b5bf249,202,,12.78961785699994,12.972485759999927,182.86790299998756
640,1a140d62-81db-47ae-8988-ca0d4469479b,202,,12.800301596999816,13.020677346999946,220.3757500001302
641,ff9522d4-4781-40da-a9fb-b950fb82c8b5,202,,12.821370019999904,12.97259343199994,151.22341200003575
642,6b92847f-293a-4e6a-b7cf-d0710ab67ecc,202,,12.842699998999706,13.021976708999773,179.2767100000674
643,64da3837-2d10-4386-8c12-7331868a8ac3,202,,12.861102736999783,13.065851105999627,204.7483689998444
644,1290e2a0-22d4-4c6f-8761-6668b192518f,202,,12.881917854999756,13.074460776999786,192.54292200002965
645,efcdb1c8-02d1-4606-8477-9e5464af8261,202,,12.900943834999907,13.092907141999603,191.96330699969621
646,111492e1-5a8d-488b-8fd8-8f8c7df5335d,202,,12.921051205999902,13.101010076999955,179.95887100005348
647,5029da56-0318-4249-9d09-ed3b6691fb1a,202,,12.942677116999675,13.11479456799998,172.11745100030384
648,0c94670b-bb38-41a8-b2db-964bad1695b2,202,,12.960346107999612,13.123733171999902,163.38706400028968
649,ef56750d-6f86-4cca-ba32-bc71147cdc87,202,,12.980447269999786,13.13993708399994,159.48981400015327
650,35146584-e33f-4c01-b1fa-e344067d01d3,202,,13.002736966999692,13.173475634999704,170.7386680000127
651,77bc0df3-c120-42d8-92da-e115548f1b9d,202,,13.022272807999798,13.193358910999905,171.08610300010696
652,2cdaea72-9e21-4b66-bdd3-067e9e7c4a12,202,,13.04028602499966,13.218790276999698,178.50425200003883
653,98e2169e-80c2-4f8b-9383-3e29ed70df6f,202,,13.060605490999933,13.236005117999866,175.3996269999334
654,5d30bd5f-61ae-4d43-b387-1472a60eecfe,202,,13.080637232999834,13.26086611899973,180.22888599989528
655,f37a0968-e30b-4726-a496-3e5fdc44a69e,202,,13.101268507999976,13.267938206999588,166.6696989996126
656,e2cd3522-7166-4496-a595-299d8a19a563,202,,13.121750815999803,13.28269999999975,160.9491839999464
657,4e73d2ef-84ff-45d7-a2c6-6c3c7c79f08b,202,,13.141101937999792,13.289378274999763,148.27633699997023
658,e3333497-063b-48a7-a9f7-9a83d73c8d09,202,,13.160200046999762,13.30355507799959,143.35503099982816
659,226981ad-f323-4f4e-960f-af76dc716a07,202,,13.182916724999814,13.317110472999957,134.1937480001434
660,67d94267-0cb7-46b5-a64f-e9a237766a8e,202,,13.203775261999908,13.334459112999866,130.68385099995794
661,0b5a01fd-349f-4c00-a449-9404c3943f26,202,,13.222152665999602,13.358776959999886,136.62429400028486
662,5aacf761-1efd-4209-a24d-8d8cee9b709f,202,,13.240186342000015,13.380894313999761,140.7079719997455
663,3b008bbf-06ef-487b-88cd-255e0131bd81,202,,13.260517725999762,13.381892033999975,121.3743080002132
664,7edcc7c1-12d2-4925-9806-2321bdfa6889,202,,13.281678694999755,13.394931442999678,113.25274799992258
665,9564aec7-5e08-497d-856d-b47987466d15,202,,13.300197690000005,13.403454151000005,103.25646100000085
666,e7547454-0366-4818-854f-b51abf3ed219,202,,13.32030193599985,13.425139397999828,104.83746199997768
667,85d25c18-06e3-4c85-a382-10e987b581fd,202,,13.340349136999976,13.416467765999641,76.11862899966582
668,7ddc5405-813c-4ba6-a2ff-94d2fd0bca4f,202,,13.36017220199983,13.43381740599989,73.64520400005858
669,3933c6c9-ca94-4431-a680-96e2a86865b3,202,,13.380244237999705,13.43812522099961,57.88098299990452
670,2404acc9-c0af-442c-9165-c6d211b94e6c,202,,13.40020610099964,13.451243632999649,51.03753200000938
671,b2e56bff-4dc7-4846-a4ad-4412cfef82d8,202,,13.421007509999981,13.455077380999683,34.06987099970138
672,d698648c-f6b7-4f54-a996-300306a63a6a,202,,13.440218665999964,13.464668312999947,24.449646999983088
673,11f6ea60-8622-426c-8138-49ebd72aaa73,202,,13.460887567999634,13.479273929999636,18.3863620000011
674,e2de91e1-a1f2-4238-8777-17ef5756f3c2,202,,13.480205521999778,13.49351986199963,13.314339999851654
675,27614de8-73c9-474a-b017-5209f38ba9a9,202,,13.500169676999576,13.517512899999929,17.343223000352737
676,7ccf39f6-52cc-459e-80b3-61566fdff6a9,202,,13.52020750299971,13.535908553999889,15.701051000178268
677,63b57e05-a982-4bff-9e14-c80e623d37ef,202,,13.54018965899968,13.560864435999974,20.674777000294853
678,e6329ee4-4a50-4469-ab1c-f03b25e64272,202,,13.56020369199996,13.59888335300002,38.67966100006015
679,e2128b25-8bc6-4b62-af82-5eba881cf508,202,,13.580216599999858,13.617930208999951,37.71360900009313
680,13f4010a-6f5d-4cf6-bdf6-c3a64c758cd9,202,,13.602667596999709,13.635775458999888,33.10786200017901
681,5f8aa71f-2444-4b88-ad26-38061e2128db,202,,13.620554640999671,13.656693831999746,36.13919100007479
682,8d0e1770-6551-432b-9a91-c41c19563a13,202,,13.640268949999609,13.666512858999795,26.24390900018625
683,7806c930-1800-49b3-81d6-b1ceb35b6055,202,,13.660346319999917,13.702099644999635,41.753324999717734
684,5ffe4679-5830-4a97-b70d-6c95a0acb41f,202,,13.68032951799978,13.716449110999747,36.1195929999667
685,20b3d1c7-51cc-4109-bfaf-66198df7f0bd,202,,13.701871048999692,13.724733463999655,22.86241499996322
686,81938a22-3089-443d-9acf-edda457918b8,202,,13.72082754999974,13.74012865099985,19.301101000110066
687,9a029ee9-846e-441b-a141-3639fd6e7acf,202,,13.740251865999653,13.760139872999844,19.888007000190555
688,d95bac46-df2f-48c7-9428-e9a49490dece,202,,13.76031008999962,13.779528728999594,19.218638999973336
689,09afed28-5700-432c-bf57-829dd2254f82,202,,13.780186887999662,13.79865732099961,18.47043299994766
690,b4320fda-dbc7-4f73-9d25-b9eecdc5bd90,202,,13.800707219999822,13.820824072999585,20.11685299976307
691,1929add5-f6b5-4eb6-8644-5f17c1fd0b04,202,,13.820965704999708,13.835113284999807,14.14758000009897
692,0dd26b2c-a663-4014-84cb-7e86d1db0d8b,202,,13.840229012999771,13.861944365999989,21.715353000217874
693,49fdbb3e-4576-4f47-ab75-0b314b7bd93e,202,,13.860156688999723,13.873810033999689,13.653344999966066
694,b8fa4ee2-4711-400b-83be-96e27bb134bf,202,,13.88016882699958,13.896196547999807,16.027721000227757
695,256a1d75-836a-497e-807c-100f6a98f4f9,202,,13.900477064999905,13.914948827999979,14.471763000074134
696,c3288465-09b7-4645-86ce-c22e479fcb29,202,,13.920188979999693,13.936158446999798,15.969467000104487
697,0ed171c1-fb12-4481-90ca-c68cea5a3e5f,202,,13.940140656999574,13.956267881999793,16.12722500021846
698,b587374c-0d1b-4dc2-a951-7437f49ab4bd,202,,13.960270134999973,13.974446381999769,14.176246999795694
699,1628f8ad-7ff8-44de-8361-e5c1e7b71901,202,,13.980265522999616,13.996543630999895,16.278108000278735
700,29df0dab-e92e-4503-aa62-601006faa410,202,,14.0001999899996,14.020203419999689,20.003430000087974
701,94440e63-2fc0-4407-9e2a-a0516f018890,202,,14.02073903199971,14.04884355599961,28.104523999900266
702,31563c5d-da27-44fc-a15f-53666517e1c1,202,,14.041807350999989,14.061350756999673,19.543405999684182
703,98ae639a-4bf3-432b-b642-f1156de7b049,202,,14.060561924000012,14.075490126999739,14.928202999726636
704,46793a76-85f4-4fa9-b213-3026697f162c,202,,14.080221168999742,14.10549441799958,25.27324899983796
705,942313bd-c096-4eaf-9de3-5d9ddb1a1498,202,,14.101621755999986,14.116993940999691,15.372184999705496
706,8ce9f951-a1c7-458a-81f5-216c39edf178,202,,14.120255529999667,14.134020630999657,13.765100999989954
707,4a8b885a-cafa-466a-9fd3-c582aa1c152c,202,,14.140240041999732,14.152816663999602,12.57662199986953
708,2c82abb8-5f06-46e7-b0c8-8c8c86c1886f,202,,14.160190635999697,14.174176997999894,13.986362000196095
709,5c51759e-db10-4717-9802-0ad3eafdec2d,202,,14.180127061999883,14.193567228999655,13.440166999771463
710,1c3cae53-841e-405c-b01e-d47b3c68f277,202,,14.200228954999602,14.215339668999604,15.11071400000219
711,e65f27ff-7255-4dd4-a2f9-b92d1903648e,202,,14.220257469999979,14.241219699999874,20.9622299998955
712,1aa6b51c-c765-4be9-9d4b-5c01369b085a,202,,14.240276775999973,14.255365112999698,15.08833699972456
713,7a21e60b-57ee-4b57-bd0b-c9142f37409b,202,,14.261848454999836,14.276592940999763,14.744485999926837
714,95f8ccd0-80e3-42f7-8c35-bc928e9e877c,202,,14.280262300999766,14.305511548999675,25.24924799990913
715,d7255c1d-b0ad-4102-944e-8816b263c30b,202,,14.300763298999755,14.31829009799958,17.526798999824678
716,85316d67-168c-4721-ba76-8791d56988f9,202,,14.320254784999634,14.339585178999641,19.3303940000078
717,6b149b63-2344-46ad-a30f-5249fc986a09,202,,14.340305050999632,14.3543297479996,14.024696999968
718,81981793-72e6-4d9f-b40a-450009c6a17b,202,,14.360222725999847,14.373103696999806,12.880970999958663
719,3faab5db-2f5b-4875-ae78-967773abcf51,202,,14.380242322999948,14.406310280999605,26.067957999657665
720,7bc84326-a148-485d-87e4-39bb3137f9c7,202,,14.400170707999678,14.417563832999804,17.39312500012602
721,637074fc-b6b3-46f4-b2c1-31ea329d2c3b,202,,14.420172595999702,14.4356529949996,15.48039899989817
722,d48a0c51-a637-4bd0-a445-6a887f795f13,202,,14.44034507599963,14.457891750999806,17.546675000176037
723,ba628d61-1c6c-47f1-92f0-1b6327090b54,202,,14.460244749999674,14.478830771999583,18.586021999908553
724,842a55dc-1df2-40b3-896b-a432b3b3aaa6,202,,14.481121642999824,14.50676607899959,25.644435999765847
725,808ef7c9-2b54-4d95-888b-c46435f2adea,202,,14.501052068999797,14.523401872999784,22.34980399998676
726,50446e50-afde-4c68-80e4-ae6a6c7eb946,202,,14.521662447999915,14.54278222799985,21.119779999935417
727,4539f324-017a-4625-97f4-0243ef89d621,202,,14.540351682999699,14.596531645999676,56.17996299997685
728,a276818d-89a2-46fc-98a7-ff10552b4718,202,,14.562545311999656,14.59607124599961,33.52593399995385
729,ab2bb99b-b9eb-4c91-86de-98e5fef2c2a9,202,,14.58147001799989,14.616198765999798,34.72874799990677
730,b8fdd6c2-e895-4e4b-9c03-050c5496e36f,202,,14.600322345999757,14.621755308999582,21.432962999824667
731,f10d44e4-d155-4d84-b003-74be881646e1,202,,14.620663501999843,14.636135733999708,15.472231999865471
732,98246c39-2c28-4cf7-a3d1-29b694946f2b,202,,14.64027686899999,14.656530892999854,16.25402399986342
733,b59d5a90-4ae0-4efb-abef-afb7c3472647,202,,14.660468725999635,14.683734619000006,23.265893000370852
734,03c2eb90-4f46-4807-905e-5a3969d7343c,202,,14.680321230999652,14.693171574999724,12.850344000071345
735,401e46a2-aad4-4e35-a929-4aa9888cc4e9,202,,14.700200862999736,14.714799161999963,14.598299000226689
736,73fc6912-697c-4677-9c54-d59322653c17,202,,14.720277237999653,14.739131005999752,18.85376800009908
737,a4d4d3db-6460-4332-b3a1-60d40d74f4dc,202,,14.74015451699961,14.757999607999864,17.845091000253888
738,3ba7a00c-6c90-45e8-9247-112a98f0928e,202,,14.760556489999999,14.784203714999876,23.647224999876926
739,2bfa8670-b629-42f5-b2ce-6043a02c5504,202,,14.78044818699982,14.810519869000018,30.071682000198052
740,14fae91d-a19b-4530-82ce-b08179a78150,202,,14.801089671999762,14.823135563999585,22.045891999823652
741,ed638b4f-3a61-4a1a-be66-fce80fc28c41,202,,14.82024803899958,14.838563820999752,18.315782000172476
742,e675021c-cb07-4b4c-b323-2a899278c768,202,,14.840241158000026,14.862020035999649,21.778877999622637
743,f2b1fe4b-9a58-45ee-91cc-475fc191a0f2,202,,14.860385783999845,14.877989195999817,17.603411999971286
744,45b2701b-247f-445e-83f6-891498a8aa8d,202,,14.880165517000023,14.895207753999784,15.042236999761371
745,df8b30b9-a754-4057-9d38-bc08d5e64d2d,202,,14.900166677000016,14.92136010799959,21.193430999574048
746,f93b89af-5f26-48b3-b375-eb7eb7a6db0f,202,,14.920553315999769,14.935140112999761,14.586796999992657
747,636d578b-b5c2-4697-873e-dcfebc014ae9,202,,14.940595520999977,14.956183160999899,15.587639999921521
748,aeb81878-13f8-4b02-9b06-7db9ffbf2b2b,202,,14.960294206999606,14.975047804999576,14.753597999970225
749,a719e0d6-9cdc-45b7-895c-5bf2a141f8c7,202,,14.98021307199997,15.01692272299988,36.70965099991008
750,e955d383-68de-48ef-991b-2828d7cef97f,202,,15.000719800999832,15.034583762999773,33.86396199994124
751,69fe91c9-713a-4673-832c-c815aca66f9f,202,,15.020173640999928,15.048950214999877,28.776573999948596
752,f466549a-d293-4eb0-9370-173aa5c9932a,202,,15.041789761000018,15.063470882999809,21.681121999790776
753,48444695-d7fa-4004-9819-ea4ace2b52b8,202,,15.060323094999603,15.084366381999644,24.043287000040436
754,efd88fff-b6dd-4e87-bfec-4cdb095b7dec,202,,15.08047863899992,15.09950895799966,19.030318999739393
755,55d4a7ef-08e4-40a1-ad0e-3dcd93d90a74,202,,15.10015119899981,15.115594498999599,15.443299999787996
756,4d86cb6e-fafc-4f21-9461-feb25b0744f5,202,,15.12031032599998,15.137823899999603,17.513573999622167
757,05e3850b-0608-4d93-a264-916fe3c659e1,202,,15.140280484999948,15.157317158999831,17.036673999882623
758,bfeb9a3e-a9f6-4b0f-a11a-0593f9fdd340,202,,15.160185974999877,15.17916437399981,18.978398999934143
759,818e4634-55a8-4f25-b6a8-00ca2ab64ea7,202,,15.180159591999654,15.195550806000028,15.39121400037402
760,29f4e46d-5cec-490f-9e30-2865a3d2abcc,202,,15.200202754999736,15.218845804000011,18.643049000274914
761,2021c241-1632-4edf-9a72-6092da800b5f,202,,15.220226166999964,15.240063026999906,19.836859999941225
762,f9b506e7-26d9-4f2b-a46b-ac777432c2c3,202,,15.240222284999618,15.253348506999828,13.126222000209964
763,a0f01635-23d7-40b5-b9dd-2166cc452394,202,,15.260417580999729,15.282882952999898,22.465372000169737
764,eb7d3651-d323-4699-9a28-373f6f3d7c7b,202,,15.280262691999724,15.297685843999716,17.423151999992115
765,ad92bc2d-38b1-476a-8585-55d7922f60b4,202,,15.300176347999695,15.328925877999609,28.749529999913648
766,aa913447-787d-438f-ab8d-1f875d566107,202,,15.32082791799985,15.357285471999603,36.457553999753145
767,1f6ebde5-162e-4f14-bec5-9876c57d7cb3,202,,15.340902623999682,15.36584641499985,24.943791000168858
768,96161311-a3eb-4c6c-b8d2-a08afd79ec2e,202,,15.360205997999856,15.379983730999811,19.777732999955333
769,92756445-aec1-4878-bbe5-ce321c79c62a,202,,15.382805459999872,15.40154572199981,18.740261999937502
770,d0aa238e-cd23-487a-bf9b-b1f59604c43c,202,,15.401645560999896,15.418006573999719,16.361012999823288
771,4caae16a-874a-454e-9051-3f9f92e878b0,202,,15.420264274999681,15.435475603999748,15.211329000067053
772,43de9fd3-ef99-4cdd-8d62-a44b375b440c,202,,15.440649204999772,15.465090095999585,24.440890999812837
773,68d8c7a4-7ae6-43bc-bc93-2b64994faf0e,202,,15.460727577999933,15.857401429999754,396.67385199982164
774,171299fb-2233-4090-9fe1-ec7d266522d2,202,,15.480286923999756,15.86276936899958,382.4824449998232
775,020aa409-a0fa-43a5-ab8f-4ce482a63a77,202,,15.500358713999958,15.874104611999883,373.74589799992464
776,ae514d92-8b67-4572-a4d2-23b29626114a,202,,15.521481806999873,15.890021128999706,368.5393219998332
777,2e368cea-6847-4a47-be5e-82ef08046b8c,202,,15.550018409999666,15.900903557999754,350.8851480000885
778,1f207c76-df08-44c0-bbd1-a43624f7008f,202,,15.560505160999583,15.906711102999907,346.2059420003243
779,e2c954e5-8bd5-4809-ad49-0cc59ecc4ebb,202,,15.58207836199972,15.918749465000019,336.6711030002989
780,2e902fb6-0a51-4b7a-8389-6cb2b422058d,202,,15.60236424499999,15.925672024999585,323.30777999959537
781,5af294e8-73ba-4da8-aa51-afa3968a3fd7,202,,15.622831097000017,15.939078414999585,316.2473179995686
782,202fea13-1f31-40bd-bc77-945f353a3448,202,,15.643671217999781,15.950550414999725,306.8791969999438
783,f2eca5d5-6fb6-42e0-ac15-49dde6217b34,202,,15.662437939000029,15.967473899999732,305.0359609997031
784,5eee20a7-d395-420a-ac42-0a0400989184,202,,15.686537311999928,15.983611011999983,297.0737000000554
785,6b8b2c77-1ea4-4582-ad2b-d1ca34347051,202,,15.70370015799972,15.99570870999969,292.0085519999702
786,dc3dcfa9-e2d3-45ba-a316-5b26452a59cd,202,,15.720681729999797,16.013825047999944,293.1433180001477
787,ffa96322-4964-45bf-9b9f-0e1bffecb93d,202,,15.741493870999875,16.02328511199994,281.7912410000645
788,b2a3384b-ca87-4f1d-a6c9-9e53e051b862,202,,15.761223248999613,16.026341516999764,265.11826800015115
792,739239af-c93a-402e-b59b-86c673d57900,202,,16.064868017999743,16.26413210499959,199.26408699984677
793,a57fea4f-9aa4-41cb-8520-9bad0499a9e0,202,,16.063214724999852,16.23702485199965,173.81012699979692
794,13403e96-554c-43db-a108-c7cb172fabc5,202,,16.065104154999972,16.27860471599979,213.50056099981884
795,79263652-7bc7-4d84-941d-fb96e20c7fb6,202,,16.064055184999688,16.31136446399978,247.30927900009192
796,4f4b074b-1818-44aa-911d-52aa1cd115db,202,,16.065013816999908,16.286800840999604,221.78702399969552
797,174092cf-fdc2-4433-b22e-4f85c9ae8344,202,,16.064600211999732,16.197700227999576,133.1000159998439
798,cfb64b13-4a90-4b75-9574-bb1391e7cdfa,202,,16.06432711499974,16.342465962000006,278.1388470002639
799,be4e2776-d050-4459-8b8e-0362f9358212,202,,16.064392867999686,16.240695871999833,176.30300400014676
800,8ba41b2e-4c25-4c48-9bbb-78fe58f202f4,202,,16.064152480999837,16.201730682999823,137.57820199998605
801,04914bf5-38e7-4fa7-ab70-ac2d4683ddd7,202,,16.06450641599986,16.240785210000013,176.27879400015445
802,ff57d0a1-9eb7-42ee-9db5-60a713629e4c,202,,16.064762803999656,16.321855830999993,257.0930270003373
803,6e0d63a3-ab2b-4911-9e59-854405e422bd,202,,16.06311384499986,16.19748059199992,134.36674700005824
804,24463fca-c5cb-451b-984a-62e635ee6fab,202,,16.081348563999654,16.33064840299994,249.29983900028674
805,95aa5648-a219-46e5-977f-7655131a3241,202,,16.117864419999933,16.253773828999783,135.9094089998507
806,d48ee614-4cdd-4ce3-93c5-ee2a0263a5e5,202,,16.12046755199981,16.335203258999627,214.73570699981792
807,a0246c5c-8c24-4b92-aa8d-8a799aee2361,202,,16.140487069999836,16.296177858999727,155.69078899989108
810,61a43599-037d-4764-990d-6fb00eee2e43,202,,16.200225564999982,16.352123369999845,151.89780499986227
811,5207ea87-7474-449d-8e5c-30f64bf40600,202,,16.22044300899961,16.358936507999715,138.49349900010566
812,27cb7f57-0093-4895-84e6-4a859d91cd68,202,,16.240364979999868,16.3750825369998,134.71755699993082
813,9e7716b1-ede6-454b-b324-8c4fb02529f7,202,,16.260316743999738,16.3773329429996,117.01619899986326
814,1c7ba640-099e-4f57-8398-96a735cbfc52,202,,16.282324238,16.38528080499964,102.95656699963729
815,ff602213-c4a8-4368-b68d-ea74b8c47309,202,,16.30022406499984,16.3933858839996,93.16181899976073
816,a97f082d-e24c-43ab-97f9-851733018812,202,,16.32271429100001,16.3953686509999,72.65435999988767
817,0845d963-5f70-47c7-80ae-82373270cf34,202,,16.340421524999783,16.41203153999959,71.61001499980557
818,33efc679-f451-4f6c-9271-52e9713e7058,202,,16.360271158999694,16.406197410000004,45.92625100031
819,abc90498-577a-424e-8031-d7c656bb026a,202,,16.38020037999968,16.41674532099978,36.54494100010197
820,63807d60-fee7-43e0-96fc-b92711c07619,202,,16.40026344199987,16.433274035999602,33.01059399973383
821,ed5049ce-8462-48aa-ab12-de976db54153,202,,16.42081344500002,16.44197360399994,21.160158999919076
822,095e7026-6b0c-4365-b188-a977d73d15d3,202,,16.440503820999766,16.45528978099992,14.785960000153864
823,c84b5632-852c-40d2-91ab-2587bf04dc1b,202,,16.460321327999736,16.486477782999827,26.156455000091228
824,e08740ce-4126-4645-8f73-ddfe12ae02df,202,,16.4802085059996,16.498450349999985,18.241844000385754
825,143d6e16-84d2-491b-a2dd-6b6c525bf211,202,,16.50018939599977,16.51481822300002,14.628827000251476
826,4a3e59cb-16d8-43e3-b819-82548cbc16de,202,,16.520170744999632,16.53667679299997,16.506048000337614
827,8793fbb9-2a66-4120-9bcd-46bd7bdb5f25,202,,16.54018955499987,16.557555478999802,17.36592399993242
828,482bace7-52cb-417e-af91-d957f751bfff,202,,16.560180778999893,16.574434628999825,14.253849999931845
829,ebd2a334-6265-4b0f-ac80-505666a1e7be,202,,16.58016637799983,16.60461307899959,24.44670099976065
830,9f9b69f2-75a8-4774-addc-8d9951504564,202,,16.60038311399967,16.6224806539999,22.097540000231675
831,df18a456-aa0c-4d28-b1e1-e80a6678f641,202,,16.620537805999902,16.636172808999618,15.635002999715653
832,4ecba69e-5c62-49a1-ac52-fd463f321722,202,,16.640157844999976,16.656951614999798,16.79376999982196
833,8ccef94c-5c69-4188-9f26-3df420cb66ed,202,,16.66023869899982,16.67747740799996,17.23870900013935
834,9c594f53-7679-4603-a02f-aa04e0071b2c,202,,16.680232381999758,16.697918363999634,17.685981999875366
835,a6fb34a3-da04-45be-b935-18820cbbe470,202,,16.700206772,16.715450409999903,15.243637999901694
836,74e34941-185a-434b-bcca-ac03a139f8f0,202,,16.720253149999735,16.73689685499994,16.643705000205955
837,94323ca7-bd1a-42eb-bab7-3259d2b74453,202,,16.740202936999594,16.77953902399986,39.33608700026525
838,b7e7b459-e3c2-46c0-8620-a0c8b01c1b8a,202,,16.76029777299982,16.805830377999882,45.532605000062176
839,a089f7a8-ca8b-4a42-afd4-8e2cddac86d9,202,,16.780212390999623,16.835379101999933,55.1667110003109
840,9afc6cd3-3876-4e70-8cd5-f5aa4ed900b5,202,,16.800179011999717,16.857879183000023,57.700171000306
841,337a6b78-73a1-4eb7-9c46-47028d5b04af,202,,16.821970849999616,16.872946017999766,50.975168000150006
842,9d2ed971-66f3-475a-a509-92b930bd0b5d,202,,16.841789504999724,16.875953042999754,34.1635380000298
843,133cef68-9d71-4899-ae0f-c15f363eb69f,202,,16.86246878699967,16.89114725899981,28.678472000137845
844,b14c2068-c1c3-4041-be97-8e125a457900,202,,16.880340969999907,16.901322266999614,20.98129699970741
845,8ca0f85c-a063-4040-9f69-8398013a6e74,202,,16.900269422999827,16.91861521299961,18.345789999784756
846,272b5664-13af-4ca5-81e1-55e5a52faeee,202,,16.920289296999727,16.94947542,29.186123000272346
847,a32dd51b-8d9b-4a88-91cd-ee26d63f759f,202,,16.940254959999947,16.980009025999607,39.75406599965936
848,0f17395a-a3dc-4ab6-8875-14e09b085c19,202,,16.96047342699967,16.990842233999956,30.368807000286324
849,862fe87c-09d8-433d-832d-a5ee124e8fd9,202,,16.980407087999993,17.00384404899978,23.436960999788425
850,5a261915-8a0c-4e5a-adbd-ae561ddb3fd6,202,,17.000945279000007,17.05187352899975,50.92824999974255
851,027ee0a9-cc17-46d2-bf21-b098e9945ef7,202,,17.024053723999714,17.130675959999735,106.62223600002108
852,20052b8e-4061-4b80-a0b4-7f7bd9cdf76a,202,,17.045783974999722,17.140965598999628,95.18162399990615
853,a59a4fc6-a6a5-4196-9dbb-b7cd99ba8d57,202,,17.060996691999662,17.165101802999743,104.1051110000808
854,f1253b26-d5bc-4ddd-baf2-5ca1b8176528,202,,17.081272286999592,17.185323103999963,104.05081700037044
855,8f908275-4a58-4074-bf12-70bd2e4bd31d,202,,17.10031948799997,17.193174494999766,92.8550069997982
856,c9f48860-bee5-4a66-929e-9ae9d2cd0b38,202,,17.121002102999682,17.20675829799984,85.75619500015819
857,aa34c9aa-af02-4bae-80eb-d624d4724cd2,202,,17.14098285,17.231958596999903,90.97574699990219
858,6051d209-e015-47c7-94f2-dce608f7bd81,202,,17.1621245299998,17.24006679299964,77.94226299984075
859,2d21af1e-0fe4-4f16-9c12-f66550cd44d0,202,,17.18093384299982,17.25728490199981,76.35105899998962
860,10d26976-6c6e-44ff-ad69-83bbf28ae8ca,202,,17.201229271999637,17.26632147800001,65.09220600037224
861,edfaf45d-cf7f-450c-87c6-583e44436f97,202,,17.220190717999685,17.276429190999806,56.2384730001213
862,7726a39e-51ab-400f-a246-d772604fcb4e,202,,17.240327889999662,17.27791222299993,37.58433300026809
863,c81abffe-a95d-4615-97b9-48f45931bdad,202,,17.26026738499968,17.284105281999928,23.83789700024863
864,ecec6c26-1421-4ebe-bd0b-13859d953e20,202,,17.280367678999937,17.30485435899982,24.486679999881744
865,32d4bb6c-d5ef-4e14-a521-baa8b63525bb,202,,17.300471598999593,17.32114267199995,20.671073000357865
866,f4544f9d-712f-4e30-adb1-39d2e1df9ec6,202,,17.320332089999738,17.347519279999688,27.187189999949624
867,b1755ddc-b79f-426a-b2cc-763a2734f034,202,,17.340919492000012,17.404266193999774,63.346701999762445
868,192e3bf8-cc8a-4862-9646-5d067d56bec9,202,,17.361914080999668,17.41288274899989,50.96866800022326
869,4f1d5174-e9bb-4896-ac11-6a9db853c280,202,,17.380200994000006,17.42082506199995,40.62406799994278
870,ca8d4611-0f65-4005-841b-19d00a29d528,202,,17.400259535999794,17.42841673299972,28.15719699992769
871,fb2aeeb1-c3dd-4fd3-a006-146f2034143b,202,,17.42017027899965,17.44343027299965,23.259994000000006
872,5942c0dc-f950-4940-953b-d0be5015a083,202,,17.440649134999603,17.458010083999852,17.360949000249093
873,03159f0f-c005-4ce8-a9c3-daec2681b83c,202,,17.460249778999696,17.474789379999947,14.539601000251423
874,20ee496c-9423-48ca-a9e2-233c0deb5c6a,202,,17.48020698299979,17.494154512000023,13.947529000233772
875,6435c353-236d-4ea7-b793-4a9ee3ad9a58,202,,17.500247690999913,17.52236254499985,22.114853999937623
876,9bdedfac-877d-45af-a679-1d22099796d8,202,,17.520390445999965,17.537273371999618,16.882925999652798
877,c7bdd76f-086c-4074-a664-6eb25c1c608b,202,,17.54024368699993,17.55584288199998,15.599195000049804
878,e0d899e8-e9fc-475c-ab7d-0d10120317b0,202,,17.560257935999743,17.594571855999675,34.313919999931386
879,5084363f-dcb9-4481-a772-cd0d9b1b0d79,202,,17.58036889699997,17.600774539999748,20.40564299977632
880,2b7c520b-088a-4341-a8b8-1d0f2ce9210e,202,,17.60051361099977,17.630957920999663,30.44430999989345
881,2252d797-c398-4cdf-a3dd-1bb9908d9a64,202,,17.620691492999867,17.637132520999785,16.441027999917424
882,c05d71e5-d798-4a77-ac04-14a4f46af902,202,,17.640158754999902,17.655305719999888,15.146964999985357
883,3605bc60-0547-4607-b283-1897a89547bf,202,,17.660368346999803,17.687118347999785,26.75000099998215
884,c648f008-dd68-40e3-8661-a0d9ba5c62c9,202,,17.68030525899985,17.69973743599985,19.432176999998774
885,114475f4-804b-4e0e-944e-4fe042c0e7ba,202,,17.700191708999682,17.725102306999815,24.910598000133177
886,ea7bdcf1-c749-42ac-ba0d-c47f9a8c958b,202,,17.721028482999827,17.746147920999647,25.119437999819638
887,9d59e8da-70e5-4b96-92f2-0193ffaefe49,202,,17.740386388999923,17.761623844999576,21.23745599965332
888,b4af8970-b8dd-4d8c-8500-71c18569014b,202,,17.760314155999822,17.789007560999835,28.693405000012717
889,c61982de-4c02-4782-a9ab-dd7d7200d81e,202,,17.780501685999752,17.802997620999577,22.495934999824385
890,2b5ebec6-0496-489a-8235-821f9a81f541,202,,17.800499373999628,17.814031577999685,13.53220400005739
891,4104aedb-8221-47cb-85b9-1615607e4ed7,202,,17.820180461999826,17.83679315099971,16.612688999884995
892,fe1fb7ea-09c7-4a3a-a0c2-bb7bc0070e34,202,,17.840172523999627,17.854586021999694,14.413498000067193
893,0f639886-d75e-4286-8ce1-9b3200b28ced,202,,17.860199129999728,17.88033507399996,20.135944000230666
894,24124fcd-1ca6-47a8-acc7-05c3d7fbba6d,202,,17.880544000999635,17.898002647999874,17.45864700023958
895,eb7008d3-8c9a-4c6b-93b4-e7f9f29d1320,202,,17.900169378999635,17.917760364999594,17.59098599995923
896,783f68be-af35-4dfe-ad86-ba34606c0d98,202,,17.920328865999636,17.941119258999606,20.79039299997021
897,645a44e8-6dec-4aa6-9462-f0b6101e4d66,202,,17.94060269199963,17.958785748999617,18.183056999987457
898,7b751751-1810-4b0c-9ac3-bd584d49ae6e,202,,17.960293863999595,17.99012174099971,29.827877000116132
899,03f30184-e8bc-46eb-90dd-ac745316db9d,202,,17.98151031999987,18.0031686719999,21.6583520000313
900,71bca62b-22bd-4b9c-89bb-1e868ba54ff4,202,,18.002965327999846,18.01967939699989,16.71406900004513
901,3a9691ad-3644-4db2-b670-e483f354f358,202,,18.020241132999672,18.038441689999672,18.200557000000117
902,c0de403c-d7d1-4319-a1b0-e3b208fe9cd3,202,,18.040151856999728,18.054548853999677,14.396996999948897
903,e4241be2-c426-4e99-9719-b573e6babdf5,202,,18.06262274899973,18.095231928999965,32.60918000023594
904,827b8d57-e456-4f69-9902-382822e22de0,202,,18.08043124599999,18.10647222999978,26.040983999791933
905,6b9fe903-161e-4983-a7e3-86b06e31b9d6,202,,18.100763907999863,18.122818446999645,22.05453899978238
906,645d3a67-7a5e-424c-b651-8dab168dba7a,202,,18.120251445999656,18.143128732999685,22.877287000028446
907,9cf83cc8-b390-4689-9386-346b4bf804f0,202,,18.14022275699972,18.15846485899965,18.242101999931037
908,873cad46-b09e-4324-ba0b-971fadd240ca,202,,18.16019994399994,18.189238698999816,29.038754999874072
909,21862b02-d881-4d72-84f7-876e2b45527c,202,,18.18094895899958,18.205601374999787,24.652416000208177
910,a686a831-de2e-4517-9807-e5015b622c8d,202,,18.2011491989997,18.219954202999816,18.805004000114423
911,44bf0462-ff32-4479-9548-35c1a3e2aedf,202,,18.22015867099981,18.23273716199992,12.57849100011299
912,837bbf24-0b16-4c44-8218-cf79f92cba47,202,,18.240236528999958,18.255426688999705,15.190159999747266
913,ae1ea477-ff3a-4204-b215-ae8d272bb839,202,,18.260449309999785,18.280919395999717,20.470085999932053
914,2b3557ad-df89-482f-a91d-0d2d92b8fefe,202,,18.280772554999658,18.30167428699997,20.901732000311313
915,698305fd-c021-4692-91ec-396a2bc0dcd3,202,,18.300649528999656,18.320871059999718,20.221531000061077
916,2bbd8986-5953-44b7-89e2-9cd3e0f47008,202,,18.320453414999974,18.339253751999877,18.800336999902356
917,a781f6e7-5ab3-4fb3-ab61-517b4a2e7bfc,202,,18.340411225000025,18.355750600999727,15.339375999701588
918,01169705-2a36-4807-9a01-2c0af459862b,202,,18.360349867999957,18.402235126999585,41.885258999627695
919,7e99f099-ef78-4d47-ac75-8e41b43fef7a,202,,18.38368830299987,18.41043815399962,26.74985099974947
920,bda2f4d2-6bfd-466a-8238-014723b79c55,202,,18.400487166999937,18.42403311099997,23.54594400003407
921,af54f375-9757-45d5-b541-a1f02af1fb2e,202,,18.42019604799998,18.438367771999765,18.171723999785172
922,47a62e6c-d3ec-4559-a859-1dc2830139ca,202,,18.4401828189998,18.454357678999713,14.17485999991186
923,3acfb6ec-8b7c-40e7-93cd-5d4e1e183f84,202,,18.460278593999647,18.479643916999976,19.365323000329226
924,58a8ad40-89b9-44e6-9bba-dd83ca481e16,202,,18.480197527999735,18.5024489919997,22.25146399996447
925,ecfdd679-b683-45e4-94de-d53b2c062843,202,,18.500315137999678,18.523658322999836,23.343185000157973
926,dd2efe11-81e6-4235-8011-cf99a8df68ad,202,,18.520198652999625,18.53495308399988,14.754431000255863
927,b1713e6d-d337-46b4-9c84-085bce87fa6c,202,,18.542665627999668,18.559766964999653,17.101336999985506
928,4ba8dd7c-3364-41a1-9284-719995551d0e,202,,18.5601632769999,18.57983665599977,19.673378999868874
929,8323c671-82fd-4f63-a7a6-4296e3fb549c,202,,18.580359806999695,18.62387431299976,43.51450600006501
930,7d9acef4-c823-42c6-b8ba-affbe0ce8c61,202,,18.600410288999683,18.638909256999796,38.498968000112654
931,627b30e4-e578-470c-872d-ebb1b13b69d3,202,,18.624346751999838,18.643777869999667,19.43111799982944
932,e7320827-6720-4c89-ba68-399375bf6ade,202,,18.640966273999766,18.654749865999747,13.783591999981581
933,2b489415-6161-4148-8d9b-054daae99cfc,202,,18.660251051999694,18.681793731999733,21.542680000038672
934,711c285d-0e5d-42e8-a43f-885ee3446fa7,202,,18.680229071999747,18.698988656999973,18.759585000225343
935,b516447d-69c4-494b-a7aa-75b234950f48,202,,18.700201590999768,18.722884725999847,22.683135000079346
936,d966cfc3-0b4d-4f4a-a638-ec706c5ab1f3,202,,18.72270009199974,18.739758952999637,17.058860999895842
937,7120a14c-acab-4966-911c-3864ec914cca,202,,18.74022289200002,18.75808416699965,17.86127499963186
938,7632b10c-7cb1-49d0-9b5b-c54029719fd0,202,,18.760223977999885,18.80921853999962,48.99456199973429
939,b2b94323-8eb3-4c51-a476-51cf6e35a351,202,,18.780824175999896,18.824787120999645,43.96294499974829
940,dcef1b21-f6c0-42ab-bd1e-cafd39407efb,202,,18.800480786999742,18.985016567999992,184.5357810002497
941,2c456b09-1e24-437a-9a77-d5cfbd5b5513,202,,18.820725092999965,18.992315210000015,171.59011700005067
942,fc7a6482-daee-47c2-a2fc-afb21a95f380,202,,18.84117553299984,19.033456894999745,192.2813619999033
943,156df03f-ce65-4433-a8e1-d01ca932b475,202,,18.86199244999989,19.055576415999894,193.5839660000056
944,f972d9a5-f3a9-4875-a867-57b72c9d5060,202,,18.882306800999686,19.062662547999935,180.3557470002488
945,e089d7c0-5c29-40d8-8637-e0d572f0f8f7,202,,18.90447074099984,19.09336693999967,188.8961989998279
946,90409f32-8c1f-4afc-911a-b63d7f28669c,202,,18.923434692999763,19.073963423999885,150.5287310001222
947,61e9fccf-5c24-4a01-91e3-b2f6181db0d9,202,,18.94584097799998,19.08787650899967,142.03553099969213
948,680bd489-a861-4c55-8604-88dca6509861,202,,18.963485241999933,19.110401924999678,146.9166829997448
949,35d7d4a7-e369-481c-871c-38de232cf499,202,,18.98057672999994,19.118170047999683,137.5933179997446
950,f97a1173-1fa0-48fc-9bfb-736ae330584f,202,,19.001768830999936,19.128986025999893,127.21719499995743
951,2e753674-3c03-4baa-ab2d-9ffe5d775a36,202,,19.020552816999952,19.132896921999873,112.34410499992009
952,4d8c3373-884f-49b9-8253-54af5582a75a,202,,19.04073641099967,19.13771440299979,96.97799200012014
953,8bef3464-7979-496b-8a8c-21f52d02061b,202,,19.060339644999658,19.144279468999684,83.93982400002642
954,53beeadb-db71-4bd6-979e-a2473b693cb8,202,,19.080257767999683,19.146738169999935,66.48040200025207
955,6d53659c-4f4f-4ebd-83dd-af71d2d43458,202,,19.100289814000007,19.153274441999656,52.98462799964909
956,16c8023a-4a6d-45c8-baaf-7436991cbd7c,202,,19.120208895999895,19.157177921999846,36.969025999951555
957,c1f835f0-03eb-4b9c-9220-436eb81d9465,202,,19.140147561999584,19.16870155799961,28.553996000027837
958,5c6228c7-5454-4f64-883e-83a430b253f4,202,,19.160238109999682,19.1841408829996,23.902772999917943
959,de7a36c0-5789-44bd-a0c1-25a2c02d7fa0,202,,19.180911602999913,19.2180513039998,37.13970099988728
960,1efb935a-985d-48cb-9692-18bdc65b0b8b,202,,19.200463125999704,19.264972515999943,64.50939000023936
961,b3738e97-1633-4903-810a-09d78c72ca80,202,,19.22018582299961,19.26511989799974,44.93407500012836
962,e42156b7-d40f-4451-97d1-0c0a5f32edc8,202,,19.24028766399988,19.296879257,56.591593000121065
963,55574346-153f-46f4-99e7-adbe220e2f48,202,,19.260262581999996,19.297675712,37.41313000000446
964,7f3d886d-9130-4823-bcea-563e78a5de22,202,,19.280861570999605,19.32443341399994,43.57184300033623
965,6cebc23c-a7ac-4523-99a8-3d04e8e56ce8,202,,19.300192499999866,19.34010249999983,39.909999999963475
966,32e89bae-a8ec-44d6-a520-1e45fde54339,202,,19.322117719999824,19.354261846999634,32.144126999810396
967,4a4fcdc4-745b-47d6-bfe4-9b23072728e1,202,,19.340461808999862,19.360121503999835,19.659694999973
968,1f068872-91a0-4e5b-863f-be282d33ed9c,202,,19.360237425999912,19.376554625999688,16.317199999775767
969,16a5dd25-b7ff-437d-91f6-9b8aeaa44134,202,,19.38018450899972,19.410665306999817,30.48079800009873
970,673a18ea-e0b9-4d6b-928e-f99bc50342b3,202,,19.401665540999602,19.431618522000008,29.952981000405998
971,c66d2e99-4482-48f5-86b2-06ade0a953b1,202,,19.42035006399965,19.464669275999768,44.31921200011857
972,b6f98f47-1a9e-421c-9927-69360644d6c2,202,,19.44094221899968,19.46805339699995,27.11117800026841
973,218ea4b1-1e91-43a1-ad78-0f120b225a80,202,,19.464702485999624,19.48981406699977,25.111581000146543
974,0731ed2a-68f9-426a-b01e-403b4b37485d,202,,19.480243440999857,19.50976665099961,29.523209999751998
975,5362095d-5586-4412-8c41-758cd11da554,202,,19.50186385400002,19.520589586999904,18.725732999882894
976,7bf43d87-1560-495a-b3f4-b6a7d4d34a9a,202,,19.52023894499962,19.54118278499982,20.943840000199998
977,eee8e2e3-c0a9-44b0-a819-2b3eaf01e097,202,,19.54039253799965,19.559506122999665,19.1135850000137
978,b4eca214-8cf9-48e9-9f03-0975fe30b9bb,202,,19.560186363999946,19.575365301999682,15.178937999735354
979,db534be4-1e4b-4326-b4ff-2591d7e947cb,202,,19.580219284999657,19.60418889499988,23.96961000022202
980,2a844fbe-482c-4c24-9649-52534b525019,202,,19.603384147999805,20.012906624999687,409.5224769998822
981,30f57fca-ca22-4fc3-8c22-42d2c29f366b,202,,19.626275663999877,20.139899024999977,513.6233610001
982,d43faff7-9a88-4a8f-b61a-46862069624c,202,,19.649652911999965,20.02767202899986,378.0191169998943
983,bd55bcf5-05ff-4e0c-8ea9-556e7593cea1,202,,19.841149197999584,20.25053052999965,409.3813320000663
984,12d00216-fb13-4619-aa6b-93d3fe1be884,202,,19.76378767799997,20.24068248200001,476.8948040000396
985,3d7ba12a-0143-4412-b031-e54cb167c00f,202,,19.767308843999672,20.161072063999654,393.76321999998254
986,d9a21655-418b-4daf-abbc-20d5f7a92928,202,,19.775287260999903,20.207032979999894,431.74571899999137
987,cd3baea1-2940-4489-bde9-3bbc9fa0a95d,202,,19.834188911999718,20.19215390399995,357.9649920002339
988,2279ba25-a3f9-47a4-94d3-b9049c5a8c07,202,,19.842371546999857,20.087935909999942,245.564363000085
989,79554873-fc67-47af-90a0-3acca3683cff,202,,19.84339567899997,20.03873159099976,195.33591199979128
990,02d6b4be-264d-44b4-be61-054d44c4421a,202,,19.843114748999596,20.2175756849997,374.460936000105
991,38ee03c6-360a-4189-9fcf-cb84bf6f7fce,202,,19.841944985999817,20.268268198999976,426.32321300015974
992,4ca8e0c3-c608-4d7f-b1d0-dce2663e0d30,202,,19.844666529999813,20.23186156699967,387.1950369998558
993,1bbac992-565f-4848-a069-047bc26ad3d5,202,,19.89051064899968,20.178083032999893,287.5723840002138
994,26cd452f-ea77-4e94-a6e7-66bcc0eae6ff,202,,19.899060717999873,20.291078398999616,392.0176809997429
995,eed7ec8b-9932-46ee-aa28-8dedab4849c1,202,,19.90044386699992,20.257047377999697,356.6035109997756
1001,3fcb22a2-6008-4d6d-a473-16b1e3f27a0b,202,,20.020218718999786,20.307821603999855,287.60288500006936
1002,d73a0a29-4de9-4895-ae5f-f4d2d1c92012,202,,20.040233453999917,20.32599091899965,285.7574649997332
1003,a8135a18-4360-4ff7-932b-d83f6177f038,202,,20.060312066999813,20.339703022999856,279.39095600004293
1005,36c4a4e9-2486-4978-9a21-9b4c913ae3c7,202,,20.103720944999623,20.36532368899998,261.6027440003563
1007,be61a153-425c-41a8-8f97-8d1b130dec78,202,,20.1413961369999,20.365806795000026,224.41065800012439
1009,6af175b1-81fc-4f2d-970d-e2562f8bcf88,202,,20.180799785999625,20.376982487999612,196.18270199998733
1010,4ba777cc-2079-4ab8-886b-53f874c6411a,202,,20.201777315999607,20.38173158699965,179.95427100004235
1011,b92846fe-188d-4edb-8b0b-7417fed13a83,202,,20.22290439499966,20.403184555999815,180.2801610001552
1012,9ccbe13d-d850-47e6-a1fd-eaf03ca8355f,202,,20.24023587800002,20.418068715999652,177.832837999631
1013,15689388-aa40-4281-ba02-b553a0fdb982,202,,20.260471997999957,20.429256367999642,168.7843699996847
1014,aa88f910-663d-4389-8a48-9da5d24df6a7,202,,20.280253554999945,20.44694761799974,166.69406299979528
1015,e3ebd743-5e2d-4e03-98bb-47e1332a0793,202,,20.304702790999727,20.455954958999882,151.2521680001555
1016,24b0964e-5f41-463b-abc7-f56750380aa5,202,,20.321685923999667,20.466599168999892,144.9132450002253
1017,dcea0be0-7d15-44aa-a7f6-c9d6f70c8f0e,202,,20.345790601999852,20.486093170999993,140.30256900014137
1018,530c3ee8-31f7-4877-999c-27e1ef041f8f,202,,20.36022069799992,20.494584695999947,134.36399800002619
1019,f61a02b7-4110-4531-9895-03e4a4b8bc07,202,,20.38023343299983,20.50727666900002,127.04323600019052
1020,66fda6e4-52ff-47a3-9701-5283dbf20f09,202,,20.40500155799964,20.52333871799965,118.33716000001004
1021,d911bb7d-fdd3-4de3-a864-b8f1d24fcafe,202,,20.421782181999788,20.52853454599972,106.75236399993082
1022,4aae8798-ac75-4929-bfdb-23bb4752d697,202,,20.44129714399969,20.53160694099961,90.30979699991803
1023,852e3568-5117-477d-a7d4-14480a5a12c4,202,,20.460512756999833,20.53740304699977,76.89028999993752
1024,2b3adbca-8ea6-46a0-82a3-7e9c39a170b6,202,,20.48024435399975,20.5431143159999,62.869962000149826
1025,fe88fc02-8969-4169-866d-ec56f37def3f,202,,20.500257462999798,20.54578010799969,45.52264499989178
1026,2dc1c16a-cf85-4ccb-8e3b-28348f2a0bb7,202,,20.520268406000014,20.551838268999745,31.569862999731413
1027,c8e0c98b-00d4-4d21-84da-1093112af7cc,202,,20.540243347999876,20.56151755799965,21.27420999977403
1028,b88aa13a-66e9-42f9-b21e-9affef6649f2,202,,20.56159289499965,20.58416575000001,22.572855000362324
1029,59afb85c-b561-41fe-b266-25660f9c8fd6,202,,20.580749797999943,20.596434536999823,15.68473899988021
1030,a62bb98c-d469-4025-b3bf-37807c33d7e5,202,,20.600341095999738,20.61645293799984,16.111842000100296
1031,2b3e32d8-4074-4c89-9507-0c470fda7eb7,202,,20.620312828999886,20.74228816599998,121.97533700009444
1032,8424d5d0-e237-4e24-82dd-adc8b5804b77,202,,20.659049029000016,20.79352795099976,134.47892199974376
1033,617c73ca-1606-4569-819e-b7ec77879fb5,202,,20.676356594000026,20.763103044999752,86.74645099972622
1034,5d5a4fc4-cd83-4831-a3f8-7746905c54ea,202,,20.682827857999655,20.778364166999836,95.53630900018106
1035,6f26ea6f-6d05-404a-b5e6-5116f4e313fc,202,,20.703431911999814,20.785844928999722,82.413016999908
1036,fc03316e-2cbd-4a47-801b-889d58a19061,202,,20.72183997100001,20.813936351999928,92.09638099991935
1037,adcde3c4-7010-4452-b2b6-923d4dff4f21,202,,20.74196381799993,20.80320539799959,61.241579999659734
1038,5986b7c2-c6aa-4411-b842-b471e7b51a02,202,,20.763167048000014,20.81486851999989,51.70147199987696
1039,80139a24-c81b-41b4-b3ba-fdfc0f4ab34e,202,,20.780318631999762,20.814647925999907,34.32929400014473
1040,d2e16fee-1ccd-4c8a-b31b-c035c35bf4b1,202,,20.800895458000014,21.197704126999724,396.8086689997108
1041,01a871a4-108c-43cc-aed0-7934e518712b,202,,20.820215683999777,21.22647995699981,406.2642730000334
1042,cb8d01a1-08a2-4dd8-8dc1-962a63de66b5,202,,20.840201398999852,21.236523420999674,396.322021999822
1043,b84f6d11-4b3e-4016-bd28-0652bc19c22f,202,,20.86096444199984,21.270923468999626,409.95902699978615
1044,bbc02fbd-79d2-4e8a-acc2-b8ab6e478e5f,202,,20.880454675999772,21.303390261000004,422.9355850002321
1045,3c929158-840b-45d1-957a-91bdd6e007e2,202,,20.900845284999832,21.275426676999814,374.58139199998186
1046,69239e73-dd92-483c-997e-65a324c5a142,202,,20.921689747999608,21.316670749999957,394.9810020003497
1047,801a5ca6-9ad7-4861-951c-c8b5194d627c,202,,20.940304149999974,21.33980481899971,399.50066899973535
1048,cb8a6ddf-d2a3-4f5b-9c64-517a7b9353eb,202,,20.961879687999954,21.347529591999773,385.6499039998198
1049,a659c09a-66e5-4984-9ac6-9ea264cbd184,202,,20.980249245999858,21.358518891999665,378.26964599980784
1050,dd14864b-f5e6-440a-8c53-d73cb73510c0,202,,21.00026779599966,21.368326844999956,368.0590490002942
1051,66b52cfd-93f4-41be-a772-1db8cea3ba60,202,,21.0202149669999,21.370174721999774,349.95975499987253
1052,44dc4c0e-3592-435f-80e9-b551013a9528,202,,21.040527238999857,21.376032950999615,335.5057119997582
1053,0e5181f7-bf9d-488a-bafb-f0170f3349c1,202,,21.060821343999578,21.382334408999668,321.51306500009014
1054,5b4e4003-3c56-41c8-aa3f-637e092a9736,202,,21.086640369999714,21.382453497999904,295.8131280001908
1055,9c5f6b31-28c1-4c4d-b259-6dcea8633b5c,202,,21.410397913999986,21.54516193299969,134.7640189997037
1056,48103569-eff6-411d-abd3-2fa47fb03f96,202,,21.41090160399972,21.5002255229997,89.32391899998038
1057,5f8f2193-aa20-4493-b478-5696315a00d4,202,,21.408961180999995,21.5465398299998,137.57864899980632
1058,11c671a4-f5de-4575-a2a9-d09a240f8557,202,,21.409093978999863,21.62677332899966,217.67934999979843
1059,2f07a47e-d303-4e98-8868-8fc0e7c824aa,202,,21.409139022999625,21.593888809999953,184.74978700032807
1060,dded98a4-8901-4817-9742-700af93168c1,202,,21.409543415999906,21.73288774799994,323.3443320000333
1061,0aa9ca4c-a593-46a9-9060-f6a95b6cdd25,202,,21.4096426709998,21.464416951999738,54.77428099993631
1062,cf52a5d2-6195-4d59-a8b3-82edd22ef5ac,202,,21.409975935999682,21.68187937599987,271.9034400001874
1063,74b6c1ce-0f1f-45d4-906b-36c1f86d8bfa,202,,21.40919814999961,21.54509909699982,135.90094700020927
1064,e0282a26-d65b-4cb1-b37c-4f9ccd1bf87c,202,,21.409248527999807,21.545742334999886,136.49380700007896
1065,d7e785ba-0190-4104-85cf-653e5df84322,202,,21.411206617999596,21.640234700999827,229.02808300023025
1066,db6754f5-a201-4e58-a7c4-daaae3192460,202,,21.41133537399992,21.575286741999662,163.95136799974352
1067,43a76f85-396b-454e-8030-3332ab1a45b1,202,,21.41148621399998,21.58194771599983,170.46150199985277
1068,7bc092c8-6000-49f1-bc34-b9e4968c9a87,202,,21.411705600000005,21.737817429999723,326.1118299997179
1069,48834769-4f51-49b2-bad9-658a52e51302,202,,21.409304154999973,21.539199198999995,129.8950440000226
1070,20396d3a-886e-480c-bf8a-635f83a65377,202,,21.408849551000003,21.54493671399996,136.0871629999565
1074,0e8f57ec-05d7-4380-a022-32cbf96f83a1,202,,21.480320312000003,21.77044369999976,290.12338799975623
1075,05f1f98a-9c1e-4c67-9cf5-0d1b2a2666b1,202,,21.500847884999985,21.751815688999613,250.9678039996288
1077,d1c8b351-e2e4-4ba0-9c91-3b946ca6d7b1,202,,21.540260122999825,21.76460968499987,224.34956200004308
1078,3584d50b-1fc4-42da-8fa3-f93c3f9de7fd,202,,21.5602818819998,21.780822002999685,220.5401209998854
1079,fbc3edd6-0ef0-464d-ad7e-da82aac8297f,202,,21.581499070999598,21.794440161999773,212.94109100017522
1080,9f7298c2-6488-4bd4-a591-e122da787dc7,202,,21.60066724799981,21.79638987499993,195.72262700012288
1081,4e3e8bc6-f7b5-4b1a-95d6-cbed6281c8db,202,,21.620621169999595,21.831839772999956,211.21860300036133
1082,671c7f3f-62c4-4fb7-9728-353d130acda0,202,,21.64034720699965,21.838380318999953,198.03311200030294
1083,4f555387-b179-4e10-849a-44bb62df81ec,202,,21.663063297999997,21.845980829999917,182.91753199991945
1084,e8fa26ee-ea6f-448b-bb93-7b8e6284b60a,202,,21.680265510000027,21.854881983999803,174.61647399977664
1085,a9f366c0-c9ca-41ef-94b1-d19258dc7d5d,202,,21.700414356999772,21.897239568999794,196.82521200002157
1086,8864b718-b000-4af9-991e-7ba319126492,202,,21.721803537999676,21.87780864699971,156.00510900003428
1087,752a999f-f14f-4332-994c-b211238b5f07,202,,21.74104282600001,21.890676188999805,149.63336299979346
1088,afb4e84e-1f20-47d5-b0d4-2f361551f6ae,202,,21.761182987999746,21.90314658699981,141.96359900006428
1089,a50a13fd-6ec3-4c7f-ab74-962936246f8c,202,,21.780396150999877,21.913671271999647,133.27512099976957
1090,3d37765a-da29-434d-a363-9ca8d4c75203,202,,21.800928205999753,21.920697298999585,119.76909299983163
1091,4c41d15f-2888-4e9d-8e93-699de67ab95a,202,,21.821744981999927,21.927209093999863,105.464111999936
1092,0366218e-4907-4347-9179-091f13942c19,202,,21.840245653999773,21.933735597999657,93.48994399988442
1093,3ee34d94-11e0-43a5-9ea7-8dd6db365cd9,202,,21.861340150999695,21.936431594999704,75.09144400000878
1094,a5e2f0a3-5418-4f4a-a1ba-811aa7533c29,202,,21.880317635999745,21.94193613599964,61.61849999989499
1095,861a1e94-b215-40a5-8ffb-d8cc6ac60790,202,,21.900433839000016,21.948163876999843,47.73003799982689
1096,08bd7706-97eb-429c-b763-d61698f2f300,202,,21.92266551299963,21.951454358999854,28.78884600022502
1097,36f6914b-edda-4dbe-a393-c96b1afe7a8c,202,,21.94034581400001,21.95636599799991,16.020183999899018
1098,b862edfd-8469-495a-b2ea-a30cbdfc90fa,202,,21.96023983999976,21.977752008999687,17.51216899992869
1099,ed119b5b-30e7-48c9-99fb-455756a261cd,202,,21.980510591999973,21.99605137899971,15.540786999736156
1100,36cdd9df-659e-41b9-b0e8-3e17ca3080ca,202,,22.00021019299993,22.016827111999646,16.61691899971629
1101,342ea4aa-0f3a-4e66-9f47-34836ba6d679,202,,22.02020047399992,22.03336686199964,13.1663879997177
1102,4ee4f56c-cb81-4d28-932e-be05ffa83e5d,202,,22.04022608899959,22.061773439999797,21.547351000208437
1103,a918a53f-8819-4f1c-8f82-977af007e93f,202,,22.06065343099999,22.075778907999847,15.125476999855891
1104,65632bc6-5a67-4196-b432-e7624c9ca4fe,202,,22.08025790299962,22.092987645999983,12.72974300036367
1105,16e7ff0f-1081-4cdb-b155-6e3de3bd5bfe,202,,22.100215639999988,22.114771299999575,14.555659999587078
1106,cc19a1b7-657e-4887-a91f-8d8eb23eb55c,202,,22.120211962999747,22.142271545999847,22.059583000100247
1107,fbf00d23-46ec-41b6-a4ca-3604352281f1,202,,22.140167366999776,22.152264831999673,12.097464999897056
1108,97c6b0cc-326b-4fb4-b824-e4f63859a65c,202,,22.160181523999654,22.17568668499962,15.505160999964573
1109,39af3e01-fb64-4a0d-b3f8-79961db27e67,202,,22.180174470999646,22.196107651999682,15.933181000036711
1110,f29c079c-65c4-4808-a890-e99446bebcc8,202,,22.200201419999757,22.217287944999953,17.086525000195252
1111,e821e8a0-354f-42f0-aa3a-0ad3e478cf58,202,,22.220174074999704,22.23305182499962,12.877749999915977
1112,7091b789-4330-44bc-977b-7b3d28e681d6,202,,22.240288777999922,22.25437291599974,14.084137999816448
1113,d8402a20-bcf8-4f10-933b-e80428b653ba,202,,22.260258390999752,22.273802212999726,13.54382199997417
1114,e81638a5-5892-46d5-b159-6ff22c9a5d59,202,,22.280179251999925,22.303508975999648,23.329723999722773
1115,171ad083-27a1-4ed5-a4ce-b9d1f92d8c20,202,,22.301611431999845,22.327614317999632,26.002885999787395
1116,86e310bf-f59f-4807-9771-7b16d462210d,202,,22.320357155999773,22.339620611999635,19.263455999862344
1117,706b7bbd-beaf-49ac-9466-a65bb1a6c161,202,,22.340185512999597,22.35810844999969,17.922937000093953
1118,182ab392-de30-49ca-bc11-745a5165e8c6,202,,22.360276338999938,22.3816666419998,21.390302999861888
1119,2e70fa96-c934-41c2-a1fd-4f20d0e6212e,202,,22.380265869999675,22.392219077999926,11.953208000250015
1120,6d6f7301-c1c7-40f6-9b9e-7dfab27ff559,202,,22.40050316199995,22.415006943999742,14.503781999792409
1121,b61d4cc5-57f7-4dd8-b358-827a05f5849c,202,,22.42022026399991,22.444348272999832,24.128008999923622
1122,733af641-8dea-4a11-8b72-5aa63761e251,202,,22.44041696999966,22.459675092999987,19.258123000327032
1123,1439041c-6b5d-4fc3-8597-c29f5022c548,202,,22.460166406999633,22.472486881999885,12.320475000251463
1124,220dd973-983f-4e19-93f6-40f6a1a6aefa,202,,22.480183188999945,22.493518000999757,13.33481199981179
1125,70935ad1-9d7c-4854-90be-48298ac20c7b,202,,22.500169594,22.530721061999884,30.551467999885062
1126,180d6806-2a21-4796-8b8d-f46f1dd9301c,202,,22.520314714999586,22.542030448999867,21.715734000281373
1127,11c01853-096d-4678-8596-048445b46760,202,,22.540209532999597,22.55488861499998,14.67908200038437
1128,83fc5d47-d394-4e4f-869f-234458879927,202,,22.56028119299981,22.57349070800001,13.209515000198735
1129,a1820209-a725-452b-abff-7d03aa09a5be,202,,22.58023347199969,22.593396235,13.162763000309496
1130,0c48a00e-1d60-4c34-9181-4d823a067d2a,202,,22.60018087499975,22.614254679999704,14.0738049999527
1131,15d891e4-a346-479f-a922-ff3736d43508,202,,22.62024828499989,22.631357829999615,11.109544999726495
1132,6a64cf1c-3c19-420d-9b01-b1589fd865c5,202,,22.640532744999746,22.651915302999896,11.382558000150311
1133,f81a569d-f241-4fe3-84f0-4f6f9c0c4352,202,,22.660267638999812,22.698037100999954,37.769462000142084
1134,2caffa2d-3e4d-40ae-81f7-af7a78e5fdf6,202,,22.680651937999755,22.703769360000024,23.11742200026856
1135,cd4d9cc9-a3f6-4eb8-a089-537c7fb263fa,202,,22.700320121000004,22.715859438999814,15.53931799981001
1136,54db4b5c-0bcc-45a3-b1ed-b7a8ec4cfd06,202,,22.72024300799967,22.733516639999834,13.27363200016407
1137,bdaf12e7-fc79-4a0d-b242-3ec67a8db826,202,,22.740326649999588,22.752745201999915,12.4185520003266
1138,e314a4e7-eeb3-4b4c-aa9b-704d7c81a2d1,202,,22.76027011899987,22.77210193599967,11.831816999801958
1139,fe8c1698-c134-40f1-8bb6-d54dcbf4ff4d,202,,22.780180211999777,22.796185755999886,16.005544000108785
1140,98d7cc53-cada-4a85-8fb5-f8244b0993c8,202,,22.800262936999843,22.816275314999984,16.012378000141325
1141,84d3bf0f-0663-4cbf-99e1-ab62a670137e,202,,22.820225989999926,22.833879471999808,13.653481999881478
1142,4401ba60-f349-4b6a-835b-b6e9b1cd35fa,202,,22.84023800399973,22.853551886999867,13.313883000137139
1143,eaa61da8-7b13-4b7f-9fda-c1007a89f0b7,202,,22.86017468099999,22.8780731009997,17.898419999710313
1144,9c3c8bc1-1865-4c1b-9465-fcb9f7ab0b0a,202,,22.880205903999922,22.900295129999904,20.089225999981863
1145,92baa16e-310e-4b6a-aad4-710b01203934,202,,22.90017679099992,22.923114600999725,22.937809999802994
1146,808df527-d1d8-40bb-87ac-ea99173042aa,202,,22.920253932999913,22.941002561999994,20.748629000081564
1147,be70e6d2-250f-4993-9604-82cbde13ae1f,202,,22.940493539999807,22.955206192999867,14.712653000060527
1148,95319469-747f-4852-a110-70f956dc9b0e,202,,22.960208873999818,22.97929072099987,19.08184700005222
1149,a6760730-b773-435c-89d1-77037d10df7e,202,,22.98017938599969,23.001847680999617,21.66829499992673
1150,47c9cec5-351e-4192-a4b6-a8587e7b57e4,202,,23.00076959199987,23.019426336999913,18.656745000043884
1151,ee80469a-bc33-4b96-ba34-ced58f654066,202,,23.020177494999643,23.03576681300001,15.589318000365893
1152,ffca2673-9b98-4917-9fa1-8130959bb1a4,202,,23.04099391999989,23.058366982999814,17.373062999922695
1153,28a7e0c0-245d-4e9e-a8c9-420a1ae83bd2,202,,23.060155978999774,23.0757762559997,15.620276999925409
1154,45e50777-a61c-4c3c-b0d2-37c022e0aa9e,202,,23.080204868999772,23.104244686999664,24.039817999891966
1155,9daaf43f-5627-41e4-b920-4092a320370c,202,,23.101516274000005,23.128193958999873,26.67768499986778
1156,8cdc3777-8a7c-4ddd-87fe-533c7159ebf0,202,,23.120565494999937,23.163102050999896,42.53655599995909
1157,fc6f6fd9-5556-487d-8e33-cb57c2bd49a4,202,,23.140665887999603,23.17779503699967,37.12914900006581
1158,250a2e80-7226-40fe-825f-6c7234a50a0f,202,,23.16072190299974,23.178414647999944,17.692745000204013
1159,a6ec3440-b521-470a-9ef4-2cff39a8f783,202,,23.180167808999613,23.19359644699989,13.428638000277715
1160,cf78f0da-4b55-4959-9b0f-6dbb2103003c,202,,23.200206281999726,23.215482959999918,15.276678000191168
1161,423f1b3e-bcf6-4716-8b43-316105fb23cc,202,,23.220209836999857,23.234307087999696,14.097250999839162
1162,4f0d84c9-1dc1-408e-8260-593a75ddb7a4,202,,23.240266685999813,23.25657099299997,16.30430700015495
1163,85f7a71b-abbe-46a9-bdff-92bb318b3ae2,202,,23.260237655999845,23.274585876999936,14.348221000091144
1164,c0d8d981-1b94-469f-b882-2370beb607f0,202,,23.280223877000026,23.29268205599965,12.45817899962276
1165,41510d16-9dc1-43ce-b776-d21aa8b47acf,202,,23.30028668499972,23.322120654999708,21.833969999988767
1166,6ec5100f-e518-4d06-8a44-977a10687704,202,,23.32024294599978,23.33300176299963,12.758816999848932
1167,42306a7a-009c-4f16-990c-f77ad99b1f59,202,,23.340177580999807,23.35347200499973,13.29442399992331
1168,1d747fdc-bdc0-4f90-947b-77ea91808b31,202,,23.360164593999798,23.37787983899989,17.715245000090363
1169,d4ec1a90-d203-416c-be82-5d7401830e95,202,,23.380192983999677,23.39077841199969,10.585428000013053
1170,588a8661-d759-4265-9b92-a02b5c5066eb,202,,23.400466216999575,23.411292405999575,10.826188999999431
1171,ca702a58-4255-421e-85d2-fed62e412c9a,202,,23.42027909699982,23.432336674,12.057577000177844
1172,c256e83e-26ad-4733-9983-3d130ecad09b,202,,23.44024248400001,23.452085550999982,11.843066999972507
1173,fc7781b8-7fba-44e8-b6cf-3e344c790002,202,,23.460259872999814,23.471536081999602,11.27620899978865
1174,10559adc-732c-4d43-a6d1-969a45ebd47c,202,,23.480208924999715,23.491278791999775,11.069867000060185
1175,625a453c-671c-4212-9b48-bb73c005080d,202,,23.50032365199968,23.511493898000026,11.170246000347106
1176,3b11baa9-922f-4678-8470-9b323c83b317,202,,23.520468962999985,23.532744091999575,12.275128999590379
1177,8dca6aeb-e4bf-43f1-a410-7a807c763da2,202,,23.540709653999784,23.551053195999884,10.34354200010057
1178,b21a21d2-7a7d-4bd1-ad21-8121a3870055,202,,23.56071245899966,23.57160477599973,10.892317000070761
1179,89351663-a251-40f6-9cf1-b5ef5332c22a,202,,23.580360705999738,23.591774837999765,11.414132000027166
1180,2c7bcf00-964f-42d2-806e-9c505d247ae9,202,,23.600257839999813,23.612504883999918,12.247044000105234
1181,72ed297d-04eb-4a3b-a58e-f30055ff92ac,202,,23.620513989999836,23.63493658799962,14.422597999782738
1182,043a0eb1-0e12-4094-9862-0c4c43df0813,202,,23.6407222619996,23.658542011999998,17.819750000398926
1183,c29a127a-a46e-4633-b7e2-b67bd478f4a0,202,,23.660183959999813,23.67158954999968,11.405589999867516
1184,d063a2cf-f7ac-4944-a012-ecb0b560d82e,202,,23.680258892999973,23.694246763999672,13.987870999699226
1185,f20162b7-721c-4d7e-8118-215448211cf1,202,,23.700235362999592,23.731274550999842,31.03918800024985
1186,92eec50b-63a0-46a4-bb57-767e06a294ad,202,,23.720769384999585,23.739448739999716,18.67935500013118
1187,e159d82c-8f36-421c-b8d8-060f2b52587f,202,,23.7402086889997,23.76644691499996,26.2382260002596
1188,aba494e3-3098-433d-97bd-b77bd4add6a0,202,,23.760347940999964,23.777162380999926,16.814439999961905
1189,7da2d4a3-2cca-4cc9-8b0a-975db0e7f3cf,202,,23.780178970999714,23.797197752999637,17.018781999922794
1190,eda22d57-9bc1-4261-ad88-95539eaa194f,202,,23.800291012999878,23.82372915799988,23.438145000000077
1191,f0f6082c-762e-4169-83d6-fe41e161c0d2,202,,23.821264424999754,23.83947467600001,18.210251000255084
1192,fed2074c-720c-44b9-bdc7-634ec9aeb8bc,202,,23.840163415000006,23.85554691699963,15.38350199962224
1193,39e67ea6-a7ac-4b69-8a4d-9fc1044531cf,202,,23.860204661999887,23.873868047999622,13.6633859997346
1194,27f9edd8-9852-4b68-8455-a68395bfc6a6,202,,23.88021974100002,23.89701897199984,16.799230999822612
1195,9f599d1c-2c7a-48ec-a17e-d86eae305829,202,,23.900287530999776,23.934837909999715,34.5503789999384
1196,bd6f290d-da16-4c7d-9471-351e38345349,202,,23.92025723400002,23.939593408999826,19.336174999807554
1197,b326ea08-bfbd-45da-a90c-5f55bea4a4e4,202,,23.940227727999627,23.95818805099998,17.96032300035222
1198,1f9a7c74-e82f-4031-ad38-7f305cbe3e05,202,,23.960238473999652,23.978507809999883,18.269336000230396
1199,43d1d41e-ccfb-4f36-a51c-471315c778c4,202,,23.98014646499996,23.993061360999945,12.914895999983855
1200,b145d999-9598-47df-a88f-5564b46a06eb,202,,24.00161794099995,24.02476028199999,23.14234100003887
1201,a3efa854-6308-45b5-b172-0dfc68ed6a75,202,,24.020208958999774,24.033984099999998,13.775141000223812
1202,54dd7966-5c8a-4dab-881f-34282ff8c1a4,202,,24.040209953999693,24.06322137199959,23.011417999896366
1203,b7c7f95c-852c-4f57-b13a-0d39875bc912,202,,24.060566256999664,24.079434536000008,18.868279000344046
1204,0fa5134b-bd68-45a1-86e2-305a2fdfd5ae,202,,24.080257863999577,24.094353018999755,14.095155000177328
1205,5a97a2d7-575b-4e8e-bba7-8fb6bd31ac9e,202,,24.100258692999887,24.115429769000002,15.171076000115136
1206,5769f435-a6f3-4e2f-907e-dcc991a49d2c,202,,24.120239436999782,24.13565110799982,15.41167100003804
1207,aff0c0e5-3887-49e5-bf88-2daadd975e7e,202,,24.140226806999635,24.158333261999815,18.106455000179267
1208,546f7b61-f9d0-4a85-bf99-77293dbf3236,202,,24.16025992899995,24.18076569599998,20.505767000031483
1209,b02cada9-b0a9-4779-bbf5-c8bd0c0bde36,202,,24.18026917499992,24.193665757999952,13.39658300003066
1210,f301bbad-1ca2-4c9d-be97-ce9521802b7a,202,,24.200169665999965,24.217023940999752,16.854274999786867
1211,198017ee-cb8d-43fb-b55a-970a8d4dc479,202,,24.220188869999674,24.24574998299977,25.561113000094338
1212,8c85195d-abe5-4467-84c5-1682d24bd3e0,202,,24.240223950999734,24.260923767999884,20.69981700014978
1213,db15d5d2-d995-48d1-b8c0-d7f3fa2ff302,202,,24.26033274199972,24.30184263199999,41.50989000027039
1214,c903655e-39f1-4b84-a55b-987c08c846f0,202,,24.280422491999616,24.339422309999918,58.999818000302184
1215,d62f426b-a7e0-4e11-92df-ce819d0e40e0,202,,24.30099905399993,24.342971880999812,41.97282699988136
1216,42cb4c9d-f6a4-408c-ab8b-6137a8ed892b,202,,24.32232189899969,24.353236618999745,30.91472000005524
1217,ee5364ad-6fbe-4ddd-8d96-77b470e28bf6,202,,24.340219260999675,24.365011922999656,24.792661999981647
1218,0f202ca0-90de-4156-bfb8-e363d87e42ed,202,,24.36060914799964,24.380659895999997,20.050748000358
1219,19c23667-81a1-417d-9114-589f84eeb6b7,202,,24.38072831599993,24.397847893999824,17.1195779998925
1220,0f34a11f-1d3d-4a46-a040-6cbfe615301e,202,,24.400228497999706,24.419416498999908,19.188001000202348
1221,9cfbbeca-d916-4567-9666-9bf99be0de9d,202,,24.420274369999788,24.43282816599958,12.553795999792783
1222,7e625b35-cda2-473e-8fac-1aba63c14930,202,,24.44028619899973,24.452835411999786,12.549213000056625
1223,f4678d1c-a702-48c9-9405-e67b65a76cec,202,,24.460250234999876,24.47138863600003,11.138401000152953
1224,83c00e63-9754-4a24-84b3-4c39b58d6276,202,,24.481225313999857,24.492663853999602,11.438539999744535
1225,35945e0b-3e5a-40d6-af91-accdd043b021,202,,24.50063636699997,24.51262313899997,11.986772000000201
1226,981fa987-24ca-47d3-ac9a-7753ff0beca0,202,,24.520971876999738,24.53447688199958,13.50500499984264
1227,08d2f67b-bd51-4d2b-8883-c1e899df506c,202,,24.540287092999733,24.55291618399997,12.629091000235348
1228,016335ea-19db-438d-80f2-9305e81a84b9,202,,24.561919535000015,24.57315777399981,11.238238999794703
1229,68aad5f9-9a6a-43ff-8b7d-194fe314b8db,202,,24.580736936999983,24.59188162999999,11.144693000005645
1230,5e216de6-7204-467b-b90a-438ef1cc1e5b,202,,24.60021265899968,24.612935337999716,12.722679000034987
1231,222cfc5a-fce1-464e-aef9-52c33fec676e,202,,24.620776637999825,24.63647315399976,15.69651599993449
1232,e82bc4f6-4532-4d1d-be25-e1e51394b0ef,202,,24.640239109999584,24.651692316999743,11.453207000158727
1233,e5caec2e-7474-47fc-a907-07e2b6487132,202,,24.660220270999616,24.673518474999582,13.298203999966063
1234,14761b60-86f9-4dc6-a488-b3d7ccb31687,202,,24.68022659999997,24.694495887999892,14.269287999923108
1235,0b62467b-da6f-4a5c-9851-e9e8f06d0628,202,,24.70192204399973,24.71583042999964,13.908385999911843
1236,21064b34-0753-4325-9cbf-9ad7ad500c97,202,,24.720268327999747,24.732831988999806,12.563661000058346
1237,81c98d9d-2cce-4911-b0df-a86d0efc9e27,202,,24.74021330300002,24.755013684999994,14.800381999975798
1238,a869706c-5705-4474-8ddd-fdcd029fe30f,202,,24.760197571999925,24.774132082999586,13.934510999661143
1239,0397a9ec-d7b3-482d-afb5-bf5c1fbc0934,202,,24.78044760199964,24.797373365999647,16.925764000006893
1240,ebcdfc4c-8dfe-437b-bf5a-eed466ab00d4,202,,24.800221486999817,24.814293420000013,14.071933000195713
1241,d5c7ee04-9349-42e3-89f4-491cb5200d17,202,,24.820227756999884,24.831946131999757,11.718374999873049
1242,4ebf03f5-b261-464e-9fee-de08910ac3f5,202,,24.840267944999596,24.855487093999727,15.219149000131438
1243,80992dc3-e63a-4e67-b368-86a4b2d7f39d,202,,24.860547433999727,24.87865120599963,18.103771999903984
1244,ff25e5ed-b331-4834-8519-197400efb644,202,,24.88052199399999,24.945559517999754,65.03752399976293
1245,7b50703f-b310-479c-a9d9-a09bd542f397,202,,24.900825984999756,24.96624327399968,65.4172889999245
1246,6005feeb-ab4e-40d3-b28a-638678b228ed,202,,24.920934508999835,25.00560791099997,84.67340200013496
1247,72ec037c-4852-4a6a-890d-cf8f63c0de5a,202,,24.940815898999972,25.019118861999686,78.30296299971451
1248,d8100441-83a1-4803-9eba-67b06b2ab42b,202,,24.96093234,25.02870527099958,67.77293099958115
1249,31c3877a-a271-46b2-a99b-b9af5481b9a5,202,,24.981863231999796,25.037766656999793,55.90342499999679
1250,82d816e0-e8ac-4bdb-a853-b4e9da90b519,202,,25.001162221999948,25.057237862999955,56.075641000006726
1251,824b55f9-1e02-44db-93ca-02249f66db28,202,,25.021808184999827,25.057389493999835,35.58130900000833
1252,a0f0887f-ead3-4558-9818-26efc4ae861a,202,,25.04033701699973,25.07317633399998,32.83931700025278
1253,7ec8ffce-7eaa-44bc-a83d-5522a2d0799d,202,,25.060905226999694,25.080824659999962,19.919433000268327
1254,b1c14b51-6955-4e4d-ba43-9e617e126ac7,202,,25.080325054999776,25.099000143000012,18.67508800023643
1255,78fd160c-e6fc-4cf0-b8c7-10f6794fbb47,202,,25.10017281799992,25.114180956999917,14.008138999997755
1256,4a5229ec-b3b4-44b1-981e-718d33537dcc,202,,25.12028217599982,25.139435825999954,19.153650000134803
1257,0bd0f7eb-7135-4878-a38c-974c02242e9b,202,,25.140262902999893,25.157793066999602,17.530163999708748
1258,72e4176e-24bc-45e2-93d8-d5537f2ae858,202,,25.16017637699997,25.18282692599996,22.65054899999086
1259,132e982d-fd1f-449e-87ac-76a72e7151f2,202,,25.18335015699995,25.23021169599997,46.86153900001955
1260,023951ac-38e3-46aa-a370-4c9fcfcc6929,202,,25.200939614999697,25.236196451999604,35.25683699990623
1261,4e42d5e6-a0e5-45a0-b1b1-c3165b68a2c5,202,,25.222745377999672,25.250117753999803,27.372376000130316
1262,60d6bc79-a7a8-4d6c-bafc-dbb6e189982b,202,,25.240536511999835,25.27333070199984,32.794190000004164
1263,64f6ced7-fa6f-4294-a1fc-50b550b5dfcc,202,,25.260804000999997,25.291393888999664,30.589887999667553
1264,f5dd8e2a-4c1e-4f15-8c88-a275006ce1c2,202,,25.280250621999585,25.301639908999732,21.389287000147306
1265,f64ac189-d54f-4465-ac2b-67d31d5dc45d,202,,25.300230431999807,25.31424686299988,14.016431000072771
1266,4bb53bdd-2be8-4147-b6ce-3b7634191dbc,202,,25.320268660999773,25.333690233999732,13.421572999959608
1267,f81a5bde-6f75-4e78-8512-a5c2d65babf2,202,,25.340303348999896,25.354227442999672,13.924093999776233
1268,bf05da1e-463c-4fe2-886a-4deed8ac13a0,202,,25.360244615999818,25.37847493499976,18.23031899994021
1269,a5d654ad-93e6-465f-9f25-4108aa40b0a9,202,,25.382048337000015,25.41988374199991,37.83540499989613
1270,a22cf1e5-2b33-4cc7-97da-e9b061f9d1bb,202,,25.400329908000003,25.426212094999755,25.882186999751866
1271,1290df6b-64a3-448a-b8a6-9d5e4dce4f58,202,,25.420414180999614,25.43682642299973,16.41224200011493
1272,449c4c5a-411a-4dc7-96f4-8d3736ae2ee8,202,,25.44026531999998,25.460174042999824,19.90872299984403
1273,6ebf7617-faaa-494e-bb7b-402cd8e3f3f6,202,,25.460306256999957,25.47691684099982,16.610583999863593
1274,f3e3b8f7-f249-487f-b70b-5a102fb35dd4,202,,25.480308109999896,25.501150915999915,20.842806000018754
1275,79c92ac3-8790-4dde-b922-23959a7f56c6,202,,25.500400634000016,25.522200729999895,21.800095999878977
1276,d872de9c-e644-4208-89d7-0d36aa8f8605,202,,25.52111689200001,25.542224708999584,21.107816999574425
1277,3b111c3d-d67f-447c-a7b4-9f6cb850c231,202,,25.541801023999597,25.581609345999823,39.808322000226326
1278,6b02eb80-1287-4e16-aa20-8df931d4e7e0,202,,25.560392649999812,25.588323090999893,27.930441000080464
1279,1e5262b0-d415-46e6-8dd6-c05f6abe94ba,202,,25.58019066099996,25.59727422299966,17.08356199969785
1280,77b596ef-c5d0-4059-b1bf-decf641d463a,202,,25.60067428399998,25.610982639999747,10.308355999768537
1281,a9250cc3-4086-4fff-843e-36725c4ddb36,202,,25.620544339999924,25.631130457999916,10.586117999991984
1282,4fc2b67b-f814-434f-a24e-2dc983e8e49e,202,,25.640200427999844,25.650381278999703,10.180850999859103
1283,7446018a-a087-481b-9be8-93010486d8b0,202,,25.662729513999693,25.675805113000024,13.07559900033084
1284,f6eacc36-fb2d-4480-91af-e200d2298e35,202,,25.680242884999643,25.69086600499986,10.623120000218478
1285,36e31d2e-2393-4c68-af71-cbe062c36c81,202,,25.700231945999803,25.711608214999615,11.376268999811145
1286,9db350cc-f0d2-4c7b-b125-681d3ef460c0,202,,25.72097818999964,25.732146863999787,11.168674000145984
1287,6c0e54aa-c7ca-491a-ac96-1d2546846536,202,,25.740268202999687,25.751900938999825,11.632736000137811
1288,a8ef5b37-389d-4342-a814-a4013573c9f2,202,,25.76171651599998,25.794484842999736,32.768326999757846
1289,67e4bf80-0327-41a9-88b3-39ad065f94db,202,,25.78136146099996,25.803495343999657,22.133882999696652
1290,5bf17de3-6c27-45cb-93df-b27486a88a30,202,,25.800198372999603,25.815149496999766,14.951124000162963
1291,8894b119-bb50-4a09-965b-04ed45012296,202,,25.820213791999777,25.841865196999606,21.651404999829538
1292,639050db-4dad-47c9-887e-d492890a8799,202,,25.84127933899981,25.8710992919996,29.819952999787347
1293,6210be2c-982f-4cc0-a40d-aa1ed3043fe0,202,,25.86032371700003,25.8846839429998,24.3602259997715
1294,22e179a4-188e-4565-be11-c548a3f10e66,202,,25.880215922999923,25.903033083999617,22.817160999693442
1295,77ee1fbd-a519-4a3e-b059-63d96a93ec77,202,,25.90030501199999,25.91931313899977,19.00812699977905
1296,4da8f2b7-e2d3-4e95-aad5-a120c49f2a7f,202,,25.920276137999736,25.93874970099978,18.473563000043214
1297,3d71dbe8-6c0c-464d-9b63-876dabf3b329,202,,25.940256138999757,25.954725534999852,14.469396000095003
1298,bd458f3f-42c2-4b26-9159-c2f2798449ad,202,,25.960174053999708,25.98381183299989,23.63777900018249
1299,42fdd1bb-1161-47e7-a96d-33f7d8db6343,202,,25.980740079999578,26.009036302999903,28.29622300032497
1300,a54a6e61-f816-4928-89c1-e9e85055c21b,202,,26.000484028999836,26.03144598899962,30.961959999785904
1301,4d02905b-c7a8-4abe-b1db-9b26a9712166,202,,26.020255104999706,26.046026930999687,25.771825999981957
1302,3b4fa0bb-4cd3-4e75-94df-17a79bc21450,202,,26.040258231999815,26.063886636000007,23.62840400019195
1303,88289fba-b458-4a63-b108-fef3c6c63fae,202,,26.060334570999657,26.10054133299991,40.20676200025264
1304,c55cce18-2e74-4d58-9c98-8131512ecd0c,202,,26.080199441999866,26.114617587999874,34.418146000007255
1305,7451b47a-9c89-47e0-82d4-460c87383d75,202,,26.100707214999602,26.128480749999653,27.773535000051197
1306,0b006705-f5ff-4d2a-9346-a2dea1f81778,202,,26.121768677999626,26.173550465999597,51.78178799997113
1307,d657e3d9-6d20-4ad7-b3f5-e4d244760b1e,202,,26.140250157999617,26.177732598999683,37.48244100006559
1308,9fbf396e-840b-48ac-9c79-c8e83cea47c7,202,,26.163768849000007,26.192679013999623,28.910164999615517
1309,bbe8fa72-7bae-43f3-8a4d-3165d58c4a34,202,,26.180576175999704,26.539157150999927,358.5809750002227
1310,8e62b3e7-217d-48d6-b0d9-7f05355d23eb,202,,26.200355001999924,26.543559834999996,343.20483300007254
1311,474dd2f9-d75e-4395-b583-b79ec5fc4122,202,,26.2289266949997,26.5677527619996,338.8260669998999
1312,4c2beaa1-327c-4900-8903-2293ae9da404,202,,26.244354547999592,26.55642078899973,312.0662410001387
1313,7a65649e-be0f-4785-b213-5b374c4921d5,202,,26.270662854999955,26.57574638799997,305.08353300001545
1314,40c743f2-248d-4318-93b2-2e648a6b3b18,202,,26.285056871999586,26.58482105799976,299.76418600017496
1315,9913dad6-c2d0-4dbb-a3ea-e94681661ff1,202,,26.30630046799979,26.59382743499964,287.5269669998488
1316,79f68235-a69a-4346-964c-25ffd5b98c65,202,,26.32467777699958,26.610988150999674,286.3103740000952
1317,ed4537d8-6174-4336-b482-fa81adb94152,202,,26.340233677000015,26.61571293199995,275.47925499993653
1318,5699d322-b828-4bfc-a5f6-cbc729f2243b,202,,26.360208885999782,26.627739183999893,267.53029800011063
1319,510b92f9-35d8-4d1f-b65a-1748f9d68ee9,202,,26.380315850999978,26.630717016999824,250.40116599984685
1320,b359873d-3bef-4932-88a2-d48892241281,202,,26.400270475999605,26.63647604899961,236.20557300000655
1321,0f1cc5b5-e593-4d30-bcb0-b331039d41d1,202,,26.429022927000005,26.637495341999966,208.47241499996017
1322,8da00398-b3cf-4d8f-bfce-94f22291fb99,202,,26.650439173999985,26.70096703399986,50.527859999874636
1323,69b1a586-0bcb-43fc-bdea-b3d28990b3ec,202,,26.649784521999663,26.749336930000027,99.55240800036336
1324,d3815cee-450b-456d-bd5c-72ead6ed2c43,202,,26.650650140999915,26.697960033999607,47.30989299969224
1325,b58fd009-59da-4b68-9333-11708d9dec99,202,,26.64986769199959,26.73380996199967,83.94227000007959
1326,4d79cee6-0090-41e5-990f-4e6eb3757c82,202,,26.650497842999812,26.738518945999658,88.02110299984633
1327,2f8eed5f-33a9-4594-bd68-fcc21b469b5f,202,,26.650195913999596,26.74359969599982,93.40378200022315
1328,7c0fa884-3b87-4087-986c-645ddd82868c,202,,26.649996904999625,26.701096623000012,51.09971800038693
1329,25d9c578-6093-41b1-96b2-6195566b9792,202,,26.650107076999575,26.72537115899968,75.26408200010337
1330,6acc86ad-fb75-4f33-b25c-c1bdc2bef143,202,,26.650384754999777,26.75491803399973,104.53327899995202
1331,ffa8cc96-6cc5-4495-9586-09f3af2d161a,202,,26.650262540999847,26.716051068999604,65.7885279997572
1332,efdc31df-14b6-4679-9e6d-afa5ae8ad6c3,202,,26.64967118300001,26.68119629199964,31.525108999630902
1333,0843cb2d-9d57-4279-8955-14f96fc0aa65,202,,26.661515719999898,26.710892149999836,49.37642999993841
1334,47dfdd69-c526-4f81-8c90-ec21a1aab4db,202,,26.680979823999678,26.760096036999585,79.11621299990657
1335,4cf3d29f-f589-48be-97bd-bfdf018e5b5f,202,,26.700210710999727,26.771719303999816,71.5085930000896
1336,d14f6b5d-1868-4a7d-9c7f-2f9c5ed62f56,202,,26.720644548999644,26.77664475499978,56.00020600013522
1337,9eaa1641-574b-4fb3-8929-4beda4032bfb,202,,26.740224890999798,26.779087229999732,38.862338999933854
1338,a8cc5c12-62cd-4f22-a532-cb3c2769b373,202,,26.76028962800001,26.788875088999703,28.58546099969317
1339,f97ba02c-ed62-4931-ad58-e33f7f84f155,202,,26.780313405000015,26.792872001999967,12.558596999951988
1340,5fc1a60b-49a0-4f39-8a52-a8e9bea0942e,202,,26.800227636999807,26.825957813999594,25.730176999786636
1341,707f45a4-9269-4846-913b-005440520d94,202,,26.82068438999977,26.839528618999793,18.844229000023915
1342,d855f1b0-9352-4441-8525-847e5f414f16,202,,26.840242230999593,26.853323890999945,13.081660000352713
1343,29a30189-ea22-48ae-b829-e8ff86e29047,202,,26.860274299999674,26.87289444199996,12.62014200028716
1344,00ec5dd4-36b6-45d0-89a7-8334624848e2,202,,26.88016853099998,26.914181296999686,34.01276599970515
1345,88e5a3d5-de37-4d35-907b-6a913016095a,202,,26.904420730999846,26.93440904099998,29.988310000135243
1346,756f82e8-6da0-4b5d-b913-bce036e4ccf1,202,,26.9203241729997,26.940112481999677,19.788308999977744
1347,ce277909-ed5d-4293-ab8d-726b16ed075d,202,,26.94023586200001,26.953287853999882,13.05199199987328
1348,b01eb59e-d10e-4d6e-80e5-a59dfc1690e4,202,,26.96018138599993,26.976798648999647,16.61726299971633
1349,62875b3d-c6eb-418c-9d3f-e3bcfde70572,202,,26.980179953999595,26.994129316,13.949362000403198
1350,1ad8bd41-e500-4ba6-9535-c58a155bb044,202,,27.00019798099993,27.018208508999578,18.01052799964964
1351,a3e9dd07-367e-4928-a94b-d14f5c10eed7,202,,27.020329428999958,27.044348244999583,24.018815999625076
1352,bf4b120e-8eb2-45de-af68-0b822ce23eb7,202,,27.04024157699996,27.07311704599988,32.87546899991867
1353,72d267a4-0db5-4417-84f3-78ad61e7efda,202,,27.060483779999686,27.099762843999997,39.27906400031134
1354,6cc5e0bb-7cd7-4f40-b974-d8e61e3ae37f,202,,27.08017779299962,27.104533247999825,24.35545500020453
1355,db9c7ffe-abe1-4d2c-a622-9e4fa2980ec4,202,,27.100273614999878,27.116737038999872,16.46342399999412
1356,08788d39-c2c8-44d1-b685-425d20a6ec59,202,,27.120348977999583,27.14143600699981,21.08702900022763
1357,f4d5083d-1804-47f1-8331-211ee96a9a7a,202,,27.140240665999954,27.1556703389997,15.42967299974407
1358,fe009e09-1f5b-4c8b-b937-f16e03fc7f6e,202,,27.160217774999637,27.174145052999847,13.927278000210208
1359,63bc55b0-1762-42a3-8aad-6be52545af78,202,,27.180190966999817,27.19346067599963,13.269708999814611
1360,453db610-a0e7-4c2b-a102-f4aae54fc1b8,202,,27.20019803499963,27.220139475999986,19.941441000355553
1361,483ea4e7-c90b-4895-80d4-f4d3e09bf3e0,202,,27.220845920999636,27.24735117199998,26.505251000344288
1362,33adedae-f341-4211-a4cc-503e372c843a,202,,27.24157372699983,27.28430564099972,42.73191399988718
1363,080cf06e-1f1b-455e-bbf1-d206f747543b,202,,27.26048900099977,27.317053147000024,56.56414600025528
1364,78c5ff25-66a9-40a3-94d0-9b4fe524a3bb,202,,27.280407274000027,27.35327733699978,72.87006299975474
1365,87c46ba1-a5d7-42ee-996a-eec7dd21e659,202,,27.30024808500002,27.39381461999983,93.56653499980894
1366,a226b65e-f8a0-461f-a3b8-264cfa5ea823,202,,27.322550788999706,27.414164410000012,91.61362100030601
1367,f54d664f-ab5b-4a91-8f7f-e9058e150fca,202,,27.340247303999604,27.414966359999653,74.71905600004902
1368,1b9929c8-8ce5-420c-a66d-108c9ee08c50,202,,27.36022345399988,27.435614411999723,75.39095799984352
1369,42ac774d-8233-4326-b02c-1966d815a65f,202,,27.384668870999576,27.42502093799976,40.35206700018534
1370,a8e6bfa3-2aee-485a-bb5a-7ddd5f618ff0,202,,27.40183953099995,27.445304724999914,43.46519399996396
1371,035258d5-82bc-45a4-b670-fdb0c9544878,202,,27.420378288999927,27.45361168999989,33.233400999961304
1372,50ba2eda-e692-4858-ae62-96efc3d97972,202,,27.441852625999672,27.461349589999827,19.49696400015455
1373,00c65f84-e654-4f91-a223-b3813b686674,202,,27.460571390999576,27.4758185149999,15.24712400032513
1374,1996b3f0-ccf7-4a22-9762-c145a6c3ee59,202,,27.480185651999818,27.496674117999646,16.488465999827895
1375,628512ab-92f2-46c4-8739-9114e64fd521,202,,27.500383060999866,27.513938656999926,13.555596000060177
1376,285fe816-e931-4031-ba1c-68e5ffc8b385,202,,27.52021991399988,27.53471746499963,14.497550999749365
1377,051602d8-9329-41cf-90ae-0769bf5aeda6,202,,27.540277192999838,27.564451597999778,24.174404999939725
1378,0cd9712c-ea33-4d34-ad12-33ff0a8041dc,202,,27.561395139999604,27.58011598899975,18.7208490001467
1379,0681cae7-3503-4bec-bd1b-8f22539246b9,202,,27.58026082799961,27.59691009199969,16.64926400007971
1380,e80c77c5-0716-4864-a7ea-66c95cfa1edd,202,,27.60025072899998,27.61060994399986,10.35921499988035
1381,eabbcaf9-7497-40e4-ab65-6f0cd8c52d60,202,,27.620301173999906,27.631207035999978,10.905862000072375
1382,980a6b26-45ed-4ac8-9f32-8abe1fed174e,202,,27.640959892999945,27.65406680399974,13.106910999795218
1383,42a5480d-4eae-4cfa-982c-bb5b1106980d,202,,27.660210555999583,27.67270927499976,12.498719000177516
1384,df74c41b-10f5-4fa4-8f55-a9f7897f0d8f,202,,27.68025549999993,27.691294701999595,11.039201999665238
1385,d07b7f7d-e5f2-42ae-b4bb-f04540abc16c,202,,27.700211816999854,27.711714778999976,11.502962000122352
1386,646f51ed-61aa-468f-8110-9ccb5000993d,202,,27.7202346199997,27.7317633319999,11.528712000199448
1387,45d5ac75-f93b-4041-8fca-1cb5c6c7630a,202,,27.740241879999758,27.751378158999614,11.136278999856586
1388,f365bd30-6af4-441a-8892-daeeb1d89343,202,,27.76055852599984,27.771600467999633,11.04194199979247
1389,85787b73-659f-4587-bc6b-c4eaa32a57e7,202,,27.78030485799991,27.79180906900001,11.50421100010135
1390,eefe65b6-a6d9-4eca-a01e-44ed43980cd2,202,,27.80097285199963,27.81171515799997,10.74230600033843
1391,52a7a88a-768f-40dd-8832-e003a260e097,202,,27.820980986999984,27.841022663999865,20.04167699988102
1392,5d4b23d5-3c04-4182-8b77-f39ecaf10e44,202,,27.840812405999714,27.857468113999857,16.65570800014393
1393,2ce76425-1243-46a5-bff2-fd46c14e5975,202,,27.860559029999877,27.878257820999806,17.69879099992977
1394,b1391f8e-27cb-4a79-9b31-aa16cc021cf1,202,,27.880179856999803,27.896035949999714,15.856092999911198
1395,edccf4de-d346-4f36-a280-4762994490ac,202,,27.90017111499992,27.91527013699988,15.099021999958495
1396,ec0072bd-3f6d-488f-a45a-72012568fb66,202,,27.920282461999705,27.934980216999975,14.697755000270263
1397,c749425e-f11b-4302-9079-69b4c7932ebf,202,,27.940316014000018,27.9573523629997,17.03634899968165
1398,5e4906eb-7ee4-46b7-9374-01a7fbdb16f5,202,,27.96017964299972,27.97232579599995,12.146153000230697
1399,309a23da-050f-43c3-b8f2-04a10f80396b,202,,27.980191443999956,27.996948447999785,16.757003999828157
1400,252ab548-2db0-42f6-bfc1-a6904b71eb94,202,,28.000179618999937,28.01408817599986,13.908556999922439
1401,cd6b22f0-a9f6-4a17-ba98-77c105b4a8f0,202,,28.02023075499983,28.03542402999983,15.19327500000145
1402,374435da-cc87-43dd-b70e-d418a9f664af,202,,28.040259139999762,28.052095196999744,11.836056999982247
1403,7e5f0c7e-783f-413c-9604-09cf4d0edbd0,202,,28.06030073399961,28.082394743999885,22.094010000273556
1404,c2a3b323-e28a-45fe-8380-9a1f1cb3cf39,202,,28.080222239999785,28.099577389999922,19.355150000137655
1405,59ac334f-c4b8-4430-9d56-eb920a64cb18,202,,28.100255916999686,28.114496445999976,14.240529000289825
1406,55527760-7503-41d8-8981-f02e37f6aa3f,202,,28.120221715999833,28.13313139999991,12.909684000078414
1407,4e320571-7601-481f-81d1-e8103b3730f9,202,,28.140177473999756,28.153065655999853,12.888182000097004
1408,6f7f01fa-78dd-446b-a26b-a5f77afd02e8,202,,28.160445284999696,28.17453389100001,14.08860600031403
1409,25459a8a-e51c-4875-85a3-9e3817cc4d8b,202,,28.180189575999975,28.19345627299981,13.266696999835403
1410,eda06bd2-60fd-4719-9218-1b7c23d94937,202,,28.20017866699982,28.213181521000024,13.002854000205843
1411,71a7100a-c83a-4b98-822e-d20a2650eeab,202,,28.220213302999582,28.233077609999782,12.864307000199915
1412,67e7c7a2-a893-4486-b91c-1fcc74806634,202,,28.24018176899972,28.268868958999974,28.687190000255214
1413,24b20b89-4967-42c5-817b-7e8645e864ef,202,,28.260189861999606,28.277934696999637,17.744835000030434
1414,0fa77669-179b-4976-8d6d-5ae33fb6964f,202,,28.280260956999882,28.29444227399972,14.1813169998386
1415,70e7ea0d-2150-44ca-9bf3-3bd68b13d1f5,202,,28.30017846199962,28.31581546299958,15.637000999959128
1416,82190655-f6db-4047-a041-2f52dbdc31a5,202,,28.320216347999576,28.340668166999876,20.45181900030002
1417,98095229-6035-4280-b75b-6824739ea3bd,202,,28.3404871179996,28.358798642999773,18.31152500017197
1418,ec9dbc98-f5fd-4286-9371-72ebc592fe8b,202,,28.36028003499996,28.37668073299983,16.400697999870317
1419,6063d4e1-706e-4668-98ac-cbd9b868cbc3,202,,28.380292835999626,28.42341968799974,43.12685200011401
1420,cd955ba7-7263-4bd6-a19e-0a6fd87c38ca,202,,28.402607354999873,28.423175969999647,20.56861499977458
1421,eb7cf3ed-d282-49b3-9e21-d862e039a137,202,,28.420234268999593,28.43289006699979,12.655798000196228
1422,eca62b07-f634-467b-95db-e3baf43fc161,202,,28.44025215299962,28.451038001999677,10.785849000058079
1423,42056994-7f01-4d04-9f5b-0eeafe6265c2,202,,28.46021861899999,28.470660370999667,10.441751999678672
1424,f3fd7989-12e5-4e80-a727-367db2af64f1,202,,28.48053464099985,28.49125398699971,10.719345999859797
1425,948f7580-52dd-4c21-b501-bb497ef7929b,202,,28.500681238999732,28.512586715999987,11.905477000254905
1426,ba61c19c-1918-432a-a370-9ec18fdee3c4,202,,28.520209103999605,28.53133792499966,11.128821000056632
1427,898d043c-3d90-4250-8a74-e69829007e5c,202,,28.540211613999872,28.55056361099969,10.351996999816038
1428,e115d9cf-39da-41ea-93fe-f346d49db6fa,202,,28.560246123999605,28.570703917999708,10.457794000103604
1429,7fb13483-d560-48ea-ab8d-78957ab957c2,202,,28.581571643999723,28.593129273999693,11.557629999970231
1430,437e4205-f56c-4098-8cf4-7e15a7284842,202,,28.60049140199999,28.611392254999828,10.900852999839117
1431,eb494408-5064-4ee3-974c-68665d20c4a6,202,,28.620759754999654,28.635845441999663,15.085687000009784
1432,603b08d6-c268-4dd1-9c9d-349244c3d77d,202,,28.640503044999605,28.652399770999637,11.896726000031776
1433,fd3c0c3b-c0b6-4f89-8e85-2426daa35059,202,,28.66084840099984,28.672541452999667,11.69305199982773
1434,3c7c8f64-3b90-4196-9c98-34fdcb9423c5,202,,28.680473186999734,28.691298578999977,10.825392000242573
1435,0e404111-c0a4-4234-baba-e03e4268307f,202,,28.70116168200002,28.712021900999844,10.8602189998237
1436,75c2c4de-47d4-423a-82b5-34c3decb9351,202,,28.721012127999984,28.73234502999958,11.332901999594469
1437,0fe5e554-914a-4509-90da-da50ff11c72c,202,,28.741218752999885,28.75391287499997,12.694122000084462
1438,a829858b-df25-44d1-89cf-84d7e973f885,202,,28.760940983999717,28.771496813999875,10.555830000157584
1439,e4bff10a-98ec-43cb-b61f-d832f1f9c809,202,,28.780208238999876,28.7915509329996,11.342693999722542
1440,5150df83-4e1b-4dd3-a990-116e7abacef8,202,,28.80124914599992,28.811942273999648,10.693127999729768
1441,01e7777d-97cb-481e-a022-63cc9737752a,202,,28.820269057999667,28.835875377999855,15.606320000188134
1442,9489ec94-157f-4079-a8d6-2c59fa934879,202,,28.840199463999852,28.850993387000017,10.793923000164796
1443,bbc30cc1-1301-4206-9cdc-7f4538f37af5,202,,28.860227206999753,28.883985137999844,23.757931000091048
1444,56c2c57a-ed6d-4458-86d9-d938597a278c,202,,28.88024111599998,28.920346228999733,40.105112999754056
1445,2c03007b-bdac-4b45-bcc6-01029ad91919,202,,28.902601866999703,28.94119458799969,38.59272099998634
1446,28755ee6-64c5-4df8-8c98-a488c3f90383,202,,28.92093187699993,28.952267396000025,31.33551900009479
1447,5724ca90-f847-448e-91c3-1ef80890fab2,202,,28.94189057299991,28.96633719800002,24.446625000109634
1448,e6ef746e-9008-4b78-bfac-def962e095e6,202,,28.962698887999977,28.984103518999746,21.404630999768415
1449,b6135f09-4365-4267-98fb-1cfe1098fadd,202,,28.98023995099993,29.000529203999577,20.289252999646123
1450,97ee07ac-7ac8-4189-a159-82536f7e7a20,202,,29.000214732999666,29.01701405799986,16.799325000192766
1451,11d99254-08ac-4485-84f9-9a509ea5a14d,202,,29.020326437999756,29.050441658999716,30.115220999960002
1452,5d88685f-c24e-4ffc-8be4-1cfcd1fbc249,202,,29.040541395999753,29.06135162800001,20.81023200025811
1453,b0025f12-9890-474c-9630-d2116de2a9e0,202,,29.06028658699961,29.075621728999977,15.335142000367341
1454,0556a4f3-5ddf-43e6-8a8a-3f073a0da1a4,202,,29.080272285999854,29.09483085699958,14.558570999724907
1455,47ea89f0-3325-4c0c-bf69-5b1e524cc61f,202,,29.100269486999878,29.117462326999885,17.19284000000698
1456,039a0283-153b-44ff-a67b-6087fd772a73,202,,29.12045206899984,29.142035289999967,21.583221000128106
1457,9ca90e8a-9edb-4472-a4ea-c1d13dcf976d,202,,29.14019213399979,29.153466236999975,13.274103000185278
1458,edf4d5da-ce6c-4cae-86dd-98736f36a803,202,,29.16029796299972,29.173991249999744,13.693287000023702
1459,35fd2a0c-ca56-4749-aa18-1011bf3ccceb,202,,29.180263578999984,29.19773817999976,17.474600999776158
1460,53dd23e5-1d3b-4be3-81d5-6da2f46080b2,202,,29.200178108999808,29.21718110899974,17.00299999993149
1461,b9a4d2c9-2fb2-4b84-845c-bb6a4228cbfc,202,,29.22030681399974,29.232839804999912,12.532991000171023
1462,6a15d9a4-4b88-4587-9611-e1de97188f11,202,,29.2401927599999,29.25343752899971,13.24476899981164
1463,b05aa5f1-7008-439c-b0b8-cd688d43818e,202,,29.26016383399974,29.27394129100003,13.77745700028754
1464,523ad1a7-860f-4cca-8f3d-7b65d42c57c1,202,,29.28042296099966,29.293646645999615,13.223684999957186
1465,8a4016a2-dcd8-4b62-b03b-c0f73732b3fc,202,,29.30017385999963,29.312685141999737,12.511282000104984
1466,c2a2dbe8-6798-446e-997e-dc3121e70a27,202,,29.320204186999945,29.337673537999763,17.469350999817834
1467,c66997a5-4ae2-4396-9862-1e7d923622bf,202,,29.340159676999974,29.357196468999973,17.036791999998968
1468,d34053b9-501b-459b-8d2f-bb5b8f7af551,202,,29.36059843599969,29.377013411999997,16.414976000305614
1469,977cc2be-176a-4dbb-9dba-1a6cb4fad7d0,202,,29.38017603599974,29.392608731999644,12.432695999905263
1470,03aaebad-5438-4a65-abf5-ca2ada033d80,202,,29.400238738999633,29.41603781599997,15.799077000338002
1471,58ff663f-6878-4f8e-9a9d-486516f119a4,202,,29.420291690999875,29.438041344999874,17.749653999999282
1472,22145037-8448-4e54-97f8-1fbff5a5a60b,202,,29.440241847999914,29.453558077999787,13.31622999987303
1473,89f92602-cdff-4db2-96d7-1d73e15dc80a,202,,29.46021000499968,29.471815376999984,11.60537200030376
1474,5eeae142-4acd-4794-810c-f1063872474c,202,,29.48018332899983,29.500031606999983,19.848278000154096
1475,d793cef1-5cb2-48e4-bcd3-23a48e0d8f97,202,,29.5001376109999,29.514877479999996,14.739869000095496
1476,d83d1382-ccae-4cae-8f0c-fefbe8838950,202,,29.52021714800003,29.530472965999707,10.255817999677674
1477,be4cc691-233e-4882-aa9f-43b4bc0bd12f,202,,29.540221889999884,29.55096981099996,10.747921000074712
1478,2137acab-e591-4cf2-ac00-8adb64c026dd,202,,29.560721734999788,29.571872546999657,11.150811999868893
1479,b0684f4b-beec-4abc-9301-9a59e26a7484,202,,29.580254083,29.592892411999856,12.63832899985573
1480,6bc70674-b44c-4fc9-9b56-ac5e3273ed1b,202,,29.600480083999628,29.611459138999635,10.979055000007065
1481,8722c711-489e-4741-a9cf-abe0eefe5e11,202,,29.620541661999596,29.635488705999705,14.9470440001096
1482,44b3e775-9658-4d2f-8c5e-0d8697b572e0,202,,29.64059073899989,29.654367819999607,13.777080999716418
1483,e3ad0560-eb40-4020-94b8-9b2b63153f70,202,,29.660912327000005,29.673502902999644,12.590575999638531
1484,868751d5-1f6c-41c3-b657-6d3b3b16010c,202,,29.680243625999992,29.698216704999595,17.973078999602876
1485,924d1682-e95b-4809-b247-0dee281e57d3,202,,29.700254950999806,29.72227046399985,22.01551300004212
1486,ef95813a-d7c9-4534-aed4-2c5dda6ef173,202,,29.7203483899998,29.733043459999863,12.695070000063424
1487,9b09f372-2f00-4ce8-bbaa-20bb66674aa6,202,,29.740230068999608,29.758044418999816,17.814350000207924
1488,afd4cc07-6fa8-4775-a036-2c40fdba59e8,202,,29.760690686999624,29.774264081999718,13.573395000094024
1489,5f6e8a18-d570-4994-9d6d-acb0a03e9baf,202,,29.78028297899982,29.79732192399979,17.038944999967498
1490,6fb8c26b-0256-4f8b-b537-76cddefb08d1,202,,29.80019103399991,29.813270743999965,13.079710000056366
1491,50057c1c-94c1-4499-906f-018bc7444b5a,202,,29.82117275499968,29.836451548999776,15.27879400009624
1492,cfd9204d-6d2f-4fbb-bb7a-13cadf49ac7c,202,,29.840240277999783,29.85528006200002,15.039784000236978
1493,865826ff-5381-4037-841c-afa0334ff297,202,,29.860464803000013,29.872390134999932,11.925331999918853
1494,a49c90cc-e875-4cd6-a535-6a11e485475e,202,,29.880246685999737,29.93757363299983,57.32694700009233
1495,e5d55437-c606-4f02-8e47-94101b3d0786,202,,29.900380582999787,29.945929536999756,45.548953999968944
1496,f776ddbf-930a-4457-8d96-359dc239e5e8,202,,29.9205541059996,29.95003831899976,29.484213000159798
1497,2c6ee60a-f49c-4a37-85e5-2215bcbd4dd7,202,,29.940819132999877,29.957547690999945,16.728558000068006
1498,ff6623c2-cba6-448c-9a29-3a524a362299,202,,29.960212917999797,29.974718264999865,14.505347000067559
1499,1e62bd08-a808-440b-83bf-0bfe9b486470,202,,29.98046056899966,29.996425972999987,15.965404000326089
1500,92933ebe-83ad-469d-9c63-06027e018f39,202,,30.000311912999678,30.023288834999676,22.976921999998012
1501,f2265b7d-e18d-4b00-bcbd-9acfe212216b,202,,30.022292796999864,30.04008506299988,17.792266000014934
1502,2afe0eb5-c029-47df-a253-c77ae8d8ee7f,202,,30.04029744599984,30.062067946999832,21.770500999991782
1503,41cec04b-fd1c-435f-b368-7dc81dd8349b,202,,30.060327504999805,30.083213591000003,22.886086000198702
1504,6b5bc371-d9b8-423e-97b4-b5dde5a8fd60,202,,30.080257976999746,30.09514996500002,14.89198800027225
1505,091b4d70-b0b5-4224-8869-8ad09075610a,202,,30.100237117999768,30.117852667999614,17.615549999845825
1506,c4edd6ad-7ee6-4189-bc89-07fba5975f73,202,,30.120182090999606,30.133217923999837,13.035833000230923
1507,3b61d22a-24e9-494a-b1a0-d78d942d758c,202,,30.14022731799969,30.1579932489999,17.76593100021273
1508,1fc35002-fe9f-4ae7-a8ca-13c6ac24ffcd,202,,30.1602043339999,30.204022345999874,43.81801199997426
1509,26fbec8a-88c5-4dbc-b062-8b83564f8db7,202,,30.180400773999736,30.235962070999904,55.56129700016754
1510,40582a57-9408-4d14-986b-28e820780781,202,,30.20073384499983,30.25088843399999,50.15458900015801
1511,9f891818-4110-4c1d-a02d-1ebdf50a7dac,202,,30.22052060399983,30.259694896999918,39.174293000087346
1512,1794b15e-1e1c-4dd5-a5d2-4d992053be8a,202,,30.24069537699961,30.332230385999992,91.53500900038125
1513,bd9c964b-7a06-4648-b7cf-7e0be48f72f3,202,,30.260392173999662,30.33853258599993,78.14041200026622
1514,b06aaf08-55bb-491f-a63c-7f32caaaa317,202,,30.280366063999736,30.382141548999698,101.77548499996192
1515,fa8088bf-f823-4fbb-aa4d-6df4a909eb33,202,,30.301955850000013,30.38498799099989,83.03214099987599
1516,06586dab-e4fa-486a-a5e6-261bfe44142c,202,,30.32100774699984,30.391471780999836,70.4640339999969
1517,5a2fe9fc-15f5-4f9e-a559-237d481659df,202,,30.340649332999874,30.417715703999875,77.0663710000008
1518,ec8964a7-23e5-4924-a9f1-903c45ccfcde,202,,30.36018562399977,30.415008767000018,54.82314300024882
1519,73723ccc-2b0d-4fdd-902e-fdf40f97e188,202,,30.381819369999903,30.43405562199996,52.23625200005699
1520,cc13d88c-08e1-448f-a7d1-fd2fa83e767c,202,,30.40016248999973,30.44201463499985,41.8521450001208
1521,b6ed4a65-94b6-42ed-82d5-d8a8c441f8f9,202,,30.420697567999923,30.453062933999718,32.36536599979445
1522,c41d0317-59d0-4708-a94b-d433fe859ab9,202,,30.442428900999857,30.460259959999803,17.831058999945526
1523,51aafc78-96fb-4667-86eb-726399533b92,202,,30.46041317399977,30.477341864999744,16.928690999975515
1524,24409177-765f-4d53-a421-9320fc561f50,202,,30.48086549999971,30.506394227999863,25.528728000153933
1525,cedf781a-6706-4ef7-be60-1fa3f912de5f,202,,30.502562289999787,30.539818383999773,37.25609399998575
1526,96cc092b-a028-4f9b-965e-d4e870a1d990,202,,30.5229532379999,30.556034588999864,33.08135099996434
1527,d7aa560d-d78b-4cfc-bff7-b41c6ba9de5a,202,,30.54043428299974,30.69007593499964,149.6416519999002
1528,1982e06e-bff4-40a3-98c5-928f6d045d1e,202,,30.560489468000014,30.815498689999913,255.00922199989873
1529,63744955-1723-41e4-85b7-5d0c014b0375,202,,30.582277969999723,30.782511161000002,200.23319100027948
1530,727f6294-b047-47b2-843b-aa00a7412f10,202,,30.601500206999845,30.7828161729999,181.3159660000565
1531,9bcecdea-7fb8-4ff8-a439-fdc0f1543c9c,202,,30.6207135679997,30.8040599269998,183.34635900009744
1532,5e0cd54a-078e-45c6-9e67-561eb12f8faf,202,,30.640326652999647,30.830536627999663,190.20997500001613
1533,7f0006bf-a9aa-4aeb-9b20-d0927907c8da,202,,30.660929234999912,30.864114886999687,203.18565199977456
1534,653af3fa-a520-4735-8461-a46e07242943,202,,30.68702048499972,30.853497030999733,166.4765460000126
1535,06f1b5e1-30a4-42db-a287-7d00f5421ef5,202,,30.702672125999925,30.876274550999824,173.60242499989909
1536,3df5cf7a-ebbc-4f95-a45d-131f5b670ff3,202,,30.722996513,30.89572482199992,172.72830899992186
1537,72077467-de99-4386-a807-b01952bbfc15,202,,30.741085567000027,30.968213080999703,227.127513999676
1538,1a3a2303-6660-4ed0-8c1f-d09537431623,202,,30.762184607999643,31.012073266999778,249.8886590001348
1539,1161f640-5931-4fb1-a4b3-f1e23f886cfd,202,,30.78206047799995,31.115668233999713,333.6077559997648
1540,e39bef24-6fa7-4a12-92e1-742e24630a3b,202,,30.800720635999824,31.161103812999954,360.3831770001307
1541,6fdfa4a7-96d6-43f3-8c86-fcf8acb1000e,202,,30.820545336999658,31.17796402799968,357.4186910000208
1542,2e3e9f78-bc2b-4eb8-8605-44e1825b6950,202,,30.84119398599978,31.205326469999818,364.13248400003795
1543,7f540c59-300a-4893-9be0-def7f39e4aae,202,,30.860323911999785,31.219205116000012,358.8812040002267
1544,7180dc72-5137-4eb7-8b95-c9ed9de34f47,202,,30.880216365999786,31.26866405299961,388.44768699982524
1545,69c8d139-a5a5-47db-8677-c78666a972a8,202,,30.900765803000013,31.422887334999814,522.1215319998009
1546,1965ba28-6f06-48f1-8d85-5b9236f8c8a6,202,,30.922905591000017,31.48516921099963,562.2636199996123
1547,40b2377a-0178-44da-a597-62769ccad4fd,202,,30.9427049169999,31.335436889999983,392.7319730000818
1548,50db99a5-4755-4692-aa56-596aa0a0faac,202,,30.96888623199993,32.087920694999866,1119.0344629999345
1549,982b0576-412d-4c2f-b3bd-b46e39834ebf,202,,30.980340493999847,32.09545126299963,1115.1107689997843
1550,49eb929f-f30d-4495-b173-51a787bf124f,202,,31.012167603999842,32.14596607299973,1133.7984689998848
1551,d695afaf-9755-489f-9fe1-d55bb93fb19f,202,,31.02636492800002,32.180684219999875,1154.3192919998546
1552,b566d3c6-e9e3-4e9a-9895-d31611c0adef,202,,31.043814873999963,32.193437770999935,1149.622896999972
1553,e864ba87-84c3-49ef-a789-ceef2f3c304d,202,,31.06276729299998,32.23484166399976,1172.0743709997805
1554,138d7c0d-4137-45d3-a39c-1a2d6abb2261,202,,31.08095393299982,32.21850710699982,1137.5531740000042
1556,c725e81d-1ab3-4f28-b87e-8cf9a70f8036,202,,31.127320837999832,32.19528554699991,1067.96470900008
1559,9e006439-488d-4c4f-b395-b9f0a3aaf740,202,,31.1825642419999,32.20637928699989,1023.8150449999921
1560,8001d573-6a88-4cad-a4ab-2ced666fd106,202,,31.200721422999777,32.26640911300001,1065.6876900002317
1561,b99cafde-3460-4f4e-8fd1-e0fdad1bcb20,202,,31.221307277999585,32.25204975299994,1030.742475000352
1562,acb70300-4589-4062-94d0-f718040749dd,202,,31.240620209999634,32.30358643399995,1062.96622400032
1564,8121e285-6810-4c41-83c6-89fff2263db9,202,,31.281547993999993,32.28293492699959,1001.3869329995941
1567,4568e3d6-37e4-4cc4-ace7-003850871382,202,,31.34353769299969,32.30396528099982,960.4275880001296
1572,18827563-1195-4113-8a7b-0253f3c828c7,202,,31.44048361899968,32.331904304999625,891.4206859999467
1575,a8ece779-275b-453f-9901-61bd5c4998f7,202,,31.506751811999948,32.35794421799983,851.1924059998819
1605,ccf5fe81-a6c1-4929-b065-8c3b522dfbd7,202,,32.100701704999665,32.359624278999945,258.9225740002803
1606,43b32007-16ec-47ad-b197-965a4a95c91e,202,,32.13145537399987,32.37888319399963,247.42781999975705
1608,01cee038-8b4d-4491-a32a-0e27d2241b21,202,,32.16380118500001,32.373794007000015,209.9928220000038
1609,ee7be10b-440e-428b-95d0-d3f464ea0076,202,,32.18201851899994,32.39520304199959,213.1845229996543
1610,3cef042b-2a3b-4f7a-a7df-f823faf431cf,202,,32.20033906599974,32.39776238599961,197.42331999987073
1611,2eae4cee-8f47-42a8-a530-7bbef13d1dd9,202,,32.221278374999656,32.41163901899972,190.3606440000658
1612,46650be6-87b9-4538-bb82-959fa2f7eb80,202,,32.240264403999845,32.41940359499995,179.1391910001039
1613,f024cb6c-77c2-40dc-9280-c858b787bb3c,202,,32.26071198699992,32.427057792999676,166.3458059997538
1614,a7c40cda-6feb-41d1-b62b-b1ac564dd57f,202,,32.2826875009996,32.43193547099963,149.2479700000331
1615,c5305486-620a-48ba-b555-600a6483e7c4,202,,32.304838020999796,32.44645112799981,141.61310700001195
1616,ac655bc0-2b07-440e-88d5-6109027483bd,202,,32.32156750899958,32.45237634599971,130.80883700013146
1617,406706b2-e4e2-4624-8035-08ea143b7b09,202,,32.34260207199986,32.45203654199986,109.43446999999651
1618,ce43b082-e6c8-40ed-8502-878aaa224286,202,,32.36067540099975,32.45837010699961,97.69470599985652
1619,f5ace459-42b4-43e1-9e83-036caef59f87,202,,32.38166879599976,32.46272122499977,81.0524290000103
1620,f5fe5f54-ee2b-4d1d-b7fd-41576390c512,202,,32.40029539499983,32.469257880999976,68.96248600014587
1621,9b0ab57d-9b38-4c03-b088-c9487e87fe1a,202,,32.42040258999987,32.472305409,51.902819000133604
1622,3d546cfb-831e-4847-8f63-a17554ed30d2,202,,32.440281818999665,32.48434701699989,44.06519800022579
1623,24de9383-f083-413c-91eb-827e4ea3e5de,202,,32.460216299999956,32.48503925099976,24.82295099980547
1624,feb056a0-6b0b-4621-8948-baddb6e6eb50,202,,32.48046687499982,32.5035786389999,23.111764000077528
1625,a170e20b-24bf-4b57-a53c-93012018454b,202,,32.500924250000025,32.51620576899995,15.281518999927357
1626,1ffb0d9f-0412-4357-8d7f-d92e2b0e8f92,202,,32.52056917799973,32.53927544699991,18.70626900017669
1627,5023301c-392a-4d20-a8ef-3f2678d6e661,202,,32.54023794099976,32.551392807999946,11.154867000186641
1628,3d19dee9-5e04-47d2-b92d-c935d40e2b18,202,,32.56027404999986,32.57531480999978,15.040759999919828
1629,877e3bde-0601-41ab-a85a-d9055a5c6664,202,,32.58024578300001,32.59816364799963,17.91786499961745
1630,bfb4a4fc-4ddd-41ba-b903-d8ce4224ae5a,202,,32.60018184699993,32.614935928999785,14.754081999853952
1631,9c48d670-1054-4d7d-8432-f9e4cf48a699,202,,32.62033870999994,32.63458627399996,14.2475640000157
1632,7166d71d-53d0-4565-9ac0-50983c1b84cd,202,,32.64022639799987,32.65283827699977,12.611878999905457
1633,19dba662-b1b8-4fe6-b112-e40bccba5c44,202,,32.660284882999804,32.67958954899996,19.304666000152793
1634,ad11d390-b7cd-4e04-a350-87ee86aa3198,202,,32.68015719499999,32.693899489999694,13.742294999701699
1635,e4ec6c9a-7d68-408f-81b2-f4cb7745c8f4,202,,32.700165552999806,32.71190414199964,11.738588999833155
1636,5dc60793-8e63-42cf-818a-0e5efad719c2,202,,32.72024064899961,32.73303248299999,12.791834000381641
1637,d0bc5341-e457-404a-a51d-e00c506dc329,202,,32.74017144699974,32.754399330999604,14.227883999865298
1638,b94a385e-cb34-4799-b21c-8e01528cf207,202,,32.76023058199962,32.77316187899987,12.931297000250197
1639,07e6d42e-1d69-4399-9743-4b1e4454210a,202,,32.780163253999945,32.79210847399963,11.945219999688561
1640,6867c970-c606-4123-b5ac-3ea7a64889fc,202,,32.800198221999835,32.8131741039997,12.975881999864214
1641,16783bc7-acd4-4f1d-9ae8-5aba5936cea2,202,,32.82017064599995,32.83576016299958,15.58951699962563
1642,6cde0de9-37a0-46e4-9501-95c5c77042e8,202,,32.840247239999826,32.85278923099986,12.541991000034614
1643,3095b50a-e519-40d4-8fb8-1c9b0ed00f56,202,,32.86027479099994,32.8712798939996,11.005102999661176
1644,70ea8f13-9055-40a6-af36-548660eb5443,202,,32.88098065799977,32.891985009999644,11.004351999872597
1645,caafb7a5-475c-4365-bd5d-7cbe8f074470,202,,32.90030647499998,32.912649125999906,12.342650999926263
1646,3e6d60b1-c045-4f81-a185-0142771e9eda,202,,32.92203066999991,32.93304244000001,11.011770000095567
1647,cb64c031-70c6-4022-af9c-be712a0a27d5,202,,32.94065375399987,32.95078824199982,10.13448799994876
1648,6ca9718b-78e5-4c8c-8b8b-c149ff37400b,202,,32.96022699699961,32.97070533099986,10.478334000254108
1649,48b1eb64-30b2-4255-95f5-11e58ccb7166,202,,32.98122283199973,32.993576024999584,12.35319299985349
1650,e5903203-7ead-4f28-82eb-e23401b34fb7,202,,33.0002114709996,33.01500641799976,14.794947000154934
1651,ce76ca06-559f-4bff-9cd6-484bf3c48fb3,202,,33.02140460499959,33.03271009399987,11.305489000278612
1652,1fba4d65-374d-45cc-a5bc-f46aaca6e308,202,,33.040279822999764,33.05241146599974,12.131642999975156
1653,cb65062d-008e-49b2-bff0-c5ffec2ec8e8,202,,33.0607498899999,33.07887166399996,18.12177400006476
1654,3c84e138-5cf1-4b97-9cd0-1c579dd9db3a,202,,33.08059668399983,33.100445769999624,19.849085999794625
1655,ca4108e8-444b-4f2a-b327-a997b742406f,202,,33.10020251099968,33.11532409499978,15.121584000098665
1656,1284fde1-091a-4d2d-a95a-7ba24d9485fd,202,,33.120257729999594,33.15569824999966,35.44052000006559
1657,74bba2ab-214d-44bf-945a-66d7ec4d4ec2,202,,33.14023348699993,33.17282798799988,32.59450099994865
1658,631b86b1-8613-43b1-b5f1-23932df6cae7,202,,33.16025932999992,33.178541692999715,18.28236299979835
1659,d6c42fa3-3f73-4a9c-819e-128b507e8840,202,,33.18018962699989,33.20326195400003,23.072327000136283
1660,a8ad395b-4e14-4df7-a69e-cc11e58e2c74,202,,33.201115543000014,33.218180320999636,17.064777999621583
1661,4118623a-2b9d-4fa9-b3b2-cea600a9f30e,202,,33.220174183999916,33.23446844699993,14.294263000010687
1662,8dd1b8b4-83c4-436e-a9a4-1e098cc5550d,202,,33.24020260999987,33.25272130899975,12.518698999883782
1663,0b45c178-c590-4839-b7c7-8a76918eab19,202,,33.26021545200001,33.274760931999936,14.545479999924282
1664,d53a786b-aafc-4a0e-b127-3bbce90839ee,202,,33.280239877999975,33.297997055999986,17.757178000010754
1665,9903e1cc-dfa4-4472-8f62-acd7296e397f,202,,33.30020650999995,33.31639867299964,16.192162999686843
1666,08c07776-64b5-4a56-bff5-ed68211a268a,202,,33.32022060199961,33.33512071899986,14.900117000252067
1667,471a9930-fb11-4259-afaa-0943f3a34a9e,202,,33.34039532499992,33.37293028199974,32.534956999825226
1668,f9bc389b-d876-4356-bf5a-beaab25ae03b,202,,33.36023020199991,33.481105656999716,120.87545499980479
1669,9040eed4-14ae-4e56-9638-e3f0682f57ea,202,,33.384029262999775,33.494826273999934,110.79701100015882
1670,01145fe7-1afa-4707-92e7-560922cb3779,202,,33.41212943599976,33.519680913999764,107.55147800000486
1671,0bff0370-99b9-40ed-a0b2-abda711939ad,202,,33.42987040499975,33.52564108599972,95.77068099997632
1672,8160aabd-551f-4dce-8e0d-8efd6c5340c6,202,,33.441003928999635,33.53529443199977,94.29050300013841
1673,b5f8bee4-3de8-4c84-98eb-258fbd2ca95e,202,,33.46023999299996,33.54775837899979,87.51838599982875
1674,4c78322f-9cd1-4142-805b-4789b06501b8,202,,33.48082610599977,33.55241041999989,71.58431400011978
1675,75c9f04e-4004-4914-a994-745ec5ceb06e,202,,33.500239634999616,33.56046254199964,60.22290700002486
1676,3fdda2f2-eb42-4b44-857e-1a171e7a2b48,202,,33.5205716129999,33.578982705999806,58.41109299990421
1677,178cf7bb-3140-4eae-9863-b59ebc1bdf67,202,,33.54028344399967,33.5773489799999,37.06553600022744
1678,713d60b0-b681-4174-aa22-4a044890c67c,202,,33.56048779299999,33.59265373699964,32.16594399964379
1679,ae931ac1-857a-4e5f-aca7-9621e7e8a18d,202,,33.58025033399963,33.604387198999575,24.13686499994583
1680,be3f04db-9c3b-4b7c-b3a9-8a11e7d07d57,202,,33.600205298999754,33.61836786599997,18.162567000217678
1681,58946d7c-0f80-4970-99b6-d95773bb3e9d,202,,33.62023259999978,33.64958581799965,29.35321799986923
1682,92a9ad88-3916-42dc-9cdc-79714b99432d,202,,33.640416322999954,33.660510084999714,20.093761999760318
1683,1767d4dd-5095-498d-9575-236a005f5a89,202,,33.6605375019999,33.67525336299968,14.715860999785946
1684,efd29c9e-8533-42e9-8c48-5bf9cf502852,202,,33.68022020699982,33.695174784999836,14.954578000015317
1685,52a90f62-a351-4642-8b99-463d32a53de3,202,,33.7004565569996,33.7232138559998,22.75729900020451
1686,873fecf4-b735-417e-a31e-db2de5a3eeaa,202,,33.721744512999976,33.73911512099994,17.370607999964705
1687,603ce830-cabb-472b-ad0e-2212c0311813,202,,33.74043316699999,33.76038894899966,19.955781999669853
1688,bdbb7635-cb7a-4354-bad9-b229789d972f,202,,33.76024723499995,33.77461752999989,14.37029499993514
1689,8a684c87-02f7-4319-ae5a-1a775002fb14,202,,33.78052957,33.7953529639999,14.82339399990451
1690,9de92707-2c84-4a96-bdde-0ff67a44086f,202,,33.800517061999926,33.81863698699999,18.11992500006454
1691,64c67e22-a47b-467b-bef6-ddd6dbab4fc2,202,,33.82024254399994,33.84238348500003,22.140941000088787
1692,6909bea1-3e61-4abc-823f-c09979ce62f7,202,,33.8424651549999,33.8599724339997,17.5072789998012
1693,36e1bd39-2334-45cf-a09c-b5434f0e280f,202,,33.86017089999996,33.87542855899983,15.257658999871637
1694,342ca378-8918-4b28-84fe-08a0db779c37,202,,33.88019593399986,33.89274349799962,12.547563999760314
1695,87f46931-e832-488c-9119-db271b75195e,202,,33.900205258999904,33.91205175699997,11.846498000068095
1696,806f57b4-b2b4-4e6b-b130-ab368296539d,202,,33.9202087929998,33.93409657099983,13.887778000025719
1697,d7ad1e3a-4359-43a3-a9f8-e9aee06781e3,202,,33.94017907499983,33.95172802099978,11.548945999948046
1698,4dfd11bf-9922-4374-a31f-6db4026ed04e,202,,33.9603686989999,33.97167059399999,11.301895000087825
1699,26343124-9f56-4a27-b075-d40ea284794c,202,,33.9802982289998,33.99067084299986,10.37261400006173
1700,7e681b77-583c-4fe2-b352-9c0c7c33cd04,202,,34.000264177999725,34.01534770599983,15.083528000104707
1701,c5e82568-d105-41f2-a0a7-500086d96a85,202,,34.0204952199997,34.03214866899998,11.65344900027776
1702,e144cfdb-0035-4e57-bcc5-3e1be5db9a27,202,,34.04060904899961,34.05232062499999,11.711576000379864
1703,36483a26-8a9c-409e-9143-1423e43807e3,202,,34.06154082299963,34.073272108999845,11.731286000213004
1704,dc1e3728-1825-4233-ae03-11c75cced69c,202,,34.08031418899964,34.091917635999835,11.603447000197775
1705,08c597c3-22fd-4807-a213-b70e9a22f3e3,202,,34.100603273999695,34.13289665399998,32.29338000028292
1706,622f5bbe-da3d-4455-9caf-640ccdb14de5,202,,34.12201131499978,34.14307496899983,21.063654000045062
1707,8bd2334b-668c-40f7-88c1-6cf4cc652e48,202,,34.140285038,34.15970946799962,19.424429999617132
1708,f492a3a0-f98a-47f9-9a9a-a7e8130d853e,202,,34.16048211999987,34.17394721599976,13.465095999890764
1709,b61ce7f1-84d7-489a-ad1c-048e733d1ff4,202,,34.18019505999973,34.19367536499976,13.480305000030057
1710,e1384ed9-2da9-41d3-aceb-160295708e9d,202,,34.20023634499967,34.213761234999765,13.524890000098821
1711,be696b40-c5de-4317-a4e0-5b10f9249086,202,,34.22016887599966,34.23524448699982,15.075611000156641
1712,3151b61a-70c0-464a-bfb8-88d3dbb0dc2a,202,,34.24018282599991,34.25370717499982,13.524348999908398
1713,445090cc-21ab-4b34-9a94-33f3edd32dfb,202,,34.26019952699971,34.273867296999924,13.667770000211021
1714,a67d5b2e-8051-43fa-a039-0b1d470eedb9,202,,34.28020826900001,34.29192597099973,11.717701999714336
1715,055a6ed4-a4c4-4033-bdc0-8772e66a1249,202,,34.30019038499995,34.314476634999664,14.286249999713618
1716,1b957127-0f36-4f6a-a074-77fc1c888bec,202,,34.320280337999975,34.333254791999934,12.974453999959223
1717,f5294ef3-9cd4-4274-8cd0-edd58c1eba78,202,,34.3402557039999,34.357127752999986,16.8720490000851
1718,f1a1d055-ab2a-4b9d-af58-0815d6fd9c91,202,,34.360918802000015,34.37349286699964,12.574064999625989
1719,4baf5606-30eb-4170-8b9c-0f2d207baacc,202,,34.38019289399972,34.39733020199992,17.1373080002013
1720,1c413acc-25b1-40b4-8771-ed704477c61e,202,,34.40016275899961,34.41588735099958,15.724591999969562
1721,41c8de13-7f08-4eff-ab6d-d6ffc0d9daa1,202,,34.42022141999996,34.432668855999964,12.447436000002199
1722,3ac8151e-f57d-4497-b8bc-f8ad00de6325,202,,34.44018345199993,34.456288806999964,16.10535500003607
1723,d7735446-b7e1-4d4d-8431-1dc2dcdecb66,202,,34.460278363999805,34.47866767400001,18.389310000202386
1724,99d7d7f6-5478-4887-acf8-d14e854f165b,202,,34.48021706199961,34.494191883999974,13.974822000363929
1725,7319acf2-89b7-4e9d-9d25-f58da0b2cc98,202,,34.50021676199958,34.513897156999974,13.68039500039231
1726,31934b30-86df-49a2-8884-3312052e9a0b,202,,34.52016916799994,34.53328500199996,13.115834000018367
1727,23e7878f-5fa3-4e86-bfa3-82d92679f1f2,202,,34.54022195399966,34.55397893499958,13.756980999914958
1728,7d73ab89-541f-4441-94af-efbb3457597a,202,,34.56021611199958,34.57395455099959,13.73843900000793
1729,7961e133-59f4-445e-b73b-639b6641abe6,202,,34.58017751899979,34.59509166599992,14.914147000126832
1730,dc32e3a9-7187-4737-9866-eb00089298c5,202,,34.60052485599999,34.61197788199979,11.453025999799138
1731,f6fc7b70-2830-424f-887e-c92807fdf879,202,,34.62027058900003,34.63777161799999,17.50102899995909
1732,2ec2a08a-e651-4aec-b556-b75fcbf94476,202,,34.640729262999685,34.65401281200002,13.28354900033446
1733,ddab6734-2b0d-4d4f-a918-d417e5d02dd4,202,,34.6602213619999,34.67079760699971,10.576244999811024
1734,77d6c407-3793-407c-9d91-e5b7c7e64e98,202,,34.680215853999925,34.69082084999991,10.604995999983657
1735,0e3c3944-421c-4cf0-9f52-e55a3a5bef9b,202,,34.700661402999685,34.71317162399964,12.5102209999568
1736,8fc39ca0-0764-4c25-b6eb-1054bfbebdc4,202,,34.720953222999924,34.731601878999754,10.648655999830225
1737,cbae87e1-04ac-4a0b-8250-cc6cc4d91cda,202,,34.740218631999596,34.751066377999905,10.847746000308689
1738,5347f4d1-c6d7-49db-8737-caa116b0689e,202,,34.760267650999594,34.77067342299961,10.405772000012803
1739,e9047cfe-d89f-4622-9381-c8b31bb86792,202,,34.78038033799976,34.79441010999972,14.02977199995803
1740,18a61740-4971-4879-ace3-2b5df32cb1eb,202,,34.80027968499962,34.8148971429996,14.617457999975159
1741,a5f963db-8bb2-4008-9491-a75632175bbd,202,,34.82113248099995,34.83595752999963,14.825048999682622
1742,38375f7e-18f7-4761-b5ec-17cb48e4f820,202,,34.84024371799978,34.85397564599998,13.731928000197513
1743,b5fe260e-4bb9-45b0-8dad-2f22ce8dfa63,202,,34.860146689999965,34.873097632999816,12.950942999850668
1744,ac4d7856-003e-438a-82cc-58f15135c9c9,202,,34.881939559999864,34.89516847099958,13.228910999714572
1745,94afa436-0584-4dc6-9be5-ea6173021821,202,,34.900290687999586,34.91314596099983,12.85527300024114
1746,f68bb5f3-70dc-4551-9b94-806a814da14f,202,,34.92073167799981,34.93172326199965,10.99158399983935
1747,38c4d5a8-0f06-477c-b1b6-d8f68ec294db,202,,34.94101707999971,34.953731097999935,12.714018000224314
1748,c98ec3d0-7b7e-4b96-9de3-b15a9e6e2233,202,,34.96026882199976,34.97404741799983,13.77859600006559
1749,40700fc2-21ff-4e4c-9fba-fb2c79b04acf,202,,34.98028725599988,34.9921028269996,11.815570999715419
1750,7810ed8e-ea8c-492f-8c09-b12818ac702c,202,,35.00073487199961,35.01152603199989,10.791160000280797
1751,0e9825c1-db6b-4552-80d3-dcc2aa2ef97e,202,,35.02024662199983,35.03271746499968,12.470842999846354
1752,bf31c35d-12b7-4c1e-b513-a65e10bb673f,202,,35.04034843399995,35.052155004999804,11.806570999851829
1753,f2421883-b1fe-410d-88c9-2b9dca8f3af6,202,,35.06064754499994,35.07101460799959,10.367062999648624
1754,5a45efe1-1914-44e5-98c6-988545e7772b,202,,35.082282034999935,35.092936606999956,10.65457200002129
1755,386128d6-e421-4f39-ab9d-e3d1c911f08b,202,,35.100968047999686,35.11282516199981,11.857114000122237
1756,739846af-d738-4114-b67b-8dd9a75cca6c,202,,35.12136724599986,35.13216736499999,10.800119000123232
1757,29ca4a46-62db-4101-8651-c4398b2d4801,202,,35.14020280599971,35.156982629999675,16.779823999968357
1758,2f277786-2a82-45b6-855d-4b61e2a3d597,202,,35.16018828099959,35.173599655999624,13.411375000032422
1759,d88549f2-8733-4cb4-a0fb-1178f733c760,202,,35.18022309099979,35.19770831400001,17.485223000221595
1760,de74ff73-9bc7-426c-a031-0e45d2398e9d,202,,35.200508242999604,35.21746182299967,16.953580000063084
1761,dd15a44d-1772-4295-a289-c02ade8cb2b1,202,,35.22022316699986,35.237106327999754,16.883160999896063
1762,b5c2895d-21e3-49e5-9890-e67b7c9e8c69,202,,35.24029393699993,35.25486855999998,14.574623000044085
1763,93776496-0044-4567-9adf-23995c18309b,202,,35.26053204499976,35.27495507999993,14.423035000163509
1764,f0c7cb97-cc9b-46d5-938f-a616c5e0cd81,202,,35.280230218999804,35.29556653499958,15.336315999775252
1765,95b05770-5e25-4689-991f-a58b552df5a3,202,,35.30071412699999,35.32165055099995,20.936423999955878
1766,c907df35-31d0-44fa-9436-4f46c9b9c1ba,202,,35.32048026099983,35.34776298599991,27.282725000077335
1767,b747016f-1604-4b2b-930b-9c048a861531,202,,35.34234930100001,35.37070064499994,28.351343999929668
1768,6f9ec479-cf72-405f-b4dd-0aa2d4829cc1,202,,35.36243523699977,35.380508604999704,18.07336799993209
1769,140d716e-089c-48bf-bdd3-be524594ab02,202,,35.38020484499975,35.40561754700002,25.412702000267018
1770,4109d453-8a8a-40a6-948a-38ba89d104bc,202,,35.400437495000006,35.424407313999836,23.96981899983075
1771,52cc1c90-a650-426b-bd0c-915683b6bb7f,202,,35.42182651799976,35.45034990999966,28.523391999897285
1772,6376c19c-e16b-49ca-a35c-8f80c40f3be4,202,,35.44025968999995,35.46013982799968,19.88013799973487
1773,07a3f854-49c2-4ca4-8a92-10e3eb6cfc0c,202,,35.46090572899993,35.500294866999866,39.389137999933155
1774,5927edd3-c796-4488-99dd-e25d06141314,202,,35.48070790599968,35.51927409899963,38.566192999951454
1775,22fac25d-88f3-4a4b-b99b-fdd301f574c6,202,,35.50069504699968,35.536606774999655,35.911727999973664
1776,9f946dc6-8eff-474c-84f8-440ddb52d23d,202,,35.52021254800002,35.54827871599991,28.066167999895697
1777,5456e05d-686c-44d8-9935-eb5f21b9b76b,202,,35.540298442999756,35.564302138999665,24.003695999908814
1778,7259d478-48e5-44b7-acf8-1570b5d650f4,202,,35.56032650299994,35.577240247999725,16.913744999783376
1779,80a94572-1209-4ba0-953e-2f9988b1727a,202,,35.580310518999795,35.59985760399968,19.547084999885556
1780,bf8fe682-bcbf-449f-96e3-83fac3aa25c6,202,,35.600188198999604,35.61449943799971,14.31123900010789
1781,7ba0da11-5335-47a2-9e32-614e779d94cd,202,,35.62018359099966,35.63528852399986,15.104933000202436
1782,de5a47e1-7842-4029-9d3a-01d7d53d296e,202,,35.64017398199985,35.65534383399972,15.169851999871753
1783,73d4f302-7883-40c1-a77b-5080a43e8ea7,202,,35.66026325299981,35.67285547499978,12.592221999966569
1784,66aa8bf2-35d5-4ea9-8284-169f2fd8c7d2,202,,35.680198350999945,35.69894399199984,18.74564099989584
1785,40781e34-abc2-448f-8935-57024d7429cc,202,,35.700464543999715,35.719743855999695,19.279311999980564
1786,9318a70e-a619-45fc-b525-6dfdfa3f1f83,202,,35.72066555299989,35.739586892999796,18.921339999906195
1787,dd66c5c1-234a-487f-b4f5-551cd64d8d9f,202,,35.74017174599976,35.755121577999944,14.94983200018396
1788,fbfb767e-cc57-4e74-9374-9d03a3c52936,202,,35.760264249999636,35.7821202289997,21.855979000065417
1789,c3f7f28f-e850-4af5-bb37-e0afd33d650a,202,,35.781421080999735,35.80303288599998,21.61180500024784
1790,9ba5d0d2-4cea-4a82-910e-c71efe53c2a4,202,,35.80034537899974,35.81535667199978,15.011293000043224
1791,72368a9e-3272-41b9-b42f-051607bc9145,202,,35.82024429299963,35.84811463999995,27.870347000316542
1792,2c45422d-0fa4-4634-80e9-2024acb88024,202,,35.84026129499989,35.87147312799971,31.21183299981567
1793,3d6ef956-02f5-483c-bc67-69852af7791b,202,,35.860997611999665,35.88185105799994,20.853446000273834
1794,d01c4d72-2bc5-41cc-95af-b491d8215629,202,,35.88016162699978,35.89501891399959,14.857286999813368
1795,585e07b8-650d-4be4-80eb-a79ac011ae7c,202,,35.90025300599973,35.91359615900001,13.343153000278107
1796,29e4db3d-086b-425f-8190-a096c71468eb,202,,35.92025413199963,35.933867002999705,13.612871000077575
1797,1eabceca-7234-4109-ba12-c8cfd25604cd,202,,35.940545308999845,35.95509062799965,14.545318999807932
1798,91236022-44fb-46da-a6a9-679dfc6bf769,202,,35.96048843299968,35.972350536999784,11.86210400010168
1799,c1097b99-c582-4506-8833-e0b00aab6da9,202,,35.98025580099966,35.99338982299969,13.13402200003111
1800,f9a94b76-e232-4d31-bcea-2da76c2f497f,202,,36.00024213500001,36.011042411999824,10.80027699981656
1801,3736054c-9b29-44b4-87de-d352f21175ae,202,,36.020871197999895,36.05569690199991,34.8257040000135
1802,2ea15b3d-da7a-4379-b781-fe8d8431fddb,202,,36.04266880099976,36.06769405299974,25.025251999977627
1803,43d82211-8ed1-4419-a32a-6250ad61e215,202,,36.06019246899996,36.07556389899992,15.371429999959219
1804,39846207-a44f-40f0-b3c1-c62fda7c10a9,202,,36.08018113599974,36.09437660999993,14.195474000189279
1805,53dcf854-78f8-4e7f-8d5a-72d0a9be294b,202,,36.1002238469996,36.1109247039999,10.700857000301767
1806,646c4c7f-a170-4ec3-b487-4b530e779975,202,,36.120316559,36.1327032639997,12.38670499969885
1807,237aa422-2a17-4642-848c-1938523d0fb0,202,,36.14048089899961,36.15185715400003,11.376255000413948
1808,a3e1789e-99bf-41d8-ac13-1ec1a46be45b,202,,36.1603070189999,36.18224725099981,21.940231999906246
1809,20e537e5-61ad-4168-89b7-e1d002874ce3,202,,36.18029472799981,36.19385347199977,13.558743999965372
1810,0ba9328b-10ec-406e-80c8-5d7c61ad44df,202,,36.20025593599985,36.22090562499989,20.64968900003805
1811,6d768551-c8a6-4b55-95f3-f58ba112723f,202,,36.22096070999987,36.24923769599991,28.27698600003714
1812,91c9afae-31dd-4690-9d52-fa24da77abb9,202,,36.240223519999745,36.28216291999979,41.93940000004659
1813,faef3a5b-7772-4be4-97f4-099fe313cef1,202,,36.2629669869998,36.29280202499967,29.835037999873748
1814,707da88f-8784-4e93-85e9-860af3503675,202,,36.28286835999961,36.33139352099988,48.5251610002706
1815,ef51a1af-d4a4-45f9-ab1b-7d2131f1c5dd,202,,36.300222022999606,36.329916429999685,29.69440700007908
1816,c1bb0a5e-214a-430d-b6d2-7e86d85374bf,202,,36.320782208999844,36.33915365499979,18.371445999946445
1817,e0f4a285-3c10-43f6-bd17-17cd4aff7a7c,202,,36.34025727599965,36.35453158499968,14.274309000029461
1818,1b8841a0-af30-4f89-9b4b-2bfad970d6f2,202,,36.360272359999726,36.3758250879996,15.55272799987506
1819,3cefdb49-c578-42a8-a557-fec1d159dc15,202,,36.38182457999983,36.40674420300002,24.91962300018713
1820,e5eac4b3-314e-4447-9638-4b833adba0b6,202,,36.4003071129996,36.428166709999914,27.85959700031526
1821,79adbcfc-35bb-424f-a2ff-b137706e2162,202,,36.420366698999715,36.44607159899988,25.704900000164344
1822,47155560-e315-4ef3-b5c0-66936b3ed141,202,,36.44029148899972,36.47440033599969,34.10884699997041
1823,bd741841-6d36-4ab0-9337-a10f37223263,202,,36.461651035999694,36.50320867299979,41.55763700009629
1824,2dba70b2-1303-4f27-8c6f-e74f778a84f8,202,,36.48037341099962,36.53729964399963,56.92623300001287
1825,ccbd59c7-43c2-44dc-9696-851eee208116,202,,36.50089705399978,36.598936201000015,98.03914700023597
1826,8dbad37f-662b-4d48-9520-83b545b2f5a3,202,,36.52543903999958,36.71626127399986,190.82223400027942
1827,f93ca2cb-3885-4e41-ac2b-7c2f6ebb7c84,202,,36.54034366199994,36.7229707839997,182.62712199975795
1828,dca6b2d0-b854-4360-ae62-bb4576cf2473,202,,36.560880639999596,36.71631823400003,155.437594000432
1829,c64c004a-f63d-4220-85ab-547cfa16a562,202,,36.58382536399995,36.735154556,151.32919200004835
1830,7adfcf52-3638-43c8-83b1-2807bc217cde,202,,36.60098214499976,36.74022030399965,139.23815899988767
1831,b2b2db55-187c-4bfb-9dbc-093e89eeb2ed,202,,36.620174076999774,36.74862041099959,128.4463339998183
1832,ff1798a8-d8f8-4783-a840-96d3796a9ccb,202,,36.64151133099995,36.758899163000024,117.38783200007674
1833,6c4f76a0-6f77-4b6d-9cef-162283dbfa17,202,,36.66563805299984,36.76407383099968,98.43577799983905
1834,b5a556d4-611a-441c-9bfa-8094005a5c83,202,,36.68067109599997,36.77042428799996,89.75319199998921
1835,2ede2dee-9f1c-4419-90ac-95520f9ba29b,202,,36.70782470699987,36.77243289499984,64.6081879999656
1836,6b5b5b15-807e-427c-9c5b-bf8142646059,202,,36.72084533999987,36.77353959799984,52.69425799997407
1837,747b2bf6-4756-4c7e-a0d2-3f7f477c4c48,202,,36.740384225999605,36.7778922399998,37.508014000195544
1838,17fb5271-3ed0-4b6f-8eed-1bbf3984ec3e,202,,36.76021807999996,36.784548164999705,24.33008499974676
1839,2554200f-4aef-442b-b7ee-c249feb57fb5,202,,36.78021960699971,36.800115462999656,19.895855999948253
1840,87516633-f5d6-44a9-addb-2a011865c364,202,,36.80237120399988,36.83371455799988,31.343354000000545
1841,6788ba66-3f17-4174-821d-81ac8e9347d5,202,,36.82277828499991,36.84182332199998,19.045037000068987
1842,b5150dbd-1b6f-46e2-9628-266ccac9795f,202,,36.84021501999996,36.85547093299965,15.255912999691645
1843,ffb230a8-c407-49c2-b453-807a4fc91e45,202,,36.860205296000004,36.876586120999946,16.38082499994198
1844,62666d7c-380d-4a2e-890d-35f2c31fe310,202,,36.88022040599981,36.90455007399987,24.329668000063975
1845,39692189-6410-4f68-b85c-90325e85c41e,202,,36.90221399799975,36.928535396999905,26.32139900015318
1846,a6a35fa4-9ea5-4c3d-951e-851c27e044c9,202,,36.920448424999904,36.936821957999655,16.37353299975075
1847,f9a82856-d091-4b57-9304-4dfc52d0c433,202,,36.947559058000024,36.974740734999614,27.1816769995894
1848,461c8f41-090c-4a7b-b552-06fdeae684d0,202,,37.15342613899975,37.62719765599968,473.7715169999319
1849,b48b5b1d-a19d-4088-93e4-86a41bfe3747,202,,37.15479351699969,37.47167575599997,316.8822390002788
1850,785abf23-cb7d-4893-a9f0-e0a19fb796bc,202,,37.154913812999894,37.458189108999704,303.2752959998106
1851,14ab9c53-b4e5-4cb8-912f-a7dcb9c080c7,202,,37.152949373999945,37.42999818999988,277.04881599993314
1852,c413739d-7637-4446-a7e5-f069477226aa,202,,37.1532000899997,37.54800803499984,394.8079450001387
1853,d46d7262-8129-448a-b345-05ef48c2ba7a,202,,37.15471197299985,37.47922104399959,324.50907099973847
1854,ec3b7f65-215f-42d2-8316-9917bf62f311,202,,37.15286024599982,37.4357045429997,282.8442969998832
1855,d46d3c09-314c-404c-9f62-7ac290658bdb,202,,37.15301383399992,37.61683535999964,463.8215259997196
1856,1dfb8562-0006-4667-87db-8355700cce5d,202,,37.15312562999998,37.501321513999756,348.19588399977874
1857,535894ec-f7e7-4fbc-8685-0df99541fe40,202,,37.15328517599983,37.49235522199979,339.0700459999607
1858,94598f69-12b6-4920-a327-8d67c9da753f,202,,37.16205758699971,37.635768352000014,473.7107650003054
1859,c58a9f9a-9114-44b3-ac21-aca3db858326,202,,37.181236378999984,37.60671348899996,425.47710999997435
1860,9b0cdf3a-8294-4dfa-bdfa-9e4cb41c0fc4,202,,37.20030354099981,37.593276092999986,392.9725520001739
1861,63da2f3e-c9c4-4db6-ac8f-0577908339ff,202,,37.22166319600001,37.64825067499987,426.5874789998634
1862,c246a422-22fd-43ed-9700-71f63619db7c,202,,37.24018317399987,37.652496062999944,412.3128890000771
1863,a70e1c61-6769-4705-90c2-d28ef1edf5f2,202,,37.26034383099977,37.65865147199975,398.30764099997396
1872,26cd68e9-3fe7-4bdc-b064-d0c4007faa6c,202,,37.44037811199996,37.67529480599978,234.9166939998213
1873,19c7a93c-956a-435f-a5da-281af5c5c7e6,202,,37.46020542399992,37.68596290400001,225.7574800000839
1874,beaaf205-c5e1-40a9-8a57-0902ae42893a,202,,37.48027945299964,37.69436838599995,214.08893300031195
1875,e8fe55a4-409a-4c18-b4f5-c803688f28cf,202,,37.502073412999835,37.69980835499973,197.73494199989727
1876,1276f004-eb91-4139-8670-3a9ea8bffae7,202,,37.52016725299973,37.70795765699995,187.79040400022495
1877,0edea431-3cd2-4f5c-a028-e97d9462724d,202,,37.54115418599986,37.715599691999614,174.44550599975628
1878,b34eeee9-bad4-468c-9103-0e908c0bdb0d,202,,37.5646696609997,37.72268558399992,158.01592300022094
1879,caebd2e5-d300-4ecd-be3b-987e16242886,202,,37.580306752999604,37.72896840799967,148.661655000069
1880,3bac4bab-5764-4c1f-8b6f-9c4e167705da,202,,37.60053587099992,37.735197898000024,134.662027000104
1881,c5f3877e-7834-48e2-8fcc-95c6125d0222,202,,37.62020821999977,37.7453238449998,125.11562500003492
1882,d717d342-41d0-42b8-982e-1b34461017da,202,,37.640251622999585,37.77142000799995,131.16838500036465
1883,d08087d7-1583-422c-aae4-9923a57eb10c,202,,37.66025456599982,37.79213966599991,131.88510000009046
1884,da9407e3-703e-44fe-886d-76897f718958,202,,37.68025271799979,37.800083167999674,119.83044999988124
1885,92d79868-050e-4496-b064-d4eea249aaeb,202,,37.70027382799981,37.81178624899985,111.5124210000431
1886,a796e443-fa57-4e6c-b6fa-b4427e334728,202,,37.72026100699986,37.81709725099972,96.83624399986002
1887,de421ef1-aecf-4873-a8b9-1a80f4ef834f,202,,37.74023709999983,37.830489467999996,90.252368000165
1888,bdae3b39-920a-4d59-ba7f-56de81e336bc,202,,37.76591987399979,37.84256993500003,76.65006100023675
1889,d4a54110-0e1b-47c3-85ed-97299470c2d3,202,,37.78027474700002,37.84431144899963,64.03670199961198
1890,f2ef0724-7307-46ea-adef-4b16a3305118,202,,37.800225255999976,37.85043176799991,50.206511999931536
1891,376b77c2-f209-4032-ad05-bf02049f8b13,202,,37.820599069999844,37.852123238999866,31.524169000022084
1892,ae17f199-8a9f-4e73-ae12-06c9ce80f6f5,202,,37.84076871099978,37.86229076999962,21.52205899983528
1893,12c2a3c2-eb17-49b5-a05d-95c3f7fae7a6,202,,37.86090764299979,37.88347498499979,22.5673420000021
1894,b8fd77c3-cd4b-4f68-8717-df2334e2a23f,202,,37.88091965399963,37.90026347699995,19.343823000326665
1895,1aa47779-ccc0-44f0-9485-f70df8b8c830,202,,37.900412439999855,37.91674754299993,16.335103000074014
1896,894dcc40-f2d0-45d1-89fa-5cac71674240,202,,37.92059266499973,37.93476936499974,14.176700000007258
1897,fbc9b8a7-db79-43c1-937b-5cc56ef024c1,202,,37.940198037999835,37.96854818899965,28.350150999813195
1898,a5a9035e-954c-4983-97ab-e41bdc585694,202,,37.96024529999977,37.976643862999936,16.398563000166178
1899,25fea567-984b-412a-bd49-40e90868125e,202,,37.98102679399972,37.99709117899965,16.06438499993601
1900,2214c14e-661b-4669-8128-a8f0cff999e2,202,,38.00017231899983,38.018018343999756,17.846024999926158
1901,2fa252a1-2a5d-4647-bf40-cff3eca1a349,202,,38.02018457999975,38.034249192999596,14.06461299984585
1902,18db6982-090c-412d-91af-f8c4b609b8a1,202,,38.04018925699984,38.06226954199974,22.080284999901778
1903,9a56b69a-ea2f-44bd-bfbd-65d5788127b0,202,,38.06045356799996,38.078305009999895,17.85144199993738
1904,55f1649b-8aba-4c87-acc0-f7f861ab1496,202,,38.08019381999975,38.09579423199966,15.600411999912467
1905,3328a015-db30-45d6-90cb-94588ffe421d,202,,38.10049875699997,38.11522197499971,14.72321799974452
1906,d8a589ad-613f-4c92-8b53-2b7db9cef578,202,,38.12016850700002,38.13664965599992,16.481148999901052
1907,22dab3ac-83d3-4b81-a18b-624034914ca3,202,,38.14025456199988,38.156923507999636,16.668945999754214
1908,0eedf3b4-cb76-4589-bc57-3e93693e3e84,202,,38.16015727799959,38.171768896999765,11.611619000177598
1909,a021895a-7a8f-4e64-9d1e-4c395fbcddd4,202,,38.18038833699984,38.191349476999676,10.961139999835723
1910,9af99602-9b9d-4730-b844-28ab21c1769e,202,,38.20048418399983,38.21496597799978,14.481793999948422
1911,74deeca9-a551-46b6-b363-fb0e40c4431c,202,,38.22044906899964,38.23497157199972,14.522503000080178
1912,8d7e8605-2674-4dfd-90b7-b29db8fd93b2,202,,38.240386118999595,38.251491346999956,11.105228000360512
1913,b422c7e4-d448-49f5-be07-093bea60dad3,202,,38.260310084999674,38.27166261299999,11.352528000315942
1914,bf7fed54-cc81-4a88-9a6a-705483eb6bc2,202,,38.280395139999655,38.291803544999766,11.408405000111088
1915,98d78666-c1c5-4967-93fb-0c2241b6e1a2,202,,38.300279647000025,38.31550246400002,15.222816999994393
1916,929cd097-02c1-40e8-a455-a0e15d48464b,202,,38.320365410999784,38.33124375599982,10.87834500003737
1917,b8bcf3cb-bc00-400f-a828-1b5927b10f7a,202,,38.34072684900002,38.35153515100001,10.808301999986725
1918,082cf2f5-111a-44d7-9e98-df517ebd064f,202,,38.3609955349998,38.37123877699969,10.243241999887687
1919,d98b5a73-8b73-4037-8fd9-a869a2ed540d,202,,38.382252376999986,38.39373507599976,11.482698999770946
1920,4b692d90-c858-4a60-825d-f88b5ba07930,202,,38.40023461499959,38.42058546999988,20.350855000287993
1921,63fa422b-11d6-4de4-bb4c-83bb91bfe90d,202,,38.4202598349998,38.438239823,17.979988000206504
1922,309640ba-6db3-4920-918b-02046c6790fc,202,,38.440286762999676,38.45127298699981,10.986224000134825
1923,06df96e0-ed8a-492b-a8c1-418ea5d95c7c,202,,38.46076266399996,38.472706751999795,11.944087999836484
1924,59d8dc5a-2193-46f5-9b36-e8125cb8329d,202,,38.481045642000026,38.498053765999884,17.00812399985807
1925,c21439ff-00fe-4371-b40d-4a8610eee565,202,,38.50022404299989,38.513655344999734,13.431301999844436
1926,6a54e491-16d8-43a0-95e6-429196e1877c,202,,38.52025201299966,38.53053117299987,10.279160000209231
1927,2d949d88-ce8f-49ca-b32c-c18fdc03d2a0,202,,38.54020272999969,38.5617397889996,21.537058999911096
1928,39e7ae12-2572-43e4-8741-53357855b4d6,202,,38.561066642999776,38.576422005999575,15.355362999798672
1929,fbd97c3e-5168-46bc-ae0c-4e185f0c65b6,202,,38.58016108299989,38.597848603999864,17.68752099997073
1930,ddfb380d-075d-471a-a584-57196639bea0,202,,38.600204136999764,38.617518394999934,17.314258000169502
1931,8ab7f98e-1507-4f7a-86b9-d52e9968651c,202,,38.620164896000006,38.63630878399999,16.143887999987783
1932,196b4b51-8bb4-4da4-902d-3edd645d4ed9,202,,38.64020899099978,38.656852519999575,16.64352899979349
1933,e318805b-81c4-48e6-99e4-197aefc5b70c,202,,38.660298754999985,38.678738382999654,18.439627999669028
1934,72bfaaf7-9989-44f8-a5fb-0d7e186c6414,202,,38.68017051099969,38.69436150399997,14.190993000283925
1935,85e5923f-7cf5-4be4-94d7-18eadf3bfdf7,202,,38.70031452699959,38.726312250999854,25.99772400026268
1936,f4ee2c39-8292-4a8c-859b-7b580f9fdf14,202,,38.720289646999845,38.74133921599969,21.04956899984245
1937,381d3877-42c4-42dc-8b7d-1211d6a240d7,202,,38.740258057999654,38.79786017599963,57.602117999977054
1938,898c3d7f-1b53-41b4-9c41-a1c45184d8d6,202,,38.760741400999905,38.826999578999676,66.25817799977085
1939,06adb1a5-6d49-472d-a3cd-35d89e222088,202,,38.783723737999935,38.84415965199969,60.43591399975412
1940,f1ca41e4-d5f6-4da7-9c1d-9a1cc33a8d51,202,,38.80038600399985,38.86558056599961,65.19456199976048
1941,297596fb-38e0-4f13-a997-aa95ad4112fd,202,,38.827303796999786,38.871414663999985,44.110867000199505
1942,196fc64f-ad42-4757-983d-693db2386f94,202,,38.84346679800001,38.90784570899996,64.37891099994886
1943,2563451c-1f33-4906-ad6e-62932ef396fa,202,,38.86024931799966,38.919560030999946,59.31071300028634
1944,ba571be4-7bcc-49d4-b32c-1a01ab0d4ec7,202,,38.88157635399966,38.92797616600001,46.399812000345264
1945,0e094306-e947-4962-b80a-82c1d3fa24f6,202,,38.90568426699974,38.9727947639999,67.11049700015792
1946,f8435dba-f822-4391-b852-9839fb10e1bb,202,,38.92165255399959,38.975484138999946,53.83158500035279
1947,ddaafdfd-e864-4485-822b-3f1b404662f8,202,,38.940591265999956,38.98638743499987,45.79616899991379
1948,f7b788b8-ec35-455b-9b2c-cdab051940a0,202,,38.96020008200003,39.00312574499958,42.925662999550696
1949,65befa28-d097-4215-a06c-b269371f9321,202,,38.980797636999796,39.01571521899996,34.91758200016193
1950,4b58592e-354d-4ae7-943a-91b42cb178ee,202,,39.001008137999634,39.03480780999962,33.79967199998646
1951,13de440c-a01c-4093-b9cd-3113cc98e4f6,202,,39.02282656399984,39.041991657999915,19.165094000072713
1952,508de43b-c162-44f6-9126-d06f5fb8b80b,202,,39.04024952099962,39.05481176399962,14.562243000000308
1953,a65d58aa-250f-4b90-a8b9-0ea14b645d06,202,,39.060249848999774,39.073985816000004,13.73596700022972
1954,2dea5e70-4861-4f0a-8ed9-1883abc71fbb,202,,39.080174757999885,39.1010997809999,20.925023000017973
1955,14acf7ed-9f35-47d5-8f2c-2fec5cdeb003,202,,39.10035529999959,39.12257452999984,22.21923000024617
1956,45b3c530-69a6-4432-8b3a-5d25c0d5e2c3,202,,39.120220582,39.134965246999855,14.74466499985283
1957,4ce1a87d-1b45-49b8-9fd1-98a6f0807ffb,202,,39.14017907599964,39.15149205099988,11.312975000237202
1958,89924790-9df0-489e-ac27-610a41db8035,202,,39.160208154999964,39.1788776909998,18.669535999833897
1959,dfbf5d3f-b725-4f2a-b188-5346badc8a8f,202,,39.180406321999726,39.21549828499974,35.09196300001349
1960,1517372a-0d29-477f-9535-c89715384b16,202,,39.20027327099979,39.23564924199991,35.37597100012135
1961,203f2b51-c13a-46ce-81e4-bc8aa6a71de4,202,,39.220694445999925,39.24233319899986,21.638752999933786
1962,9836f367-609a-4b0b-92c2-884397f200cb,202,,39.24019042499958,39.253963142999964,13.772718000382156
1963,21930b75-69e8-4573-84d2-f2f9b12dac2a,202,,39.26025379599969,39.272832311,12.578515000313928
1964,0a4c2065-d057-437f-9cc0-2d299bd3655a,202,,39.28026616699981,39.293281236999974,13.015070000164997
1965,e05af2ca-b1ac-431a-9389-b4fb9d92fe04,202,,39.30057054600002,39.316290407999986,15.719861999968998
1966,ced9b814-e281-4675-aef5-90166020f8ac,202,,39.32023948899996,39.40061331299967,80.37382399970738
1967,cf2146f8-7b8e-4c0e-b341-623e33bb4e43,202,,39.341812239999854,39.4287861859998,86.97394599994368
1968,b7808f6e-714b-41a8-a665-3113a3fedbe8,202,,39.365827525999975,39.417504002999976,51.67647700000089
1969,3d0c34a2-45ce-46cb-ab9e-e50961217e02,202,,39.38096695399963,39.43880232899983,57.8353750001952
1970,883ad4b7-42f5-4b76-9853-3f60fc2bac00,202,,39.400218049999694,39.43999378299986,39.775733000169566
1971,19cdcb92-885d-476b-bcef-f514b4ab6faf,202,,39.42111769799976,39.45656742199981,35.449724000045535
1972,43f25f3f-0215-45ba-b2cf-28f99a91433f,202,,39.44021570699988,39.461319401999845,21.103694999965228
1973,ccf83c66-9e52-4bb6-a678-20fb1002da66,202,,39.46041087399999,39.475786183999844,15.375309999853926
1974,e13c7194-a59c-4565-9d5b-09211ec02880,202,,39.48158840499991,39.503494708999824,21.90630399991278
1975,ddfa2ece-ea6d-4309-9f79-9711b1666d4a,202,,39.5006881219997,39.53842274999988,37.73462800018024
1976,adcc77ce-69b2-4e1e-9564-b4d125ac3788,202,,39.5207517849999,39.54975347599975,29.001690999848506
1977,abda9174-902f-4085-b850-f126aee967d7,202,,39.540402810999694,39.557265791999725,16.86298100003114
1978,684d107d-2e13-4a40-8a95-60fc4adedad0,202,,39.56019100799995,39.59178873699966,31.59772899971358
1979,ba731fc5-d366-4ca0-9339-a1324d1ba6d7,202,,39.58083073099988,39.607115169999815,26.284438999937265
1980,fae1a887-cc3f-49af-906e-b22ee1d7236c,202,,39.60120694499983,39.625121603000025,23.914658000194322
1981,fb4f095d-351f-4e63-a9a5-48a2274f2a85,202,,39.62280665599974,39.65404366599978,31.237010000040755
1982,32d170af-6769-45b1-8602-b2095dbe29dd,202,,39.64066929299997,39.670022868999695,29.353575999721215
1983,765bcd8f-8a6d-4f08-a918-b969369a3f82,202,,39.66041232199996,39.68525621699973,24.84389499977624
1984,97b23e86-f85a-44c1-bb26-9e6a1a2cba2a,202,,39.680181767999784,39.70411663300001,23.934865000228456
1985,06d0c6c6-5fec-4556-96cd-9a575620d47a,202,,39.70039176899991,39.727519756999754,27.12798799984739
1986,37511cda-a6d9-4c10-9a66-f05ab6f8dbe6,202,,39.72161824499972,39.75565518999974,34.0369450000253
1987,e147da42-306c-42e4-a316-50c2af921fe4,202,,39.74040835400001,39.7641346129999,23.72625899988634
1988,a85b941e-3d40-4cda-ad59-6391fb55d443,202,,39.76075738600002,39.77921565099996,18.458264999935636
1989,021d2293-6b2c-4f99-9c1c-7b21d5a90384,202,,39.78021868199994,39.79420989599976,13.991213999815955
1990,1e904d0b-98fa-4bc3-ab82-fab21e047ee1,202,,39.80027795399974,39.81464913799982,14.371184000083304
1991,7ebf53b1-4872-49ad-a023-ac214c1c3047,202,,39.820329559999664,39.84231255699979,21.98299700012285
1992,681fffad-ed8f-4e0b-afc5-15f8fadc93e4,202,,39.84146061499996,39.86092586899986,19.46525399989696
1993,bddf7c6f-3ea4-4a3e-a10b-10b667aeb7f3,202,,39.86040889499964,39.877054231999864,16.6453370002273
1994,77bddc25-be67-470e-8c39-0d6b1c14868a,202,,39.88022211899988,39.904084755999975,23.862637000092946
1995,e1c68c5f-f8b9-412e-8512-b5ad643e7af1,202,,39.90019051399986,39.9178740479997,17.68353399984335
1996,ced7d10b-5f97-46a3-87ee-ab8bcf589397,202,,39.9204898349999,39.94162472299968,21.134887999778584
1997,386b0afc-f80e-463c-aa92-d1d70c3e7dcb,202,,39.94041697900002,39.95981593999977,19.39896099975158
1998,cfa92098-ea91-4246-b8d7-477407219d12,202,,39.960192450999784,39.978335331999915,18.14288100013073
1999,c6e07d28-496f-465a-a670-b94a2ed16c66,202,,39.98020818099985,40.00481708999996,24.608909000107815
2000,be4da3f9-1d7c-4899-b29b-9fa3f5cff8f4,202,,40.000920222999866,40.017999404999955,17.079182000088622
2001,42419e3b-7aa1-4c23-99e6-e37996ae3aae,202,,40.02035364299991,40.03281593599968,12.462292999771307
2002,e27ca1bd-205c-483f-957c-e2e5f1ca30b0,202,,40.04027186999974,40.05838291700002,18.111047000274993
2003,f7fd87c6-9332-47c3-9be1-bd9fda879ec0,202,,40.060663277,40.07332561799967,12.662340999668231
2004,d2bc4f11-aeef-49d3-9e20-583235ac6f0d,202,,40.080219159999615,40.09401920099981,13.800041000195051
2005,98ec4dd4-9774-447f-9574-3bf4b60a3e3f,202,,40.10017584599973,40.12178437299963,21.60852699989846
2006,40137c43-a0a8-427b-8971-540f08ce11f1,202,,40.120578461999685,40.140343225999914,19.76476400022875
2007,5a5364c7-8c2b-468a-95d7-f2d4f24770b6,202,,40.14051193899968,40.16994641099973,29.434472000048117
2008,0ede5924-c325-46f5-86fe-daefd1e17eeb,202,,40.160182908000024,40.2066814789996,46.49857099957444
2009,78ac6990-defc-4bbb-83b8-defd7f993498,202,,40.18106737199969,40.232426589999704,51.35921800001597
2010,8a008c0a-98c1-4891-9bf4-53c00d52a329,202,,40.20818539999982,40.24166341099999,33.47801100017023
2011,b20d1d6e-7ac7-4b49-bb79-3f4f7b7a6477,202,,40.22032443299986,40.243083786999705,22.75935399984519
2012,08c3b063-6813-4527-9fc4-28375975deef,202,,40.240387414,40.26028963999988,19.90222599988556
2013,86788443-2245-4c86-8ec6-ba7c42d67f55,202,,40.2607728629996,40.283483215999695,22.710353000093164
2014,356817a2-8978-42bb-87e8-18119ef5ae5b,202,,40.28032445399958,40.29476934799959,14.44489400000748
2015,d0bdf8c6-8bf1-4a64-9d71-2af562bd720a,202,,40.30047622899974,40.31061778499998,10.141556000235141
2016,8207b2ca-523f-455f-bb8e-d4ec35fc667e,202,,40.32200067099984,40.332221812999705,10.221141999863903
2017,ee472f8e-915c-42c3-b4cd-c06e638cafd2,202,,40.34090107499969,40.35095091999983,10.049845000139612
2018,23870157-d5b7-4c01-b3ad-d74b67cc33eb,202,,40.36049187499975,40.37352530999988,13.033435000124882
2019,0b89a9f3-7865-4085-b968-98ff7455bfe3,202,,40.38074036099988,40.436102283999844,55.36192299996401
2020,75758653-4f45-4232-896f-d7cc85cd90d0,202,,40.401245646999996,40.485047303999636,83.80165699963982
2021,db5653be-b8c0-4b0c-a5f9-a1b012856680,202,,40.42072565299986,40.52280969399999,102.08404100012558
2022,6ba00e46-f0f9-492f-afa0-6838550c45a7,202,,40.443430587999956,40.531066026999724,87.63543899976867
2023,e99b42cb-f2f0-4462-a19a-dcc61f7bfd93,202,,40.46166093099964,40.541124746999685,79.46381600004315
2024,7635449f-05d4-45a6-b3fc-78c1a6bc558d,202,,40.481460111999695,40.55207557799986,70.615466000163
2025,58e191c4-1fd9-47e6-983c-66d849d2eb1e,202,,40.50067069199986,40.559691224999824,59.020532999966235
2026,ba68313f-ab79-406c-8737-9638a98c5448,202,,40.52023174099986,40.56127943899992,41.0476980000567
2027,a73c8c87-743b-4da3-aec3-d6ab8f0cda6b,202,,40.54068610899958,40.5684438229996,27.757714000017586
2028,1e8d4c68-8d7e-4910-9b7f-35e924ec0a39,202,,40.560238407999805,40.57167179499993,11.43338700012464
2029,756d9fdb-afd8-4862-bbdd-4eec57de20a2,202,,40.58019196899977,40.59531217599988,15.120207000109076
2030,6336b6a6-0625-40b4-9a30-ba33d9b780b6,202,,40.600617003000025,40.64099284699978,40.37584399975458
2031,1222bef3-186e-48e7-b9f3-01628dcf4809,202,,40.62108907899983,40.650361337999584,29.27225899975383
2032,48cca8fb-8a84-4002-8627-b3430c4e65b4,202,,40.64021548999972,40.66173243200001,21.51694200028942
2033,adf02577-f28d-4a12-8f69-532aefb2973b,202,,40.66027063799993,40.68208821299959,21.817574999658973
2034,2f8ec857-d147-402c-b62d-5319c3126098,202,,40.68034795199992,40.70720421799979,26.8562659998679
2035,dad11da9-2682-4322-b6bd-8564273bf890,202,,40.70026247099986,40.72202919599977,21.766724999906728
2036,6b64b6dc-83df-4d03-9f84-5e6c80a54c33,202,,40.720493733999774,40.73801479199983,17.521058000056655
2037,10e6b2ae-6c6d-4095-8c8d-f9f776533fb6,202,,40.74017485499962,40.75683401199967,16.659157000049163
2038,4951b7b9-8279-48bb-bed9-731b02b85f2b,202,,40.76026444599984,40.78060400300001,20.339557000170316
2039,c93e8c6a-0404-4823-ab00-9b828f77a746,202,,40.780650587999844,40.79579815899979,15.147570999943127
2040,25434895-a74f-4a2a-9683-0784cf13327f,202,,40.80060146699998,40.81931443399981,18.712966999828495
2041,0d2426ac-bdc3-482f-9c58-79659c3f0690,202,,40.82022354399987,40.83584162899979,15.618084999914572
2042,d9ca0007-84e5-4a08-9745-c88a080fcc92,202,,40.840228465999644,40.86654336499987,26.314899000226433
2043,66e80b18-8044-4c69-b5d8-5bb5c7820a10,202,,40.86239799299983,40.892707427000005,30.309434000173496
2044,6f2f811b-bca1-4f96-8358-2399855581ec,202,,40.88115704499978,40.90336019899996,22.203154000180803
2045,0147f090-f366-43de-bcd0-2c82bf627779,202,,40.90120580199982,40.918786027999886,17.580226000063703
2046,3022462f-69a0-4b93-94c1-25b4bfc27757,202,,40.92037961599999,40.93750616199986,17.126545999872178
2047,6b5b558e-d191-40a0-9f0c-7aeca33a1f41,202,,40.94018674099971,40.9539156449996,13.728903999890463
2048,60bbc2fb-8343-4061-9d7d-b4e7efde573c,202,,40.9602493729999,40.97865087299988,18.401499999981752
2049,fe42a8da-2e34-4b05-83d0-3fb6781a1b39,202,,40.98029196299967,40.99730912999985,17.017167000176414
2050,62874296-86d1-4fa9-97ad-b78c77b2cd68,202,,41.000878151999586,41.02192185399963,21.043702000042686
2051,7fd52eaa-4fec-4916-bde3-614dcac0ba0a,202,,41.02175714099985,41.04560813499984,23.850993999985803
2052,18cd373e-4460-4d15-9893-d31f0f58e43d,202,,41.04315456199993,41.06353186999968,20.377307999751793
2053,cf25e00c-3968-491b-8fc2-35481b0ee454,202,,41.060203438999906,41.10170115999972,41.49772099981419
2054,24b0b747-0ca4-48b0-8c5e-10ee8be2c3b8,202,,41.081437813999855,41.11442407599998,32.986262000122224
2055,0f59a2e2-ab47-402b-9dd5-d0d4e33d8ee9,202,,41.100698964,41.12863645299967,27.937488999668858
2056,f3fea178-1823-4fee-baa4-e19f8dce75cb,202,,41.12034087499978,41.13626680199968,15.925926999898365
2057,74a50c39-d7c5-4b84-8dd9-c4a5fce58f87,202,,41.140278253999895,41.15757438799983,17.296133999934682
2058,b3485dab-c538-4bef-ae00-170e64f8783a,202,,41.160211422999964,41.174329338999996,14.117916000031983
2059,b6f64386-fc8a-4656-a2f6-c2b323100b56,202,,41.18058539799995,41.19987734099959,19.291942999643652
2060,26cc9bd2-a1ae-4c45-8d1b-c7f8d61f7f2e,202,,41.200233518000005,41.21393896299969,13.705444999686733
2061,46793c74-b796-4405-84f6-367e6a4ddf0d,202,,41.22037365199958,41.23978072299997,19.407071000387077
2062,321207da-77e0-4343-86ed-1b707e368cf2,202,,41.240160900999854,41.25266831099998,12.507410000125674
2063,9c8d268d-acf5-47d3-9db4-c55e54d691fe,202,,41.26014432199963,41.2766636829997,16.519361000064237
2064,5317c7a8-a21b-422e-9681-71f31bdff605,202,,41.28025633099969,41.293564264,13.307933000305638
2065,c341101f-5ba9-4625-a172-4765fc97c569,202,,41.30044713299958,41.315916421999646,15.469289000066055
2066,75069937-bb40-43a9-a39e-5af6374ba504,202,,41.320251840999845,41.332115898999746,11.864057999900979
2067,9673630e-004d-493d-931d-bc9709873a58,202,,41.34019938599977,41.35370053399993,13.501148000159446
2068,65c0528c-8f54-4231-8a75-4187509d9926,202,,41.36026376799964,41.37284584700001,12.58207900036723
2069,9a6a585e-e8e2-42e4-bbe9-cb92313d3d72,202,,41.38025277299994,41.3920642879998,11.811514999862993
2070,9b092c43-953a-429f-a459-cf5aa73f2e7e,202,,41.40100838399985,41.41238230199997,11.373918000117555
2071,aff8d215-44fc-4670-8394-eb5c98f4032a,202,,41.42023032499992,41.432299512999634,12.069187999713904
2072,c26ab6b6-d514-453d-ae8b-aa1e5007bd74,202,,41.44071605299996,41.45198100899961,11.264955999649828
2073,d7dce295-36dd-4a34-ba12-4941a2e9c18a,202,,41.46027854499971,41.47835624299978,18.077698000070086
2074,7a4c2cdb-9b5d-49c1-90c3-cc65671152a2,202,,41.4802763419998,41.49541807899959,15.141736999794375
2075,4bd62d48-ccf9-4f43-a7b0-3837efe33631,202,,41.50046347699981,41.51359782199961,13.134344999798486
2076,232ae342-e664-4b3b-b84a-23d67ff9d4af,202,,41.520351728999685,41.539186657999835,18.834929000149714
2077,94617695-8d8c-4917-bdda-a984277e4d8d,202,,41.54029814899968,41.55510491799987,14.80676900018807
2078,7ea87d54-aafa-41b2-a5c8-e613788d5d5d,202,,41.56053107799971,41.57315557499987,12.624497000160773
2079,08ca2435-8bad-47cd-9102-12b65b0c6c2c,202,,41.581350065999686,41.59570736299975,14.357297000060498
2080,e88357f8-7e47-4e8f-8011-e10a5fa3ccd1,202,,41.60039958499965,41.62189450899996,21.494924000307947
2081,451b41da-2383-47ef-bd43-6202f60f344f,202,,41.620238501999665,41.64151991999961,21.281417999944097
2082,799b80a6-2851-4e3a-af20-f1fd93a2573c,202,,41.64047297199977,41.65495252299979,14.479551000022184
2083,4e762b0e-1c1c-496e-935b-bcff3be2890a,202,,41.66027676299973,41.677823112999704,17.546349999975064
2084,39b36672-66d9-4769-b16d-92787e46732c,202,,41.68018676599968,41.69345065599964,13.263889999961975
2085,b4d06ceb-4223-4bb9-bdde-f787e7df486d,202,,41.700185229,41.71714980099978,16.964571999778855
2086,2bdd4691-c6ba-4c9c-9687-d5a39df266f2,202,,41.72017146999997,41.734769304999645,14.597834999676707
2087,f727c050-416c-4909-917f-ed4ead9332de,202,,41.740176168999824,41.75335587999962,13.179710999793315
2088,1bb651f2-3295-45f2-927a-58f011d7e104,202,,41.76019424199967,41.7709914269999,10.797185000228637
2089,4a3f1816-604c-443d-9735-fdd7e0f185bf,202,,41.78023644199993,41.795037448999665,14.801006999732635
2090,f0013b70-55b4-4d09-9f5a-682330f38e8c,202,,41.800174929999685,41.81240552999998,12.230600000293634
2091,ce31596f-5593-48d2-b648-9d84f7d5a1e7,202,,41.82016066899996,41.83232205899958,12.161389999619132
2092,b63afe07-a183-492c-b982-44ec6953f837,202,,41.840184492999924,41.854163225999855,13.978732999930799
2093,dd02f499-a960-4a16-88ad-7c07b6e7410c,202,,41.86023039999964,41.878096203999576,17.86580399993909
2094,156541e8-f700-4f8a-8f2d-d8bcd352f578,202,,41.88024084899962,41.896124470999894,15.883622000274045
2095,30a0738c-02f9-4d9a-913c-d61637aaea85,202,,41.90024017199994,41.91239593699993,12.155764999988605
2096,ffafb8ec-3ef0-4ddc-915f-21d521c1ed62,202,,41.920178201,41.93344345599962,13.265254999623721
2097,67549e09-89dc-496a-a481-c53323dcba17,202,,41.94019598299974,41.95229878800001,12.102805000267836
2098,3ced5d8e-1308-4a82-93f3-54334ee0f12c,202,,41.960168264,41.97556541299991,15.397148999909405
2099,ba1a98e5-b728-4296-9dae-a13e851bcce7,202,,41.980205379999916,42.00240989099984,22.20451099992715
2100,9ef6c4bc-e382-4761-aaf8-cd7a87f60c6f,202,,42.0003899999997,42.02825392299974,27.863923000040813
2101,71d86192-dd3a-404d-8b2f-cfdf7490a895,202,,42.02036890599993,42.053391267999814,33.02236199988329
2102,452cd1b6-be3f-442d-9324-1e9446d8d81b,202,,42.041499093999846,42.062362399999984,20.863306000137527
2103,e42baabe-e73d-4aff-bd6d-99fe6f9fd276,202,,42.06054068200001,42.07673606199978,16.19537999977183
2104,5f677e55-dac3-4779-bc66-8581f3fd11d6,202,,42.08025574699968,42.09580052499996,15.544778000275983
2105,5a2633b9-6cd4-4333-8e29-53d16acfe904,202,,42.10133839199989,42.11981808799965,18.479695999758405
2106,6d814fbb-a018-44e0-9880-b528e8adce58,202,,42.121527761999914,42.14142062399969,19.892861999778688
2107,65cf2729-8beb-4180-9fef-5d21335d61fa,202,,42.141457333999824,42.15751304399964,16.055709999818646
2108,c053c178-e5da-45bc-acca-5dae5dbe3c5b,202,,42.16641358999959,42.188599725999666,22.18613600007302
2109,0029d3e7-ec0d-455a-b61b-4aca26719865,202,,42.25573835799969,42.29397811999979,38.23976200010293
2110,998460f5-00f9-4f63-9a20-cc64357394a8,202,,42.255670480999925,42.29415620899999,38.485728000068775
2111,736fe083-8017-4787-ae79-de905f58bf45,202,,42.25597557299989,42.32678893599996,70.81336300007024
2112,d921f544-e787-4b92-bb16-df31648094f7,202,,42.25556343599965,42.324399033999725,68.83559800007788
2113,f1950476-e62e-4eb9-8b47-648d9f8786b5,202,,42.260202860999925,42.30618426199999,45.98140100006276
2114,227c14fe-be67-4093-bb12-21779701a08a,202,,42.280769658999816,42.33565418999979,54.88453099997059
2115,49dbba64-5556-4c0c-bd09-a9aa5ec1b57f,202,,42.30019904899973,42.35323473499966,53.03568599993014
2116,616ae1f8-8f63-4642-b546-28998268e8f7,202,,42.32266310899968,42.35956637499976,36.9032660000812
2117,5da7746a-81c4-4266-9796-12a11b955adf,202,,42.342675723999946,42.37885996899968,36.18424499973116
2118,17212fd0-4e73-4473-886b-96a3bf60aba6,202,,42.362341703999846,42.38489122499959,22.549520999746164
2119,7f76fa83-2343-46cd-888b-6155a3406441,202,,42.380198090999784,42.39494367999987,14.745589000085602
2120,cb1dba23-1ef1-4bd3-a4bb-39fa14a3dd83,202,,42.40023879,42.64847886199959,248.24007199958942
2121,3a6ce6c3-b7f4-4ad7-9116-a3a4a57eb26f,202,,42.42050520399971,42.7291946119999,308.6894080001912
2122,6428e16d-9145-4742-a72d-00eced720c6e,202,,42.44268488099988,42.75394838599959,311.2635049997152
2123,a39c3452-86ce-4a89-9e55-4967bdd92eac,202,,42.460233050999705,42.767120252999575,306.88720199987074
2124,bb8ffffe-eeaf-43fa-94ae-540d5ff99437,202,,42.48029487599979,42.75969625499965,279.4013789998644
2125,e7e903d7-364b-49b9-b0ef-98098f5fe1c0,202,,42.50111222199985,42.766947873999925,265.83565200007797
2126,0e2d03f1-03c9-44f9-9b15-f1034fd74eb8,202,,42.52470414799973,42.7797416049998,255.0374570000713
2127,d9496c87-21c4-46f1-934b-e7170d351ff9,202,,42.5403811809997,42.7826930629999,242.3118820001946
2128,2c685df5-068e-4beb-9b10-498bb88f37f5,202,,42.56128477999982,42.78921232799985,227.92754800002513
2129,f9b305e2-bf04-424c-b475-a7bbd27125c5,202,,42.58161377899978,42.798841137999716,217.22735899993495
2130,e8ba9a19-59d3-4566-8dd0-c3bb60f3c273,202,,42.60066799199967,42.81636208499958,215.69409299991094
2131,d08a5eba-d81d-45a7-abc2-771081e17c60,202,,42.6204949349999,42.82428934799964,203.79441299974133
2132,b0254208-0513-4ee9-ae43-e1ad90c60574,202,,42.641226528999596,42.83073090199969,189.5043730000907
2133,b99a312a-8491-4af8-aae2-458bfa5f732a,202,,42.6726761799996,42.83619476299964,163.51858300004096
2134,c41cbb4d-eb7f-469d-9770-5c06a73d441c,202,,42.68086403899997,42.84136736599976,160.50332699978753
2135,2b8b138a-7a67-4efe-8048-d73ec6ff9dd7,202,,42.70170221999979,42.84955080199961,147.8485819998241
2136,9099ad8a-51a0-4913-bad3-713357986491,202,,42.726682084000004,42.86266454299994,135.98245899993344
2137,14c4de7a-b3c8-47ea-b8b8-f7d32bcf0fff,202,,42.74366697400001,42.874252282999805,130.58530899979814
2138,a5594669-153c-4fc9-95ad-d6602159d89d,202,,42.76022631099977,42.888430094999876,128.20378400010668
2139,2a067b05-1ba6-4eb0-a7d3-91bf26a08f9c,202,,42.78024528599963,42.90580828799966,125.56300200003534
2140,e99c92bf-a3ca-41af-bad8-8d93cc83f2dc,202,,42.800320720999935,42.911325357999885,111.00463699995089
2141,caed83e8-4685-4ceb-99ab-7f90970ddda9,202,,42.82041019799999,42.93697803199984,116.56783399985216
2142,9f0f88f1-8870-4a48-9038-67549e99b580,202,,42.84069905499973,42.936662814999636,95.96375999990414
2143,ea613d25-3716-47ff-8977-608f4a770432,202,,42.86068782099983,42.95469690099981,94.00907999997798
2144,663b6a48-6978-4810-9ed6-237c829ba413,202,,42.88428256199995,42.97661534600002,92.33278400006384
2145,b880c2f1-9b5c-4f0a-a54e-9cbd57be564c,202,,42.902471152999624,42.97047550799971,68.00435500008462
2146,30e4412c-c904-45ad-8a2d-d86285f33346,202,,42.92399291999982,42.99793427399982,73.94135399999868
2147,1bfc581e-ecb7-4425-9480-037756c14ce8,202,,42.941244150999864,42.984332560999974,43.088410000109434
2148,61f4d718-37d8-4c78-9449-e1160d12a279,202,,42.961405462999664,42.99593442599962,34.528962999957
2149,1d2fa5aa-cdfa-4733-82ba-f329673eaa3f,202,,42.98113267999997,43.05531108199966,74.1784019996885
2150,18f88026-f501-416a-b142-a2f65c76189f,202,,43.000316714999826,43.05622552399973,55.90880899990225
2151,68966f35-ae6d-42ae-9b37-a4f30e734c7c,202,,43.032787954000014,43.09714153999994,64.35358599992469
2152,2e3ef035-8b4a-4b92-b830-8548444cd14c,202,,43.04166674299995,43.07504759099993,33.38084799997887
2153,19d2ebc1-5a40-40ba-b342-ac6ffbaf7a26,202,,43.063218093999694,43.10256519099994,39.34709700024541
2154,c13d4f82-18fa-4b6f-8fe1-a59b7a684462,202,,43.080662330999985,43.11824246199967,37.580130999685935
2155,cff3245c-7995-4eaa-bff4-f8dad8422712,202,,43.10017333299993,43.12261637599977,22.443042999839236
2156,67cf8d60-4b2c-4dab-b1b4-916e2c6ea966,202,,43.1212386709999,43.137804715999664,16.566044999763108
2157,a593162f-0df9-4391-958f-9b5d6c1caf6d,202,,43.14026640899965,43.161540627999784,21.2742190001336
2158,4c178014-84fa-4dd3-9134-be9c20fbb9db,202,,43.16058210099982,43.18014289699977,19.560795999950642
2159,5d368f5f-78e2-4dd7-b2fa-14b7afc0a3ba,202,,43.1802703999997,43.197240206999595,16.96980699989581
2160,9dfe9e75-3652-4d1f-ba61-27814ffc37df,202,,43.200477213999875,43.216660706999846,16.18349299997135
2161,1ce4e50e-ddd0-42d7-85fe-2eedc3cbe37f,202,,43.22021472199958,43.24557672099991,25.36199900032443
2162,a9f8a7d3-3c79-4600-8cfd-01c953014279,202,,43.242299213000024,43.268228936000014,25.92972299999019
2163,1fb6ed10-6f1b-4b7e-93e6-9e1774820d1a,202,,43.26023396299979,43.28256612799987,22.33216500007984
2164,126ea418-1709-46be-97d9-5e932191f9c6,202,,43.28081253699975,43.30427052499999,23.457988000245678
2165,1d352f77-e9f7-4228-b606-69bbf4e72f15,202,,43.30022574499981,43.313531240999964,13.30549600015729
2166,680d229a-1314-4bd4-bee4-2ca57ae99cc1,202,,43.320365514999594,43.337483617999624,17.118103000029805
2167,b89bbc08-44d8-45d1-95ae-c2c70c7e0f05,202,,43.34015990099988,43.35508273400001,14.922833000127866
2168,3d9f14a5-387a-4bd7-a980-939f3eabcd0e,202,,43.36023921099968,43.436300623999614,76.06141299993396
2169,a217c012-edec-48d1-8a16-cdce0408b7a7,202,,43.381973691999974,43.43599153199966,54.01783999968757
2170,3b0db4b8-812c-4c7f-910d-d8705f19e8dc,202,,43.403710422999666,43.43620649599961,32.4960729999475
2171,8e232473-58b9-4c44-a0cb-bf494185b5bc,202,,43.42045113999984,43.459499269999924,39.04813000008289
2172,d3f2f6cc-87f0-4f88-85b6-b0822d31b081,202,,43.440325068999755,43.49515272299959,54.82765399983691
2173,5398fc5f-5658-4aec-810c-799fc66c32fb,202,,43.46243335199961,43.50078825499986,38.354903000254126
2174,5b183d13-1796-4d90-866c-15025c504b62,202,,43.48080428100002,43.513676655999916,32.87237499989715
2175,bc9c299e-1f2b-40c8-be30-ac904c93faf2,202,,43.501379729999826,43.52822564500002,26.84591500019451
2176,fd4d603f-46f5-4120-b277-3c7d49b434d3,202,,43.52091402499991,43.54511315799982,24.199132999910944
2177,2ee71443-d5c1-45fd-88f6-58f95fdec6f4,202,,43.540143602999706,43.55328130199996,13.137699000253633
2178,9626a339-7335-4263-9ffc-71ada88f3654,202,,43.560327873999995,43.58036197399997,20.034099999975297
2179,dc75a80c-1c39-46c6-8915-b0fdf7ea8132,202,,43.58177438899975,43.60559280299958,23.818413999833865
2180,e6e7a7c6-5426-4fed-b99a-dc1dc09f2bea,202,,43.6027041389998,43.662752563999675,60.04842499987717
2181,492c7935-4d36-4ab3-9be7-abc15f5ea35b,202,,43.62381276899987,43.66704593299983,43.23316399995747
2182,cab80597-1136-4dae-b2c6-3f0e9c5fc1c9,202,,43.64271312999972,43.70178606899981,59.07293900008881
2183,f6b5d81f-217f-4546-af6c-d33db093479a,202,,43.66021274299965,43.70029298600002,40.08024300037505
2184,2f66daa0-88cc-405c-b70f-3123496fa8a0,202,,43.68266145199959,43.71399369299979,31.332241000200156
2185,205092a2-7161-4f15-8acf-b0aef77c3279,202,,43.70067703799987,43.72648448999962,25.80745199975354
2186,f98d5703-9e35-4a7f-a301-b999db857c0d,202,,43.72064595699976,43.75766629499958,37.020337999820185
2187,a8e7a043-0065-49f2-90b8-0855b3fd3b7d,202,,43.740395408999575,43.759516552999685,19.12114400010978
2188,e852d538-8582-42c8-a4d3-76e371c5dcf5,202,,43.76017415399974,43.77699619399982,16.82204000007914
2189,0dac873f-b0c1-4806-ae26-18c35ba15b10,202,,43.78092838399971,43.79542940199963,14.501017999918986
2190,275b0aad-8b3d-4677-b566-4c0969852906,202,,43.80119309999964,43.819408968999596,18.21586899995964
2191,d3daf92b-9f0a-4709-881d-bccde96b02a8,202,,43.820764505999705,43.835788704999686,15.024198999981309
2192,571655d6-aeb8-4f2a-91cd-a4eafc98f7ff,202,,43.84027766099962,43.85432979199959,14.052130999971268
2193,d8122d03-e5ce-4bd7-8c39-c12e307aa78d,202,,43.86019611799975,43.87416953799993,13.973420000183978
2194,2c5ac9b2-7355-4571-88c3-be8adfef3b62,202,,43.88017836799963,43.89296888199988,12.790514000244002
2195,b186c962-00f8-460c-88a0-1b51dcfaa5cf,202,,43.900348914999995,43.920684049999636,20.335134999641014
2196,3324f48d-e46f-49b1-ac6a-ac057328422a,202,,43.92087497199964,43.93251445399983,11.639482000191492
2197,14266d39-693b-4199-903b-5a442b535cbd,202,,43.940221371999996,43.954946145999656,14.724773999660101
2198,292e6a08-9762-4821-8480-187c3433cda7,202,,43.960194788999615,43.975610372999654,15.415584000038507
2199,c76a654e-ddf9-4e48-80b3-d2f18e8b3733,202,,43.98040062799964,43.99328222799977,12.881600000127946
2200,d398d52f-e1e7-4768-bc7d-671d4c6d2bfa,202,,44.00021429099979,44.01422475399977,14.01046299997688
2201,89d46c1b-f1ff-4374-9bd7-d63a50e7b571,202,,44.02017858299996,44.043899642999804,23.72105999984342
2202,b5f95653-c366-4c5a-b14f-c62972389f99,202,,44.040270960999806,44.059801281999626,19.530320999820105
2203,996b18f0-9f1c-44d7-ab07-410c090d0f43,202,,44.06017395899971,44.07615522599963,15.981266999915533
2204,232ed345-3cb4-43bf-9552-343b9782e397,202,,44.080219419999594,44.09592051199979,15.701092000199424
2205,444bb103-e086-475f-8036-17059e37d32a,202,,44.1002695469997,44.11882984199974,18.56029500004297
2206,a979d475-0143-40c4-bfda-2c30df8b86fd,202,,44.12029904899964,44.13965907399961,19.360024999969028
2207,d0e896f4-9824-4816-a70d-a3a14f6b2175,202,,44.14019812999959,44.15711946399961,16.92133400001694
2208,467fd07e-acad-4583-ab62-5912a31b39e7,202,,44.16115348999983,44.17843700100002,17.28351100018699
2209,cb4cba04-e0fa-4e2a-a861-c0b2b5bd3b02,202,,44.18018175599991,44.196649952999906,16.46819699999469
2210,2c99ad86-d42e-4ab1-b1ca-0c95ca0677b1,202,,44.20023834199992,44.21330823799963,13.069895999706205
2211,02b6ec75-5a94-40e6-ab11-9807ff66886a,202,,44.22022580099974,44.24124641299977,21.02061200002936
2212,357207e6-e84d-4c02-9dd8-111933c2ba8f,202,,44.240166508999664,44.25264530499999,12.4787960003232
2213,1a6aa8fd-cf3e-4f37-8cde-9ad606dfe792,202,,44.26024230299981,44.278664302999914,18.422000000100525
2214,f14a138e-a273-4c93-845e-38bd022657bb,202,,44.28269141199962,44.308493736999935,25.80232500031343
2215,430057f0-9428-4c4f-bb45-4de6dd5607a6,202,,44.30033589099958,44.33560409799975,35.26820700017197
2216,c4f4372d-a932-4824-8055-9367a2a09bca,202,,44.32273087299973,44.342388364999806,19.65749200007849
2217,35170674-b359-49fa-9c4f-691b6773473e,202,,44.34022101399978,44.35621919799996,15.998184000181936
2218,34f21527-4a92-4d72-92ba-3cdcaa61e157,202,,44.36015593000002,44.371995584999695,11.839654999675986
2219,46830601-e5c6-4033-84d1-28d98c6481bf,202,,44.38094266099961,44.39316153399977,12.218873000165331
2220,8415a7e2-7e1c-4d0e-942e-36f9496d7132,202,,44.40017143199975,44.41270548099965,12.534048999896186
2221,d92adcfc-90bf-49a1-a534-81dbbc937e75,202,,44.421690682999724,44.438823563999904,17.132881000179623
2222,253a268c-630d-47e3-970f-c20e26e5a8f4,202,,44.44017780899958,44.45904869599963,18.870887000048242
2223,10882b32-8c77-44bd-81e3-3166b2186ce8,202,,44.460223227999904,44.47531984599982,15.096617999915907
2224,459ef337-2503-42c6-b2b7-c3713d6314a0,202,,44.480161685999974,44.494330027999695,14.168341999720724
2225,b8d126da-f65f-4772-846e-c26d609449a1,202,,44.50020877099996,44.51596482399964,15.756052999677195
2226,5c58b8f9-c11e-4eaf-b1f2-eba7c9be53ca,202,,44.520554531000016,44.537782456999594,17.227925999577565
2227,59f68592-5993-4396-ba63-ba99551d3b2d,202,,44.540288149999924,44.55144436899991,11.156218999985867
2228,c2ca65d1-2135-4a88-9a78-51dc5004c689,202,,44.56026502499981,44.571519955999975,11.254931000166835
2229,40fb6ce7-fd15-489a-a9f2-cfa661962a26,202,,44.58016514899964,44.592241850999926,12.076702000285877
2230,ada0fdd6-bf93-401c-ab52-0a8f515af702,202,,44.60021102599967,44.61422719799975,14.016172000083316
2231,710b9451-cebe-4936-bed3-a1fe69945052,202,,44.62020835999965,44.630244923999726,10.036564000074577
2232,869f9be3-1bc2-43ec-b502-6fe4efad81f9,202,,44.641058966999935,44.654000734999954,12.941768000018783
2233,78dc07c2-391b-4908-b74c-fb8e39db0767,202,,44.66018019399962,44.67183517699959,11.654982999971253
2234,aebd35b4-3f0e-4964-b3aa-b84f738860c0,202,,44.680160277999676,44.69328775899976,13.127481000083208
2235,8135d620-2e56-4378-93d7-0cf4b5353318,202,,44.700188029999936,44.711907340999915,11.719310999978916
2236,b3b7cc57-117c-42eb-9430-501b76ef635a,202,,44.720980788999896,44.73101771999973,10.036930999831384
2237,6a7091f8-b5b6-41a8-bc18-7759fd17dfad,202,,44.74080785299975,44.751682265,10.874412000248412
2238,cee565be-5811-4e07-891c-6b987a1577ca,202,,44.76026324099985,44.770776726999884,10.51348600003621
2239,5af63857-08c1-49ce-baf4-6dae3d924ed4,202,,44.78102616399974,44.791841782999654,10.815618999913568
2240,396b2046-6877-4f17-98a3-ce10a60651bd,202,,44.80026321299965,44.811999272999856,11.736060000202997
2241,987891ad-3ec8-4f43-9bc7-68f7557eefd5,202,,44.8202769909999,44.83469570499983,14.418713999930333
2242,6eacee2b-0ad6-481e-98d9-bfd019fc952c,202,,44.8402238499998,44.858855007999864,18.631158000061987
2243,410fbe64-4bdb-4f07-9faf-ac479f4c1800,202,,44.860391090999656,44.87925742099969,18.866330000037124
2244,99321dfd-8f31-48e6-b6c0-a65b327fa864,202,,44.880382242999985,44.89358846599998,13.206222999997408
2245,6ab1753b-703e-4a6e-822a-8effde152ec2,202,,44.90037681199965,44.912188706999586,11.811894999937067
2246,68ed015a-70a9-479c-91c7-a1df56e10c02,202,,44.92149278499983,44.932924461999846,11.43167700001868
2247,6403a146-492c-4e45-bfde-75bc099125b4,202,,44.9402879889999,44.960815613999785,20.52762499988603
2248,440c2214-6683-4a2d-91ae-ff46c26f4309,202,,44.962777749,45.02983339299999,67.05564399999275
2249,b36537dd-d823-4733-a49c-c8924cb6a1de,202,,44.98046042399983,45.02146617199969,41.00574799986134
2250,e7260183-1716-4e53-9458-7a3fbc7c2420,202,,45.00023390399974,45.039994493999984,39.76059000024179
2251,71f24be7-5464-426e-a72b-21fd9c226dc2,202,,45.020211263999954,45.052389778999895,32.1785149999414
2252,2a2bfac1-5e74-4195-91f1-55a2569d7db6,202,,45.04026250099969,45.06217128699973,21.90878600003998
2253,44498137-2638-47a1-9466-22ae21d9db8d,202,,45.06059412099967,45.096041846999924,35.44772600025681
2254,6ab89f80-6a6a-4e68-b64b-b9f5712d8b32,202,,45.08078094499979,45.10258056099974,21.799615999952948
2255,5dcce9e7-ec4c-47e9-8d54-4bdee37a31ad,202,,45.10020287399993,45.11405557199987,13.852697999936936
2256,f68991e1-9f9e-4e5d-9092-699311923e1e,202,,45.12018673399962,45.138784265999675,18.59753200005798
2257,e0160746-df95-4e3f-8b26-f579926d1bcc,202,,45.1405243119998,45.174583127000005,34.05881500020769
2258,3d122f4e-d0d1-49fb-b0b6-b46dc1c59b0e,202,,45.16072196999994,45.18315939499962,22.437424999679934
2259,a9a0e7d2-d4af-497e-8b5c-120ad7fea6d3,202,,45.18166618899977,45.193873510999765,12.207321999994747
2260,c3143526-893b-471d-b9ba-efddb6567cc7,202,,45.200734775,45.22155419899991,20.819423999910214
2261,7364f819-8432-4de7-81fc-19431b48e1d3,202,,45.22037745999978,45.29972576099999,79.34830100020918
2262,0a2d03e2-d919-4b3c-8c39-13c374fd25ee,202,,45.240582533999714,45.3357919619998,95.20942800008925
2263,3865fa62-2bf8-429f-83a4-10f7fca51f36,202,,45.26372497800003,45.345414423999955,81.68944599992756
2264,38963ce5-2b3e-47c1-b4c5-6dbf2b196ce8,202,,45.281660200999795,45.35379293699998,72.1327360001851
2265,e0068f1e-3650-465b-9f60-a88ea97eccf7,202,,45.300405903999945,45.358075050000025,57.66914600008022
2266,41302a5b-7331-42f3-bdfc-ae3d9b32587c,202,,45.32067889699965,45.367672718999984,46.99382200033142
2267,4184c702-231b-44cc-a750-f09a4a32305f,202,,45.34336574500003,45.367438670999945,24.07292599991706
2268,aef0f57b-4e0a-4611-ba23-4764ce81d68c,202,,45.36022431499987,45.376676872999724,16.452557999855344
2269,b1d95c20-800c-4384-a701-d90595188a6d,202,,45.380234841999936,45.401977581999745,21.74273999980869
2270,b84d3874-31a5-49b7-9d1f-863dab3ba94c,202,,45.4003967069998,45.415615524999794,15.218817999993917
2271,b6e29f59-4da4-4e7a-b5e0-0d1767bd5652,202,,45.4201994379996,45.43790752999985,17.708092000248143
2272,814701ac-76d1-42fd-8c13-eb9aa884e46c,202,,45.44027463399971,45.456040257999575,15.765623999868694
2273,2aa21449-84d0-4de2-829d-da7a84baa502,202,,45.460275911999815,45.47205347199997,11.777560000155063
2274,8a1323f5-279d-4a4a-8441-3361e98a35ac,202,,45.48028635599985,45.49740684899962,17.120492999765702
2275,5f34a449-84aa-41f9-9058-fccd7649b126,202,,45.50064293499963,45.51874662,18.103685000369296
2276,56babc83-6c86-4693-b503-7e7c9744e7cf,202,,45.520762006999576,45.533731223999894,12.969217000318167
2277,205758c1-2096-4e1f-83e3-b2c99155c961,202,,45.540184685999975,45.63366056799987,93.47588199989332
2278,07bd3825-4fff-4af7-90ba-68a550b74f12,202,,45.56030796599998,45.652081802999874,91.7738369998915
2279,94edff62-7225-479c-a701-30613169fd1b,202,,45.58285022799964,45.669527554999604,86.67732699996122
2280,9dd601a4-186f-4879-bd4b-8fbbcba1a185,202,,45.602737001999685,45.67898792999995,76.25092800026323
2281,f3270970-4713-42e0-816c-7b031f824747,202,,45.62077297799988,45.68937361999997,68.6006420000922
2282,7f26f7fa-963e-4d9f-afb0-966359bd3ce1,202,,45.64088004999985,45.6895344579998,48.65440799994758
2283,6717eba0-786d-46d4-bc03-e1a336426563,202,,45.66021280999985,45.69150042599995,31.28761600009966
2284,b02e1840-6e17-4516-a566-78c3ac0b22b0,202,,45.68015833599975,45.72065184899975,40.49351300000126
2285,dfe79e2d-86db-4f8b-aeb4-5a4b3074a08c,202,,45.70099517699964,45.74889261499993,47.897438000291004
2286,501ac798-6781-4431-b74a-5aa6d80f319f,202,,45.725688311999875,45.77361487299959,47.92656099971282
2287,7a53922b-ae0c-4587-8abf-0330d8f05aae,202,,45.7403278529996,45.77538966899965,35.061816000052204
2288,6a30b66b-2761-4811-b3e8-9aa0c0d8f8c7,202,,45.760902296999575,45.782340804999876,21.438508000301226
2289,21c402ab-784b-4404-af11-e39caca870ef,202,,45.78019320799967,45.79352088299993,13.327675000255113
2290,41aebc0b-c9c6-4cfb-8080-a6cd1871f5fb,202,,45.800377559000026,45.816177046999655,15.799487999629491
2291,e332de27-63a7-4e11-8fc3-5399e5dff075,202,,45.82022010899982,45.84798094500002,27.76083600019774
2292,e8624250-884d-4c91-bbb1-08a637f7bb48,202,,45.84115593699971,45.87333946999979,32.18353300007948
2293,4da1226e-c7b1-4245-86ca-de4cb7ef5d85,202,,45.86064585299982,45.89733479300003,36.68894000020373
2294,c4c8f6b5-df02-41c4-9e09-e03849d4965b,202,,45.881747560999884,45.9080946109998,26.347049999912997
2295,e200d0f7-f095-4379-b973-23deda587d7f,202,,45.900684963,45.91643044900002,15.745486000014353
2296,8e452b1b-8de7-46a9-a057-6364752d453c,202,,45.92029088199979,45.93238439999959,12.093517999801406
2297,269ac829-5933-40b3-a5cb-e18812765bc8,202,,45.94045710699993,45.95560886999965,15.15176299972154
2298,e6b0d407-bee3-48ab-89d4-a2165410a075,202,,45.96027998999989,45.980086580999796,19.806590999905893
2299,22df71a8-1b5d-44e3-828b-c123fcd7d3ff,202,,45.980222041999696,45.995425307000005,15.20326500030933
2300,8fdadbf6-d06c-49a9-bb4c-78a269d3e23c,202,,46.000212680000004,46.01071215699994,10.499476999939361
2301,379cf1cc-e1e9-402b-8859-5752c0fc52d5,202,,46.020779581999705,46.03971139999976,18.9318180000555
2302,c3ceae5f-662b-4cc7-b60b-fbcd484c387d,202,,46.04014153599974,46.07810817599966,37.966639999922336
2303,de272021-52aa-4862-ae43-84857707bebe,202,,46.06068435399993,46.09267954899997,31.995195000035892
2304,5a47d0a2-9b73-4cca-80fa-d2f9e4198f70,202,,46.080665115999636,46.097014659999786,16.349544000149763
2305,73b890a7-188b-4081-ac3e-92d0a16ac11c,202,,46.10170061399958,46.12271831899989,21.017705000303977
2306,6622a421-81e2-4ee9-acac-973115fb7c64,202,,46.120225754999865,46.1339954,13.769645000138553
2307,cade8e99-348f-4f51-990f-14e456a7032a,202,,46.140156015999764,46.15530194599978,15.14593000001696
2308,7fab66c0-9a13-44f3-909f-74e7185c0dcc,202,,46.16019365399961,46.17342470199992,13.231048000307055
2309,fca5b2f7-9396-4be3-a633-3a4687fe54fd,202,,46.18467286499981,46.22789376399987,43.22089900006176
2310,be6ab679-59c3-44a2-b034-133264e19c6c,202,,46.20029922399999,46.23718125200003,36.88202800003637
2311,bade235c-fd5d-4cc2-acc9-2b7323b0a63a,202,,46.22170072999961,46.25351262899994,31.811899000331323
2312,1c8ad5d0-278d-4a6a-8b67-b7f07d1f710b,202,,46.24123106399975,46.260395263999726,19.164199999977427
2313,7d1eca34-38f4-4bf2-bd56-bd4bac98a77d,202,,46.26023492599961,46.27374548099988,13.510555000266322
2314,9e9558d3-a7b9-4515-a085-f3ca586b8c61,202,,46.28046656999959,46.29459713999995,14.130570000361331
2315,951e277a-d2ed-4d7d-ada9-21b69e428129,202,,46.30025857700002,46.32853909300002,28.28051599999526
2316,300e0189-a734-4a79-b73e-44d4e43661e5,202,,46.32045446899974,46.339051320999715,18.596851999973296
2317,b6b1721b-3469-4644-9081-e101ef85f759,202,,46.34023168399972,46.35422791799965,13.996233999932883
2318,fdb7f253-b3da-4585-ad7b-2aa733e66226,202,,46.360215820999656,46.38514445999999,24.92863900033626
2319,8bdc1b16-a6af-4fdb-ada9-8773e9309367,202,,46.38019374999976,46.397001972,16.80822200023613
2320,3d47870a-5b6b-4344-8d92-ca7647ea5119,202,,46.40021409599967,46.42072803899964,20.513942999969004
2321,269bf78d-7aba-4f22-b2a8-85f709802103,202,,46.421648061999804,46.435901093999746,14.253031999942323
2322,88fbec31-b5d2-4b28-a1c1-7b7bc058838d,202,,46.44024703899959,46.45328262299972,13.035584000135714
2323,990f8ddd-5c4b-4052-af47-faa59bafe07a,202,,46.46023421799964,46.47754007799995,17.305860000305984
2324,f7e063fb-a85a-40aa-87df-d6d970fd0a82,202,,46.48017760399989,46.492482668999855,12.305064999964088
2325,debbb7b7-e422-4f45-a468-993586c32b53,202,,46.50018949199966,46.51352066699974,13.331175000075746
2326,e44bb2d4-3475-4ec4-b859-e80e647d8300,202,,46.520301174,46.53480937899985,14.508204999856389
2327,61def7ea-6e28-46a3-ac8b-76a90bae7e35,202,,46.540236725999875,46.55882045199996,18.583726000088063
2328,e464d814-1a1f-4c84-b9fb-54034d453340,202,,46.56021315499993,46.57147256799999,11.259413000061613
2329,b7567d1f-57a1-4483-aa73-96516f5ba5f4,202,,46.58023237599991,46.59196809399964,11.735717999727058
2330,e6f0b430-dc26-4f00-bd78-aa60ebc82719,202,,46.60023372199976,46.61259545499979,12.361733000034292
2331,55f85295-cccf-49b6-9feb-c553860fcc4f,202,,46.62023277599974,46.63236475399981,12.131978000070376
2332,7e86659d-1ad0-4397-b625-4a9dcfb2949d,202,,46.64017557899979,46.65012358399963,9.948004999841942
2333,6661fb06-1135-4d62-8ec4-8e74c7f9ec9d,202,,46.660204841999985,46.67025022500002,10.045383000033326
2334,c9c07b71-3257-43af-b497-56be89a6978a,202,,46.68171005999966,46.69242170899997,10.711649000313628
2335,406c20e6-a403-4a26-a228-ce92199aee7d,202,,46.70025049299966,46.71199132999982,11.740837000161264
2336,2ba5f422-31e3-46fa-ad6d-d00ad7548f2b,202,,46.720260785999926,46.73481389799963,14.553111999703106
2337,4adc4ffe-4049-45ab-99af-ab37498a4241,202,,46.7402288659996,46.80353931599984,63.3104500002446
2338,ca268ded-89fc-4f15-bed3-160014626654,202,,46.760574663999705,46.849799466999684,89.22480299997915
2339,1cf62546-0ee9-45a7-880b-49975858477a,202,,46.78042815799972,46.85836697199966,77.93881399993552
2340,1543e9bb-4464-41e1-982e-e63ef67d56df,202,,46.80031636099966,46.87306033799996,72.74397700030022
2341,49c00310-8676-4bac-b13f-63ddab6c0515,202,,46.82232203299964,46.878982109999924,56.660077000287856
2342,ab7f6e8b-4261-4f85-99c2-304c875581f5,202,,46.84125158799998,46.884538539999994,43.286952000016754
2343,dc9b5023-ee87-4806-af5a-073825d9a8e7,202,,46.86125733599965,46.88909902799969,27.841692000038165
2344,dc4eb318-e9e6-4277-a903-97ab15340fb3,202,,46.88031051799999,46.89726448199963,16.95396399964011
2345,d23d1326-d31c-497f-8cda-df3edbd27424,202,,46.90050226999983,46.91095657199958,10.45430199974362
2346,185a9d11-aa7e-4ba5-97ea-981b191829fc,202,,46.921058073999575,46.93335358799959,12.295514000015828
2347,7b680c24-0410-47b4-8e03-1a9129a1fff6,202,,46.94197309399988,46.95774127799996,15.76818400008051
2348,739a66ac-000f-4e51-85a6-b89105e06d10,202,,46.96081285399987,46.972692899999856,11.880045999987487
2349,1c3964e7-bb1c-4941-a668-674999eb12e3,202,,46.980378799999926,46.99570201400002,15.323214000090957
2350,5719377a-5f54-409f-8346-20d0972dea40,202,,47.0010374389999,47.014204849999714,13.167410999813
2351,298a7b4d-ff7a-4dad-a06d-0b943b0e2839,202,,47.02022604099966,47.03028683299999,10.060792000331276
2352,3f3dac7a-b9a5-43a9-b3ab-6fa2f9596a92,202,,47.040447418999975,47.051643989999775,11.196570999800315
2353,384f98fd-da6d-4f0c-b0ce-12c7a385512f,202,,47.060259120999945,47.083293859999685,23.03473899974051
2354,a29804b1-9c61-489b-9c98-8ab57313465e,202,,47.08057425099969,47.10758492299965,27.010671999960323
2355,dc9e6332-81a5-45be-8396-08c30f373376,202,,47.10040386999981,47.11727783099968,16.873960999873816
2356,c13595f4-37d6-4c3a-9235-3c7a2315f64e,202,,47.120259946999795,47.13976834899995,19.50840200015591
2357,afd95fee-40c7-4fa4-9ce7-9008abbe38d7,202,,47.14032332099987,47.158364269999765,18.0409489998965
2358,07ad0b4c-ede3-45c9-95a7-d2fe7c7164e4,202,,47.1601974819996,47.17888465599981,18.68717400020614
2359,7b1924ca-8469-4c16-9521-425c514ac42c,202,,47.18016297899976,47.193219595999835,13.056617000074766
2360,3ffeea40-265d-4e80-8c66-58645b5cbb1d,202,,47.2002719799998,47.21630779499992,16.035815000122966
2361,8b253486-fdae-4c11-9b4a-39e8d5fe08e3,202,,47.22037577099991,47.234770337999635,14.394566999726521
2362,6239a986-1bf8-4d73-ab7c-ca07b57938eb,202,,47.24091428299971,47.2661370349997,25.222751999990578
2363,30eaeb12-5cb8-46e3-8695-9f833c0d60ce,202,,47.26622532900001,47.29418314999975,27.95782099974531
2364,2e1c1b74-5d1c-4635-92a7-28c1e896b62d,202,,47.43832156999997,47.50915862399961,70.83705399963947
2365,0bc90a6d-be02-4c8f-b8b3-dd15cbb5afc9,202,,47.43776363899997,47.531211256000006,93.44761700003801
2366,af650c10-ec14-40cd-9ac2-b426fe9aa383,202,,47.4385052409998,47.47338994199981,34.884701000009954
2367,60b631b3-f107-4699-b285-3eeb9b8ddea0,202,,47.43783368200002,47.522745503999886,84.91182199986724
2368,d5eff0a0-e4b1-4b7c-87b7-c8d1d7141a44,202,,47.438607993000005,47.49594337799999,57.33538499998758
2369,534f4e43-4e93-4750-b8a6-8069bbb1382b,202,,47.437910933999774,47.500589410999964,62.67847700019047
2370,74f59e9e-4116-4a40-826f-8c24031adbfc,202,,47.43839490499977,47.51583070699962,77.43580199985445
2371,2daa3f05-d8f5-4cba-bf68-cd7d01494bda,202,,47.43769634599994,47.46603609299973,28.339746999790805
2372,ab405a5b-c63d-45ff-8dcc-019cdc07aafa,202,,47.44145181399972,47.534310290999656,92.8584769999361
2373,9c6fd64b-efe5-4549-a7c7-6a9207fe2292,202,,47.460830837999765,47.53437345999964,73.54262199987716
2374,e72c5edd-1dc8-4f0a-b893-4d459f82b4b2,202,,47.480311239,47.54074528499996,60.43404599995483
2375,476bf077-d261-400e-bf65-9f1354a03df3,202,,47.5001842759998,47.54272979299958,42.545516999780375
2376,0fdc4f9f-2620-4d15-b1c8-018d17db8790,202,,47.52054448999979,47.54866389899962,28.11940899982801
2377,f0ae8955-38e4-44e0-afe5-b2ec8b02cfb1,202,,47.540468277999935,47.55765491399961,17.1866359996784
2378,578eef22-ab4e-4496-aa42-708c782cfaca,202,,47.56018093499961,47.5730130879997,12.83215300009033
2379,90d9fd60-5dac-4d7c-910c-81fbfbdc8ba1,202,,47.580372062999686,47.61867801599965,38.305952999962756
2380,235734ba-53d8-4759-8af5-90b0cf862224,202,,47.60270940999999,47.626220161999754,23.51075199976549
2381,1db5d6cf-06f7-41bf-9ac7-3ce4bc5e46dd,202,,47.6204540599997,47.64117365899983,20.719599000130984
2382,4e5e08ba-df5f-473f-9efd-4725bbbcf8c2,202,,47.64060447799966,47.65737264499967,16.76816700000927
2383,a31d38c0-c275-4dcd-8c2e-324bce847a26,202,,47.662661984999886,48.015946878999785,353.2848939998985
2384,dacb2136-9440-4d9c-b4c9-07f99892286b,202,,47.68579739400002,48.0181416409996,332.34424699958254
2385,eaa410a3-c0f7-424c-ac3f-bded9b6c97ea,202,,47.70266923099962,48.028674019999926,326.00478900030794
2386,0f174138-25bb-401c-99a9-04826d213528,202,,47.720313532999626,48.03184917999988,311.53564700025527
2387,9f250c5f-3b0b-411d-a8fa-a70b30cb899b,202,,47.74227502099984,48.035856234999756,293.5812139999143
2388,d0538fc6-3de0-4389-80eb-96f3b7a18d6a,202,,47.76288772699991,48.04068660199982,277.79887499991673
2389,f691b146-dc2b-4900-9f83-744335a2c3ad,202,,47.785784154999874,48.04738888899965,261.6047339997749
2390,cfbb6e89-06de-482d-bbd2-1dc392cc9bc6,202,,47.80390955099983,48.05206604299974,248.1564919999073
2391,9c434d37-3a4c-4db0-9f81-5480af9cccc4,202,,47.82032023900001,48.056279727999936,235.95948899992436
2392,8ee2218a-4580-4941-9db2-02eeb6953308,202,,47.841708880999704,48.06177415299999,220.06527200028358
2393,1a242a57-e9aa-48a6-b914-3b394d61b6f6,202,,47.86049995899975,48.06876552999984,208.26557100008358
2394,e0968683-26d2-48a6-a061-b22f7ebf127f,202,,47.881974936000006,48.07108671099968,189.1117749996738
2395,daff8c75-1ed8-45a6-9dcd-c3276266d302,202,,47.90251013999978,48.07528906199968,172.77892199990674
2396,602d3e2f-ee33-43bf-b710-78f413be821f,202,,47.92059870200001,48.08138250100001,160.78379900000073
2397,750a5bda-64b6-4635-a968-0e84aeab0358,202,,47.94200796899986,48.08733876999986,145.33080100000006
2398,04737c3f-7535-4326-9905-3c43822d5928,202,,47.96183994799958,48.09212605199991,130.28610400033358
2401,7c5ad764-5020-472c-a759-c1a0d5549ea3,202,,48.02027006699973,48.095770681999966,75.5006150002373
2402,a006e9db-7fb8-4223-8745-3a470fde95e9,202,,48.04019396499962,48.0980901959997,57.89623100008612
2403,6683728d-a773-42a9-abba-b4eca08d52fe,202,,48.060216989999844,48.09934068499979,39.12369499994384
2404,68ce17f8-ce5b-4947-b2ed-5531fb852870,202,,48.080204430999856,48.10616330799985,25.958876999993663
2405,fca96aa5-8f21-42f5-80df-166ebe278dd8,202,,48.10024558199984,48.12309346699976,22.847884999919188
2406,32ec7011-5cab-4986-8eaf-50111bd3b40f,202,,48.12018793799962,48.14176500099984,21.57706300022255
2407,d77b7762-2aec-4f73-b182-dedfa70bd86c,202,,48.14051634599991,48.15655010799992,16.03376200000639
2408,ca92ec41-13ef-45bb-8e41-3a2ef2d55e0f,202,,48.160228571999596,48.175015511999845,14.78694000024916
2409,23a3331a-3ab2-4907-9a5f-d8e7a6549323,202,,48.18018709499984,48.26914261799993,88.95552300009513
2410,f1c6560c-838b-407d-86c6-56600c18acdb,202,,48.20578792199967,48.292170215999704,86.38229400003183
2411,c6c5c4ff-7bcf-4556-92c6-2a119d8a76a3,202,,48.22066848899976,48.29934076399968,78.67227499991714
2412,c7cf39f4-9b04-4927-97ce-372d4b9af008,202,,48.240446925000015,48.30122551799968,60.778592999668035
2413,9a0afd54-9044-49f4-b0c7-14ae464b8c59,202,,48.260459741999966,48.31930120399966,58.84146199969109
2414,43ecafdd-72ae-4b7c-8496-058773c64dfb,202,,48.280671229999825,48.31913078399975,38.459553999928175
2415,7252825f-f9f0-4ccd-9f7b-6e41c8fff0d3,202,,48.30084113399971,48.32897743799958,28.136303999872325
2416,e839c556-6c12-46e1-a561-a0fa8fc364db,202,,48.320160849999866,48.33553751299996,15.376663000097324
2417,9d63ac5c-eb96-4eca-a744-f6e0e00d0989,202,,48.340235000999655,48.371290834999854,31.055834000198956
2418,312adf5e-70de-4457-87e0-36e8e59b8b25,202,,48.360594575999585,48.404749308999726,44.15473300014128
2419,421994fa-6105-430e-8196-1f0a0d6ee840,202,,48.38023859199984,48.41011647999994,29.87788800010094
2420,905580d2-6cb5-4b77-9a62-eff5d889414b,202,,48.40405354199993,48.43298124099965,28.92769899972336
2421,50fefb9f-b448-42c1-a847-d06efed71747,202,,48.42043860499962,48.45206482699996,31.62622200034093
2422,73121f2c-8e63-4569-978a-45b96f1ad0e4,202,,48.440422878999925,48.46992746599972,29.50458699979208
2423,59c33350-4470-4c90-a8f5-d04354c44c69,202,,48.46019052299971,48.501940447999914,41.7499250002038
2424,51c95896-a95f-4ee2-9dbc-5314879cfe79,202,,48.480219589999706,48.51983350499995,39.61391500024547
2425,fb021572-1624-46b7-8005-240ae8d15641,202,,48.50225466399979,48.53667199499978,34.41733099998601
2426,f3ee6096-e339-4de6-bb36-d5a1fb8c53d4,202,,48.52366188899987,48.54005957599975,16.397686999880534
2427,ca83fcb2-bf76-4149-bc64-74d56aee9966,202,,48.5407305509998,48.55516610799987,14.43555700006982
2428,26f1b42b-2663-4da8-84f9-3be1fc9d940a,202,,48.560413734999656,48.58138986599988,20.976131000224996
2429,887d776e-5686-4473-aced-d5e8cb10001d,202,,48.58039059199973,48.59921904699968,18.828454999948008
2430,ceb62c6a-0b98-44dd-9be9-7158c0769513,202,,48.60038053299968,48.66171551399975,61.33498100007273
2431,3220049b-9b3d-4e14-941a-784d5e8b1de4,202,,48.62038464099987,48.70376394599998,83.3793050001077
2432,d5c82e62-59b6-45bc-b1bc-4832ec565f96,202,,48.6434059889998,48.716669372999604,73.26338399980159
2433,4c54413d-4ead-47f7-9a21-245d6b2f18d4,202,,48.66071873999999,48.73312434199988,72.40560199988977
2434,ac7bf57d-f995-4912-873e-28ffd81a5b16,202,,48.68192300199962,48.73413703199958,52.214029999959166
2435,85a44760-6c16-480a-bfff-6ce518ea111e,202,,48.704336000999774,48.733420432,29.084431000228506
2436,3fce63cb-1535-4084-9fc1-d65669b0aaa7,202,,48.7203194169997,48.74752276199979,27.20334500008903
2437,8c6c8946-0c71-4659-9741-dfb95e441d4f,202,,48.7404548049999,48.775142825999865,34.688020999965374
2438,71b09bbb-f2e6-41c5-8702-362ad64b3c2c,202,,48.76475108199975,48.78183544099966,17.084358999909455
2439,33dc1ed2-2fb3-49cf-a14e-8b396bfef1b3,202,,48.781392721999964,48.79981456999985,18.421847999888996
2440,a9d10743-d63c-4939-ba28-beacb54f20dd,202,,48.80017428699966,48.81899260199998,18.818315000316943
2441,fce915ad-4027-43cc-af6d-b97f5dabfe8b,202,,48.82020879699985,48.86525893599992,45.05013900006816
2442,0143a2d9-c4bb-407c-88b2-a3c078b41665,202,,48.840790612999626,48.89486417099988,54.07355800025471
2443,c1ec4579-f2be-4cf1-82db-788a2e00f7c7,202,,48.86075541399987,48.89341309499969,32.657680999818695
2444,10ce082a-5a72-45d9-84b6-6b5e1037120f,202,,48.880297620999954,48.919160113999624,38.862492999669485
2445,5b71aad5-d9cd-42b9-b394-1782353bd06b,202,,48.90168895499983,48.94102858499991,39.33963000008589
2446,4021f901-8c33-4782-b6ac-8aab56696acb,202,,48.92169888199987,48.96197886699974,40.27998499987007
2447,74e36110-9cda-4959-b6f8-7754979236b2,202,,48.941657807999945,48.96261638199985,20.95857399990564
2448,791207e5-fd72-41a2-b693-b3084c91d301,202,,48.960435081000014,48.99504976599974,34.61468499972398
2449,f271059d-6446-4b84-aa21-23a622c8a454,202,,48.980189959999734,48.9979162919999,17.726332000165712
2450,6dac1c36-747c-4d17-bbad-6edadcb390e7,202,,49.00028655599999,49.025826528999914,25.53997299992261
2451,dd4b8976-a84e-4b67-b9c8-809591e47100,202,,49.021080042999984,49.04797917199994,26.89912899995761
2452,462031f1-e606-4777-b3c6-13544706f5f8,202,,49.040201948999766,49.07143117999976,31.229230999997526
2453,5b0c11f1-157b-4199-aba9-a7be8d436c6a,202,,49.061023310999644,49.10310542199977,42.08211100012704
2454,f6e281d7-ad83-43bd-aaea-9732ff5aa8d2,202,,49.08024905299999,49.11870924499999,38.46019200000228
2455,a31911bd-9802-43e5-ace7-3a49c0dd9d3f,202,,49.10020476999989,49.126646263999646,26.44149399975504
2456,c6b4d0e1-310e-4adf-8f70-21c8e74d602d,202,,49.12074596000002,49.152592829999776,31.846869999753835
2457,5ffaad32-0480-48c3-92f3-5507501e3879,202,,49.14132985799961,49.20156647699969,60.23661900007937
2458,d239c978-ff57-4f65-aaff-cdeb02e76cd5,202,,49.16269414999988,49.203323392999664,40.629242999784765
2459,a35f759f-54dd-4f84-84e7-27c013aeee44,202,,49.18098632900001,49.211192410999956,30.206081999949674
2460,a5c8d584-2029-49ec-b2b7-07f65c425155,202,,49.20170114699977,49.22072217599998,19.021029000214185
2461,fb01b1dd-6f1d-4ece-ab4e-7191265230bd,202,,49.220210038999994,49.23674009199976,16.530052999769396
2462,808a7d34-8752-4d3e-a60d-3903b2e1ac8c,202,,49.24021675699987,49.25787275399989,17.655997000019852
2463,6d62a628-eb26-47cd-958f-51cc084f9e98,202,,49.260202725,49.27337728399971,13.174558999708097
2464,de25a1b2-2cd4-487f-8b5b-5321a6ebd7fc,202,,49.280173317999925,49.31686680199982,36.69348399989758
2465,67aedc0f-fea2-4f30-a76b-bff2e0f35d7f,202,,49.30023799599985,49.32128419699984,21.046200999990106
2466,9ab98d63-9277-4f6b-8583-7d2768d7e0fd,202,,49.32139286599977,49.33395653499974,12.563668999973743
2467,d164722a-e7d7-4c08-a6fa-6c95c2a014e7,202,,49.34019509799964,49.352568012999654,12.372915000014473
2468,da9c34b2-313a-4420-bd60-85a5225e6f6a,202,,49.36036815399984,49.372623565999675,12.255411999831267
2469,8a716475-13e3-4f36-b12f-bcc06d6186bb,202,,49.38025791099972,49.394280655999864,14.022745000147552
2470,26731fe6-ba70-4a82-a66f-38a63e092007,202,,49.400183710999954,49.41648500899964,16.301297999689268
2471,149c1018-d39a-428f-8c6e-43299cb4622d,202,,49.42017380399966,49.432149625999955,11.975822000295011
2472,86890e1d-2d85-4b19-9e73-45756de68d34,202,,49.44019523099996,49.45209763499997,11.902404000011302
2473,3007da9a-2d69-4421-9414-a0a2b194502f,202,,49.460181698999804,49.47457732799967,14.39562899986413
2474,5e871d2d-d087-4b95-8ad6-e13e5d934a97,202,,49.480227376999665,49.50958993999984,29.362563000177033
2475,5e76c555-ac6f-4f3c-85dd-99abc6557940,202,,49.504086601999916,49.52950928099972,25.422678999802883
2476,4eaaa0eb-615e-4704-bb3d-30d27a28d7b4,202,,49.520745326,49.53747567599976,16.73034999976153
2477,83fb6a02-705b-40d2-a574-b9dd30195360,202,,49.54020040599971,49.55116141299959,10.961006999878009
2478,1c518f5e-6212-48a3-a1ea-8f16ba04427f,202,,49.560293043,49.57468492199996,14.391878999958863
2479,f133901a-98fc-47d4-9e82-ccb58cde4228,202,,49.58019475899982,49.595328571999744,15.133812999920337
2480,f17fbf48-fdb3-4446-b3ed-5264907cf5a4,202,,49.60018026899979,49.61099998099962,10.819711999829451
2481,5a05ec2c-4e92-4555-abfe-21381fd7fcd9,202,,49.620311240999854,49.63262136200001,12.31012100015505
2482,4fa4eb65-aefc-41cf-a94e-110e2e1b945a,202,,49.64018816399994,49.65613245399982,15.944289999879402
2483,22c8a9eb-6a65-4577-9baf-b8fa9d749a17,202,,49.660290842999984,49.6719897009998,11.698857999817847
2484,63942dbe-1353-4f3f-b7de-0c4f6a9e801d,202,,49.680246476999855,49.69769038599998,17.443909000121494
2485,a4bcd7f8-7b55-4598-97b6-6ae35a73b4cb,202,,49.700155817999985,49.71405821999997,13.902401999985159
2486,cf09408c-bb94-43ee-a526-81b5120a7f77,202,,49.72073845499972,49.73473193899963,13.993483999911405
2487,55719083-7466-460f-b25f-ac1d0461bbf9,202,,49.74022331299966,49.75042558699988,10.202274000221223
2488,172954ce-bf59-474f-9cbc-826b178b896d,202,,49.76020447499968,49.76972256599993,9.518091000245477
2489,4031a213-a3cd-4430-9713-60ef7152c634,202,,49.781344454999726,49.79466679899997,13.322344000243902
2490,1109f5ca-4688-43f6-82f1-15ae13db1c4e,202,,49.80027646799999,49.81191252299959,11.636054999598855
2491,716ef02e-de7f-4698-91d5-571869cb6576,202,,49.82050546799974,49.83058202999973,10.076561999994738
2492,c4b3ac82-9754-4e7b-bf23-11d0d1e83b67,202,,49.84025454199991,49.851058077999824,10.803535999912128
2493,936e3ead-2f9b-4869-b139-0cf3aabac9a0,202,,49.86022916100001,49.869969131999824,9.73997099981716
2494,d2a3569f-8c23-4fd0-9546-6ce5f703a534,202,,49.88019690599958,49.92743152000003,47.23461400044471
2495,c6224377-9a15-460b-b608-79c24b30d163,202,,49.90268399999968,49.92709559499963,24.41159499994683
2496,0e0e09fb-b408-4638-b4a9-2890b2875ea7,202,,49.92029748300001,49.93344269799991,13.14521499989496
2497,9278d0b6-26c4-4b88-9b8d-061aee2b46eb,202,,49.94021297599966,49.95192899199992,11.716016000264062
2498,7f09dbf0-1d9a-4364-8fa7-fdcab71bae6c,202,,49.96024484700001,49.972327996999866,12.083149999853049
2499,3029aa1a-f2ad-4f15-9e73-847d937ca74f,202,,49.98025209299976,49.99332759799972,13.075504999960685
2500,6d88d9bf-9bd8-42e6-9ec1-90a541ba854a,202,,50.000200670999675,50.01114291899967,10.942247999992105
2501,bb3fb24b-13ba-4a05-8c1e-aa89814fa176,202,,50.02064971799973,50.03074369699971,10.093978999975661
2502,6ac426c3-2ba8-4d7e-a84d-5711badd8415,202,,50.041092014999776,50.05202184699965,10.929831999874295
2503,4b96c905-31fe-4c3f-8481-401226663902,202,,50.060363743999915,50.07044568099991,10.081936999995378
2504,10ce49ba-16e0-41b4-ab5e-0a140e1c8049,202,,50.0806049949997,50.0948662349997,14.261239999996178
2505,cfa8fee3-14a1-4c79-8646-c831814b496e,202,,50.10046019599986,50.1112668159999,10.806620000039402
2506,33856fcf-0b4b-40f2-b49a-c4052787bc08,202,,50.120214185999885,50.14036076799994,20.14658200005215
2507,99da1c19-2bc4-4be2-b226-343bfd59be5c,202,,50.140245556999616,50.15336235399991,13.116797000293445
2508,516cdeb3-3f7e-41c7-8820-b59ee913ee84,202,,50.16061181099985,50.188473108999915,27.86129800006165
2509,bf254ab1-803a-4550-99dd-01c0d1d4ed28,202,,50.18087097899979,50.21280511999976,31.934140999965166
2510,5056c8b8-671b-41d5-9a84-fbf679bed945,202,,50.20091309999998,50.24002157099994,39.108470999963174
2511,9f0be405-180d-4562-bbba-5fb07c13a062,202,,50.22168744599958,50.25400047099993,32.313025000348716
2512,8a8ec9aa-0bc6-4046-9313-d192a1339475,202,,50.24016944899995,50.26266425099993,22.494801999982883
2513,f673f129-80c4-4fdd-a0bb-4bc8aa27e221,202,,50.26024790499969,50.28698780299965,26.739897999959794
2514,bae6f569-0369-447f-b9da-3abf124de95c,202,,50.28027590099964,50.29899340899965,18.71750800000882
2515,e82d3c3c-0f9a-41e4-8a5a-7e5e9f48b837,202,,50.30017018499984,50.31788758699986,17.71740200001659
2516,08c1032f-1b2d-434d-b638-5c2db500aed0,202,,50.320222139999714,50.334026619999804,13.804480000089825
2517,fd5781c3-7712-4e57-94e0-214c2cb52240,202,,50.34026946999984,50.35275600399973,12.486533999890526
2518,14e03333-b9ce-49af-902b-ac2b1d880734,202,,50.36028492399964,50.371218380999835,10.933457000191993
2519,6c2ca114-677f-4472-86f6-bcdbbd98c351,202,,50.380182418000004,50.397455350999735,17.272932999730983
2520,6ae4a893-5cdb-4d77-b9ef-e4b49121f174,202,,50.4002260809998,50.425133728999754,24.907647999953042
2521,eef19703-d6a3-4cb6-86c6-97978f5fd1f0,202,,50.42020970099975,50.451708373999736,31.49867299998732
2522,c54227cb-4173-441a-9edf-84f90c0412a6,202,,50.44021744699967,50.46948140199993,29.263955000260466
2523,1a2cebf6-8ce0-43a2-a002-397d66506c6b,202,,50.460770537999906,50.498787316999824,38.01677899991773
2524,81d132da-eccb-435c-9e94-7dbfd03fb32b,202,,50.48145079899996,50.505026833999636,23.576034999678086
2525,c27d28c6-ada7-4949-85f9-bb326a7d0874,202,,50.50028801799999,50.53682709699979,36.53907899979458
2526,65a86765-1574-49bf-aba8-e2778e4cb756,202,,50.52033705599979,50.55218402899982,31.84697300002881
2527,119c6adb-ab3f-4482-91f0-de4951ee9762,202,,50.540423969999665,50.56802276299959,27.598792999924626
2528,a7c24c6c-f7c4-4f18-a175-652abde52d28,202,,50.56266214099969,50.589148116999695,26.485976000003575
2529,0f4a9639-8568-4bc2-8575-a57a149f7f9e,202,,50.58152315299958,50.60154681499989,20.02366200031247
2530,62d8f0d6-59c4-4f33-adac-ca91f9c62893,202,,50.60040678999985,50.61435398100002,13.947191000170278
2531,fc7b424a-a56c-4d76-8303-a650a37c6dbe,202,,50.62065054099958,50.635890969999764,15.24042900018685
2532,04276ec1-e2f4-40bc-8ce2-9bb3ae4137a4,202,,50.64038202999973,50.67367324399993,33.29121400020085
2533,50d55b02-228e-43f9-a567-98ee8ab50a89,202,,50.660436942999695,50.72449504899987,64.05810600017503
2534,ba49a2cd-0eef-4ecd-9674-976036df6f00,202,,50.68056273299999,50.73936941699958,58.80668399959177
2535,7e0229c4-2391-4a0f-9dd4-0377feccbc25,202,,50.70167937899987,50.758045410999785,56.36603199991441
2536,1d8df719-3edc-415f-afa5-f22b5689714a,202,,50.72334427299984,50.76342461199965,40.08033899981456
2537,cfa12174-1e43-4ca7-b0bf-4f742809c686,202,,50.74048727499985,50.772091760999956,31.60448600010568
2538,4884187c-172a-4279-b330-947218f1594e,202,,50.760159498999656,50.77584125999965,15.681760999996186
2539,87b5ad47-8a96-4ebb-97aa-75a6e935d796,202,,50.78020348099972,50.798232668999844,18.02918800012776
2540,78b9bc79-5b8a-48df-93c6-d334d850dd40,202,,50.80016071099999,50.81619439699989,16.033685999900626
2541,6e7eb82a-1bac-4208-bcda-31442f52efe8,202,,50.82030436199966,50.83694131099992,16.636949000258028
2542,b0053f81-7e6e-4561-87a6-45114a1f7798,202,,50.84028938399979,50.86481292299959,24.52353899980153
2543,758864fd-c36c-45f8-8e05-d01f18786e3e,202,,50.860319157999584,50.88420551599984,23.886358000254404
2544,45f2099c-dee4-4910-8aa8-37a1755531c9,202,,50.88043114099992,50.89124175400002,10.81061300010333
2545,ecf9d412-4c11-4ba9-80ec-f65c6078ab93,202,,50.90017632499985,50.912508220999825,12.33189599997786
2546,fe5f9d4d-f85d-4885-8ce2-15316ea0b08f,202,,50.9201847649997,50.93059274299958,10.407977999875584
2547,5c6f5df3-89e2-48dc-98bd-50bac3f03a7b,202,,50.94022762199984,50.97543360399959,35.20598199975211
2548,c6882b9c-0673-401a-a50e-b5164444852e,202,,50.96188322199987,50.98849630699988,26.61308500000814
2549,5246bdaa-79cf-4878-9412-0333814002d3,202,,50.98018762499987,50.99627910299978,16.09147799990751
2550,eb20bf32-36bd-423d-894b-9f1ca34fcc7b,202,,51.0003841519997,51.010831048,10.44689600030324
2551,26beedb4-47c6-43e3-8003-a712b7a2f546,202,,51.02121256800001,51.03319674799968,11.984179999672051
2552,e48c6bc0-d111-4457-ba35-a2b585fcb9d5,202,,51.04023873599999,51.05003749299976,9.798756999771285
2553,7c01ebe7-e87d-4588-81d0-65271162480e,202,,51.06029046799995,51.071763177999856,11.472709999907238
2554,68ed3f71-06aa-4ded-93e4-ff76a85fdacd,202,,51.080466161000004,51.09307514699958,12.608985999577271
2555,75889a03-1aba-4735-a530-4eb4e2cb0087,202,,51.100268262999634,51.11101474899988,10.746486000243749
2556,f6453a3a-19e3-4cd1-bdfe-1f3ddd868472,202,,51.12050733299975,51.130786474999695,10.27914199994484
2557,1aca6b33-ea5e-4d48-8ac6-cb24d12ba2eb,202,,51.141474292999646,51.151293966999674,9.81967400002759
2558,18db3d16-81ac-4560-8f2d-c8d25a73cf50,202,,51.16098305499963,51.17137378299958,10.390727999947558
2559,25da32a3-eb6a-4148-9eea-857ab9a45faf,202,,51.18050648399958,51.19184264999967,11.336166000091907
2560,f862351e-e367-4473-ae6c-ef55220272ed,202,,51.20026112599999,51.21071364799991,10.452521999923192
2561,0333f83a-72d6-4148-9fc1-68f25b2a3d29,202,,51.220679949999976,51.23256471099967,11.884760999691935
2562,16a2e363-9c16-4f82-a771-ac1e950c331d,202,,51.24073509899972,51.253320833999624,12.585734999902343
2563,00d0c1f4-400c-4fc9-a177-7491e04457bf,202,,51.26027777799982,51.280405803999656,20.128025999838428
2564,3c5d9304-17de-4681-80de-f51e77406774,202,,51.280450429999746,51.29600814699961,15.557716999865079
2565,7ee65c55-8852-44b0-9bbe-f70a5ecaff99,202,,51.30015323799989,51.31479522599966,14.64198799976657
2566,d4d60e96-500f-47be-9bb6-0f4c5be8e5c2,202,,51.32020167799965,51.33713554999986,16.933872000208794
2567,cfcc57be-043d-429f-b150-78430f6df104,202,,51.340148450000015,51.35148811599993,11.33966599991254
2568,06c736b0-c373-4d36-b033-74d22ca902ad,202,,51.36024630799966,51.37499654899966,14.750241000001552
2569,b3bc7463-cad1-4d02-8ee4-9ed7e92e3449,202,,51.380318540999724,51.40049915099962,20.18060999989757
2570,ea9ab6fd-869f-4b24-9536-e857177fe10e,202,,51.40066244599984,51.41406686599976,13.404419999915262
2571,babedcd4-1e11-48e6-b5f8-06ac606cbdd9,202,,51.422393548999935,51.44193160299983,19.538053999895055
2572,58b51f7c-31df-4b47-8850-91f8fa7014fc,202,,51.44015589699984,51.453692820000015,13.536923000174284
2573,9f5a9141-8cff-4cc8-97cb-59915d745c14,202,,51.46015046100001,51.479645597999934,19.49513699992167
2574,0caa40b7-c108-47df-9e63-bb179b75169e,202,,51.48024519499995,51.491766322999865,11.521127999913006
2575,ac40b3a9-8727-4e32-b932-b5f10166d17f,202,,51.50016942399998,51.51416881499972,13.9993909997429
2576,685d0b81-7393-4e2d-b9a5-5ec397b5749f,202,,51.52016790499965,51.53240796599994,12.240061000284186
2577,2150a7ec-faa0-45af-bfdd-60266bff9502,202,,51.540257845999804,51.552974750999965,12.716905000161205
2578,c52cbaa1-c6d8-46ff-bad0-42d92e8d4a89,202,,51.56017907599971,51.57439797199959,14.218895999874803
2579,0f16d01b-6dc7-40f1-8511-7475d59174ab,202,,51.58031222699992,51.591059503999986,10.74727700006406
2580,37ec89c8-2bca-40f1-b95d-29dbb780240a,202,,51.60017124599972,51.61644451999973,16.27327400001377
2581,ce339646-8e26-4594-b5ae-76b5a424a804,202,,51.62020556099969,51.63923339599978,19.02783500008809
2582,fd373233-e11c-4ef2-a5cf-11ebb66f1b04,202,,51.640218375999666,51.654410729999654,14.192353999987972
2583,f76cee37-7950-40d5-9696-a720250f0f84,202,,51.66055328099992,51.67317455800003,12.621277000107511
2584,7f29bdee-48fb-48dc-879f-91a50b8ab6f2,202,,51.680230046999895,51.69301795299998,12.787906000085059
2585,347fe4cd-9f58-4631-b8b6-1c2e098194c8,202,,51.70017494299964,51.718310330999884,18.135388000246166
2586,5bebb61f-ab8a-4bdf-827b-d331737f16f8,202,,51.72016928699986,51.73270047099959,12.531183999726636
2587,a2e18981-cdf5-42d8-84c5-261a553e9e1a,202,,51.74016596299998,51.75368441699993,13.518453999949998
2588,606a5b77-ff09-4f03-869d-669ff9f1fae3,202,,51.76027351499988,51.774973576999855,14.700061999974423
2589,f12a4de5-698a-459a-8874-8ac2c0945e10,202,,51.780935828999645,51.79152417899968,10.588350000034552
2590,8cee6c5f-ad2c-4f08-983f-8bac8b765ccc,202,,51.800216821999584,51.80999661399983,9.779792000244925
2591,7151156f-581e-4947-8be1-ae90be3b759f,202,,51.820447710999815,51.82999824699982,9.550536000006105
2592,eddf1e52-850b-46d5-a53a-6a46a1775c40,202,,51.84055692999982,51.850451514999804,9.894584999983635
2593,875c3dd1-42a5-4d1b-a6c7-3cfa0a903e74,202,,51.860218555999836,51.87056519299995,10.346637000111514
2594,b542cce0-a116-483e-85b8-0755f93f4c3f,202,,51.88059657299982,51.89000631399995,9.409741000126814
2595,5fd97a39-346b-4a4b-aacc-ec7ec2c6b4be,202,,51.901206801999706,51.91217724399985,10.970442000143521
2596,ce7ff9f0-6a01-4db4-afa1-89ffa5f00ebb,202,,51.920982805999756,51.93196791499986,10.985109000102966
2597,91dc26f5-bb62-4d94-ace8-896b5b1d7a5a,202,,51.941048982999746,51.952135092999924,11.08611000017845
2598,ae7a5936-1e23-4468-9839-cccbaf693c5d,202,,51.96023772399985,51.96984055299981,9.602828999959456
2599,9090a71a-f78e-4f53-9eb6-44e62903f945,202,,51.980480028999864,51.9897685599999,9.288531000038347
2600,1c467a2e-979d-448d-8cc8-69c1dc9894b6,202,,52.00020836499971,52.009833695,9.625330000289978
2601,f79ee1db-e62b-4965-b600-e7030f5ed2f5,202,,52.02020645699986,52.03170932699959,11.502869999731047
2602,5aff9f46-1368-49fc-abdb-3a831a4ceaf3,202,,52.04023867499973,52.04997329799971,9.734622999985731
2603,57736797-4d37-406b-8443-3fb6ff0b943c,202,,52.0617158809996,52.07185213799994,10.136257000340265
2604,cbdafc1b-2c3b-4521-99ce-de65d2fcd25c,202,,52.08157271999971,52.09123875899968,9.666038999966986
2605,f2efe025-c29b-4654-a737-ed2fb852aadd,202,,52.100477204999606,52.11111822299972,10.641018000114855
2606,37d5eea0-09ba-446b-bc17-3865e25a338d,202,,52.12048521399993,52.130191419999846,9.706205999918893
2607,351c922a-1d4d-4441-817e-b60cd0970ae9,202,,52.14183720899973,52.15158516599968,9.747956999945018
2608,8b26f665-a241-4968-9fd7-b38f283b361c,202,,52.16022551699962,52.17030873099975,10.083214000133012
2609,b6079fea-e5a5-462e-ac1d-c42b491e2703,202,,52.180345235999994,52.193685852999806,13.340616999812482
2610,2743e8e0-21b5-4c52-9c58-a64ae63f8647,202,,52.200548373999936,52.21069913099973,10.150756999792065
2611,7ad3d684-df5b-4015-a15a-974e98996e68,202,,52.22026687599964,52.23012225299999,9.855377000349108
2612,54e9b853-3ddc-4302-9b63-33a6a9f39103,202,,52.24075352,52.2505766459999,9.823125999901094
2613,a69af048-2580-4146-8b28-677228003a1f,202,,52.260448855999584,52.272521653999775,12.072798000190232
2614,ca690544-41fb-4c3f-9a47-28ebf9ca218e,202,,52.2802350259999,52.30076950399962,20.534477999717637
2615,249e663a-0166-49bd-84ff-cd68bd59385f,202,,52.30176360899986,52.32633017299986,24.566563999997015
2616,f03e73b3-14d8-4d54-836c-405169c0ae3f,202,,52.32021737599962,52.3377452069999,17.527831000279548
2617,edae9dc7-848f-493d-8f74-ced59ceb83a9,202,,52.34027384399997,52.35759600399979,17.32215999982145
2618,e4337b47-0931-48f2-b4e0-6ad4c10a6a4a,202,,52.36019372599958,52.38406669199958,23.872965999998996
2619,ba5f1441-0115-426b-a3a7-ebf374e4524d,202,,52.38020302599989,52.397203928999716,17.000902999825485
2620,d48c7ca4-5957-41e0-8e66-8669ec42a96b,202,,52.40016161699987,52.41505047499959,14.88885799972195
2621,25c7d9ab-31aa-434d-b532-c4c89cfd9161,202,,52.4201940009998,52.43261797399964,12.423972999840771
2622,0a184935-f519-4b1d-ad87-fb00ffdd5cf8,202,,52.4442591789998,52.460984284999995,16.7251060001945
2623,52023d03-7fb9-4706-be66-a9e9b084de7e,202,,52.588278823999644,52.61870005399987,30.421230000229116
2624,2a3f0b83-870f-40aa-820d-5eac15646d85,202,,52.588001192999855,52.693560519999664,105.55932699980985
2625,6efe6e32-be95-4610-b267-2a1ed74271c9,202,,52.58831049199989,52.659989306999705,71.67881499981377
2626,f0b88fac-866a-4f68-8014-cb2ff3ba920d,202,,52.588087194999844,52.63600154699998,47.914352000134386
2627,2f6e7449-3bb5-4e2e-95bd-869a892a9085,202,,52.58823503199983,52.654956907999804,66.72187599997415
2628,f0e03ef0-e748-47f3-9df7-e4f76d56229e,202,,52.58818515599978,52.67857699399974,90.39183799995953
2629,279d4c00-657b-42cc-8aff-ff9433442897,202,,52.587939817000006,52.61866855399967,30.728736999662942
2630,f6b0d1e7-db2e-4e42-aaa3-fb6fe8d86f2d,202,,52.6004749169997,52.701344935999714,100.87001900001269
2631,42f316d4-30d4-4b3f-82b8-6bfc92315122,202,,52.62041759099975,52.706779923999875,86.36233300012464
2632,3f786551-d095-4960-b75a-ac6b072b79ad,202,,52.640460682999674,52.73627686399959,95.81618099991829
2633,0e1e3ab7-43f5-493d-84dd-30f9a4754d37,202,,52.66070994699976,52.746460614999705,85.75066799994602
2634,c8cea3fb-2f13-405e-899a-29c9d4e9baab,202,,52.68266370599986,52.75470778399995,72.04407800008994
2635,d818d550-7b16-4ed6-90d4-af78ff638db7,202,,52.701996450000024,52.75939267199965,57.396221999624686
2636,28982609-c798-4254-97ce-e102ce027a46,202,,52.72103150899966,52.77711353599989,56.08202700022957
2637,fb23f53a-dedb-4007-9f4e-d0dc1a18a241,202,,52.74068087099977,52.77904065899975,38.359787999979744
2638,1d1b3fa3-13be-4c25-9182-90cfa28d1e80,202,,52.760175395999795,52.80474693699989,44.57154100009575
2639,6cdd05ff-f6c7-451c-bf97-77d5036b770d,202,,52.780211807999876,52.81895872899986,38.74692099998356
2640,d6cad0bc-a5af-43ee-b481-26790abed4f2,202,,52.80032659699964,52.83976969899959,39.44310199995016
2641,f3a6a0d8-ed54-42c6-8b85-39792a6f6930,202,,52.82045034299972,52.855646649999926,35.19630700020571
2642,57bae22b-be53-4ae2-a347-ebef2135dd56,202,,52.84022304099972,52.869474391999574,29.251350999857095
2643,71df9f0a-9279-42e1-9ac7-6f2e1a373d69,202,,52.86027224499958,52.89131117399984,31.038929000260396
2644,dc236e21-c57b-41a8-9f92-f702bff9fc01,202,,52.883309801999985,52.912779365999995,29.469564000009996
2645,29360917-8867-48df-9953-7ac271b4cd5b,202,,52.900289483999586,52.92113699599986,20.847512000273127
2646,886af44f-418b-4216-8f9d-4cb247e4c29e,202,,52.92042531399966,52.943711959999746,23.286646000087785
2647,dec49570-ab21-416a-8963-02a70e0981fd,202,,52.941586707999704,52.96128973699979,19.703029000083916
2648,15daaf61-5a9a-4725-a2e2-68476befde06,202,,52.962787892999586,53.40049838799996,437.71049500037407
2649,7c2defa1-318b-46d7-b4db-521619a6e5fe,202,,52.98135502499963,53.44926188999989,467.90686500025913
2650,dd8640d3-fee4-43a1-9ffa-60c59725ee8f,202,,53.00047541799995,53.46041511899966,459.93970099971193
2651,91566f53-19df-4a1c-9408-a5de53741444,202,,53.022445201999744,53.47153709699978,449.09189500003777
2652,d2cb7d51-a7a3-4271-94b1-4843444fa71f,202,,53.04020927599959,53.48735842199994,447.14914600035627
2653,f5620fed-837d-4834-9585-c9b5b3d35ead,202,,53.06021693699995,53.49731975199984,437.10281499988923
2654,934377ed-2941-4535-ba40-2ba193072068,202,,53.082663022999895,53.52244989399969,439.7868709997965
2655,357dff68-5d2b-41f0-985f-42d023091eb8,202,,53.102990315999705,53.579568816999654,476.57850099994903
2656,89cdb044-9253-41f2-b414-c29e50d9a0a2,202,,53.12110793800002,53.593870486000014,472.7625479999915
2657,7f2d9b24-5a1c-4321-b88c-9bc6cd516d9d,202,,53.14170840299994,53.601270221999584,459.56181899964577
2658,0117f07f-792b-4a5b-8d26-c9c32ca2b25b,202,,53.16041049599971,53.61134321999998,450.9327240002676
2659,72c0b546-7d76-44ff-80b2-cd829e6ee5e0,202,,53.18084154099961,53.61657903599962,435.73749500001213
2660,85ea4a8d-f57c-41e0-a953-38fcba8bb29b,202,,53.20154229899981,53.62448107299997,422.93877400015845
2661,e195dd11-0c71-4cc0-bb7b-00e80948446d,202,,53.221225619999586,53.64724841599991,426.0227960003249
2662,404e6a7b-fafc-4557-8650-19684d94a20f,202,,53.24077868899985,53.66492669599984,424.1480069999852
2663,0e55f226-4a4f-4fc3-b743-4b8cebadef05,202,,53.26032492399963,53.67931061699983,418.98569300019517
2671,586e5ec5-d780-4f77-a9dc-8c230a89e95d,202,,53.42065934399989,53.69820396299974,277.5446189998547
2673,aef19f46-7327-41c4-af83-ea718869b806,202,,53.460319325,53.725048332999904,264.72900799990384
2674,b98e4551-f894-4bae-9f7b-4882b42e5593,202,,53.48113416999968,53.76004940299981,278.9152330001343
2675,2676b37b-abd5-4b3f-868f-9f0f461944bc,202,,53.50023281199992,53.7929162219998,292.6834099998814
2676,b8640406-2e9e-43b1-a4de-e14cf93a21b1,202,,53.52295282099976,53.80692812500001,283.9753040002506
2677,72f4c11a-7099-4f67-a03c-1c42cda5eb6d,202,,53.54769707899959,53.81814180599986,270.44472700026745
2678,17bbc1ee-678a-42c6-a9b5-efc62eab2fa7,202,,53.56046054999979,53.83720855899992,276.74800900012997
2679,838d827d-4e4a-43c0-8c15-bf480eaba130,202,,53.580836801999794,53.86448868399975,283.6518819999583
2680,3922eae7-9c6a-4788-94a3-71002de11416,202,,53.60139968299973,53.925294182000016,323.8944990002892
2681,76b63ed8-59de-4704-8df8-634be367d063,202,,53.620511867000005,53.93515566999986,314.6438029998535
2682,8aef76ed-6606-4755-8c3a-420a813c7b86,202,,53.64057544599973,53.94342287599966,302.84742999992886
2683,62b41d52-f086-49d8-9ce8-a100f082a17e,202,,53.66122574499968,53.95751540499987,296.2896600001841
2684,d36606dc-9b14-49c6-a680-b8650c524992,202,,53.6806382689997,53.96946005899963,288.821789999929
2685,e7dbfb8f-cb52-45fd-b2eb-1d07a95e883b,202,,53.7005416359998,53.97610427399968,275.562637999883
2686,d488e55d-7c4c-486b-9373-5b190b48142f,202,,53.720936792999964,53.99150878799992,270.57199499995477
2687,abae97dd-7285-4bbc-9f1b-23c3c70cc52c,202,,53.742867228999785,53.99733436199995,254.467133000162
2688,19c3e33a-84b9-4114-ab55-76565d6bb571,202,,53.76103708899973,54.00494767999999,243.91059100025814
2689,cd027ff4-9688-4acf-a880-8f62befd5c07,202,,53.78392187700001,54.01542155399966,231.4996769996469
2690,9ec2bf4b-a625-449d-8c46-a4d1edd70342,202,,53.80031870199991,54.02282553499981,222.5068329998976
2691,122a93e2-9a29-40fc-a158-7e561ecdd911,202,,53.82043114299995,54.03577104199985,215.33989899990047
2692,5725ade3-233e-4758-9c42-14da991102df,202,,53.84079154699975,54.04115839899987,200.3668520001156
2693,bd897633-595a-4ca4-91c8-0f148fd0e718,202,,53.860434686999724,54.0563046569996,195.86996999987605
2694,5db2fe80-9161-4936-841d-c6998185a107,202,,53.88116413999978,54.05082958999992,169.66545000013866
2695,02df4fb9-0e9b-4e6e-8ccd-cb0c1c623523,202,,53.930472868999914,54.063620552999964,133.1476840000505
2697,1f5d0f4b-66b3-46b0-9a9a-6b62083ed523,202,,53.9427659869998,54.07070523499988,127.93924800007517
2698,4a08371f-d80c-4879-b9c7-c92591ad72c4,202,,53.96147281699996,54.07388238099975,112.40956399979041
2699,6e8730e4-fda3-4d97-8d5f-09995d2a981d,202,,53.98050573599994,54.09086405199969,110.35831599974699
2700,d05f2bb8-ee69-4e1f-9989-46b678299d48,202,,54.00067101199966,54.098488452999845,97.81744100018841
2701,daebaedf-027e-4e24-84aa-2505dbaade90,202,,54.020185773999856,54.101247298999624,81.06152499976815
2702,fb2b483d-4469-4aaa-9f10-08c22dc8823c,202,,54.040238421999675,54.110953741999765,70.71532000009029
2703,7ae4d368-1dc6-46a5-9805-96a9995bcfdd,202,,54.06017194299966,54.11760154099966,57.429597999998805
2704,85f00d8a-9fb2-48d2-b78e-ed37ca92499d,202,,54.08159640899976,54.12777678399971,46.18037499994898
2705,06c39260-c383-48a1-89f2-78b9cb628af3,202,,54.100240321,54.131958783999835,31.71846299983372
2706,8d613813-5f69-42d8-a7ef-7b169af9ef31,202,,54.120197383999766,54.13647608199972,16.278697999950964
2707,24c666e6-cb24-44de-8e40-8eb61b40d023,202,,54.14019103099963,54.15404859699993,13.857566000297084
2708,024602b6-99e0-415f-8401-552c75091b87,202,,54.16024676199959,54.180639707999944,20.39294600035646
2709,39967567-d58a-4eca-bdb7-89f6f87f30d3,202,,54.180180115999974,54.19449081699986,14.31070099988574
2710,45f75ec5-0b2e-4bb8-92c1-daccb12b04b1,202,,54.20035143299992,54.21487951299969,14.528079999763577
2711,48ac1d81-75aa-477b-928f-f76a99289cee,202,,54.22021974399968,54.23741137699972,17.191633000038564
2712,4eabe890-cb68-4c42-94f6-a51c43a8607b,202,,54.24018688999968,54.256928763999895,16.74187400021765
2713,0603e6c4-306b-41f8-922e-75a115bad6ef,202,,54.26018411999985,54.273350172999926,13.166053000077227
2714,20d0882a-e0dd-41c8-b4fa-c97ce479f383,202,,54.280176558999756,54.31060241299974,30.42585399998643
2715,40741ffc-f646-411b-8ade-7fe2afa141e4,202,,54.303351268999904,54.3259243829998,22.573113999897032
2716,e4982c59-dc4b-4e0c-8aee-e8b76bda4f1e,202,,54.320957950999855,54.338838805999785,17.880854999930307
2717,3df51864-aa04-44b4-b638-13fe388a0190,202,,54.34039062900001,54.35222761399973,11.83698499971797
2718,fd6de6c1-b250-4c85-a12b-86d2409a6d8c,202,,54.36028919,54.377429196999856,17.14000699985263
2719,9f439349-c7c8-4c24-b7a0-171cb9dcfa9b,202,,54.3801530009996,54.39277141799994,12.618417000339832
2720,721e9d45-96c8-4dd9-9c9a-93e55b710b49,202,,54.400199316,54.412082217999796,11.882901999797468
2721,c9b49849-2903-4308-95bb-d16c30b54ffd,202,,54.42030858999988,54.43609327799959,15.784687999712332
2722,1b608777-8227-47c3-adaf-bfcd2ffea47f,202,,54.4401666509998,54.45373596199988,13.569311000082962
2723,6477cc26-0db6-464d-8fea-a61d44a4e194,202,,54.460280215999774,54.4732882659996,13.008049999825744
2724,7a900e8e-b7ca-4bd8-bf3d-55120b8c65d8,202,,54.48029786400002,54.498181843999646,17.88397999962399
2725,bfb72766-eda0-411f-857c-042142316aec,202,,54.50058039099986,54.510923179999736,10.342788999878394
2726,94dad222-7e61-4a22-ab32-516b7c23ad4e,202,,54.521197383999606,54.5312249159997,10.027532000094652
2727,39cb3add-08cd-4822-8917-1a5b4b07dcbc,202,,54.54016217699973,54.550904306999655,10.742129999925965
2728,0d915d91-a7a0-4e9e-ae63-0eee710d92cc,202,,54.56109850899975,54.57471807100001,13.619562000258156
2729,d2846fe8-fd0e-4e2b-87b2-dbe11599c19d,202,,54.580247596999925,54.59036738099985,10.119783999925858
2730,7e0f1367-1e3b-4504-b072-3618c628db0f,202,,54.600201535,54.60986114299976,9.659607999765285
2731,88605a00-0a6d-4127-b2aa-f929b219b3b1,202,,54.62066660799974,54.63493080799981,14.26420000007056
2732,e0fb7ebd-2eaa-4897-8afe-b732f95cd60c,202,,54.640202619999855,54.65101379299995,10.811173000092822
2733,97192d6b-58ac-45ec-8340-393c6b067fc3,202,,54.6601873919999,54.672217838999586,12.030446999688138
2734,3bc7c906-8e8c-4a27-a48e-30455a028241,202,,54.68045696099989,54.69091129299977,10.454331999881106
2735,1613e92b-43c2-4273-b6ab-5dcb6f82d6f4,202,,54.700193060999936,54.73350965999998,33.316599000045244
2736,d7b9ebf9-c64b-460b-a7c1-0465161cbeca,202,,54.7204559099996,54.740718422999635,20.262513000034232
2737,fc3dcc21-c302-45d5-ab11-89edea3ed424,202,,54.74025553899992,54.751926053999796,11.670514999877923
2738,9681bf69-605a-4c19-abc9-e6f01ad6a9b4,202,,54.760290880999946,54.77637068899958,16.079807999631157
2739,6ea520d0-f702-4529-8e0f-b96a665b459e,202,,54.78024084599974,54.79328409599975,13.04325000000972
2740,f8e07a3e-558f-4db3-98d1-370376eae9e6,202,,54.80026643799965,54.8104519249996,10.18548699994426
2741,a5752042-ccae-4331-be41-c278bcff4f14,202,,54.8203196139998,54.831890251999994,11.570638000193867
2742,631ed399-91a4-4e93-9397-fb143e0c9ab2,202,,54.84019591099968,54.856048755999836,15.852845000154048
2743,cf8484ae-d4e5-46f3-90dd-bfbe8ac4d9fb,202,,54.86019458599958,54.874953034999635,14.758449000055407
2744,c16144df-bd1e-410e-815d-a30f3dd68c42,202,,54.88016055099979,54.89303238100001,12.871830000221962
2745,6a8dba89-48f2-44c5-991b-447dce05019c,202,,54.90018139299991,54.91074242899958,10.56103599967173
2746,5b08627e-a07d-4828-8cba-a873e1b0f02a,202,,54.920741994999844,54.934095458999764,13.353463999919768
2747,a520b978-ef92-4e8f-a893-709848d5f276,202,,54.94016349200001,54.9552122379996,15.048745999592938
2748,4762b55f-1768-4631-9b63-8681a4bd6777,202,,54.960220833999756,54.97410180799989,13.880974000130664
2749,b57adb30-9e98-49bc-aced-048e5347aeac,202,,54.98025113499989,54.99131451299991,11.06337800001711
2750,2d87ef07-afdd-45e0-816a-d2b402d5ef1f,202,,55.00017372399998,55.014646959999936,14.473235999957978
2751,2a166bd2-2ff4-4d1e-8631-16238d7506ac,202,,55.0202535669996,55.035617485999865,15.363919000265014
2752,f3afe24c-b202-44c0-b0d6-705bef1787a9,202,,55.04018357399991,55.0654580989999,25.27452499998617
2753,adbbc181-d7dc-4b67-879c-0b2fbb5ba493,202,,55.060250749999796,55.07429943499983,14.048685000034311
2754,90c7410c-2474-4a8d-8c00-c8cab6af660c,202,,55.08025654899984,55.09451223899987,14.255690000027244
2755,76c9521d-ef25-4065-9d1b-805aae0c1dec,202,,55.10016663899978,55.11288221599989,12.71557700010817
2756,cb1c210c-4bbb-4a7e-99be-7f0b8a23ac41,202,,55.12021593999998,55.132519299999785,12.303359999805252
2757,0c667d16-cfa5-4ec7-8d32-f0ebbc8f9401,202,,55.14023311499977,55.156576135999785,16.343021000011504
2758,0d079f4b-02ce-4bf1-8b7c-cbbc01bf7f32,202,,55.16015570399986,55.17150654699981,11.350842999945598
2759,00b3fdc7-81ce-41fa-b564-ed17926ba13a,202,,55.180251463999866,55.193598845,13.347381000130554
2760,dd5c5d46-599d-415d-8a35-321ef363307b,202,,55.20027709799979,55.212921757000004,12.644659000216052
2761,ec6d9426-256a-4d3d-99c3-230df33d39aa,202,,55.22021093799958,55.23726626400003,17.055326000445348
2762,b66d0616-e219-49ff-b863-94e670e88986,202,,55.240295780999986,55.25574045099984,15.444669999851612
2763,789c14db-0c50-45d2-96b7-53936436cd06,202,,55.26027995499999,55.2713972509996,11.117295999611088
2764,d0a46146-bae3-42a3-82e7-253f15f23de4,202,,55.28027075499995,55.29028932099982,10.018565999871498
2765,9d3f78bc-3ac7-4450-b55f-65e27c6e3b98,202,,55.30046314099991,55.31192611099959,11.462969999683992
2766,cb63a469-77a7-47e5-ad53-f2607a9b0a64,202,,55.32073607099983,55.338738165999985,18.00209500015626
2767,4f59da37-c60e-4071-a6f9-ff2c7587c167,202,,55.34048294899958,55.35150786899976,11.024920000181737
2768,260e2342-f464-4226-87b7-9011029feb34,202,,55.36021578499958,55.37269964899997,12.483864000387257
2769,f3416c0c-7201-4d39-b4cf-4dd8ed841c2f,202,,55.380545590999645,55.3905193239998,9.973733000151697
2770,051b164a-624e-41ec-9f85-aca183af4e50,202,,55.40022205099967,55.4119971099999,11.775059000228794
2771,a45f544c-6caa-4665-bf5d-97fe17bcd48e,202,,55.42069948499966,55.430558048999956,9.85856400029661
2772,e2b5307f-eca0-410c-97a7-10eaf60b3313,202,,55.44146242399984,55.45626654099988,14.804117000039696
2773,36ff055e-1a2c-4be9-963a-8c7523a9cc0f,202,,55.46096779799973,55.47410909099972,13.141292999989673
2774,4397afbb-f382-47d6-b255-6d5e7d9e1386,202,,55.48076246899973,55.49121766899998,10.455200000251352
2775,2af48778-d9c4-4078-a00a-568713928fee,202,,55.50072755899964,55.51026336699988,9.535808000237012
2776,15d2d2f3-c14e-4c77-80d0-873323c8a588,202,,55.520256724999854,55.52999474499984,9.738019999986136
2777,8e1404df-c2ac-4965-a39a-aa89a10feb2d,202,,55.54106299799969,55.55104060599979,9.97760800009928
2778,b51a0460-9d23-4ba6-9d81-c8b66f049876,202,,55.56094079599961,55.57535515499967,14.41435900005672
2779,946a79d7-4056-4886-ad29-c1923a71822b,202,,55.581330393999906,55.59267302799981,11.342633999902318
2780,4b4139c4-072a-4f4a-a04f-afb329c2d6b5,202,,55.60060372199996,55.612295986999925,11.692264999965118
2781,bba8000a-199b-4bbf-88c0-d04f085667ff,202,,55.62043855999991,55.630594670999926,10.15611100001479
2782,2b4e6d24-7731-4768-94f3-8727f82f1ad7,202,,55.64031619099978,55.65339719099984,13.08100000005652
2783,ddd0a7ab-c492-4bcd-a061-15264f2b6f16,202,,55.66023736399984,55.6739616269997,13.724262999858183
2784,d627d376-66d8-41a8-8f48-8e5a84b3ed18,202,,55.680864550000024,55.69675160499992,15.887054999893735
2785,93dec8f8-d69d-4a23-a17e-87c82c605866,202,,55.700550051999926,55.713782506999905,13.232454999979382
2786,e00d0f06-e04f-4fe5-96b1-bb488bed1e3b,202,,55.72070638499963,55.733832959999745,13.126575000114826
2787,cc38aeca-1b18-4a27-b120-bc45e0bf9401,202,,55.74020507799969,55.76876152199975,28.556444000059855
2788,7125bbc4-943e-4e63-b534-534b37027285,202,,55.76041011799998,55.78429518299981,23.88506499983123
2789,042872a1-215e-42d3-8901-a6d5499daab3,202,,55.78066769999987,55.798898910999924,18.231211000056646
2790,11741ad2-715a-454c-b502-f97a99063dc6,202,,55.80016401799958,55.829165761999775,29.001744000197505
2791,68b46f20-7bd5-406a-a976-cd3274b5c04a,202,,55.82102294499964,55.84421312299992,23.19017800027723
2792,5cd27c73-c927-4112-9b3e-b3e2c960203c,202,,55.84035625999968,55.8554522469999,15.095987000222522
2793,76563636-272d-477a-9ea1-278c1eeb9a05,202,,55.8601629169998,55.880788381,20.625464000204374
2794,afdcc271-c683-4f1f-8e29-430ba6b0f462,202,,55.88020866199986,55.89534410799979,15.135445999931108
2795,3cc641c6-a76c-4ed8-94ba-ee821fb44ac8,202,,55.90018157199984,55.91640174699978,16.220174999943993
2796,2cf86a6f-89ee-4a6f-bef6-78235acb2049,202,,55.92020073399999,55.934917047,14.716313000008086
2797,9901a557-89a3-422a-a8c4-b40313e1bb96,202,,55.94053994199976,55.963870289999704,23.330347999944934
2798,5ba49814-83fa-405f-8bf4-692c6417a3cb,202,,55.960453934999805,55.97707540800002,16.621473000213882
2799,7e3c4362-9e58-4517-bce4-5ed1e92fc619,202,,55.98017404899974,55.99636318099965,16.189131999908568
2800,45fd202b-b6a7-4b87-8b7a-7f4391c8db69,202,,56.000193502,56.01737702699984,17.183524999836663
2801,3ff22490-168a-4646-85ab-75fcb1ca5fc5,202,,56.021656855999936,56.03816720299983,16.510346999893954
2802,7099fedf-1a33-40bc-a914-2ab7c05dfa5f,202,,56.04020661499999,56.05689150599983,16.684890999840718
2803,d45c4460-0634-48f2-a921-89be3ccb0022,202,,56.060190066999894,56.073582647999956,13.39258100006191
2804,3f18c8bb-a906-40d4-a133-18ffb6b52130,202,,56.08021889499969,56.09421886199971,13.999967000017932
2805,5a0986dc-1189-44c0-ac35-705a4ccc57aa,202,,56.10088960999974,56.11525958399989,14.369974000146613
2806,09890df7-8e73-4498-b642-6a3bd1b7fc6b,202,,56.120216008999705,56.131961766999666,11.745757999960915
2807,f8217972-3ef6-4955-8222-635cff925304,202,,56.140251461999924,56.155114152999886,14.86269099996207
2808,1e3cd174-3826-4eb7-b466-34d200ae01b9,202,,56.160207954999805,56.19389470199985,33.686747000047035
2809,7bdae535-8ac4-4f09-aec6-46cb085743ca,202,,56.18055245599999,56.20957249100002,29.020035000030475
2810,dc79679a-babc-4318-8e3c-6b5e771ebfff,202,,56.20021494299999,56.21988868199969,19.673738999699708
2811,6e608da3-2e0f-4d43-842d-ded42e7d8dcb,202,,56.220159061999766,56.235853142999986,15.69408100021974
2812,5018be8f-4d80-48a9-b030-5987c99e90fc,202,,56.24021118199971,56.25174881099974,11.537629000031302
2813,2988e92d-27ef-4258-b7e8-ef240c330e0f,202,,56.260161674999836,56.272457526999915,12.295852000079321
2814,ef5f456d-14b7-4119-9ba7-d8147b0b527d,202,,56.28045038299979,56.29136629200002,10.915909000232205
2815,f207cd65-c03b-46f6-8374-3ff1db8def4d,202,,56.300268414999664,56.315558571999645,15.290156999981264
2816,c2cb4ea0-6de2-42f7-bd4d-7f7f726a7e1c,202,,56.3205694559997,56.33472105099963,14.15159499993024
2817,3cdf3048-cfef-4130-8329-52cc009e0998,202,,56.340275152999766,56.350098584999614,9.823431999848253
2818,ae44608e-ac17-44db-9ba3-a064709248ef,202,,56.360954618999585,56.37216499199985,11.210373000267282
2819,f6c03059-480d-496f-a9e3-25983cf5f06c,202,,56.38132599399978,56.398683356999754,17.357362999973702
2820,2edf2bd6-4a4e-48f6-bcfe-593b5ecf0ba6,202,,56.4001797169999,56.42018341999983,20.003702999929374
2821,6ef528a7-7b20-42fb-970d-eaa87938ffba,202,,56.42032700599975,56.43684197699986,16.514971000106016
2822,fa734c1c-3e29-4e48-9cb9-377a84f438e2,202,,56.44020787299996,56.45303215099966,12.824277999698097
2823,9b6c85a0-866a-426f-bad7-0f80114bd020,202,,56.460533997999846,56.482108520999645,21.57452299979923
2824,51a4a1df-7140-4417-b534-d1a1b711c8b3,202,,56.48032594699998,56.497326968999914,17.001021999931254
2825,61990d5b-98b1-4b5f-8290-92b2e69db11c,202,,56.500640363,56.515065005,14.424641999994492
2826,029ea3e7-65ee-4216-8a00-a057a8015775,202,,56.520362268999634,56.538128055000016,17.765786000381922
2827,f8a1b7ee-2626-408e-b0ce-c07a39fe61da,202,,56.5406523519996,56.55481386299971,14.161511000111204
2828,7a5d89a2-dfd2-4c1f-8005-31f8409ca32f,202,,56.560241587999826,56.57614425699967,15.902668999842717
2829,9965b895-5838-40e9-af03-8cbb1eb25c75,202,,56.580388502000005,56.59745698400002,17.06848200001332
2830,ca89e2dd-bcf1-4d8d-a462-877e70da5d0c,202,,56.60049387299978,56.61226975699992,11.775884000144288
2831,7f845dda-40e8-4a1f-bb5f-5224507c1b19,202,,56.620760539,56.63261834099967,11.857801999667572
2832,c00aa516-e9ca-440a-9f8b-cf40f6f1c3d2,202,,56.64015997999968,56.65488308499971,14.723105000030046
2833,b1f93140-092b-404d-8dc1-db6bc96312ee,202,,56.66032822699981,56.682161254999755,21.833027999946353
2834,9ade7815-89c4-4376-87be-12a9c8b07f80,202,,56.6804595159997,56.69996104199981,19.50152600011279
2835,ba0a6c49-9e39-48cc-b2b2-d0af02a7c4e6,202,,56.70019429599961,56.74283601499974,42.64171900013025
2836,2fe77b09-a239-4dab-b5a0-422c62003693,202,,56.72209518799991,56.783148815000004,61.05362700009209
2837,3e3c01de-1c34-4d36-b1db-7f82e0a0ad2f,202,,56.74022634399989,56.79748665299985,57.26030899995749
2838,42d955c1-5330-4bcc-9dba-fe53ba326c91,202,,56.76031457599993,56.797360691999984,37.04611600005592
2839,a60698b8-4762-4677-b970-4f2d0a2b42ca,202,,56.78054605999978,56.85416003499995,73.6139750001712
2840,addc481c-9222-4d4c-8093-e08fe4078429,202,,56.80017503399995,56.876133341999775,75.9583079998265
2841,66189fb5-44d0-40d9-9706-46bf264b5feb,202,,56.82045651899989,56.88394581399962,63.48929499972655
2842,9ab5a259-7897-402a-a469-4a7fa402c3d4,202,,56.84107046899999,56.90090740699998,59.83693799998946
2843,d68bfe7a-d3e4-48f5-b6aa-d93b2118bb33,202,,56.861810588000026,56.90988881699968,48.07822899965686
2844,2ee6bfb4-995d-451a-8f8a-d007d21f6d4a,202,,56.88028820799991,56.91374305199997,33.45484400006171
2845,c0876ef4-2c71-4856-a09a-e291bca8b380,202,,56.90039527299996,56.958406636999825,58.01136399986717
2846,4af41c8c-c0f1-4437-99a4-2ec9107fb6b8,202,,56.920865178999975,56.962677921999784,41.812742999809416
2847,a3ee2d6a-b35c-4794-b780-78aaa0e22ab7,202,,56.94678018099967,56.990669460999925,43.88928000025771
2848,e2748035-09be-46e8-b896-039144bcb3a1,202,,56.960447381999984,56.99342184299985,32.974460999867006
2849,f10e1c5b-53ea-4ce4-9eb9-9d0f57f60220,202,,56.98028865099968,57.000415258999965,20.12660800028243
2850,6c2a95fe-62c4-42a6-af6e-fec712486c00,202,,57.00022683899988,57.01955255699977,19.325717999890912
2851,7828f4fe-236e-4322-8992-6166c50ec3c1,202,,57.02045307299977,57.038421100999585,17.968027999813785
2852,5b42d2c8-3ae8-4adb-9f31-95842ac1f0c5,202,,57.04279217899966,57.06341237799961,20.620198999949935
2853,99253859-5d30-4a3a-82ec-d153b838c7c0,202,,57.06070899699989,57.09313603199962,32.427034999727766
2854,1ae1d64c-47a8-45ee-abad-637de35ee111,202,,57.08054459999994,57.1015779319996,21.03333199966073
2855,99c5b45a-a8c0-41e7-955f-437fa2e751d5,202,,57.10024769999973,57.11622331699982,15.975617000094644
2856,1bbb102f-f9db-40b8-9ef6-61fe498a8174,202,,57.12019363799982,57.133306953999636,13.113315999817132
2857,55abbdc6-f4d5-404f-8e8d-976dd2a83f05,202,,57.140210617999855,57.155318427999646,15.107809999790334
2858,d581e7ad-ccac-46c1-98bd-0e31e517c1cc,202,,57.160198390000005,57.17564666499993,15.44827499992607
2859,ac014ec3-e012-4616-940e-a849fd0dd91a,202,,57.180241829999886,57.193167851,12.926021000112087
2860,56f9b3ca-0b12-4385-9d47-d62ff7265adb,202,,57.20025818499971,57.21620371899962,15.945533999911277
2861,b6ad696c-7e3c-4b04-83f5-d86ce5bb7d01,202,,57.22024808199967,57.242871900999944,22.623819000273215
2862,28c4f735-dc19-401c-8558-3f09cc40d411,202,,57.24167512999975,57.26032212799964,18.646997999894666
2863,da3ad8a5-1212-4fde-8d05-04b068655a4d,202,,57.26148406499988,57.275434270999995,13.95020600011776
2864,ff112c67-f702-4b1a-b037-a43d6c838ccb,202,,57.280308149999655,57.29779175199974,17.48360200008392
2865,9bae7bc0-2ba7-40ef-830c-c12e5105dd47,202,,57.30031571299969,57.31869403999963,18.37832699993669
2866,7f9d0be7-39eb-4c21-b0eb-ca15af0b2e7f,202,,57.32040202899998,57.338050091999776,17.64806299979682
2867,4e4a0136-3ae1-42bf-a1fb-ecf4f152f10c,202,,57.340261922999616,57.35455401099989,14.292088000274816
2868,1dd6a651-2a8b-4184-a65d-9ab210f514c2,202,,57.36027807099981,57.378445351999744,18.1672809999327
2869,549d06be-50b8-4d53-b451-633be0bdcc7a,202,,57.38018246599995,57.39736022999978,17.1777639998254
2870,46048791-865a-451d-b017-515b8b9f5aa2,202,,57.40019511299988,57.41364526899997,13.450156000089919
2871,95da37dc-6e4a-4c67-a2af-5016d30e10ad,202,,57.42020517699984,57.432072012999924,11.866836000081094
2872,b59b6701-8715-4905-92f4-1aada1e1546a,202,,57.440176573999906,57.45319963899965,13.023064999742928
2873,a0d4c646-7149-42e4-8365-7bc5f9a1d94b,202,,57.46027093099974,57.471851802999936,11.580872000195086
2874,882b7301-8bc9-43c4-9b63-a46e53578d6a,202,,57.48023495199959,57.49624652900002,16.01157700042677
2875,256ae031-3f3a-4b0f-a700-df9e7c012718,202,,57.50017943199964,57.50976689399977,9.587462000126834
2876,2fda5a40-2cbb-453c-b659-4d8507cab2dc,202,,57.52026312199996,57.53071047399999,10.447352000028332
2877,88e42179-8632-40ac-a0b3-cff9b2e86be9,202,,57.54148520699982,57.55072916299969,9.243955999863829
2878,d5c9e2d3-b743-441a-acaf-dd37ea5f0e77,202,,57.56043454399969,57.570912479999606,10.477935999915644
2879,7260766b-023d-4108-98eb-390ba52a3ab4,202,,57.582511685999634,57.59297870599994,10.467020000305638
2880,e86af16b-15f1-4619-8006-15dcca1b877a,202,,57.60524158999988,57.619068543999674,13.826953999796388
2881,98d70dd5-316a-4b21-8218-8b61b47a8915,202,,57.65324219299964,57.67085175599959,17.609562999950867
2882,e29b845a-94f3-4d4b-b9cc-115ee9cf4f03,202,,57.65334623699982,57.67428602599966,20.939788999839948
2883,e5e57df1-60d4-4d39-969a-27514216dd70,202,,57.660179524999876,57.67551033899963,15.330813999753445
2884,cb56d6a7-0e68-425f-84a4-3ca244a774fb,202,,57.680236797999896,57.690490688999944,10.253891000047588
2885,846e4ca2-ecc4-406c-82df-dd68776e6323,202,,57.7001842779996,57.7100094059997,9.825128000102268
2886,5e039632-5b8e-4c43-84cc-df1a2b3786ca,202,,57.721511061,57.73210390899976,10.592847999760124
2887,a0ff9768-25a8-483c-9faf-8f914c1bef47,202,,57.741265606999605,57.751465947999804,10.200341000199842
2888,ce3d1450-f595-4350-8471-7a6bfa45a54d,202,,57.76026397299984,57.813185127999986,52.921155000149156
2889,3a93d00a-e98d-41c3-b584-ff9b22d4d019,202,,57.78105586999982,57.87493947499979,93.88360499997361
2890,871e17a7-a1ed-4a1e-a559-227b70340c0d,202,,57.82138118499961,57.86929016999966,47.90898500004914
2891,5067529a-ced9-4349-a156-ff827ad1d739,202,,57.8228249179997,57.874660094999854,51.83517700015727
2892,0832ba78-9979-483e-999a-0b0c0a1bdd41,202,,57.84041000999969,57.88719051699991,46.780507000221405
2893,8271a205-54ba-44a7-bfcb-9cd909b0db79,202,,57.860203305999676,57.89954339499991,39.340089000234
2894,09e778b0-02ba-4bc6-9231-aecb3072c280,202,,57.880570320999595,57.903169331999834,22.599011000238534
2895,6446cf27-abb4-47d5-b131-0bdf2b0f2a54,202,,57.90021598999965,57.91350084199985,13.284852000197134
2896,97c2c63f-f2a1-4fb1-9a7a-ad72215f3c70,202,,57.92035462599961,57.93296092499986,12.606299000253784
2897,70b0be87-4233-4b38-9cdc-25c4e24db30b,202,,57.94026275799979,57.95388153199974,13.618773999951372
2898,c5d9a259-6e44-43fe-b632-121862f4a8a7,202,,57.960200431999965,57.974969934,14.769502000035573
2899,91b68026-2760-467d-a2e1-c1a4ea5befae,202,,57.98029035899981,58.0022945679998,22.004208999987895
2900,51a6c7dd-b5ac-4159-af8b-726df3e25e63,202,,58.00022411600003,58.019494527999996,19.27041199996893
2901,f1457821-8cee-4c8c-b77f-d202736477ca,202,,58.02029700100002,58.03489308299959,14.596081999570742
2902,5612cccf-e949-4331-b9aa-ab9c71179a18,202,,58.04017158999977,58.05264555299982,12.473963000047661
2903,14af605f-a601-4006-b0c0-e8252055da01,202,,58.060255182999754,58.082491812999706,22.23662999995213
2904,b4ffe338-74a4-425a-b9d0-23336fa7ebd5,202,,58.080297984000026,58.09554795299982,15.249968999796693
2905,b1a98e68-f123-4d85-a347-dc1d81a87cd9,202,,58.100294408999616,58.115176580000025,14.882171000408562
2906,62232a24-f0a7-420b-bda1-2baacff433db,202,,58.12027566699999,58.13386727499983,13.591607999842381
2907,211b742e-aca9-43ec-95ff-e5fda951e33b,202,,58.1402542589999,58.15385015799984,13.595898999938072
2908,71480112-729d-43aa-acbc-a178d182681b,202,,58.1601924749998,58.17836178499965,18.169309999848338
2909,e82ba7f7-b33a-4f8e-9830-07c92cc08e0d,202,,58.180191940999975,58.199147723999886,18.955782999910298
2910,5383b7b5-adc6-4b87-a3b2-1ade0d3b736f,202,,58.200177657999575,58.21627897500002,16.101317000448034
2911,a9b8815f-1bb5-4144-8623-388cc2429783,202,,58.22026816799962,58.23479570799964,14.527540000017325
2912,0274ae1f-2942-4e05-8159-ca4d038d94ad,202,,58.24015754999982,58.25352861099964,13.371060999816109
2913,f4f4f327-b82d-407f-a2aa-c0f934aa4ab2,202,,58.260171266999805,58.277180806999695,17.009539999889967
2914,5a5727a6-3870-4b4b-a514-9622ace523be,202,,58.28021110899999,58.29320970599974,12.998596999750589
2915,70ad4e92-6332-4174-b56c-39f6cf1e51ae,202,,58.30053562299963,58.31455502899962,14.019405999988521
2916,d03a79a4-c304-40ca-ac6f-fb353782a51e,202,,58.32021195899961,58.33771959199976,17.507633000150236
2917,c0406707-91ad-4f77-bd7b-e5141537852b,202,,58.34021030099984,58.35229296599982,12.082664999979897
2918,97d471b8-860c-4d63-af4e-e9a62a320eb6,202,,58.36027543599994,58.37100841099982,10.732974999882572
2919,6981b7e6-c572-4005-9535-8d85798f9b82,202,,58.38073332699969,58.395640748000005,14.90742100031639
2920,b0bb795c-20db-4b27-b2d5-26b6482f4647,202,,58.40018949299974,58.41299158599986,12.802093000118475
2921,d356c8d4-b5e5-429e-842d-805592020490,202,,58.420237001999794,58.84415290099969,423.9158989998941
2922,a338a412-6fd9-4105-b5e3-0811d5c11a82,202,,58.44042884700002,58.84762116599995,407.19231899993247
2923,c1321dd7-c573-4b32-b166-4757ff995baf,202,,58.48866983799962,58.86045658499961,371.7867469999874
2924,cd0ea6f2-d960-4205-920f-ab971249077e,202,,58.50474344599979,58.87164939399963,366.90594799983955
2925,826447f2-6ca7-41e2-9e37-284a30c72e49,202,,58.51112522199992,58.86679798099976,355.6727589998445
2926,659bb930-085e-4a92-9484-74875f438321,202,,58.52310250999972,58.85376168399989,330.65917400017497
2927,6f812e95-50b3-4801-b63a-9c93da67b7f9,202,,58.5455639769998,58.87646776499969,330.90378799988684
2928,2d84858f-6e38-48d0-96f9-6fdf08dbbca0,202,,58.56195938199971,58.8871038139996,325.1444319998882
2929,3ee7e12a-e99b-491c-b0e2-855ff6f17606,202,,58.581834222,58.88060737499973,298.77315299972906
2930,a0380747-e85f-4fcd-b845-e3d7f9fb1b24,202,,58.60228565499983,58.892075146000025,289.78949100019236
2931,20f2c378-40dc-49de-b527-d0c666391173,202,,58.62074876199995,58.92235660099959,301.6078389996437
2932,fb63b8c4-e493-4505-a550-12df26c6d6a9,202,,58.64108640099994,58.93243764199997,291.3512410000294
2933,ed7198f4-4d7a-4186-863d-fad6db8146b6,202,,58.660901822999676,58.939250336999976,278.3485140002995
2934,fb9a2dad-0ab4-455e-a8e8-522afcc7dfac,202,,58.68287644899965,58.94665916699978,263.78271800012953
2935,36e1f7c7-4128-455d-97b4-e9b2bf4fe492,202,,58.71277091100001,58.949716300999626,236.94538999961878
2936,f5949a06-7a5b-441e-b5c1-92ea81260019,202,,58.72224527499975,58.95446554499995,232.22027000019807
2943,02259c79-c58c-4783-99f1-e33a6e049c39,202,,58.86022491499989,58.971212486999775,110.9875719998854
2944,4696b152-4f8f-4d1c-9045-d47708a2f02b,202,,58.880194408999614,58.97514905099979,94.95464200017523
2945,d00af96a-a058-48b2-936d-e09b0dadea8f,202,,58.9008012889999,59.00169811199976,100.89682299985725
2946,5948cbf0-f4fe-4314-ae2e-76c0184d98b3,202,,58.920584113999666,59.02002866299972,99.4445490000544
2947,725835c2-be8d-48d6-94e9-97a3a7110e03,202,,58.940214810999805,59.026068761999795,85.85395099999005
2948,30f9a63e-a571-4ae7-91eb-42da738bdc70,202,,58.960321099999874,59.03079017299979,70.4690729999129
2949,fa7a0889-fbda-494a-aa41-0d5321dd5fb5,202,,58.98033326099994,59.038669218999985,58.33595800004332
2950,048466b2-e99e-4bd5-b9ff-263efaa9dfcc,202,,59.00116527,59.04259961699972,41.43434699972204
2951,83df10ca-7f2c-4e2b-9e11-dc5e0ef42887,202,,59.020273708999866,59.048985722,28.712013000131265
2952,8b47bf51-7c43-47c9-b3ca-54ed19222e66,202,,59.04166926799962,59.05462448099979,12.955213000168442
2953,8071b917-81ed-4f20-922a-a578d38559d2,202,,59.06022661399993,59.073032532999605,12.805918999674759
2954,d2b78d99-1de6-42b4-a7ab-e9f60118e901,202,,59.08029777699994,59.095222438999826,14.924661999884847
2955,ecc47f8d-e7f6-4409-a4fa-4580c7603fac,202,,59.10028227199973,59.114106040000024,13.823768000293057
2956,7ed5c170-5417-4499-a039-f5769eec0e04,202,,59.120168972999636,59.13121761299999,11.048640000353771
2957,6d876b6e-3497-4e10-80e5-5fb3d7f42f7f,202,,59.140160675999596,59.15624289899961,16.082223000012164
2958,be12a3b8-97a2-4adb-bb7d-ab611c4ca904,202,,59.16023783899982,59.173926063999716,13.688224999896192
2959,96f00448-6c08-4547-86e9-5092ca8eaadf,202,,59.180172416999994,59.191594979,11.42256200000702
2960,ba7a4f62-9143-4130-a74d-bee4e5b6a8db,202,,59.200174327999775,59.21255961499992,12.385287000142853
2961,c01695c1-f43b-4218-9f0f-fec584df661a,202,,59.22032161699963,59.236972057,16.650440000375966
2962,860982d2-8072-4052-bf5d-1c18c8a8e7f1,202,,59.24018865199969,59.2665560839996,26.367431999915425
2963,405edc3f-49f4-47ee-a5ab-aea364c14625,202,,59.26040298299995,59.28575890000002,25.355917000069894
2964,df6a45a2-2c36-463a-820d-988c987e224a,202,,59.28023968399975,59.29717383699972,16.93415299996559
2965,98c3c5b5-eb61-42db-bb8e-6b8a5ebac75f,202,,59.30022151200001,59.31749287899993,17.271366999921156
2966,e0a3a16e-c6c3-46fa-815b-d8f01e7de3b6,202,,59.32019267299984,59.33750545699968,17.312783999841486
2967,31a6413c-9bd5-49da-8684-c52ee70ec6ff,202,,59.34023945999979,59.37184785399995,31.608394000159024
2968,13c27138-bed1-4359-b0aa-cfbe84434bf2,202,,59.3610460939999,59.380032238999775,18.986144999871613
2969,60ff51f8-d452-4da5-8d01-3b8012d7e201,202,,59.38014540699987,59.64835551799979,268.21011099991665
2970,5e8e74de-fd3f-4525-b6dc-c820e6897875,202,,59.400910164999914,59.65337493399966,252.46476899974368
2971,41e9811c-1ecd-46b5-accb-f052941666b7,202,,59.42035027499969,59.634533998999814,214.1837240001223
2972,68ddc1c3-331b-4b5d-ad90-98d0f7677856,202,,59.44104444799996,59.62311222799963,182.06777999967017
2973,c8f9e680-b1a0-4a6e-9486-1da0edcd5d6c,202,,59.46032801499996,59.628504024999984,168.1760100000247
2974,5e2d9026-1a67-4f2e-aced-28b7b69a3b71,202,,59.48073543299961,59.67886230999966,198.12687700004972
2975,2e3a1c57-5a97-4689-979e-357c903670ae,202,,59.500377963999654,59.672998838999774,172.62087500012058
2976,01859b52-4427-44a5-8ea5-1de6d0dc9eea,202,,59.52068121399998,59.68367751400001,162.99630000003162
2977,955f19fc-728b-4c35-aee1-4f750c1eabd5,202,,59.54161022399967,59.66055859299968,118.94836900000882
2978,980da12b-68c8-40e5-aae6-390b16817754,202,,59.56026269699987,59.666981739999756,106.71904299988455
2979,adc7f14e-ca54-41b8-b7a7-5cd6e2069095,202,,59.58305052899959,59.69867859399983,115.62806500023726
2980,156f00eb-34f8-40c0-92dd-6724d543d098,202,,59.60043289799978,59.69444160799958,94.00870999979816
2981,33488f00-2911-49e3-a8e2-7eebd95a6701,202,,59.62021043099958,59.706206048999775,85.99561800019728
2982,74855b50-ddfe-4d98-a89b-1d7eb949ac58,202,,59.64024750999988,59.71343532999981,73.18781999993007
2983,5406c8e3-7315-4265-9a07-c3f32c8278c5,202,,59.660190253999644,59.715356234999945,55.165981000300235
2984,df9e8947-7d12-4c7b-a037-75b3461865cf,202,,59.68028629199989,59.716048495999985,35.762204000093334
2985,21f79ca0-59bc-43d5-a5ef-ad9e3af6476a,202,,59.700188243999946,59.7367392379997,36.5509939997537
2986,2398e273-96dc-43bf-b668-7fd9fc03e72b,202,,59.72024489499972,59.74578700599977,25.542111000049772
2987,a5a57347-8eb3-49ad-8469-22bc7fa49997,202,,59.74052350599959,59.779558495999936,39.034990000345715
2988,9900156b-76af-41c8-8f3b-944854b0f447,202,,59.76297561000001,59.80064011899958,37.66450899956908
2989,0c55b161-8942-4987-b58e-08cf8b538e4b,202,,59.78032042399991,59.80052745099965,20.207026999742084
2990,47b3d4c5-7029-4835-899c-3db9238c88a0,202,,59.80028719699976,59.810997073999715,10.709876999953849
2991,3722f72e-6afd-48a0-9e20-19913ba52e4f,202,,59.82054759899984,59.83413581299965,13.58821399981025
2992,b3022914-a04c-4c53-82cf-272380d6ff80,202,,59.840477329999885,59.85298044299998,12.503113000093435
2993,0a85163f-91c3-47f3-ab1b-e4ec182549ab,202,,59.86027001599996,59.8705457609999,10.275744999944436
2994,c36927ea-5794-40b5-b8dd-7d20b5f23e87,202,,59.880198579999615,59.88949789299977,9.299313000155962
2995,eebe9a45-3958-4f44-a0f1-2854a28f1fe4,202,,59.90038668899979,59.91025363599965,9.866946999864012
2996,ccd10778-c062-48b6-9e64-0233ee436612,202,,59.92033633699975,59.93202214599978,11.685809000027803
2997,403f7f22-2b70-4616-b7cb-fdb4a06e1fc3,202,,59.940183648999664,59.949822800999755,9.63915200009069
2998,afa44023-264c-4e5f-be5c-4cfa4f094abc,202,,59.96032321599978,59.96993570099994,9.612485000161541
2999,acc7e91f-60d5-41d4-aeb2-7a29fd4dd990,202,,59.980235571999856,59.989932557999964,9.696986000108154
