index,eventId,status,code,start,end,latencyMs
0,077623c3-83d8-41e2-9d7a-a0e428a2e12f,202,,0.00040732700000489785,0.05559292100002722,55.18559400002232
1,6636b793-616a-4f1a-8b13-2439d62826f2,202,,0.05036364000000049,0.06986998400003586,19.50634400003537
2,75d8bd07-366c-493f-9dc3-fdb0a0fb9397,202,,0.10324197700003879,0.11789108499999656,14.649107999957778
3,bd38a66c-cd33-4abe-a741-1514b9c22dc0,202,,0.15231411300004538,0.16533132699998987,13.017213999944488
4,595995bd-49dc-4978-b7e6-3e55dfe89e66,202,,0.20226396200001773,0.2182359779999956,15.972015999977884
5,7fa1e66f-bf69-40bc-90b6-d25249f970ea,202,,0.2514036530000112,0.2666694200000279,15.265767000016695
6,2fdf2523-d593-4ce4-90c8-c73b2b2108d3,202,,0.3004514020000215,0.3274107130000061,26.95931099998461
7,2b8919e3-8404-496f-a1d9-ec7de0b96d86,202,,0.3502083399999947,0.3679162380000207,17.707898000026034
8,7c4f736b-aa40-41ec-9b83-d5bc947f8725,202,,0.4003075300000205,0.43656809000003705,36.26056000001654
9,df2fd0b8-3e3c-4119-92ab-a60437273a54,202,,0.45031530800002884,0.46544433299999355,15.129024999964713
10,993f0ab9-0d9b-4aa5-ac5f-39d4f39a04c9,202,,0.5035529740000015,0.5237935389999961,20.240564999994604
11,d3352be0-bed1-4455-9c1c-064ef74ad7a8,202,,0.5515544950000049,0.5652797770000006,13.725281999995786
12,ac6cad83-7848-446d-9b69-6ec48be7d6e4,202,,0.6053241570000409,0.6246294219999982,19.305264999957217
13,28baca1e-00fc-405a-b8e1-e8a1754a53b0,202,,0.6534607520000009,0.6702712570000244,16.810505000023568
14,9ffecf6c-3b7c-41bc-92ea-8c530083eb1d,202,,0.700369462000026,0.7194774330000087,19.107970999982626
15,49a03923-2486-4214-ab01-9be4641825d1,202,,0.7513396890000195,0.7701713810000115,18.831691999992017
16,164955fe-cf99-43fe-b9cc-e4bc941f6d59,202,,0.8007585459999973,0.8260351270000115,25.276581000014176
17,93f3d69f-b6c9-47e9-bc56-78fee5810e46,202,,0.8531384789999947,0.8661667480000119,13.02826900001719
18,55c876a0-062c-42bb-bb86-24e5b8bb9aae,202,,0.9033216150000385,0.9211827690000405,17.86115400000199
19,a84a65d7-4da3-4ae3-895d-f971fc88451a,202,,0.952407772000015,0.9694244120000235,17.016640000008465
20,8e84ecaa-77d0-482f-8be0-e4fe7e35ccc6,202,,1.0054243320000182,1.0208076160000132,15.383283999995001
21,e2a5d225-3ae8-4322-bdc9-386b32a83e68,202,,1.0530551180000316,1.0728887100000293,19.83359199999768
22,b4664b51-d9c5-467a-be1f-90e9d5443b0b,202,,1.105292220000024,1.1228478209999935,17.555600999969556
23,271f90df-cab6-4a22-954c-dee69ef7ad56,202,,1.151491616000044,1.1689133520000041,17.42173599996022
24,1b4d5560-8dff-4b06-867b-b859d2a1dee2,202,,1.2005314410000096,1.2185780450000152,18.046604000005573
25,6646016d-ec95-4b5f-988b-855e41d3e047,202,,1.255212475999997,1.2698815809999928,14.669104999995852
26,02da1d04-9c01-4609-a6e8-d7a715f30bae,202,,1.3052849180000408,1.3194848500000376,14.199931999996807
27,c4c10425-2a38-48b8-bd41-179e07e6a931,202,,1.3532351380000023,1.3749897810000107,21.7546430000084
28,0478128e-9c38-43a1-b8c6-936e6d0f2c09,202,,1.4001994750000222,1.415121451999994,14.921976999971776
29,2d1b51d7-79ba-4215-9732-f9b331e08511,202,,1.4502959780000424,1.4652215820000265,14.925603999984105
30,7e72160c-42a4-47fa-839b-e14cf043b303,202,,1.5002592050000203,1.5198486760000378,19.58947100001751
31,a36a0ab2-61a5-436d-903d-d1da641fb039,202,,1.550166346000026,1.5651420739999935,14.975727999967603
32,79a1d826-bef9-43b0-93da-98183e9895a8,202,,1.6003562989999978,1.612955851000038,12.599552000040148
33,2f3b7c8c-176c-4941-9a0e-4420bf4315a9,202,,1.65210735200003,1.6648027310000089,12.695378999978857
34,758d7748-ff11-47e8-9fec-07dacd36b390,202,,1.7039480610000055,1.7180951170000185,14.14705600001298
35,fcbea967-1f78-4774-8f00-8155bc998d4d,202,,1.752332258000024,1.766192622999995,13.860364999970898
36,5cc15625-5f68-47a8-be39-2e19a309c898,202,,1.8005494029999909,1.8177598180000132,17.210415000022294
37,835d45eb-5dc2-43d2-a4f7-29892b568a52,202,,1.8506517430000144,1.86537251499999,14.720771999975568
38,77b5ed7c-d90d-47e5-96aa-6fb6775dbc98,202,,1.9012340980000317,1.9179853500000377,16.751252000005934
39,2a026ffd-53dc-4fa7-82ac-f75305643cfd,202,,1.950426326000013,1.963450263000027,13.02393700001403
40,cb804c2d-9252-4545-968e-3a6c92d0d97d,202,,2.002330002000008,2.0189385130000232,16.60851100001537
41,7142ec61-c31d-4f81-bf54-e65d3a6aa235,202,,2.050277678000043,2.063831128000004,13.553449999960776
42,3651fa63-8eef-4256-b8a3-b2c359513717,202,,2.1005562870000176,2.122015774000033,21.459487000015542
43,497a3ef8-0719-43ff-875c-d58e5920e234,202,,2.1502748999999994,2.173910109000019,23.635209000019586
44,d50d9c2d-419d-4d38-a7aa-ebdb4b1f31cc,202,,2.2025381180000068,2.2220465640000384,19.508446000031654
45,db31cffe-1db0-4bc8-be44-a69e78ff360e,202,,2.251163337000037,2.265814565000028,14.651227999991079
46,475b65a9-73c3-429b-aecb-30ef748bdcd6,202,,2.305248137000035,2.318981407000024,13.733269999988806
47,24eb3036-9002-4bc9-b251-e2c2a4fdb5f2,202,,2.350918190000016,2.365619749000018,14.701559000002362
48,98ea8a7e-0b56-4c68-9060-37aced1a9eee,202,,2.4008576219999895,2.4269157830000267,26.058161000037217
49,16bc7731-9f9f-4b14-a7b5-373284ae82aa,202,,2.451083651000033,2.483465028000012,32.381376999978784
50,c74f92b2-9ffa-4c52-a3b0-9f6429a2ccae,202,,2.500243691000037,2.5375033340000073,37.25964299997031
51,6fd9c0cf-539a-429b-88a9-fb0640ebc5ac,202,,2.5505167150000148,2.577500465000014,26.983749999999418
52,81033b2a-2ed8-465e-bb0d-b9fa5fd80513,202,,2.600124850000043,2.614129579000007,14.0047289999643
53,12021ecf-6fa2-420f-90ee-3221f2139f30,202,,2.650176911000017,2.66347859800004,13.301687000023321
54,6cdb0d8a-dcdb-4754-9e55-4ea3d1f79f97,202,,2.702205374000016,2.7168370460000233,14.631672000007256
55,710f9849-9e82-4f80-8ccd-36d54001888f,202,,2.750778792999995,2.76434393400001,13.565141000015046
56,9ba25b5e-d937-4332-a188-66572296263b,202,,2.80295186699999,2.819713350000029,16.76148300003888
57,83943be5-413d-44ed-a7b7-861d57f62863,202,,2.8502615200000037,2.8674838590000036,17.22233899999992
58,a62dc840-bda0-4a66-9d95-26ec5bd232ff,202,,2.900906329999998,2.9190646420000235,18.15831200002549
59,50fae4c3-4c16-4e4a-ae3d-d245a7153968,202,,2.950356219000014,2.971993800000007,21.637580999993133
60,11e5208b-ce24-43b9-85a1-54c883fe82c5,202,,3.0013618500000234,3.0145685880000315,13.206738000008045
61,ec2bb2e5-f655-4faf-bce5-9effe0a5e8f6,202,,3.0552907379999965,3.069888717000026,14.597979000029682
62,31133615-26b0-4ab3-83f3-53aeeb6bc8b0,202,,3.1042580860000157,3.1197854920000054,15.527405999989696
63,e06c72b8-b5f3-439e-a228-cd7ad1453cba,202,,3.1553177170000026,3.1735522129999936,18.23449599999094
64,e23a1bda-5092-4a90-a0a9-2920dc5b8560,202,,3.2022783500000287,3.2165346909999926,14.256340999963868
65,12b19065-0ac9-4f9d-91e5-2867c56a0760,202,,3.250349925000023,3.2644989089999967,14.148983999973552
66,eb744721-e74c-412d-ad32-53b48893547c,202,,3.3052885559999936,3.3225851969999667,17.29664099997308
67,8440cf73-5519-4fdf-87b9-8a347658437c,202,,3.3519137590000128,3.3762945460000537,24.380787000040982
68,bdcb3866-fdd0-4cfb-a573-b59ae39fa8e4,202,,3.4009946920000402,3.419784519000018,18.789826999977777
69,c306b8af-7ba7-4325-ab09-6ff2c5210b6a,202,,3.450151013999971,3.464320806000046,14.169792000075176
70,ea19a722-bb49-4ecc-98ec-1241ff7aaf9f,202,,3.5007898879999857,3.517496594000022,16.70670600003632
71,19f8d0fb-6b81-424c-a097-5d3fd706437f,202,,3.550164705000043,3.5678513000000294,17.686594999986482
72,84aaec2d-6e5e-415b-a188-69a6d422c35c,202,,3.6002228170000308,3.6144897220000303,14.266904999999497
73,e8ea439f-6716-4234-8fbf-9ed9171fba9d,202,,3.6502406500000006,3.6616642889999866,11.423638999985997
74,379f1277-1a4d-4030-b5f2-f3c29b25720d,202,,3.7038516339999887,3.718130172999963,14.278538999974444
75,ef467ab1-b5f4-4b67-8fa6-b40a9f1a6a4b,202,,3.750750624000034,3.7711320829999977,20.381458999963797
76,169969ed-d5e4-455a-a882-cf05f61fc525,202,,3.8006931920000397,3.815439158999993,14.745966999953453
77,28632531-3f09-442b-8d4a-fc7d32a8dee3,202,,3.850540606999971,3.875967666000065,25.427059000094232
78,34c5ada9-022c-4b4a-805c-28f12b02a4f5,202,,3.902634431000024,3.916855092999981,14.220661999956974
79,80e70d28-65f6-4c7e-927f-25f7f45e9423,202,,3.9509119790000113,3.965627798000014,14.715819000002739
80,5b127fcd-cc7d-4c57-99e4-acaeb31b69d4,202,,4.0053312679999635,4.021345921000034,16.01465300007021
81,1ff1fea6-0476-439e-9779-82bd9301e78e,202,,4.054314837999982,4.069047628000021,14.732790000039131
82,4934f194-1153-4938-88f0-39ef9f9961ad,202,,4.105324402000065,4.120997302999967,15.672900999902595
83,59c192f5-037d-4a0a-9715-1368e3d1fe9a,202,,4.153406680999979,4.169116151000026,15.709470000047077
84,8ea5a657-1d70-4577-b6ae-5c27e001cb50,202,,4.2054111470000635,4.226266623000015,20.855475999951523
85,6fc1ecbc-8bb0-43d9-aee5-a6623de7b6c5,202,,4.25165773599997,4.264908705000039,13.250969000068835
86,c72d5d2c-00e9-4f1b-8eb4-e449d0e9ba98,202,,4.30270693500006,4.315674618999992,12.967683999931978
87,1eded2aa-0bd2-488c-ba7c-bc87bf545c3d,202,,4.353250317000061,4.367576129999975,14.325812999913978
88,417f890b-498f-470a-a0ea-20c933e8c05e,202,,4.400415723000037,4.416452581000044,16.03685800000676
89,1c229df4-90e3-4413-a182-c91d73980fd7,202,,4.450288379999961,4.47131510600002,21.02672600005917
90,c793eec2-4dc2-4624-bbfc-d101e87185f9,202,,4.500687242000026,4.52865134000001,27.964097999984006
91,309d08e3-f7d4-4374-a8f8-4c7ffa9d65fc,202,,4.55017775400006,4.565696786999979,15.519032999918636
92,a6bb45b5-eff8-4b87-b86c-b305df0a310c,202,,4.600189216999979,4.616847182000015,16.6579650000358
93,47f2366c-31e9-4b84-b18d-df6df840297b,202,,4.650182918000041,4.660765996999999,10.583078999957252
94,9094e045-5f7e-4f64-9335-6d5bdde34d26,202,,4.70156385100006,4.734247209000046,32.683357999985674
95,7ed3d912-6003-4f19-956b-b039d9e8edac,202,,4.750986815000033,4.76304414599997,12.057330999937221
96,ba260591-14b9-45dc-93ec-c6e6f264bc3a,202,,4.801432710999961,4.8143459400000665,12.913229000105275
97,0cce1d2d-565f-42a0-9479-e06daceee011,202,,4.852408274000027,4.865201501999991,12.793227999964074
98,2c57a2c7-e88f-4ce6-b672-dc056a11aae8,202,,4.901194495000027,4.9151975380000295,14.003043000002435
99,8da5e38d-7057-4f7d-b07a-12855e2a0473,202,,4.951767147000055,4.969813512999963,18.04636599990772
100,d96efac6-7960-4e28-abc2-9ecb12a6e4ca,202,,5.011064354000041,5.028631589000042,17.567235000001347
101,cbe8b113-9eea-42fe-89ac-b80966564b92,202,,5.068375028999981,5.079461005999974,11.085976999993363
102,68ddbb6c-b407-474a-87cc-28a4fc3d3047,202,,5.105225505000021,5.117429232000063,12.203727000041908
103,77eb43a3-2997-48c7-8c89-047f556bd991,202,,5.15533391200006,5.169527464999987,14.193552999927306
104,385d7666-e68e-4a9d-b738-98f345e2fe4a,202,,5.205269404999967,5.220153530000061,14.884125000094173
105,e183644c-01ad-412f-b584-73bf94ce1c1e,202,,5.252518962000067,5.267384520000064,14.865557999996781
106,c59f864a-76a6-4fe5-9c46-eddb88d93597,202,,5.30177047899997,5.315468906999968,13.698427999997875
107,dce1bd38-ec27-4df9-a96a-f32488d70928,202,,5.350150026000051,5.365184615999965,15.034589999913806
108,5eecc1bc-c027-4946-a038-cc44a89da699,202,,5.402636624000024,5.415135735000035,12.499111000010998
109,bcbada2d-a733-4e22-97fd-70aae978d915,202,,5.451227524000046,5.472697962999973,21.470438999926955
110,26ae80cc-5c53-4479-a995-0b7ef653bdec,202,,5.500303546000055,5.515861158999996,15.557612999941739
111,c700271a-6bde-4aab-9887-c4e4879b095f,202,,5.550184784000066,5.562617891000059,12.43310699999256
112,65f043ab-c29e-4eae-8d69-e6a7c37d8c03,202,,5.600126396000064,5.615300582000032,15.174185999967449
113,4e07acc1-ec69-43cf-9689-09fdcd8978bb,202,,5.650205353000047,5.662485188000005,12.279834999958439
114,d3938831-e2c6-4681-ad18-8c18301edb35,202,,5.7034617260000005,5.7152561890000015,11.794463000001087
115,afb4208c-2e9a-4ff4-8a8d-f4d7cf0df6e3,202,,5.751401682000051,5.766254273000072,14.852591000021675
116,daffb0c7-1fbe-41ed-b7c8-47d79bc8e867,202,,5.801297346000069,5.813038605999964,11.741259999894282
117,1247e80b-f4cc-4fad-9b5e-f919926f8f48,202,,5.851496843000064,5.86741065800004,15.913814999976239
118,75402346-bc5d-4380-af6d-8010d3f602af,202,,5.903892421000023,5.92556145399999,21.669032999966475
119,e9b5883f-9f5f-4117-81b8-1a40cc8a44d1,202,,5.951856100999976,5.9682937320000065,16.437631000030706
120,4a4ec3c1-3b67-4ef6-84a5-6e10d1041406,202,,6.005426731000057,6.019661109000026,14.234377999969183
121,55e30bf9-5c67-4652-a61c-3c512276c7c0,202,,6.050665802000026,6.0640224139999646,13.35661199993865
122,83253f76-81dc-4037-af84-a84b6257be26,202,,6.100688220000052,6.116092604000073,15.40438400002131
123,03dabe82-9c7d-49d8-804c-958379209e2c,202,,6.1552435209999885,6.179864651999992,24.621131000003516
124,8e8233a0-c770-4206-a7f0-880a57009028,202,,6.204509965000057,6.219910262999974,15.400297999917711
125,d61a9bbb-9fcc-416f-8367-595f8398f5e4,202,,6.250255866999964,6.267682733000015,17.426866000050723
126,54ff6550-38b9-4b85-a933-a4cecf453e2b,202,,6.302428352999982,6.315962528,13.534175000017967
127,7fcb89c2-7764-4e0c-a7ec-2f1ead93f061,202,,6.355217287000073,6.370157180999968,14.939893999894593
128,f5e84390-0f68-4e30-b1b1-2b75faf518ec,202,,6.404073087000029,6.41545867800005,11.385591000021122
129,659be5d4-d71d-4c6c-9dfa-a08849727476,202,,6.452283252000029,6.466066340999987,13.783088999957727
130,833c5034-cc9a-4d75-a146-e9c9eb4a2925,202,,6.500139976000014,6.51237387599997,12.23389999995561
131,f9ecb4bc-cf7e-469f-8df4-9ad6ef113790,202,,6.550170383000022,6.570748868999999,20.578485999976692
132,360f1062-66d6-4684-bbe3-b52c287fd8d2,202,,6.600298521000013,6.6151401409999835,14.841619999970135
133,4c1269ae-91ef-4298-9a73-e2ec05577998,202,,6.650216979999982,6.665153537000037,14.936557000055473
134,bb675f14-d881-485e-8879-767d5ff274ee,202,,6.701152317000037,6.712862872000073,11.710555000036038
135,8231e37f-3c76-4f2d-9e6c-fdbb206f2493,202,,6.750297015000001,6.762573444000054,12.276429000053213
136,9345bb3c-ee62-4576-994d-a4196c3995c7,202,,6.80039663499997,6.813696321000066,13.29968600009579
137,5e134470-0a13-4e74-9455-b1dd3ba6b17a,202,,6.852900922999993,6.871731589999968,18.83066699997471
138,92329cbd-fa00-4bd9-b798-42b7fe3d32a4,202,,6.905034134000061,6.921729643000049,16.695508999987396
139,09f4dc54-ea6a-46b7-9ea6-c6fb74859599,202,,6.95072338600005,6.963175430999968,12.452044999918144
140,19565f25-d4e2-4ae4-b330-a9c29b19a6df,202,,7.001660517000005,7.018308494000053,16.64797700004783
141,fc86e8ef-4659-4bef-83d7-49649922cd1c,202,,7.05121469300002,7.065325164000001,14.110470999980862
142,68a8b36c-9c37-41f4-8305-d86e6fdbb12e,202,,7.100984345000029,7.115694502999986,14.710157999957119
143,d194be4b-fae7-40b2-92a4-1e462468eca0,202,,7.152640281999993,7.167460012999982,14.819730999988678
144,acd830c2-f7a8-4985-ac1f-56c01e847b02,202,,7.2022444499999665,7.217542079000054,15.297629000087909
145,3a7fec2d-ceae-4850-91f2-7f6f0534cc97,202,,7.2533708099999785,7.270904681000047,17.533871000068757
146,8bf73b66-09b9-4864-9022-e7735a28f840,202,,7.303196391000029,7.318999452000071,15.803061000042362
147,effff579-8055-4c72-ba9f-cc2e5979dd80,202,,7.3522428439999885,7.367477984000061,15.235140000072533
148,20c0f8c1-5687-4bea-a4e2-fec5acdb4e47,202,,7.403200509000044,7.42019743100002,16.99692199997571
149,122117cc-d422-4d98-a3d6-88619274787f,202,,7.450757120000048,7.466378318000011,15.621197999962533
150,5553cf2f-1862-4b8d-9b03-21db4f7156a4,202,,7.500696067000035,7.516191001000038,15.494934000003013
151,dc73993b-ce0a-410c-9fc6-eefef5205971,202,,7.550207760000035,7.563104475000046,12.896715000010772
152,c6e51477-1778-40ee-aac3-771b701e4b25,202,,7.600153009999985,7.61686488600003,16.711876000044867
153,26e40ad6-a1d3-4471-b74b-8620351e57d1,202,,7.650207744999989,7.667614183000069,17.406438000080016
154,f621c12b-956a-4ba5-9c2f-a0b3fa75c456,202,,7.70022537400007,7.713822994999987,13.597620999917126
155,98ca2626-8455-4394-8720-55835b964012,202,,7.7542840209999895,7.766451238000059,12.167217000069286
156,fa02a623-8904-4ef3-9c0d-c8ee68466eff,202,,7.800584243999992,7.814943460999984,14.359216999991986
157,5f7e0102-39c4-473e-bce0-71601ce7ffb6,202,,7.853997667000044,7.868382137000026,14.384469999981775
158,e1cc959e-88a0-4e38-a75f-0a322a9dd804,202,,7.903383345000066,7.91748903000007,14.105685000004087
159,db22b89c-9008-4a9f-98f2-e122bc909392,202,,7.951983676000054,7.966919202999975,14.935526999920512
160,e70499a0-8c3e-4fd5-ab06-de814d3ae92a,202,,8.000633177000054,8.013952264000068,13.319087000013496
161,efbae5eb-4ad1-4bec-9e66-549c3c25d0b0,202,,8.05066871200006,8.064729567999962,14.060855999900923
162,f2888f03-eb23-4d1d-9ec0-4ebda7c744cd,202,,8.105347539000036,8.12050199500004,15.154456000004757
163,df3f2b10-297e-446c-80b1-22eb1095bbd9,202,,8.151699645000008,8.167570243,15.870597999992242
164,bbac419c-760d-4766-acfd-5a88295cb4dc,202,,8.205394106999961,8.220253749999983,14.859643000022515
165,763dbd44-0c2a-432c-88fe-4ba867e6a07d,202,,8.250475205000043,8.265835559000038,15.360353999994913
166,3704ee58-deb6-4ac1-9651-085174f63e38,202,,8.305448825999974,8.321079303000033,15.630477000058818
167,d69800d6-8933-4172-93e7-82f90e8b7f36,202,,8.355307935000042,8.372914123999976,17.606188999934602
168,6243888e-20a9-4d8a-930d-990b03c073f2,202,,8.402075700000069,8.418936797000015,16.861096999946312
169,a6a045a5-3d14-456b-835d-0b6a475838e8,202,,8.451903006000066,8.467466453000043,15.563446999976804
170,dc51c460-a7e7-42ea-87c1-8ca94e7d1751,202,,8.50063241600003,8.521077983000055,20.44556700002431
171,1cf99457-7c31-47b2-9c77-f774faa002c3,202,,8.55024907500001,8.562623095000049,12.3740200000384
172,6a359290-bbf3-4233-807a-26d55d344d3d,202,,8.600121080999998,8.613840707000008,13.719626000010976
173,66f9d1e9-c9e6-4bda-8b7d-2816515c5de0,202,,8.650121137000042,8.662636813000063,12.515676000020903
174,0a03897c-f842-4370-a86a-c6f43db01ae4,202,,8.700352124999995,8.713673827999969,13.32170299997415
175,51f93cc4-a009-4005-94d3-6e64598b4caa,202,,8.75196144000006,8.765685405999989,13.723965999929533
176,d01c2cef-fc04-4b61-a885-3a4d8429dafb,202,,8.800295140000003,8.81277675900003,12.481619000027422
177,d7138add-9b2e-4726-bfd6-918724d7a1f5,202,,8.851286536999964,8.865825004000044,14.538467000079436
178,12ac6439-16f4-4cde-b0ba-ee76bc2909ac,202,,8.90194770900007,8.915493541000046,13.545831999977054
179,d72e3aac-20ce-4fed-a7e0-012260255a85,202,,8.952029444999994,8.980345969000041,28.31652400004714
180,6a8e4d3f-0108-4c73-8d6d-a63f2e5413b4,202,,9.002733440000043,9.017622288999974,14.888848999930815
181,210c3b4c-d5f6-40d8-9830-4bf5bf67faf5,202,,9.052534743000024,9.06651647800004,13.98173500001576
182,68449099-f285-4e90-9727-dd497d511900,202,,9.103980364999984,9.117001060999996,13.020696000012322
183,61443ae3-ebc3-4565-b9af-9f9201a71d94,202,,9.153251439999963,9.16836729900001,15.115859000047749
184,7f789323-ced8-492d-aa13-b069792ed0a7,202,,9.200422469000046,9.21536641199998,14.943942999934734
185,37b9ba04-7bf6-427c-b774-7b5a4bb1c3c5,202,,9.250786875000017,9.26681591900001,16.02904399999261
186,7f51dd70-9873-41c0-8099-d1ba24547dc2,202,,9.300598122999986,9.32150495899998,20.906835999994655
187,7f00669a-963e-4cab-9a40-299c86f3c4f8,202,,9.355307487999994,9.369368396000027,14.060908000033123
188,48edb076-3825-43c4-b7ba-ca1136b40780,202,,9.404340355000045,9.420570139000006,16.229783999961
189,ab46d336-4414-45ef-93aa-27bdcd26024f,202,,9.453040267000006,9.46778882700005,14.748560000043653
190,4f397b7b-a9f8-40d0-87bb-b2328d06ad07,202,,9.505409019000012,9.524077282000007,18.668262999995022
191,1dea924e-56bc-47c0-99e0-2129541693d3,202,,9.550187142000027,9.571325851999973,21.138709999945604
192,b0235a02-5506-4c19-a964-53f58bd5bb0b,202,,9.600201844000026,9.620305841999993,20.10399799996776
193,f09992d6-7876-43fa-b587-e9319c2cf0af,202,,9.650319754000066,9.668889525000054,18.569770999988577
194,252dacf4-f7d0-4e01-8589-18ab53dc6a3b,202,,9.700169023000058,9.714704864000055,14.535840999997163
195,24bcf069-2a5c-4b1a-bf68-0623c8ffe2dd,202,,9.750237728000002,9.77164954500006,21.411817000057454
196,66c45708-602b-41b6-ad95-8fc16c8d4f43,202,,9.80145144900007,9.81342866,11.977210999930321
197,02858c16-790d-4a8d-afba-892aa9c52ed6,202,,9.855428339000014,9.868667254000002,13.238914999988083
198,bc3a8ee0-a6a3-4bcf-9a33-d72ca67f09a4,202,,9.905278942999985,9.918614096000056,13.335153000070932
199,25a2a998-fdfd-4818-8247-81dd936407ef,202,,9.953404761999991,9.966766416000041,13.361654000050294
200,6ffaa41a-45a5-4974-bdd6-929482ca1c62,202,,10.00058655700002,10.02085674,20.270182999979625
201,d3f2a00a-9834-4d22-9892-318409ffa0b1,202,,10.055057537000039,10.071138455999971,16.080918999932692
202,a39c0073-2e83-4c44-9572-066da4697a11,202,,10.107866791999982,10.127821089000008,19.9542970000266
203,fb2fa310-6442-4a39-8467-2e29c0f0d115,202,,10.164175655000008,10.174903766000057,10.728111000048557
204,fb32f7f3-c31c-4c98-9c8e-f164d9a06b84,202,,10.201758120000022,10.21388094100007,12.122821000048134
205,f53cc1c6-9b13-4f3d-b41a-b36c9c2644f9,202,,10.251145340999983,10.264784911999982,13.639570999998796
206,fe42347b-8eac-4940-abec-33073597fd1b,202,,10.30439868999997,10.321658979000063,17.26028900009169
207,276eb810-e33f-4fca-ba44-a5349630710c,202,,10.350992626999982,10.364841146000003,13.848519000021042
208,085ac867-350d-4f4e-8095-7acf2e942cd8,202,,10.400283188000003,10.422035291000043,21.752103000039824
209,ed4ccbeb-8d30-4051-8566-cf9a24505ec1,202,,10.451410587000055,10.46559370500006,14.18311800000538
210,741ffa16-5a05-40c6-ae2a-4d225bce5501,202,,10.500428768999996,10.514995312999986,14.566543999990245
211,284ce8a3-25b2-4911-9b01-1e384dc516fd,202,,10.551078179000001,10.577152583000043,26.074404000041795
212,1c909140-9551-47f3-91bd-4082404e4584,202,,10.60029316400005,10.616197524999961,15.90436099991166
213,b8220e7a-1952-468a-9a20-6f6b47698fc9,202,,10.650208899000063,10.665118431999986,14.909532999922703
214,7f1c2560-16d6-4d05-82d1-24b121db50d4,202,,10.700248618000046,10.718573802000037,18.325183999991168
215,364dce16-3d9f-4436-b074-17f12ff98b9e,202,,10.751110105000066,10.78856792900001,37.457823999943685
216,bad6576e-fced-4fec-8e21-3e3cdb6b4cc4,202,,10.80289656399998,10.832417668000062,29.521104000082232
217,b0102b59-7a8d-405a-8bd5-d16756eb3681,202,,10.850314606999973,10.861951500000032,11.63689300005899
218,ff11dc83-a896-48ae-9d56-1f0b8cc00c03,202,,10.903542625,10.916613985000026,13.071360000026289
219,ed33fe24-543e-43b3-b41a-ab451a7507cb,202,,10.951985335000018,10.966929962999984,14.944627999966542
220,5d153725-e594-4501-8262-b38476ff7f34,202,,11.005332788000032,11.019913896000048,14.581108000015774
221,bc4d63df-10a1-42c5-9f7c-ff23cbad0852,202,,11.050235403999977,11.06497575800006,14.740354000082334
222,000b5331-898d-438a-b263-5907452b3622,202,,11.105299634000062,11.121995425000023,16.69579099996099
223,569f63a8-ded4-464d-9c8a-39aed3aa46be,202,,11.150317219000044,11.166971530000069,16.65431100002479
224,39a5cdb5-4314-4a62-b5b8-0c11386d7c25,202,,11.204720135999992,11.220717223000065,15.997087000073407
225,29c62406-3ec5-473b-b591-5fdc151402ab,202,,11.250407092000046,11.26436253099996,13.955438999914804
226,05781238-9d50-4401-940c-40373b2d39e7,202,,11.301730359999965,11.319159523000053,17.42916300008801
227,a356657a-9c4d-4da2-a4ff-baf814147fa3,202,,11.35525993500005,11.370620913000039,15.3609779999897
228,f51ca7b2-55db-4115-b621-f23bd28aaf5b,202,,11.40237910899998,11.422148149999998,19.76904100001775
229,b6dec8d2-86e7-4ecb-8e4f-1247d4e6f945,202,,11.450243134000061,11.464947807000044,14.704672999982904
230,15fc607d-b734-4967-9d9c-cb0d17738b3a,202,,11.501984063000009,11.541673410000044,39.68934700003501
231,695afd91-cc91-4fe9-b50c-406668f7ee64,202,,11.550620147000018,11.582394700999998,31.774553999980526
232,8279b73c-99f3-4df3-b02c-a1b3fbba6300,202,,11.600819837000017,11.657891110000037,57.07127300001957
233,7b504e9e-c09e-4af5-af3f-c05761907a1f,202,,11.65029399499997,11.683633573000066,33.33957800009557
234,579bd2f2-028f-4b89-8e83-2c296984bd40,202,,11.70044790899999,11.767915481000045,67.46757200005504
235,6f795376-0793-43a6-a695-136054a1e2dc,202,,11.750891710000019,11.791310887000009,40.41917699998976
236,dcee9bc7-89fc-4ce1-bc72-74694bb99044,202,,11.800228623000066,11.821229695000056,21.001071999990018
237,3ab78426-966e-4bb8-b379-1dead8086d5f,202,,11.850254764000056,11.869401885000002,19.14712099994631
238,09ce3362-14fe-4141-ab34-f6ad0cc171d6,202,,11.900314497000068,11.924280164000038,23.96566699997038
239,ab96b9ff-b75e-4e24-ba75-63986a6dbad5,202,,11.95025092200001,11.969525731999966,19.274809999956233
240,bbec2641-4d44-4b6e-951d-f5e830739b4c,202,,12.000542832000065,12.038417578000008,37.874745999943116
241,786a341d-f0f5-4a18-9b19-8798802bb7b8,202,,12.050549402000001,12.071714424999982,21.165022999980465
242,a94cb3c6-9097-45ea-8496-9275ed73ec27,202,,12.104862260999994,12.127237616000002,22.375355000008312
243,e38cef48-8b7e-4dbe-b7b4-462416604917,202,,12.154128151999998,12.16632907899998,12.200926999980766
244,418af8a1-33a8-4456-af44-d37a5c7b028e,202,,12.204076428000008,12.225314017000073,21.237589000065782
245,edb1b458-5d54-41ec-895a-460f660eab33,202,,12.251103094999962,12.28090811900006,29.805024000097546
246,78ef602f-a0c5-43c5-8646-02d492adb90f,202,,12.30502611899999,12.327993779000053,22.967660000063006
247,267029c4-353e-4419-8dff-4057198c71d1,202,,12.355396313000028,12.415700805000029,60.30449200000021
248,39dcfce3-57fd-48e7-aaf2-074e8ea63750,202,,12.401306054999964,12.426057912000033,24.75185700006932
249,3b5d7cf0-3c74-4d51-aac3-2a3b4a7279c1,202,,12.455418097000006,12.481391228999996,25.973131999990073
250,8d3af8f2-31a7-4893-ac2a-5c91dd8c7702,202,,12.500458940000044,12.526365435000002,25.90649499995834
251,c3a27eec-3c3f-4e7d-9221-f93a36456e5a,202,,12.550486273000047,12.57280576300002,22.319489999972575
252,544bca46-ab37-4329-91e4-a228b4a18299,202,,12.601312529999973,12.617393421999964,16.080891999990854
253,f12dd863-6c6d-4c71-a529-d0f7914675b3,202,,12.650902825999992,12.693102179999983,42.19935399999031
254,31f923ec-d3bd-4592-a762-5559ecb7b265,202,,12.701034765000031,12.797353088000023,96.31832299999132
255,787e3b4c-fb94-4a1a-8615-a4febc5b6f5c,202,,12.750922898999988,12.823638578999976,72.71567999998751
256,49140ab2-8906-4a8b-96e0-89db3e203c5b,202,,12.800522792000038,12.841460731999973,40.937939999935224
257,68b00dd7-cb6b-430c-8164-fb04d4d0a9be,202,,12.850200085999973,12.899691074999964,49.490988999991714
258,f3dc30b6-53ae-4f72-b91f-fa6214335301,202,,12.900499221000018,12.968762669000057,68.2634480000388
259,3bac12e1-f9c4-4055-aafd-0af18e757ba1,202,,12.954197677000025,13.060336679999978,106.13900299995294
260,f8856612-1c48-4072-a133-ea2ee1e56877,202,,13.001535235999995,13.195652900000027,194.11766400003216
261,91ff1b85-28ea-4d38-b5fa-d37f68fe8925,202,,13.060421883999993,13.24963427299997,189.2123889999766
262,e87532a7-2875-4b1f-8c7c-c40526112f3c,202,,13.102460260000043,13.24450595999997,142.045699999926
263,544e0457-c36a-4eff-9102-bb1b879de767,202,,13.154001655999991,13.239120464000052,85.11880800006111
264,a4981fcc-7efe-4f72-9748-c6b6e565e994,202,,13.200446198999998,13.274123102999965,73.67690399996718
265,04cf289b-6d88-45ec-9013-bab6792ac626,202,,13.251690530000019,13.295380324999996,43.689794999977494
266,b3343c79-7f22-4884-871d-2b9362db53a2,202,,13.300154948999989,13.318049553000037,17.894604000048275
267,5238f3cc-5c9c-496c-a921-194f12da874c,202,,13.350173107000046,13.366660213000046,16.487105999999585
268,ef6cd5f5-8736-4675-908c-c7d76e2b03ea,202,,13.400325072999976,13.422309535000068,21.9844620000913
269,7a9a61f7-5e4a-433e-ae39-e12718fbd78a,202,,13.450226322000049,13.479504001999999,29.277679999950124
270,bad6f7c9-0f4b-4ea1-940e-bad74c9429ed,202,,13.50076681600001,13.525545998999974,24.779182999964178
271,3ff7d3f8-8331-41dc-bf7f-fe0507fa97a9,202,,13.551200332000008,13.565722136999966,14.521804999958476
272,b9239610-e3a9-4540-a478-ce9e360a61b5,202,,13.600595140999985,13.616479093000066,15.88395200008108
273,7aca00f2-0c3b-454c-8a67-0c1f29755115,202,,13.650309553000056,13.66470076500002,14.39121199996407
274,631ad39f-1773-4611-96ec-683cf15fb4a7,202,,13.700310563000016,13.713017441000034,12.706878000017241
275,57b6493c-83de-4ffe-b36c-70b2d5f94b2d,202,,13.751648684999964,13.764382556999976,12.733872000012525
276,2eccb96f-92e1-4278-80da-0e341b58d090,202,,13.800202432999981,13.815989002000038,15.78656900005626
277,80fd5f15-9060-401c-b431-fac856ecb4c1,202,,13.850119328999995,13.862836219999963,12.7168909999682
278,53d82e2c-5a50-451a-ab32-c072d4362485,202,,13.90015789000006,13.913237233000018,13.079342999958499
279,8c6653e4-c1c6-43c7-b179-72b3d9aa9a5e,202,,13.950160486000073,13.961533046999989,11.372560999916459
280,c2932149-433c-4c47-a3fe-6f7f41a7df51,202,,14.000507842000047,14.01411448600004,13.60664399999223
281,8e83a3fc-cb99-4a8a-80a4-d6a3a6bce6ce,202,,14.050320220000003,14.061662240000032,11.342020000029152
282,314fa9d7-368b-4bd0-a179-9ff8bb43c362,202,,14.100807015999976,14.113869169000054,13.06215300007807
283,d0a6c974-6319-4be8-a281-c34c6e4cf45e,202,,14.155281865000006,14.168772934999993,13.491069999986394
284,fcebb36a-638b-4d33-a784-54576d21e71e,202,,14.205282500000067,14.218508124999971,13.22562499990454
285,71524018-6d2e-42d8-8d2c-866bd1503075,202,,14.253087435999987,14.266698813000062,13.611377000074754
286,dec31d23-e73a-40fe-b949-1fdcb1998292,202,,14.300618111000063,14.314984975000016,14.366863999953239
287,9868f6e5-0154-4af9-b377-39291cf62d85,202,,14.354669477000016,14.371855359000051,17.185882000035235
288,a747ba05-3574-4ad4-a8f0-fbf15e258d8d,202,,14.405257231000064,14.422916064999981,17.65883399991708
289,4aded34d-0592-4d7d-903f-4269833146c7,202,,14.455068888000028,14.470547788999966,15.47890099993765
290,50908845-0fb6-4a75-9650-3c2869703038,202,,14.500482294999983,14.513120232000006,12.637937000022248
291,f9bf8908-a4ae-45e1-9e93-dd26c066a638,202,,14.550607987000035,14.566510065999978,15.902078999943114
292,a07a15b9-a98c-4c0d-991e-4da58e3bf0b9,202,,14.603227438999966,14.616647064000063,13.419625000096858
293,4883c8fa-55d5-423f-b19d-f8161be6f995,202,,14.651075737000042,14.665645116000064,14.569379000022309
294,619ac645-b932-4b60-9121-76005f44e0c9,202,,14.700704029000008,14.715036139000063,14.332110000054854
295,8b5d8dde-851a-41c2-be6f-bb02c965d633,202,,14.750732928000048,14.764349101999983,13.6161739999352
296,77d521f0-ac6c-4bbc-8b15-22fbc1fb7e52,202,,14.800267179999992,14.81211049500007,11.843315000078292
297,416a4436-a63d-4659-9cd6-8866837da92e,202,,14.850216850000038,14.86313402799999,12.9171779999524
298,c8ed4aaf-9ac6-4e4a-8c88-80e34edd551f,202,,14.900124089999963,14.918084025999974,17.959936000011112
299,c2c7ad53-a19a-430d-aff3-ae70aac8367f,202,,14.950306105999971,14.967101060000005,16.794954000033613
300,62abb8af-0bdb-4858-b624-259d7ccb2c21,202,,15.000182263000056,15.012593863000006,12.41159999995034
301,c6531e11-0854-41ee-ad92-62db95b857ba,202,,15.051621588999978,15.064055927000027,12.434338000048228
302,63768f35-f385-4fea-b8b1-3184d8542533,202,,15.100240436000036,15.113957451000033,13.717014999997446
303,ab1cdd55-eac4-4abd-8cc8-cc238ba118d4,202,,15.152921635999974,15.167272520999973,14.350884999998925
304,718ce0d3-1747-4211-b698-ec681f05f3c6,202,,15.212226451999982,15.231591642000012,19.365190000030452
305,3c2442ce-879a-44fe-a34e-7ee95f4e435c,202,,15.266933143000074,15.278205435000018,11.272291999944173
306,92fceef6-8435-4616-b89b-a91f35127a3c,202,,15.305271618000006,15.31849273399996,13.221115999954236
307,02efff35-6b02-4b8b-ad23-9f3d160351bb,202,,15.35533074,15.36874438999996,13.413649999961308
308,1cd48d0c-8b40-4b6c-aec5-89deac9aff7f,202,,15.403090640000073,15.415926480000053,12.835839999979726
309,29ab625d-a7a0-4725-b408-77ea8dd58257,202,,15.450307607000013,15.465417931000047,15.11032400003387
310,9c5a4649-fe7f-400c-bd83-3e2e893ebce2,202,,15.500286002000053,15.515550979000068,15.264977000015278
311,e6c15b95-f6ef-4e55-b44c-e03de105f066,202,,15.555228220000004,15.570920901000022,15.692681000018638
312,5ce4036b-8916-465a-8ee7-87c844a6fd28,202,,15.601423403000013,15.614485528000046,13.06212500003312
313,97361f36-ef32-4842-bd8a-478aae0d335e,202,,15.652027919000034,15.665579032999972,13.551113999938025
314,6a56a039-63cb-4b10-8e3c-e1eced79448b,202,,15.700727666000034,15.716936996000072,16.20933000003788
315,231abb61-9395-4ff5-906c-279b9256734b,202,,15.755240678000064,15.772271456999988,17.030778999924223
316,e7306d64-1380-411a-bf21-cccf02cc9f5a,202,,15.802802285999974,15.815230281000026,12.42799500005276
317,9b520d83-4952-4695-ae40-4e1a26b7d899,202,,15.850256134000006,15.866085403000056,15.829269000050772
318,dc2bbd53-3195-443d-994d-f7897a73472a,202,,15.900222097999972,15.914105545999973,13.883448000001408
319,4e47eef4-2eaf-43ed-8cf8-77bcf49043c5,202,,15.950170414000013,15.964146437000068,13.976023000054738
320,e194f1e8-ecb4-4d5a-8b85-461eeab77e54,202,,16.00024952000001,16.017043918000013,16.79439800000182
321,3a30af23-b2ff-45b6-892e-dde749bf0b3d,202,,16.05015632599998,16.061843097000065,11.686771000086082
322,a6de8ef7-4b42-4425-afc0-9c6a7e043360,202,,16.102561520999984,16.114708037000014,12.146516000029806
323,3a45d5cf-2ed3-443a-a9e1-a3674c9ef372,202,,16.151156636999985,16.163673243000062,12.516606000076536
324,953dd74f-c690-496c-9904-ca2c252046ea,202,,16.200691559000006,16.214693614999987,14.002055999981167
325,58f729a7-028f-45e9-b6f1-6cb53f23d3e8,202,,16.25244258099997,16.26480282199998,12.36024100001032
326,dc371cff-8b4b-47ff-b4f4-95e9e1dbabae,202,,16.301723477999985,16.31459062400006,12.86714600007599
327,c257b080-dd7c-4639-8638-b2dafb125a84,202,,16.351401397000018,16.365445342000044,14.043945000025815
328,89c30d39-1631-4cea-b1d0-b8566e758ce9,202,,16.40205362000006,16.41502097099999,12.967350999929295
329,23e3c9c9-d6b5-4073-925b-a9e14ee805c9,202,,16.453850310999997,16.466030084000067,12.179773000070782
330,de03da5e-2dfa-4931-a98b-899900a6c891,202,,16.503146643000036,16.515933775999997,12.787132999960704
331,68d5a152-3249-4d83-b5fe-3a9c855020ce,202,,16.550318823999987,16.56249329900004,12.174475000051643
332,76ef9207-be20-40cd-8154-b3f15fd1f794,202,,16.603167995000035,16.617436628000064,14.268633000028785
333,378fd8ba-ae83-4f48-baff-489951c653b3,202,,16.651271218000034,16.663396300000045,12.125082000011389
334,24d255bb-6af9-45d2-a06e-57756c7b9ad0,202,,16.703426133999983,16.716952536000008,13.526402000024973
335,8db987d3-3ff0-4689-8278-f61794dde593,202,,16.751227909000022,16.764693821000037,13.465912000015123
336,20ae2904-bde3-428c-9870-eb649b3e0e08,202,,16.801730450000036,16.81658066199998,14.850211999942076
337,278879e7-8047-411c-a98e-efb55d702372,202,,16.850193149999996,16.865083577000064,14.890427000068485
338,6b2cbabc-1c6f-48a5-9708-6c3346b9c1c9,202,,16.90018528300004,16.915055977000065,14.870694000023832
339,76f3ecca-2b1b-4d66-8eb2-c48987fbd2c2,202,,16.950361138000062,16.96347787700006,13.116738999997324
340,f1562039-c585-43bb-b3bc-be18f3261595,202,,17.00019003099999,17.01794730000006,17.757269000071574
341,3f502e16-ee9e-419e-b2e3-3221c7394a55,202,,17.051001196000016,17.063547537999966,12.546341999950528
342,1b9c30d5-3617-4e9b-bad1-daadd8a55790,202,,17.101310129000012,17.114064305000056,12.754176000044026
343,5d34a048-02f4-440c-b492-565acf319542,202,,17.151355492999983,17.165340991999983,13.985499000000345
344,e52681c3-9594-41e8-9a6e-90bf38bcc75d,202,,17.205393853000032,17.220508008000024,15.114154999992024
345,323fe520-bec1-4b07-bf4f-873303095509,202,,17.250352786999997,17.26316842799997,12.815640999974676
346,65dd20b8-0c35-4c36-be2f-0cbc4b70a143,202,,17.30419189500003,17.319119413000067,14.927518000035889
347,341185d3-e1a6-4ffa-970f-50a0861ed357,202,,17.353123993000054,17.366405134000047,13.281140999993113
348,d039bee5-9588-4d07-8891-fc495c1ec8fc,202,,17.40431847700006,17.41865472300003,14.336245999970743
349,c01c1030-5294-485d-99eb-1df26430d849,202,,17.45529783500001,17.47044277400005,15.144939000037994
350,31bc7eff-4405-459b-9a8a-27d43b6816ca,202,,17.503350951000016,17.517814845999965,14.463894999948934
351,eccbb99a-7f5f-46f8-bbf5-38bcf08bcabb,202,,17.55021780900006,17.564120258000003,13.902448999942862
352,fb9fa00b-d265-4954-bc15-f813efa1e681,202,,17.60126341199998,17.613653640000052,12.390228000072057
353,ac283259-4cf8-47b2-b270-dc310a4701d8,202,,17.65319788299996,17.66732025500005,14.122372000088035
354,23bfb9a6-9a92-403c-916c-1365549f63ce,202,,17.70081532400002,17.716032680000012,15.217355999993742
355,6ca99df5-7e06-4f72-bd0b-7ed6d8d7facd,202,,17.751587900000004,17.76539674000003,13.808840000024247
356,e0d4c3c3-7e64-4abf-87e3-542b4d8c7593,202,,17.80052462900005,17.81478370100001,14.259071999958906
357,fd4983e7-8f9b-4234-a45d-174a4c01268c,202,,17.850240514999996,17.87315279500001,22.912280000014107
358,6203f487-e5b8-45f2-8955-062f355e198a,202,,17.90013185600003,17.91572794500007,15.596089000041502
359,dbbd9618-e73b-4941-a543-404854e083e6,202,,17.950127693000013,17.962591090000046,12.463397000033183
360,912cf847-6eda-4052-980d-fbdf764e31fc,202,,18.00013066400004,18.013918146000037,13.787481999997908
361,caaea6e3-81a2-4dd4-bd02-49e8c4a9cb52,202,,18.05016713200007,18.065760092000005,15.592959999935374
362,f8e68006-d022-43ec-8b47-6ca79a647a4f,202,,18.10184192600002,18.11681099300006,14.969067000038194
363,cd8fe7a1-84ec-4475-8614-82dd260a4f3c,202,,18.15099774300006,18.162630506000028,11.632762999965962
364,e31c27de-2ba6-4e53-a155-3d94b2a61f3d,202,,18.201229564000073,18.218801789000054,17.57222499998079
365,27dd1b10-d696-47a4-b963-288910e9be44,202,,18.251036552000073,18.263226373000066,12.189820999992662
366,019be957-88f5-4941-a21f-aba3834b5df2,202,,18.300949176000017,18.314499151000064,13.549975000046288
367,d4a107da-240e-4c1b-ad89-aeff8e9796c4,202,,18.351403576000052,18.36478369300005,13.380116999996972
368,663f697b-a928-48d5-aabe-dd93977012de,202,,18.40176979299997,18.416143819000013,14.37402600004134
369,1be0055e-8d96-4d74-b4fe-015e0cfda6d2,202,,18.453868958000044,18.46920010100007,15.331143000025804
370,e0098d46-b3ba-4331-be56-07b62266a2bf,202,,18.500471028999982,18.514904413000068,14.433384000085425
371,f8b1c0c9-93d5-4d3b-ac9c-7c689a805666,202,,18.551291966000008,18.566756592000047,15.464626000039061
372,7111e006-7ffe-4e0e-9aa5-3356030e682c,202,,18.601042241000073,18.61728474100005,16.242499999975735
373,0cf30b8a-38fe-4ff1-b32b-46d2f6226c92,202,,18.652998829000012,18.66747818099998,14.479351999966639
374,deacc91a-2f8e-427a-bf6c-1ea29d7983f3,202,,18.700515260999964,18.71480343999997,14.288179000004675
375,8c2c3944-e9dc-4299-8e28-c9dba46a98f4,202,,18.75539504900007,18.770518751000054,15.123701999982586
376,b216cd46-4a86-4ff5-bf06-31fbff342407,202,,18.80197129999999,18.81879424400006,16.822944000068674
377,ca37872a-1e85-4007-b28e-fb881b316973,202,,18.85312577800005,18.868441277999978,15.315499999928761
378,63bdbca2-e80e-41fe-b267-8833d76c773c,202,,18.90045157899999,18.916649279000012,16.19770000002063
379,435f9ccf-d5fc-4b70-becf-cebd86928add,202,,18.95049222199998,18.970555139999988,20.062918000007812
380,092c87c8-a9bf-4f6c-8588-528fa42c5be5,202,,19.00012373900006,19.013783629000045,13.659889999985353
381,884a732a-532f-41cd-b77e-f4f2473f3f2b,202,,19.05016200500006,19.06395959100007,13.797586000009687
382,37641456-6be7-42f1-ae56-1e0be865b0f6,202,,19.10147745500001,19.113956227000017,12.478772000008576
383,edde5b48-1fab-4a7d-ad36-0609cf5d8eca,202,,19.155288876999975,19.16783964600006,12.550769000085893
384,48671196-d4d7-4b6a-85bc-78c419c9bc4c,202,,19.205310790999988,19.218965424999965,13.654633999976795
385,0434cf3f-6c2d-4e3f-a194-11e3ddcb3294,202,,19.25523862299997,19.269160349000003,13.92172600003505
386,84b7ad48-d357-40de-b987-c9aeaef9963b,202,,19.302548521000062,19.321598601000005,19.05007999994268
387,997cfbbd-5f3d-4f50-b4f6-807d7032eda3,202,,19.354263822999997,19.37502104500004,20.75722200004293
388,be4a92ab-211b-4a7d-81b1-23cbf67a40f0,202,,19.403581148000058,19.417568361000008,13.987212999950316
389,a074cadb-1458-42ec-9097-cfd2d0b5886e,202,,19.455297659000053,19.469048907,13.751247999948646
390,2e026c41-fc7e-4ced-97ce-0cf47182610a,202,,19.50400090100004,19.517214858999978,13.21395799993752
391,23846d1a-d33a-4406-90b3-ad4df9897e0a,202,,19.552031206000038,19.565705704000038,13.674498000000312
392,01ff2b19-f5b3-4e77-bcf4-2f9e5e6ba9c1,202,,19.604722982999988,19.619361693999963,14.638710999975046
393,1ec4662e-e313-49aa-b87a-f592a0aede11,202,,19.65425283000002,19.669309328000054,15.05649800003539
394,40f48d5a-1319-46ae-9f46-4ed2c5fb5be8,202,,19.703099728999973,19.71996101700006,16.86128800008646
395,2f60b0a5-8e66-44ba-97b7-4f4e089e8130,202,,19.75320469999997,19.768179192000048,14.974492000078499
396,8b202486-2625-4203-bf27-522bd1480ff9,202,,19.801950906000002,19.87712064699997,75.16974099996787
397,95a0505f-f774-42f5-97e4-b9eaa39f2e68,202,,19.85233964300005,19.881607013000007,29.267369999956827
398,46e2d8ad-26d0-46d2-bb97-ced6166fb512,202,,19.90027171600002,19.919430997000063,19.159281000042938
399,34f636af-9c77-47c4-aaf6-8c835ae380f4,202,,19.95015098400006,19.965167522,15.016537999940738
400,7bc8d97a-b979-4505-8bfa-2ea7e565f695,202,,20.00016606600002,20.01958800700004,19.421941000018705
401,07d3757d-8792-4b45-b472-cb1faca91f31,202,,20.050136683000005,20.06302403699999,12.887353999985862
402,f9f37401-6b16-4289-9cad-f9897c6991fc,202,,20.100123984999982,20.111178309000024,11.05432400004247
403,339dc292-4d47-4f8b-861a-28e0eb86da5d,202,,20.151617170999998,20.16434510099998,12.727929999982734
404,ba7949a9-76e2-4c52-ae52-f837aee4d5d0,202,,20.200414849000026,20.212517184000035,12.10233500000868
405,0d73f1b1-8d57-4764-99d3-9503595c2176,202,,20.253081501999986,20.265763418999995,12.68191700000898
406,28a62699-f6ee-4326-987c-550c5f2d3d93,202,,20.302789600999972,20.319206183000006,16.416582000033486
407,7ce8e226-8b81-4e00-bfe9-0e82844db025,202,,20.352812948000064,20.363773476999995,10.96052899993083
408,c6e7ec05-a634-40dd-b597-64046d62a7e2,202,,20.40046122199999,20.41250960000002,12.048378000031335
409,ec754ac4-3206-453c-903d-693af4d701eb,202,,20.45441685700007,20.467134895000072,12.718038000002707
410,9e708afa-ae00-4191-81a0-b50015222ec6,202,,20.500367559999972,20.515972624000028,15.60506400005579
411,3a408567-a81a-4ce9-851b-59de325f8def,202,,20.550466278000044,20.562607586000013,12.141307999968376
412,868f7938-aad1-4554-b912-a270e80c260e,202,,20.60341014400001,20.615882424000006,12.472279999997227
413,e5846524-b806-4417-a4e4-5cb6277dc21c,202,,20.650569571999995,20.666653053999994,16.083481999999094
414,31818d3c-014f-4192-b3de-b240df1fe2a3,202,,20.700471582999967,20.71497570200006,14.504119000093851
415,386d63d8-6667-4272-8969-f77367b09ba5,202,,20.750319329000035,20.768408413999964,18.089084999928673
416,f655ffce-9449-4966-9cf5-5e98de5cc4bc,202,,20.80046004899998,20.81312657500007,12.666526000089107
417,65e97798-e719-490c-8881-82147ba6fdf0,202,,20.85110050100002,20.86372510800004,12.62460700002066
418,883625f4-d1f8-4229-aa3e-17e0eb3a425b,202,,20.90166616600004,20.915040266999995,13.374100999953953
419,005fa577-f1bc-47a0-96ec-4cbd98a0f711,202,,20.95025947199997,20.962772795999967,12.513323999996828
420,0133a22e-069c-40c6-8af9-8138a1f5e1e6,202,,21.000163903000043,21.01392261500007,13.758712000026208
421,085858ca-1635-4488-9663-2a27a3448873,202,,21.050372318999962,21.062151164000056,11.778845000094407
422,e70b2392-08ae-4bc5-86a7-313b0eb520fe,202,,21.100125423999998,21.119651973000032,19.52654900003381
423,4e0fc09b-82a8-445e-a54e-86ad38d9e454,202,,21.150361535000002,21.16191251700002,11.55098200001703
424,0683a69e-f08e-4eff-8e7f-d4477bed8049,202,,21.200327571999992,21.212594679000063,12.26710700007061
425,a4b18baa-3581-44d0-a35f-4fec10c11481,202,,21.255230385999994,21.268649406999998,13.41902100000425
426,d1bdb72d-a00f-4ff1-9278-ce96014eae82,202,,21.305280962999973,21.31825182199998,12.970859000006385
427,4541d603-689d-42aa-86a2-f7936d76c1af,202,,21.354223542,21.36868937500003,14.465833000031125
428,15cf1e04-fcd2-4722-8df4-396465a7e3ee,202,,21.404231994000043,21.41798389400003,13.751899999988382
429,7650a1ee-6c42-4966-b201-8eeb57fac34e,202,,21.451690276000022,21.466698993000023,15.008717000000615
430,46486a3a-2fa1-44ed-8f42-9e2dddf6a165,202,,21.500948591999986,21.51427276800007,13.324176000082844
431,fd2eb438-be9c-487f-9b48-7d7099e97ca1,202,,21.555257194999967,21.569478904999983,14.221710000015264
432,c439bdcc-0ce0-472d-b945-b76dcb618b7c,202,,21.600814883999988,21.615736554000023,14.921670000035192
433,f3f5e68a-9f80-49be-8e43-920cfa356c9a,202,,21.655345669999974,21.670808264000016,15.462594000041463
434,21a342d0-a2c6-40f9-a410-9677f0816f6a,202,,21.703461703000016,21.717709565000064,14.247862000047462
435,c04de1e8-9307-4490-83b5-6fe0e4278133,202,,21.751216286000044,21.768069373000003,16.853086999958578
436,ae18e5a4-c131-477a-97a3-d012ed267132,202,,21.800643732000026,21.81177781200006,11.134080000033464
437,332e3628-91ca-4bc0-b17d-8c198d2139a9,202,,21.852273953000008,21.865322932000026,13.048979000018335
438,cd22b2e6-fd60-4678-bd23-271b3b894168,202,,21.900858751999976,21.913514332999966,12.65558099998998
439,80d9f0c2-34c3-499e-80c0-e2a8acda8070,202,,21.950132584000016,21.963994763000073,13.86217900005704
440,13bdf106-b34d-4efc-9683-1ab6afb4dc4d,202,,22.000210105000065,22.01392638699997,13.716281999904822
441,bfb7a30f-fa8c-4e22-bfe8-1fa87754e297,202,,22.050284081999962,22.06636555299997,16.081471000006786
442,70517e66-be12-4760-82ec-8a98e159d248,202,,22.10056347400007,22.11769450999998,17.131035999909727
443,01e8194d-060c-4b19-9450-4f67914b50ec,202,,22.15038740500006,22.161620586000026,11.233180999965953
444,1688ff91-c773-46c9-988a-76f188d055a8,202,,22.204085847999977,22.217402307000043,13.316459000066061
445,6015c1b8-f62c-4954-bc07-e81f0197393b,202,,22.250591153000073,22.263990766000006,13.399612999933197
446,5d9f53c9-31da-4e2a-a3e4-941455e9a1d5,202,,22.305377105000048,22.319550186000015,14.17308099996717
447,0857203f-6612-4209-9d6e-75e422326a42,202,,22.354355897999994,22.36946523200004,15.109334000044328
448,dc1ef35c-ea10-44ad-a2d4-71869bd8d788,202,,22.405302706000043,22.425462080999978,20.1593749999347
449,1661eefc-0bbf-4734-95d9-50c4a2662361,202,,22.452575741000032,22.472806894999962,20.23115399993003
450,edb6d277-2e9e-409f-97bd-9d742b9bb1dd,202,,22.501236764000055,22.517866507000008,16.629742999953123
451,3c992542-f894-4a5e-aa17-83b45551bb9e,202,,22.551310715,22.569746106000025,18.435391000025447
452,2aa29f28-7380-4003-adc1-f408ee41b78d,202,,22.60534025800007,22.618874378999976,13.534120999906918
453,5b481440-e96a-4136-bbf4-7a77691d5506,202,,22.65044716700004,22.66413164300002,13.68447599998035
454,92378bf4-c2ef-4749-a0e4-def3f1fb1d1e,202,,22.70530961099996,22.719326205000016,14.016594000054283
455,7135f737-2512-4ca5-8fc5-3b0fb368ded3,202,,22.75393293000002,22.76935481999999,15.421889999970517
456,fc4610b8-0770-4971-a5b9-78c393abd71e,202,,22.80034028099999,22.813995269999964,13.654988999974194
457,f5fa7617-9840-4331-9fa0-0c9ca9b14d62,202,,22.85481275899997,22.868036992000043,13.224233000073582
458,cafb8d9a-29f8-41e3-8e81-1c9e227548d6,202,,22.90115433799997,22.91468562199998,13.531284000009691
459,6e1ea84f-d6c7-4743-8c5b-b2bda7c55eb4,202,,22.951426191999985,22.975203117999968,23.776925999982268
460,91eae755-181b-4fa7-8ddb-f4db0d6006f6,202,,23.000115950999998,23.01319007799998,13.074126999981672
461,895f231a-adc0-47a7-8aa2-b0e0b530d21d,202,,23.05016308400002,23.062760910000065,12.597826000046553
462,45db4139-799c-4017-852d-e5c3662dc767,202,,23.100169678000043,23.11283102499999,12.661346999948364
463,aa6d2af7-5db1-42ac-83ea-f737f567e809,202,,23.15156300800004,23.162522809000052,10.959801000012703
464,8b6f01fd-495c-41b7-930d-2878bdeaf8eb,202,,23.200440492999974,23.21330324600001,12.86275300003581
465,d989b6da-58fc-4ad4-83f4-86f518513442,202,,23.25040758199998,23.26333342500004,12.925843000061832
466,b9f9e39e-002a-4e1d-ac34-f29bf90070a8,202,,23.300829149000037,23.315232355000035,14.403205999997226
467,b11e9171-fd59-4718-a336-d162e8357f52,202,,23.35084374400003,23.36554331600007,14.699572000040462
468,f2e64ec3-9e4d-4bc2-9cd8-54cc86873ab2,202,,23.404362716000037,23.42065230100002,16.289584999981344
469,7b57264f-0997-4e24-a0ef-ab81de3f4d9e,202,,23.451696594000055,23.46678057300005,15.083978999996361
470,290f4466-b740-4c57-8bad-c46f3d41bfda,202,,23.502277435999986,23.516775273999997,14.497838000011143
471,30d6dc51-b470-4403-9d63-db192486f0d5,202,,23.55500177700003,23.569288873000005,14.287095999975463
472,9503f804-3b60-4fd1-9cce-2b3ad1e3da4b,202,,23.600246500000026,23.61278551600003,12.539016000005176
473,dfcad2fd-ca14-47bb-b4db-8b0e91356632,202,,23.651462739000067,23.66412850000006,12.665760999993836
474,35e033a8-ad4c-4bfe-8208-fa0b9189d826,202,,23.700726285999963,23.713751306000063,13.025020000100085
475,2ae7d083-7e35-417f-b9b7-ad297c01f54f,202,,23.755264019000037,23.767935911999984,12.671892999946976
476,b8d39b34-872a-4065-949e-40b968a127b9,202,,23.801182967000045,23.81466930099998,13.486333999935596
477,bf26b723-1082-408b-8ece-c2fa28226ed4,202,,23.850477627000032,23.865236673000027,14.759045999994669
478,994372a0-ddb6-4a39-a938-7c43ddc302c9,202,,23.901207110999962,23.91620784500003,15.000734000068405
479,f2c2a366-503a-4622-9026-a85f5b990113,202,,23.95046748900006,23.965037938000023,14.570448999961627
480,7cf99c14-602d-4096-b4e9-7285cd9ed51d,202,,24.000188847000004,24.01443102500002,14.242178000017702
481,2a85c0c7-5576-44dd-80d5-5de466fc3ccc,202,,24.05011932100001,24.061580978000052,11.46165700004076
482,a791a2d4-e27e-44fd-92e9-9bfd5fb5be36,202,,24.100336109000068,24.112684567999963,12.348458999895229
483,92fcbafb-4935-40fc-9375-fa978d89fcce,202,,24.150133122000057,24.164704863999987,14.571741999930055
484,0cc48891-3d32-4e41-bdfe-eaa52a09727e,202,,24.201237254000034,24.213363335000054,12.12608100001944
485,dbffafa4-fabf-418f-9bcb-e2db24737744,202,,24.255273836000015,24.269946343000015,14.672507000000223
486,cf6e9b8c-5985-400c-910c-c09d503e3c20,202,,24.305277383999965,24.318301494000025,13.024110000060318
487,2920b42a-8076-4b98-8d0a-d5847ad5e775,202,,24.352473215000032,24.36539089300004,12.917678000007982
488,784fed9a-edab-48b9-a214-5c09c8098a70,202,,24.405337363000058,24.418941925000013,13.604561999954967
489,6adea591-6107-4cb6-b532-ec24510e88f2,202,,24.45523055900003,24.47617523300005,20.944674000020314
490,1d59cfdb-0990-463c-8c3d-14159fc9fc47,202,,24.50404955600004,24.517391417,13.341860999958044
491,11171871-1c4e-4371-81b9-2ad843ee78d6,202,,24.554561239999998,24.567275021,12.7137810000022
492,87c51630-4807-49d3-bf2a-5549997ec4d6,202,,24.60321241400004,24.616092849999973,12.88043599993216
493,3b429780-ac0b-4fbb-bb9b-2afb6ab444f4,202,,24.65529750999997,24.668879801000003,13.582291000034274
494,a674192a-90b4-4dac-b454-6cbb300f97a0,202,,24.70523699900002,24.71862365200002,13.38665299999775
495,9834342d-771f-4905-90cb-7751df8e8cf8,202,,24.751112067999998,24.76574524700004,14.633179000043128
496,24da8813-b41f-4f76-bd6a-79e4358e64be,202,,24.80411659599997,24.818358913999987,14.242318000015075
497,795823ca-5609-491f-a762-9a27388fdac9,202,,24.85038302700002,24.90432612899997,53.94310199994834
498,a894acc3-0297-443a-8b01-df125f00ecc6,202,,24.90076671700001,24.912107815000013,11.341098000002603
499,91287166-25f8-4c4e-90c8-17cb4b07734a,202,,24.95167272399999,24.96338128600007,11.708562000080747
500,6379a700-339b-43fe-8dba-f8604ee3d236,202,,25.000175220000074,25.015110261000018,14.935040999944249
501,135dab23-b318-484b-9385-dfd6dc9d81a9,202,,25.050268726000013,25.062141231000055,11.87250500004211
502,b1bfb785-d002-4989-889c-1cbd8f3b6fe3,202,,25.100212010000064,25.112830078000002,12.61806799993792
503,8054f9a2-bfd0-4533-be5c-e03b33e562b0,202,,25.150132773999985,25.16393610299997,13.803328999983933
504,af2c579f-48c8-41fc-a6df-c9e128a6c299,202,,25.20284127800005,25.217416445000026,14.575166999975409
505,d4de736c-f479-4bac-9fbf-df8789c64342,202,,25.252166112000054,25.266279687000065,14.113575000010314
506,3c3cdcae-4555-45fc-96e2-bff6a364279f,202,,25.301194002999978,25.313737836999962,12.5438339999846
507,2f0bbb4b-b4fc-4e99-9abd-1efd961339c0,202,,25.35040239,25.366652380999994,16.249990999995134
508,65e878bc-691f-4c80-ae5a-156e63ac0a7c,202,,25.404679573000067,25.42230096100002,17.621387999952276
509,cead41b2-36c5-4de7-936e-58a02e85cd28,202,,25.454704358000072,25.464880569,10.176210999929935
510,f1eee893-de4f-41bf-8d44-1bb516c9e4d1,202,,25.50329302199998,25.51471239,11.419368000019858
511,e5ca854e-8240-49c4-8699-a7c0b38dcbd9,202,,25.550280667000038,25.565152172000012,14.871504999973695
512,605c48f3-a894-4a7c-b619-dbc24c629904,202,,25.602940356999966,25.617790052000032,14.849695000066276
513,522e7de4-b667-4c0e-9c7e-16486f2fdc7c,202,,25.652140320000058,25.664915111000028,12.77479099996981
514,a4633f24-921d-4830-bc70-ea05a1e48a49,202,,25.70069774700005,25.713395053,12.697305999950004
515,9503d3b7-b7fb-4f23-ac5f-acd9c6ddfac2,202,,25.755261646000008,25.767477644999985,12.215998999977273
516,8936449d-9d30-42b7-abbf-b71f83de8527,202,,25.800231940000003,25.813455800000042,13.223860000039167
517,36ab78c1-9c51-4812-a685-f674c1f21689,202,,25.852563377000024,25.865198252000027,12.634875000003376
518,5ec3abc0-c66a-40d9-9a71-84847a7bdc19,202,,25.903187742,25.916337452999983,13.149710999982744
519,ba46a1e8-6407-4b14-9039-eecf1fd3a094,202,,25.950809623000055,25.964322451000044,13.512827999988986
520,aa525d31-c1b2-4603-9cff-61a18e7d748e,202,,26.001862539000058,26.019742242000007,17.879702999948677
521,a13493bd-d935-433e-ab38-755ecca5a636,202,,26.05012178200002,26.08520833600005,35.086554000031356
522,fa1a226a-ccfa-489c-89c5-853c2d89ed24,202,,26.100123130000043,26.112264854000045,12.141724000002796
523,19ee2c7f-f500-4fbd-a797-b531c631791e,202,,26.150123936,26.162658386999965,12.534450999964974
524,e3ecc559-68b7-4c5a-9d19-186438bed4c5,202,,26.20028792900007,26.21210294299999,11.815013999921575
525,81e205ce-e244-482b-ba12-cdd2a2bfd890,202,,26.253078846999983,26.264868921000016,11.790074000032291
526,7639825d-0e22-437b-b474-b8af7bd1c5cc,202,,26.30119318300001,26.313766482000005,12.573298999996041
527,9399c725-0d80-4c67-b0d7-b3a0c82d9cae,202,,26.350253511000005,26.36277626599997,12.522754999963581
528,2f5f042c-78a7-4fa4-a7da-f5adab89d696,202,,26.40417649699998,26.418685901000003,14.509404000023096
529,4cc247ca-33b5-401b-bbcd-ff93076d1954,202,,26.455055953000056,26.47020541500001,15.149461999953928
530,71e97762-520b-4507-864f-df99c4f30a71,202,,26.505262781000056,26.520505490999994,15.242709999938597
531,b1d064ba-4e36-418c-809e-c934926ba478,202,,26.555276399000036,26.571186858000033,15.91045899999699
532,bc0c5f71-eb90-4432-9224-a6987ff1af2c,202,,26.60528655500002,26.617826700000023,12.540145000002667
533,90e1c17d-c80d-40ef-85d4-9652cd811d0d,202,,26.655297754000003,26.666710916000056,11.41316200005349
534,41f95ea5-36db-4c19-ac02-397f22f71822,202,,26.705366128000037,26.71882753500006,13.461407000022518
535,e6dd4af0-0eba-4d9d-a620-eb9519d5e7a7,202,,26.75512189599999,26.76774211099996,12.620214999969903
536,49ea061d-af6e-47a1-a6c3-349a218c9f2e,202,,26.804972829999997,26.819140144000016,14.16731400001936
537,a748f428-99dd-46e8-9888-7b00cff0b491,202,,26.855286501000023,26.874351336000018,19.064834999994673
538,529d579d-db16-4f61-9860-27d7bbb184fc,202,,26.90365714500001,26.917427653999994,13.770508999982667
539,bb59fb9d-21b3-49a8-bb18-a8ff80c4d86f,202,,26.951952097000003,26.965369590000023,13.417493000019931
540,12e750e8-90b8-4a84-b826-dd46b367683f,202,,27.001175233000026,27.02114898600007,19.97375300004478
541,f933aa45-a8ae-4ae6-958d-baea7a84bf3a,202,,27.05033202100003,27.068177958999968,17.845937999936723
542,84d4b99d-07fb-4108-84e6-82e9326aab06,202,,27.10034034199998,27.117790352000043,17.45001000006141
543,78eadd90-8550-4aff-b428-a78b2e6a146c,202,,27.150144985999987,27.168449366000004,18.304380000017773
544,cda59704-0d8c-43c7-b3b4-a2e8a97790cc,202,,27.200207938000062,27.21516193800005,14.95399999998881
545,de11c1fc-67a8-4493-b50f-cd83ea7bf234,202,,27.251517937000017,27.262184950000005,10.667012999988401
546,466a3fe8-3acb-46a7-90f1-47e56bb4e96e,202,,27.304464548000055,27.31706883000004,12.604281999983868
547,35aa6750-0cf0-4642-b38a-ecdc5303761d,202,,27.352100233999977,27.364594631000045,12.494397000068602
548,afa3fd66-4aea-46e8-876e-36b971a4f4cd,202,,27.401284358999987,27.415384536000033,14.100177000045733
549,f183512d-acb9-4430-b2b4-c05621984bd2,202,,27.45029049900006,27.464139629999977,13.84913099991536
550,e693d15e-9b52-4406-8d2c-5ea4a8154b32,202,,27.503852507000033,27.51997936300006,16.126856000028056
551,2791041d-e73a-4c7d-86f4-d70084d9ee7c,202,,27.554671936999966,27.567961802000013,13.28986500004703
552,5933eba7-81b5-48b5-b0ba-692c5a48e48c,202,,27.605326811000054,27.620805200000063,15.478389000008974
553,30d6cba6-fe7a-4520-8405-cc7c4b1c0c9b,202,,27.655290097000034,27.66955132800001,14.26123099997767
554,2a5fd28b-f024-489b-bda7-05494ed2fe20,202,,27.70265155000004,27.71616060100007,13.509051000028194
555,9b286231-ecfe-499e-82f2-4e863f1fef8f,202,,27.75533185100005,27.768790149999973,13.45829899992168
556,bc6245fa-0588-4fed-af69-347f5fea7982,202,,27.804531406000024,27.819888859000002,15.357452999978705
557,3ef35f2b-6d61-4b11-a231-a14a7574724d,202,,27.855243036000047,27.86918407799999,13.941041999942172
558,f4911ce5-e95f-40b2-990b-767a50a3804f,202,,27.905343605999974,27.92018391099998,14.840305000006992
559,48dbc089-1e43-4a86-958e-0dcbc3a5e3fc,202,,27.95067266700005,27.96507276500006,14.400098000010075
560,0a20714e-e395-4781-9be4-40086f9e0fb2,202,,28.00164493500006,28.017690514000037,16.045578999978716
561,e4653c19-c007-4041-8e87-2b58740905ff,202,,28.05013989200006,28.064564218999976,14.424326999915138
562,29b7c0da-816a-4aec-a0e5-e12b3962d011,202,,28.10036060499999,28.11668296000005,16.322355000056632
563,5dd18712-2676-40a6-89fd-ec69f15c303a,202,,28.150155498999993,28.163915554000027,13.7600550000343
564,81417d1f-2d8b-456e-a3aa-e388c87ee523,202,,28.200211988999968,28.213663199000052,13.451210000084757
565,9d9a98ac-a1f9-4a02-8fe9-93987f2cb696,202,,28.254501739000034,28.266585523999993,12.08378499995888
566,1d1ffd39-5e08-4591-8b7b-fc6ffca8758e,202,,28.300933097999973,28.328224793999993,27.291696000020238
567,7ec5be27-7b60-4d34-8b53-23f8af3bd782,202,,28.35542212100006,28.37045501199998,15.03289099991889
568,7aad0576-8c70-4b18-a578-4b237f95fea4,202,,28.40528477600003,28.41895966900006,13.674893000029442
569,d1918782-b2bf-471b-ae0c-469050096e38,202,,28.45054324800003,28.465778890000024,15.235641999993277
570,009861ef-fcdf-4c00-9978-8664616da6fe,202,,28.505398532000072,28.519614456,14.215923999927327
571,38b4182b-7a23-4352-886e-05ff302c654c,202,,28.55421744900002,28.567583377999995,13.36592899997413
572,f704ebc1-3724-4e03-8acf-814fe30e3b3b,202,,28.601179121999962,28.614686000999995,13.506879000033223
573,8356e335-0e33-4594-a3b6-b2d667ec7d49,202,,28.655412557999966,28.669608174000018,14.195616000051814
574,1e1e2c91-c2f3-4927-b747-92641fbcee9b,202,,28.703752663000046,28.71946161300002,15.70894999997563
575,3a6063b9-0bd8-4612-aab0-caea32d97c4c,202,,28.755305507000003,28.775188618000016,19.883111000012832
576,36b30a5f-02b1-47c8-bdd6-94a43516d486,202,,28.804531844000053,28.81889313900001,14.361294999957863
577,e2188a56-e455-43b8-a124-3ad2e80ba8ad,202,,28.855351790999975,28.869689566000034,14.337775000058173
578,09bd4503-981b-4063-8b6b-437b2168f887,202,,28.900464602000056,28.91573189500002,15.26729299996532
579,64fc2029-efbd-4f90-a8aa-b878c6327932,202,,28.950707154000042,28.96499584700007,14.288693000025887
580,4e232473-97fb-4ef9-9379-6f3f8ef3e12e,202,,29.00117422599999,29.016122463999977,14.948237999988123
581,544e8a93-ca1d-4627-bdd6-32427111c0d2,202,,29.05040465000002,29.06870582700003,18.301177000012103
582,e79f4aff-5d0b-472e-be2c-e6f2faf6cffd,202,,29.10012368599996,29.111653512999965,11.529827000003934
583,e171ff4b-6f30-44f4-aa40-4dc56e8a06f7,202,,29.150302936000003,29.163393680000013,13.09074400001009
584,785d1340-00eb-49fc-a196-0d0e900936d3,202,,29.200382270999967,29.21373844200002,13.356171000054928
585,3404e284-204f-4f6f-bd53-05122c635a97,202,,29.250388979000036,29.26246801299999,12.079033999953026
586,e587e07a-4258-4fd9-bdc6-80604f50e0e4,202,,29.300513367000008,29.312476307999987,11.962940999978855
587,be610b03-7aa5-43d7-9d50-f4569d75cad0,202,,29.355345427999964,29.369050606999963,13.70517899999868
588,e22a3b7f-aa9e-4ea8-b478-c3ee19539ac0,202,,29.400462152000046,29.41397384200002,13.511689999972987
589,50d54c86-e82e-4a5d-8ebf-b479fdb4c4a6,202,,29.451855187999968,29.466843444000006,14.988256000037836
590,a3061f57-5a80-49b9-93c1-a69ff76cbad9,202,,29.503575447000003,29.517402850000053,13.827403000050253
591,4d3d6620-7d4e-487c-9441-f0b47bae6499,202,,29.552348203000065,29.565861186000006,13.512982999941414
592,ac7fb6a2-cf00-4af7-956d-304584069249,202,,29.600729935999993,29.61577377900005,15.043843000057677
593,b8a38209-069b-44b7-b321-f3935bcb92d0,202,,29.65147786900002,29.665925439000034,14.44757000001573
594,330b3070-355b-49d0-9583-7730e9da00c0,202,,29.703523765,29.718063951999966,14.540186999965954
595,cc0ff929-d548-4ab4-97ca-f40ee5184553,202,,29.75169366,29.767181153000024,15.487493000023278
596,35469b46-e567-4a1b-8ea1-06b7f80bd1a0,202,,29.805345144000057,29.822197028000005,16.85188399994786
597,ffaf080e-2fea-423d-be35-5a7c49726fc7,202,,29.850523292000048,29.865473476000034,14.950183999985711
598,9753b60c-e469-4450-bf98-cd49b02a72a7,202,,29.900161163000007,29.963867548000053,63.706385000045884
599,570294d7-2858-42f4-a20b-fec6ccf3dfa0,202,,29.950246186000072,29.972176584000067,21.930397999994966
600,b2009000-2693-42f3-ad99-8bd7cfe388a4,202,,30.004639559999987,30.018273557000043,13.633997000056297
601,07391f13-d633-4175-9e1a-cc607da3b6f7,202,,30.05036281499997,30.06273446,12.371645000030185
602,9d0ca8ec-b547-4764-85e1-c98506b46139,202,,30.10022732699997,30.111934143999974,11.706817000003866
603,64936ca0-e18b-4455-b3db-68239cbc402b,202,,30.150132788000064,30.161898779000012,11.765990999947462
604,2b099809-1948-465e-9e20-69a1931f230b,202,,30.200121483999965,30.21268378299999,12.562299000023813
605,6f8bfce8-2f80-41af-a69b-4c3ea2cb99e6,202,,30.25014670300004,30.263809003000006,13.662299999964489
606,5e4a4a39-31f7-4a1e-a645-11ba40367faf,202,,30.300774444000012,30.312213326000006,11.4388819999931
607,7920fbfc-07a6-4638-b197-6cbbe00a3cf0,202,,30.350529455000014,30.363278702000002,12.749246999987918
608,2e634eb8-663a-4257-ac66-c7a13aa83ea3,202,,30.40529853999999,30.418117634000055,12.819094000064979
609,4e70825a-2e62-4550-aa42-c537244bfe91,202,,30.450526111000045,30.465435184000057,14.90907300001254
610,0c30d496-9c5a-4435-bf4a-fab1c5608134,202,,30.506120554000063,30.520336705999966,14.216151999903559
611,1fcb7d20-27eb-4ba2-9b12-64d086a2902f,202,,30.56067813900006,30.571106557999997,10.428418999936184
612,49213fe9-3b33-4e1f-b9f4-d560255d2d12,202,,30.600209932999974,30.612665407999998,12.455475000024308
613,1ecbb92f-704a-4b39-a76b-8a8c4a3f5fd7,202,,30.652996540000004,30.668826255,15.829714999995304
614,db32a369-0e56-4fd9-a6df-30cde56bde59,202,,30.700685507999992,30.71571976300004,15.03425500004596
615,f9282dcf-3db6-4edd-b8b8-1d3c92e0e5bc,202,,30.755357892000006,30.76780923800004,12.451346000034391
616,d7e91560-cf87-4eb6-aa8c-c8a392c37b75,202,,30.804150394999965,30.815903649999996,11.75325500003055
617,18a11b86-d729-46a7-ad8f-0818d8638348,202,,30.85023426600003,30.863711712000054,13.477446000024429
618,c1b28073-6fe8-4cf1-a1e6-306b0eed3337,202,,30.905297749000056,30.91844610199996,13.14835299990591
619,44fd4907-dab9-4887-a494-e94ea34dd881,202,,30.952249844999983,30.965633383000068,13.383538000084627
620,ce292520-ec94-43ca-bb1d-2ff316c1d010,202,,31.001168781000047,31.015265881999994,14.097100999947543
621,6500a1a6-33f1-46aa-808a-0f2f8425d2c8,202,,31.055390768000052,31.070849357000043,15.458588999990752
622,564b69ce-9cba-4dd6-83d9-c4b2c1f4f5de,202,,31.101536855000063,31.124475792,22.938936999935322
623,610452cc-a515-406a-a625-b054ba472b86,202,,31.150263348000067,31.16439914500006,14.135796999994454
624,7529bb6d-312f-4a1f-9807-1a974cf71912,202,,31.200361755000017,31.212791791999962,12.430036999944605
625,bca7fe36-0e07-4b31-9882-74b99ceb9425,202,,31.254104176000055,31.26723227800005,13.128101999996034
626,5a03152a-c996-4f75-8bfe-a5bbd75d0040,202,,31.30020118699997,31.312494354000023,12.293167000052563
627,0eb18680-04b6-46a2-8260-831b243a0c6d,202,,31.35105911100004,31.362751441,11.692329999959838
628,8660f6ab-78d8-470a-851b-77a16a61176b,202,,31.400555112000006,31.413415049000037,12.859937000030186
629,b8962080-b2c5-49cf-beeb-1138690be3a5,202,,31.453031365000015,31.466421585000035,13.390220000019326
630,7d6f91d7-c70c-486d-8115-19d282f83756,202,,31.501643186000024,31.515810752999982,14.16756699995858
631,6840cd1e-16bb-4647-8b49-668ed2954c85,202,,31.550778034000018,31.566455262999966,15.677228999948056
632,0b64ed0a-cc43-4854-9cfb-941463c22a94,202,,31.601456695000024,31.61630753899999,14.850843999965946
633,d2186801-f7e6-4982-a9d7-42e1af41e30e,202,,31.65429743599998,31.674443104000034,20.145668000054684
634,5e8d728b-8208-4ecb-b826-c9ecf0abd246,202,,31.703991423000048,31.719294907000062,15.303484000014578
635,d2e78fd3-138c-4da7-8d41-7ec66b1039ce,202,,31.753354780999985,31.77099251900006,17.637738000075842
636,9d1f51c4-40cd-4c80-890d-e65fc6e230f1,202,,31.80058658100006,31.815281637999988,14.695056999926237
637,37576cf4-ed3c-4500-8372-724fb9e83d55,202,,31.852491061000023,31.868041025000025,15.549964000001637
638,74510e53-a906-48a2-aa7b-4ac3cb2b8541,202,,31.901350155000046,31.918650925000065,17.30077000001984
639,c2e45d7a-ae79-4bed-9784-e2ea4369498e,202,,31.95086617100003,31.96667099900003,15.80482800000027
640,fe1e4c73-0505-4d75-9fb0-325bd2c485c1,202,,32.00073983800007,32.02862617000005,27.88633199998003
641,0842b5ce-bb94-46a5-9ed8-07852063ffa8,202,,32.05060504000005,32.069906307999986,19.30126799993559
642,12430e3e-5b3c-4312-bbcf-3d68d7284195,202,,32.10035073300003,32.114470805999986,14.12007299995821
643,12187933-d5e7-4675-8c70-55fa427479fd,202,,32.15017894799996,32.16261972899997,12.440781000009338
644,63f383bd-dbb8-4b0a-91bf-a8de41ad0d17,202,,32.20012829799998,32.21402553300004,13.897235000058572
645,59a2cb53-2c1c-441d-b4c7-efad34e2a41f,202,,32.25033703200006,32.262601219999965,12.264187999903697
646,69e1a137-b51a-4410-b628-3109eeb3eb2a,202,,32.30013179900004,32.31658618200004,16.454382999995687
647,29874b9f-a963-43da-acb3-657973eff2b0,202,,32.35297869600004,32.36529404800001,12.315351999973245
648,a32f6759-4abb-46e9-9dfb-796046e5a944,202,,32.400996083999985,32.41337656799999,12.380484000004799
649,c2cf607a-8b13-4ffb-ac8c-6175b6f23f84,202,,32.45237028899999,32.46754800400004,15.17771500004983
650,e475ac51-0861-48d4-8e27-eb5d5cadd822,202,,32.50477589600007,32.51710755199997,12.331655999901159
651,0b94861f-0f34-41ac-b0ee-f2911057b1e2,202,,32.552219268000044,32.56473552099999,12.5162529999443
652,02df7ea3-6b33-4fd8-b32c-1c25cd153cce,202,,32.605289459000005,32.619502196999974,14.21273799996925
653,e640516e-ab8e-4566-90c4-39a0bfc9174d,202,,32.65144315200007,32.666206930000044,14.763777999974081
654,d8bac008-eb62-4391-ba4e-27829c60cfde,202,,32.701682336999966,32.71728211900006,15.59978200009482
655,8eda4b1f-1a8d-4551-8d9e-335561d57f17,202,,32.750328072,32.76407929599998,13.751223999975082
656,e72c7d13-ccdd-4df1-aaab-2e496c88886e,202,,32.80320349099998,32.81544753900005,12.244048000070507
657,f92965a8-4f55-4a71-8afc-f43cf52360d4,202,,32.851902558000006,32.86450917100001,12.606613000002653
658,ce338811-fd5a-427a-b5ee-d207aab946bb,202,,32.90354313099999,32.91858674399998,15.043612999988909
659,49cb8cc9-8b6c-4bb2-93ae-8df0c1b7af1f,202,,32.95398163200002,32.96836508199999,14.383449999968434
660,83a4d4d4-b70a-4df8-9a10-773ce04d19c1,202,,33.003338695000025,33.01752737300001,14.188677999982247
661,6d670173-4a02-4888-9d0f-5e7211046bc5,202,,33.05209960000002,33.069062282999994,16.962682999974277
662,4d835894-64c2-4ec2-86de-9a84a6454812,202,,33.100412000999995,33.118524716000024,18.11271500002931
663,948fbe60-8892-41b7-b134-59bb9209782c,202,,33.150457664999976,33.171864568000046,21.406903000070088
664,ccf14859-e8f0-42ba-813e-2a38b45701f3,202,,33.20022532899998,33.21366990499996,13.444575999983499
665,1ca3c9eb-9dfb-46de-a6eb-80d7439bc0ff,202,,33.25017282800002,33.267130698000074,16.957870000055664
666,b5136a95-3cb4-4a63-a98a-4f731d28501f,202,,33.30014360500002,33.31126008700005,11.116482000034011
667,443e90d3-74f6-438b-99fd-3e9096cc1adc,202,,33.35013814900003,33.36536136500001,15.223215999981221
668,857a4aa8-2f93-4896-a702-91f47355ed64,202,,33.40278498099997,33.41499860400006,12.213623000093321
669,09f952b8-1a47-40c7-ae20-eef7f7fedf2b,202,,33.45094950999999,33.461439446999975,10.489936999988458
670,5d34d91e-9bc6-432c-87b9-1c6fe6047dec,202,,33.500946054999986,33.51234545400007,11.399399000083577
671,8347813b-2b3e-4072-8e26-ec82fa3375d3,202,,33.55269972899998,33.56551016700007,12.810438000087743
672,1c5c87fc-4564-49d3-b585-2c0ca62c3bdc,202,,33.60086396600002,33.61124394700005,10.379981000028238
673,e77a4e44-7dd2-498d-9c1b-abc82f3ec797,202,,33.650463844,33.66163928599997,11.175441999967006
674,a76de3fb-38dc-4c9e-90a8-054a7f4a3317,202,,33.701550318000045,33.71206940100001,10.519082999962848
675,d4f7c1c9-5cb3-4618-a676-94d887ac6df0,202,,33.750555590999966,33.76181205099999,11.256460000026891
676,a9c16a98-ac03-4688-befc-794e3cf1dc79,202,,33.805387825000025,33.81728367300002,11.895847999994658
677,8a22612a-6836-4ba2-8e7f-cc2226b93ae0,202,,33.85115233500005,33.86899865099997,17.84631599991826
678,6589eacd-e669-49f9-9bcc-d8415987b7dc,202,,33.903436775000046,33.91881339600002,15.376620999973056
679,0387a7fc-29a6-4213-bfcc-6c6181e7e0b1,202,,33.95495852700003,33.970316051000054,15.357524000023659
680,14afdde8-8d67-4818-a190-c69ed374c18b,202,,34.003109838,34.014527334000036,11.417496000035499
681,124bce4b-d327-4d22-a82d-7668b64f5262,202,,34.050888583000074,34.06581053600007,14.921952999998211
682,1a6fa860-4566-4d12-8afa-9a75a9fc0854,202,,34.101457633999985,34.113053218999994,11.595585000009123
683,807e3a17-c411-4edd-bbec-e8baed40c10e,202,,34.152045197999996,34.16512871300006,13.083515000062107
684,8e24f8eb-1842-480b-8225-17586c05a6cb,202,,34.20031217799999,34.21611427900007,15.802101000076618
685,6710ec48-f7b5-41a4-9c3e-a18c9b20f431,202,,34.25066919100004,34.26725433199999,16.585140999950454
686,ff9bcb15-37e0-42db-8d93-b89af66f8571,202,,34.30023910500006,34.314901857999985,14.662752999925033
687,d9c39735-6986-466c-b65d-b7ad53502130,202,,34.35021055800007,34.36232755700007,12.11699899999985
688,220542b9-991e-44f6-bdd4-f341fd33d083,202,,34.40032815899997,34.41088144499997,10.553286000003936
689,5f0e0081-2a4e-4847-8f66-b144dc8a89ce,202,,34.454567360000055,34.465072737000014,10.505376999958571
690,10016aee-37dd-4c93-8a86-fdf7b524890d,202,,34.50320018100001,34.513632962999964,10.432781999952567
691,22de0925-7057-4876-b700-3f15679761fe,202,,34.551422807999984,34.563384119000034,11.961311000050046
692,66d86e74-baf6-46ac-9eb9-8a9646ab18e6,202,,34.60218967900005,34.61291999900004,10.730319999993299
693,37e170d5-49f7-4367-8085-fc4146db1194,202,,34.650437624000006,34.664147058000026,13.709434000020337
694,eeb2073f-ccc0-41a2-8ff8-e976fae80e63,202,,34.70523434200004,34.71688283000003,11.64848799999163
695,2358f344-fbd4-48a7-b931-c0766c03e82f,202,,34.75122978600007,34.76213644500001,10.90665899994292
696,18fe5a75-69e3-473f-8e48-50f72eee81e2,202,,34.80254105400002,34.813217140000006,10.676085999989482
697,ad87bea9-46dc-4906-b3b2-1b31d10c6c62,202,,34.85456505299999,34.866453328000034,11.888275000046633
698,28528789-cf6c-4a1f-8173-f8ee4267bbdf,202,,34.90232846499998,34.91322040800003,10.891943000046922
699,ee88a2ad-1cbf-4eaf-b7a2-31967e09f0eb,202,,34.950316112999985,35.001121545000046,50.805432000061046
700,46314efa-05da-4d6c-88c3-afbdb7fa0b37,202,,35.000156437999976,35.010493311999994,10.336874000017815
701,a45eaeab-d787-4b6c-b4b0-fa86e3895148,202,,35.05053227999997,35.06099450800002,10.462228000051255
702,cf455097-8446-438c-bb7c-ff36a649d3d2,202,,35.10182949900002,35.111886691999985,10.057192999965991
703,bc00e251-2256-4daf-b5c7-814b27bde7df,202,,35.15201578799997,35.16349173100002,11.475943000050393
704,1eaff7d8-91b5-419c-9d16-fa190594ce5f,202,,35.20099609900001,35.215162386999964,14.166287999955784
705,da241f5a-b7ba-4e5a-9552-b52e8bc0090d,202,,35.25012656900003,35.26204619200007,11.919623000039792
706,ba384893-e1e9-45f7-a65c-0e51b361c032,202,,35.30046401699997,35.31545271599998,14.988699000014094
707,bf13614f-c97c-4cc4-9e54-8d6cd060bafe,202,,35.35031716000003,35.364200854000046,13.883694000014657
708,38bb6386-3f83-4ead-a98e-ad5ac0b17b08,202,,35.40205731499998,35.412751876000016,10.694561000036629
709,25e0c223-9b4d-4860-b8be-1d54e3d3ee64,202,,35.453257882,35.464542962999985,11.28508099998271
710,b4d0401b-9b46-4994-a235-953be78ea1cb,202,,35.50358700200002,35.514463576000026,10.876574000008077
711,e14d3ab4-739e-4536-b9bd-034f67530e87,202,,35.55037194099998,35.56155465400002,11.182713000039257
712,75151549-885d-4761-a27d-57cf17afba63,202,,35.60248738100006,35.61833392699998,15.846545999920636
713,3972e8f1-f24f-4d44-b496-0c71dd671754,202,,35.656605600000034,35.66792365200001,11.318051999978707
714,574a0b88-34a7-4b3a-8f3c-74905b026e55,202,,35.70089349500006,35.71155420000002,10.660704999963855
715,7695d2aa-a384-4fc2-a844-7d6622e8dd6c,202,,35.75045568799999,35.761829605,11.373917000014444
716,3202b7e2-a39c-4095-a7bf-7f05e2601e56,202,,35.80132288000004,35.811995474000014,10.672593999970559
717,8071e91d-666b-4db2-ab3d-1061741b0b80,202,,35.851442539000004,35.86343299099997,11.990451999963625
718,78c13bd3-075e-4780-81fa-0348f7be3713,202,,35.90079088599998,35.91294197499997,12.151088999985404
719,6775d9fc-e416-4c2c-a5db-190378d0ef60,202,,35.95055925100007,35.964974482,14.415230999929918
720,5fe1b231-b2a5-48eb-8881-d2e46061d7fe,202,,36.00421609099999,36.019720620000044,15.50452900005439
721,9eb43f02-0f03-4fb7-9f57-4cd2c26ae21c,202,,36.05169999300006,36.06769254599999,15.992552999932741
722,ca0be29a-73f9-4f73-9ffe-c20ceafd2b34,202,,36.103442510000036,36.117825571000026,14.383060999989539
723,094483bc-7c6d-4f27-8bd4-716c7266a1f8,202,,36.15263629100002,36.17069204200004,18.05575100001988
724,cb10879a-0400-4e54-9bfa-0793d52ed8e3,202,,36.203401788000065,36.22397553799999,20.573749999925894
725,60eb3b71-3f5c-45ef-b271-ebace1f2b695,202,,36.250154389000045,36.262446974,12.29258499995467
726,73600dac-5feb-4efe-b06d-58bc76b2b9a6,202,,36.30017412400002,36.31418906900001,14.014944999985346
727,e65a5b87-4562-4015-acd5-1393b166b0ba,202,,36.35024527500002,36.36422715700007,13.981882000052792
728,d4fcf252-74ee-4bf6-97e6-da229a033c82,202,,36.400139067000055,36.413555090000045,13.416022999990673
729,8eb66ed8-cfe5-452d-b049-ab1ef3525854,202,,36.45317759400007,36.471285919000024,18.108324999957404
730,9588f8a1-3d1f-4931-a346-7b38c84ef3aa,202,,36.50557721300004,36.51968607699996,14.108863999922505
731,e6c2d4d8-78ba-49db-b74a-65fa4bbdd288,202,,36.55294273900006,36.56878753900003,15.844799999968018
732,49391836-fe21-4c02-bd31-f3652f87f91b,202,,36.60051128400005,36.613056959000005,12.545674999955736
733,2c9ab6fc-9edf-466a-b5ab-fa61fb7f91e2,202,,36.65554451000003,36.66880664600001,13.262135999980273
734,87895c5a-9b3a-4edc-85cb-f140c90f5bba,202,,36.70092548299999,36.71474506000004,13.819577000049321
735,691690a4-1f90-489a-a050-7e0b5cdc0a11,202,,36.75307863299997,36.77233454999998,19.255917000009504
736,57ffe556-d355-423c-aa3a-35694fe656b7,202,,36.801098266000054,36.81537465700001,14.276390999953037
737,07e356b8-ef18-4acf-8672-07b9b4bba7af,202,,36.850916568,36.86614384799998,15.227279999976417
738,9d4727df-c786-41cb-ab29-b6f1d60301a2,202,,36.90037080900004,36.91433799699996,13.967187999924136
739,44fcdcfb-fab5-4ed4-b0f0-cbcb31a33788,202,,36.95037646800006,36.96347575200002,13.099283999963518
740,2d1e413f-7ef8-49d9-b1f7-abeae2eead46,202,,37.00331664300006,37.01691139100001,13.594747999945866
741,63a00cdb-0d92-44dc-aeb6-0e59e6bece91,202,,37.05224876800003,37.06628310999997,14.034341999945354
742,51911ec3-3eeb-4c3e-8091-b0e634c024ff,202,,37.103719307000006,37.12038868800005,16.66938100004245
743,5a55c5d6-492b-4188-9b0a-fefc0b2e468a,202,,37.15217154499999,37.165212559,13.041014000009454
744,afb9fcae-c75c-4cb1-9f6c-f1a68aeae215,202,,37.20113979400003,37.216578176999974,15.438382999946043
745,f5fe5c18-7044-40e9-861d-df5ccfeb21f6,202,,37.25021881600003,37.266228910999985,16.01009499995598
746,1e89ebc8-e669-4011-ba3b-eb5940b115cf,202,,37.30015424800001,37.315176909,15.022660999989057
747,8a6b89c9-7dbe-4444-9591-d680aeb1b903,202,,37.35025932999997,37.369600381000055,19.341051000083098
748,654060e0-15dd-43db-9cb6-ace92612b1b9,202,,37.400130601,37.412060747000055,11.930146000054265
749,4eeebf57-e21e-4562-b0b0-810e11ae786c,202,,37.45097316099998,37.462458493999975,11.48533299999599
750,ebc1524d-8941-4abc-97a9-895beaae2e78,202,,37.50529874699998,37.51806120399999,12.762457000007998
751,11f8a712-711c-4d82-81af-36218ebe539e,202,,37.55256774600002,37.56560244000002,13.034693999998126
752,19f4ceac-d13d-4d3c-9f29-6a00a06fb6d7,202,,37.60043546600002,37.61366611599999,13.230649999968591
753,ed8344cb-bd24-4840-a81b-d556e13f2169,202,,37.651543324000045,37.66666764800004,15.124323999998524
754,4636e0b5-b451-4795-a1a0-b74044b62735,202,,37.70220678999999,37.716920361999996,14.713572000005115
755,21a3830a-b332-435c-a5cf-7d988b7ac4a2,202,,37.75024515100006,37.76102764699999,10.782495999933417
756,2bd311f9-fe14-4321-86a8-776ca4af0d38,202,,37.80115793599998,37.81322962499996,12.071688999981234
757,4c562781-a952-4d3a-bd62-ecb7cc3efac5,202,,37.85380586300005,37.86785953200001,14.05366899996352
758,80cbf646-3c18-46a2-a65d-eeefaa567d27,202,,37.904782608000005,37.91791507000005,13.132462000044143
759,24ddf94b-1c19-47ab-9385-160f49eec6cb,202,,37.95057659200006,37.96388335500001,13.306762999945931
760,7253826a-0c27-4f75-b160-803d372ef4fc,202,,38.001247037999974,38.03977506600006,38.52802800008703
761,56195146-9a86-4934-ab9a-faba8e2655d4,202,,38.05068636400006,38.07184346200006,21.157098000003316
762,afea3510-6b3e-45ae-85c4-342bf288dcd8,202,,38.10054960299999,38.11380960500003,13.260002000038185
763,f5b6caf5-23dd-4290-a29b-b1cb0041a0aa,202,,38.15141293600004,38.16583156399997,14.418627999930322
764,9f93a1aa-9468-4a1e-a3d8-68045913e7bc,202,,38.201501399999984,38.21466127899998,13.159878999999819
765,99ebb873-827a-403a-b5ce-7f72ea03e3cf,202,,38.25102671900004,38.27685629100006,25.829572000020562
766,ed51b640-f974-4d5b-93e9-d96c0d754ad4,202,,38.300150368999994,38.31202631100007,11.875942000074247
767,59a8db87-a6a0-4c56-bafa-4644993ed5b2,202,,38.35014410200006,38.36445886399997,14.314761999912662
768,b9a62d2a-c738-43b5-8933-79231f555e60,202,,38.40113157600001,38.41365043999997,12.51886399995783
769,c72aaeee-46f0-4bff-a18b-feedd532b659,202,,38.45018025000002,38.461031794000064,10.851544000047397
770,ac368b96-6691-44de-a19f-1dafd4d2e9e1,202,,38.501587820000054,38.51363550899998,12.047688999928141
771,3b1fe224-3753-4b2d-99a0-be092d19b277,202,,38.55050728499998,38.56410778700001,13.600502000031156
772,6323c314-e673-4661-87c5-d32986839acf,202,,38.60063751400003,38.61656691999997,15.929405999941082
773,29782b1d-156a-4db6-aeb1-91b51498ef22,202,,38.65026783600001,38.663207382999985,12.939546999973572
774,073fe46a-2fb1-4481-82a9-e3d8785c7e0d,202,,38.70556220599997,38.719627623000065,14.065417000097113
775,3267b6c0-2135-4375-b048-ca1d718a0a6b,202,,38.75097144899996,38.768706415,17.734966000034547
776,1a680a24-5025-4c58-889a-4e6d1910c10c,202,,38.80550657200001,38.81962184899999,14.115276999973503
777,6fc8a83a-57d1-49a2-a4fd-dd84886c33d4,202,,38.85030568700006,38.864237527,13.931839999941076
778,ea465b83-5326-4158-b439-fd89d7a81718,202,,38.901340206999976,38.91460630400002,13.266097000041555
779,a37235fd-6c85-4a96-b642-5d9a82b3856e,202,,38.95115909200001,38.975578625000026,24.41953300001387
780,ed3b8884-b6c5-4c65-b9b6-68a03653964c,202,,39.000243974,39.01613851600007,15.894542000069123
781,7fea57d2-b510-43f8-bf78-d0d44b6e18de,202,,39.05184640699997,39.06462477900004,12.778372000070704
782,25a5d4d5-bdc6-4cce-8998-f42959598649,202,,39.10542229400005,39.11819592000006,12.773626000011973
783,76cf235b-33d6-4f1f-b199-74227a01ea9e,202,,39.15277399299998,39.16819660400006,15.422611000076358
784,03b0afb0-d94f-45a6-aded-5d339b7628ba,202,,39.20094954299998,39.215580898999974,14.631355999995321
785,b0611d8d-a670-45a1-9f16-defd47822b21,202,,39.25035870700003,39.264657338000006,14.298630999974193
786,efea047c-9c6a-4984-ab8c-f46b0f2aad25,202,,39.300212792000025,39.31423385100004,14.021059000015157
787,d1df247f-63a5-4ae8-ac28-90fd111e8728,202,,39.35013952300005,39.36413426800004,13.994744999990871
788,429f05ff-29a2-4932-9aec-2fba9b19c127,202,,39.40088958500007,39.41211325400002,11.223668999946312
789,1abc0f01-7694-41b4-8485-b792e40f2092,202,,39.450138829000025,39.46293310500005,12.794276000022364
790,1eea9977-66c1-47e8-a3a9-f10c5ee3bdc1,202,,39.50297999600002,39.514493648999974,11.513652999951773
791,397572ed-ea54-4a73-828d-9e7b159776a3,202,,39.55058628500001,39.57079458999999,20.20830499998283
792,6af214aa-e7ec-4038-a865-9dd4d0f1b6b6,202,,39.60551994399998,39.61806741999999,12.547476000008828
793,f6a97b5f-a2db-4233-bdb4-99d6990dda06,202,,39.65532212699998,39.669410287999995,14.088161000017863
794,840bac7a-cd48-47eb-adb6-cec225f55367,202,,39.700596679,39.71418410600006,13.587427000061325
795,84555833-acb9-42f9-8e54-5001646482e2,202,,39.755436502000066,39.772198210000056,16.761707999989994
796,1f4d2d23-c8d2-4526-a665-ee80f7cd4af3,202,,39.80041494500006,39.814788975000056,14.374029999999038
797,169655cd-9341-4909-b87c-0b333d6471c4,202,,39.85102190300006,39.86567357900003,14.651675999971303
798,bb5f0d59-6610-47f4-b11b-0d81dc56c746,202,,39.90235046099997,39.91595316300004,13.602702000071076
799,73beca8d-ddf8-461e-bdb4-7669937f4dd8,202,,39.95546079600001,39.969469516000004,14.008719999992536
800,ecbb5d4c-61b5-4ce5-ad7c-07b91169c029,202,,40.00431501700007,40.083830808000016,79.51579099994888
801,19770427-9530-4ffb-8964-1fd55a0698c4,202,,40.05042296500005,40.08405704500001,33.63407999995616
802,eba36f29-2456-4a28-8e9c-829acc86f274,202,,40.10354286799998,40.11687552199999,13.332654000009825
803,c4e55517-f0c9-4dd8-842a-987a8482384d,202,,40.15399224600003,40.16659356399998,12.601317999951789
804,344e6c00-10bd-4f5d-aae7-aea143ec9907,202,,40.20546440999999,40.21796471699997,12.500306999982058
805,4045a964-46f3-4ec8-bb89-dc831e5a4188,202,,40.250994322999986,40.26413745900004,13.143136000053346
806,02b273e7-c853-4f4e-b144-ac336bd85867,202,,40.300314489000016,40.317972456999996,17.65796799998043
807,b1684c14-7f14-4694-9650-67c43f0cbbbb,202,,40.350157920000015,40.362717600999986,12.559680999970624
808,d9a9ddcc-5319-4834-b5e6-2b751760d52f,202,,40.40015847799998,40.41220270300005,12.044225000067854
809,af82033e-1914-44dc-bf4b-4d36153c4e8b,202,,40.45016620500007,40.46143005500005,11.263849999977538
810,c38571e7-8ee3-47a1-af07-7c7c8c3c318e,202,,40.501354623,40.512451209999995,11.096586999997271
811,c2f56956-48e0-412d-b825-f47d85229813,202,,40.55302818100006,40.565446554999994,12.418373999935284
812,bfd4a2f6-8ea8-4e61-abf4-6d5f48435ee5,202,,40.605512094999995,40.61918168600005,13.669591000052606
813,a6c60048-5e61-4618-b338-166155ae5b82,202,,40.65024542200001,40.66445311200005,14.207690000034745
814,3ba2c40e-17e1-49a8-9a76-754ce84e5442,202,,40.70527001100004,40.72326938499998,17.99937399994178
815,f04d368d-f777-4970-8d28-a83e431485dc,202,,40.75495583600002,40.764979621000066,10.023785000043972
816,08cc6dec-a73b-4095-a819-2a018fa17f08,202,,40.80049826100003,40.81271997900001,12.221717999977955
817,51b4f320-58a7-451a-a5b7-df113d7cc0f7,202,,40.85046791499997,40.862594702000024,12.126787000056538
818,a8702c9d-5bb3-4e35-88a9-4a3bf984244f,202,,40.90212055000006,40.91564669600007,13.526146000003791
819,b6079c9e-3299-44ae-a2c4-ee7107759ac5,202,,40.950773868000056,40.965032546999964,14.258678999908625
820,47f3326b-d074-4afe-9815-b5aa9a02fef1,202,,41.00558356199997,41.02127304800001,15.689486000042052
821,90f2e162-83f2-4334-a57b-1fc4cbba636a,202,,41.050269297,41.063841567000054,13.572270000054232
822,274dee81-c59a-4133-ae24-fe0df03f2738,202,,41.10545167300006,41.11986247699997,14.41080399990824
823,3bfbe4cf-401a-4b37-ba3f-ec8e98be4148,202,,41.15148913400003,41.165439159000016,13.950024999985544
824,66359c65-3f02-4a90-89a2-e15bd335ca83,202,,41.205460378,41.221580578000044,16.12020000004577
825,5f2cde70-732c-4a64-bc91-58d117181e85,202,,41.250335473000064,41.265237497000044,14.902023999979974
826,caddd5d7-86cd-4b98-913b-dafaf9d0cbd9,202,,41.305564643000025,41.322273258999985,16.708615999959875
827,0b2343b4-1717-475a-ab63-706e3cc23c7f,202,,41.35016098599999,41.36335749299997,13.1965069999751
828,449c39cb-fb93-4e87-b38b-daebef9cc585,202,,41.400278833000016,41.41192234000005,11.643507000030695
829,016f69be-2194-4175-8db4-670fc703fd4f,202,,41.450378117000014,41.463728145999994,13.350028999980168
830,80368047-1cd4-4a37-bdd9-d785600bcf84,202,,41.500144963000025,41.51299155800007,12.846595000041816
831,59deefb6-6c5c-4931-9826-8909c076a156,202,,41.551861100999986,41.56487676500001,13.015664000022298
832,218cfe71-3a94-4182-8692-0977810e4da7,202,,41.60127464300001,41.62621262000005,24.93797700003597
833,1632b346-d045-4894-a159-6a6417ab0195,202,,41.652158136000025,41.667167549000055,15.009413000029781
834,089c3a78-a0c4-4795-aac3-ec68ce597be6,202,,41.70213067099996,41.719103665000034,16.972994000070685
835,eb814289-b4be-4e84-b80c-733c150d2819,202,,41.75265868100007,41.76507747300002,12.418791999948553
836,41a7f558-57d9-48b5-aff7-7538b5395782,202,,41.802458376999994,41.816614361000006,14.155984000012722
837,726a62c1-633a-475c-8062-7fd4e07dcfe7,202,,41.850376407,41.86298341600002,12.607009000021208
838,f59c3dc1-d66f-4943-b32f-35034f13dc33,202,,41.90164157100003,41.91545326000005,13.811689000021943
839,080b0385-0aa0-43ca-8cec-1415eb84b819,202,,41.95054149700002,41.96603519500002,15.493698000000222
840,6db0ffb8-03c9-4e59-8391-700020438b34,202,,42.005521973999976,42.01949724200006,13.975268000081087
841,cd570dd5-58f6-410e-ab4f-b4e018adc830,202,,42.051182575999974,42.065564865000056,14.382289000081983
842,025c4255-3b31-4eae-bb06-5bdcf2c6e100,202,,42.10549180800001,42.12560570200003,20.113894000019172
843,f2d6e87e-9100-45e2-84ce-a93bfa0ea6ad,202,,42.15134695300003,42.16356307199999,12.21611899995878
844,7f30c90b-ccb6-4123-b527-dd431675e269,202,,42.20435567900006,42.21944260800001,15.086928999949123
845,5a45ce1b-dbae-462f-a5df-0b2e46f4a2c8,202,,42.252314101000024,42.26751931500007,15.205214000047818
846,dcf99b7a-a6cb-4b02-b20d-d08323957355,202,,42.30154189799998,42.32039974200006,18.85784400008106
847,3992e38b-7c1d-4472-b43e-0227ca8726a9,202,,42.35022544499998,42.37108510600001,20.859661000031338
848,fd053497-c96d-482a-be7f-2491e62a11f1,202,,42.40033619899998,42.41407843800005,13.742239000066547
849,d9141b90-decb-4eda-bdf9-40d2a1ada0c3,202,,42.45032861699997,42.463607857000056,13.279240000088066
850,2c5734f8-799a-4742-9708-c158bc8d8bbc,202,,42.50035872199999,42.51910207800006,18.74335600007271
851,5f9dee1b-737e-485a-928f-48a20bebe03a,202,,42.551365239999996,42.562837038,11.471798000002309
852,b61ddff4-2849-4eff-8cd6-b54eb6abaa85,202,,42.60092853499998,42.61303267000005,12.104135000072347
853,b96310a9-1197-4ee2-9ea5-37e36a1eeada,202,,42.651776143000006,42.66628442199999,14.508278999983304
854,efbd6779-ebfc-438f-9069-a0f7e4ba23e6,202,,42.70345168000006,42.71598627800006,12.534598000002006
855,01708130-86a0-43c4-a13b-1569df0cad63,202,,42.75323590100004,42.77245427499997,19.218373999933647
856,b7a5e29a-c5e3-4b6f-ab1c-ac6fae332e9f,202,,42.80060270499996,42.83020826000006,29.605555000102868
857,22041f89-f641-48dc-b141-076a58a922da,202,,42.85322919600003,42.90563878199998,52.40958599995338
858,1f787ac9-d376-4bc2-a312-98c8f8d8fbbf,202,,42.90060299200002,42.92267004300004,22.06705100002182
859,a30a2dc9-db8a-4cc6-8395-780106335f47,202,,42.95102662700003,42.964754503999984,13.72787699995115
860,50e5f03c-fb5f-4bfa-893a-0027401216a9,202,,43.00159610900005,43.01649787600002,14.901766999969368
861,9a9fbd50-95a9-4bc8-b182-b908176dd35b,202,,43.05056521400002,43.062523459999966,11.958245999949213
862,dce53092-8d89-4424-a893-7bb4f38af35e,202,,43.10036208200006,43.11183626600007,11.474184000007881
863,4be84c02-68d6-40e2-a611-089b46719040,202,,43.15445420000003,43.17094306900003,16.488868999999795
864,fdfc2e6c-24b7-4c84-b8bf-eb1671546c35,202,,43.20249973600005,43.218713493999985,16.213757999935297
865,b6b25780-302f-4fea-a424-ab08711b539b,202,,43.25315849200001,43.268676182000036,15.517690000024231
866,7b115a9f-34c9-4797-9875-83ed3e372e4d,202,,43.30194804300004,43.317907459000025,15.959415999986959
867,c2045ad1-a173-4054-b2d0-d4faa27405cd,202,,43.35325328400006,43.382709914999964,29.4566309999027
868,e3469a28-0b40-40fe-af96-d2789b03e8a1,202,,43.40012731600007,43.416788310000015,16.660993999948914
869,4a183886-631d-4a23-9b90-f7cdaac46171,202,,43.450215971000034,43.464117843000054,13.901872000019466
870,ced026d2-14d3-4d9a-b087-5e4e41886176,202,,43.50026566300005,43.51634715299997,16.08148999991954
871,6247c9f1-3c3f-4eae-87f0-be3edc63fd10,202,,43.55015226399996,43.563436255000056,13.28399100009392
872,bace8879-d17a-4718-aaf6-3ce3a5552a17,202,,43.60103093300006,43.61085873800005,9.827804999986256
873,a52da2cf-6852-4a95-980d-14a351856c5a,202,,43.65394429000003,43.66587571299999,11.931422999964525
874,64c94cf4-2fe4-4904-a7a4-58073c3ccbb9,202,,43.700363197,43.71349782300001,13.13462600001003
875,c9a22d86-9268-48c3-8f7a-0bef9302787e,202,,43.75451821900003,43.767864231999965,13.3460129999321
876,d2a3bde1-9c0f-45d1-b0ae-4d6c4f7b7163,202,,43.80238004900002,43.817419167000025,15.039118000004237
877,85184a38-4aa1-4a1c-a0d1-4f8c2fd80853,202,,43.85327277900001,43.86753736900005,14.26459000003888
878,f24f7390-846b-4121-b3ab-7491a8c37b0c,202,,43.900835293,43.915685498000016,14.850205000016103
879,826840b9-ca6e-4f35-8a4a-5ff1d1f40c5e,202,,43.951488135999966,43.965670783000064,14.182647000097859
880,8ea66109-c9e4-4776-a383-2fb7dc041486,202,,44.00373787000001,44.01826737400006,14.52950400005193
881,3bee189b-a14f-4a8a-a4af-30deac0fae92,202,,44.05055285000003,44.06450247300006,13.949623000030442
882,8dafc6f2-c572-45d6-b824-7cb66588dac0,202,,44.103619674000015,44.121911960000034,18.292286000018976
883,57e6a7d4-f7ea-4058-bcb6-109e43fba2de,202,,44.15243427300004,44.166695766999965,14.261493999924824
884,a38acf10-c9ba-4f38-8d5a-c2d7191721a5,202,,44.20104803200002,44.21604839600002,15.000364000002264
885,e191f4cb-2645-4adb-88a0-74a795e2d8b3,202,,44.253362047999985,44.268708977000074,15.346929000088494
886,eaa23b7f-822e-4896-a167-ce020ae7527a,202,,44.300295549,44.31807181800002,17.776269000023603
887,92714b9b-4068-43a7-b20a-922019bedd94,202,,44.351332273000025,44.36711035899998,15.778085999954783
888,73812294-2874-4926-b57f-a021be2767f0,202,,44.40018592900003,44.41581664800003,15.630719000000681
889,bf33b016-be2e-4baa-9a7f-ed81b38d73a1,202,,44.45018933000006,44.461494517000006,11.305186999948091
890,1fd43113-812f-4eb5-9a89-844c613ca03b,202,,44.50014696799997,44.51203986899998,11.89290100001017
891,d380f07b-4fb0-4e8e-bb36-6b69e9a4a1c6,202,,44.550132589999976,44.564696304999984,14.563715000008415
892,d8acf57f-1a87-46ea-8459-14d7e105c61d,202,,44.60039822400006,44.612970487999974,12.572263999913957
893,2996ce7f-5f90-45ee-8315-bb5001a17a72,202,,44.65291323300005,44.66526442500003,12.351191999982802
894,df6d7980-652e-46ba-beae-ea3935e13291,202,,44.70071025900006,44.713168662000044,12.458402999982354
895,9b8c97f3-a029-4f6f-bb04-d131a8d7ccb3,202,,44.75134186499997,44.76697643199998,15.634567000006427
896,f19e2a73-d14c-47e9-83ed-a09489e0b875,202,,44.80038179100006,44.81424275899997,13.86096799990355
897,644edff3-d03a-42d2-b1b9-d35ade5568bb,202,,44.85024418199998,44.86484349400007,14.599312000086684
898,023e0b6f-243d-499a-86e3-0e8a35181e15,202,,44.901595894000025,44.91357220400005,11.97631000002275
899,cdc91a66-71f1-4051-9f39-c418d6081845,202,,44.951183711,44.963939778000054,12.756067000054827
900,60d90f30-33ca-464b-9375-652a7474d5a7,202,,45.004134298000054,45.018934520000016,14.80022199996256
901,810a32e6-fbc5-4175-b872-cad0412a224e,202,,45.053930053000045,45.06891696399998,14.986910999937209
902,77abdd7d-e177-4763-b5be-6f510d9b307a,202,,45.100406710000016,45.13749299799997,37.08628799995495
903,c076044c-71d9-475b-ae2c-e9653dbb9455,202,,45.151480210000045,45.163941374000046,12.46116400000119
904,5292c146-6225-4698-9b74-a9620a98fcce,202,,45.20040292800002,45.22137786899998,20.97494099996311
905,4e7264c2-be28-4ce0-bffe-7e1a26f52c6c,202,,45.251080129,45.27310509000006,22.024961000056464
906,503cb01b-50a7-4f7d-a95b-2ad5bbbe277d,202,,45.30037011600007,45.31196112800001,11.591011999939838
907,7a7448cd-382a-4841-94aa-84a131f1fcf9,202,,45.351056201999995,45.36365229199998,12.59608999998818
908,3d06c8a7-70ad-45ca-a045-0579b84e813b,202,,45.40034282099998,45.42094354699998,20.60072599999785
909,de9ef1d2-5f8d-44d4-928c-6f5d29a3b400,202,,45.450135703,45.46797376300003,17.838060000030964
910,c5533545-f514-4ee6-8e61-fd88c46befad,202,,45.50030502200002,45.515129374000026,14.824352000005092
911,cf1671b2-2214-41f4-bf9c-534b0b6fa8d1,202,,45.55016915199997,45.56496674499999,14.7975930000257
912,5ae40434-467c-4f60-9753-80a458eaba76,202,,45.60013258699996,45.61195264000003,11.820053000064945
913,3b1fec2d-c53b-4b47-9817-8504b8617bd0,202,,45.65141248300006,45.66296234499998,11.54986199992436
914,82f35e49-57cc-4936-962f-8e72925a481f,202,,45.700619867,45.71811590200002,17.496035000021948
915,0b3e7081-bd90-4cad-adf6-cedf6861be86,202,,45.75081732500007,45.763737126000024,12.919800999952713
916,ffd715be-d2fb-4944-9794-ae40119bdded,202,,45.81035001400005,45.83140674499998,21.05673099993055
917,5508085f-d4b4-4461-bec8-40e5f0307ec3,202,,45.865909526999985,45.880434294,14.524767000011707
918,11cbd9e6-4e26-48e1-bf0f-39ab1953454d,202,,45.90103104800005,45.91541469900005,14.383651000002828
919,8932b1bf-e475-4130-b9ec-0f71e85809dd,202,,45.95032694899999,45.965081349,14.754400000015266
920,00d36937-3182-488e-97b3-c2294e12e632,202,,46.00165154199999,46.01437005900004,12.718517000052998
921,b7ab2f4d-409e-43dc-9125-9c711e7d628f,202,,46.05128633200002,46.07064180300006,19.35547100003987
922,47840d27-4153-455d-a813-f98de2db447e,202,,46.100326173999974,46.11566782900002,15.34165500004292
923,6085cc80-2eaf-4b4e-9f33-a6793e9189f0,202,,46.150243783000064,46.16443325700004,14.189473999977054
924,85a59381-8e3e-44db-9d64-a5e8d805cbd7,202,,46.20536995300006,46.221566419000055,16.19646599999669
925,1beef2cc-fcea-4164-b924-7158c37e9129,202,,46.25031925300004,46.26570159100004,15.382337999994888
926,d5a9436e-a2bb-41fd-83f7-ce3553debf16,202,,46.30131424000001,46.316695323999966,15.38108399995508
927,56d0f552-f390-45de-9ed6-16e45829fd84,202,,46.35141403299997,46.37085481899999,19.440786000018306
928,057bb137-4d00-4b40-b541-2117aa993420,202,,46.40218643900005,46.41630855000005,14.122111000006043
929,227ce593-94a9-4e6d-aff6-d64da631fcf0,202,,46.450222287999964,46.46621321400005,15.990926000085892
930,41f0783d-2931-4772-9c5f-c3e056319d8b,202,,46.500121143,46.51091226300002,10.791120000021692
931,003219fc-59b8-442e-903e-8c94d18634e1,202,,46.551035782999975,46.56728668400001,16.2509010000349
932,90b0f8fd-f108-4e9f-aeb7-6140e77fcad0,202,,46.60016486699999,46.61274300700006,12.57814000007329
933,e764e231-4df8-40c3-abfc-18905527c316,202,,46.65188781400002,46.66310012100007,11.212307000050714
934,10b58ebf-a64e-480e-8bc0-39020edc4f1b,202,,46.70026869499998,46.71257198000001,12.303285000029973
935,502f65ed-96ef-46af-897d-cb855441b3eb,202,,46.75535042800004,46.768986066000025,13.635637999982464
936,27e8566b-3e64-4f28-9e81-79920dc31e9f,202,,46.80210579200002,46.815390756000056,13.28496400003587
937,5b6bd3c8-3813-4394-8467-7a057a605f78,202,,46.85302156099999,46.86826131600003,15.239755000038713
938,d589aff1-0610-4e9b-ac85-b93099660d71,202,,46.90326528000003,46.91631760400003,13.052324000000226
939,f337e573-44b6-46be-8ba6-ac8341bd7a0e,202,,46.95092441500003,46.96409953800003,13.175122999996347
940,912d1938-9618-4dbc-8833-4f103aa94a30,202,,47.00487399999997,47.02404511300006,19.171113000084006
941,cea8d8e4-8685-4b49-ab24-2b08b91cdf4b,202,,47.05047765500001,47.063448434000065,12.97077900005661
942,bffdd562-8810-49e9-a158-d29c5b2c5835,202,,47.10185293799998,47.11664688899998,14.79395100000147
943,5545af4b-06b0-499b-9ae3-d0bab31e655d,202,,47.15240093700004,47.16733302700004,14.932090000002063
944,5fbead0b-3c60-472e-902e-67cd834c3f46,202,,47.20231546499997,47.215562268999975,13.246804000004886
945,477dc25e-aaa0-4545-9605-f5f576a493f6,202,,47.255465980000054,47.27219181800001,16.72583799995664
946,ea2fd946-2571-44b7-9c3e-109d31744dfa,202,,47.30533561800007,47.320873092000056,15.537473999984286
947,7b20cf23-b263-4864-95f6-c1be972665d7,202,,47.35445122099998,47.37073103400007,16.27981300009651
948,8eba64dc-bb25-4469-9c47-066043895d39,202,,47.403242568999985,47.41857453299997,15.3319639999836
949,e7927e6f-2a86-4ca0-841b-6288f6e2edb8,202,,47.452470926000046,47.47753458600005,25.06366000000071
950,be2699cd-fa2b-4027-a456-67a3d12bd2bf,202,,47.50027468899998,47.51172212300003,11.447434000046997
951,5567b89d-8c23-45a5-b50e-5bfb082496d9,202,,47.550142619999974,47.562710090999985,12.56747100001121
952,21a302d8-4e88-4cbb-b8f6-2b56cf76c693,202,,47.600207222999984,47.61183879500004,11.631572000055712
953,4151dcd1-f4a7-49fd-9f3c-da93c16ffe99,202,,47.65037030899998,47.66081072899999,10.440420000008999
954,b8127a11-a6a4-4139-9d20-6953ab850b3c,202,,47.70206884000004,47.71385425699998,11.785416999941845
955,91a02efa-be54-48ff-b6bf-3111e1b1a4ca,202,,47.75535683999999,47.76815311500002,12.79627500002789
956,d5b31cbd-fae6-4215-a528-9703aa188230,202,,47.805336332000024,47.81915825600004,13.821924000012586
957,a43c903f-f004-4248-adf4-d71e659148ee,202,,47.85036812199996,47.86357466499999,13.206543000023885
958,41983a3d-def6-4be2-85ae-c3897e2c6b3b,202,,47.90425767299996,47.91860334800003,14.345675000072333
959,020e835c-dc07-416c-bc49-c1e08a809a06,202,,47.95188903999997,47.96778327900006,15.894239000090238
960,2fc46057-9cf2-4f26-82cb-fbaacd417557,202,,48.00032865800006,48.01547874000005,15.150081999991016
961,e1e194e6-e886-49c1-ad4a-6f794434c54e,202,,48.05542406799998,48.07046246499999,15.038397000012083
962,be51b680-2c82-47cb-93ff-eb5da4539ec9,202,,48.10127472400006,48.11684067300007,15.565949000006185
963,83ed7d7a-f40d-41b3-8770-75e5ea00fb4e,202,,48.155430808999995,48.172168983000006,16.738174000010986
964,0143c4b3-2f01-4e5c-bc79-43ac527ab730,202,,48.20541585800004,48.220831179000015,15.415320999977666
965,717b8f03-28d1-40cb-9f61-a49bb8981ff2,202,,48.25174634999996,48.26761656300005,15.870213000084732
966,3d0e0935-74e5-4a6e-bfa6-4205dce87457,202,,48.30542397700003,48.32067960400002,15.255626999987726
967,e4734b1d-b8dc-447a-b766-00b7caf7896a,202,,48.350804767,48.36719964100007,16.39487400007056
968,3f3fddaf-6ebd-4bd7-824c-bea6eb1d4eb2,202,,48.40099745300006,48.415579586000035,14.582132999976238
969,df0645c9-7ace-4baa-a254-0565d36f5cf8,202,,48.45127096700003,48.46554261599999,14.271648999965691
970,ec032c78-0f39-44fc-a9a1-2ec254ddd82d,202,,48.50021971000001,48.515002511000034,14.782801000023937
971,32ff930b-01a0-4f6a-ba09-3185342afe50,202,,48.55013645600002,48.56417009300003,14.033637000011367
972,9b1c1027-319d-40ee-b0c4-c7de342789d9,202,,48.60017822400005,48.61166962800007,11.491404000025796
973,a0b9ca77-5fa7-422b-9ceb-855e4ce84bc6,202,,48.65014651600006,48.664797029000056,14.650512999992316
974,4aa03ea7-9b53-45b3-a20c-54598f4f9dfa,202,,48.701291501000014,48.713040800000044,11.749299000030078
975,af1839da-8ee7-4c33-8b1a-8024b9c5a98b,202,,48.75025557399999,48.762176134000015,11.920560000021396
976,3481492f-5ed8-4c4e-aded-181f5a3e918b,202,,48.804469274999974,48.816387663,11.918388000026425
977,6ba34d70-c305-4d7a-babe-7b146f07ac55,202,,48.85091304399998,48.86375185999998,12.838815999998587
978,0335ae38-bc32-4117-a41d-fc08bb230a0e,202,,48.90220802900001,48.91593059600007,13.722567000058916
979,22a38631-b0b5-48e1-9af5-84514654daea,202,,48.95098471699998,48.96483414299996,13.849425999978848
980,26a2c190-ecf3-41d9-9bbd-97e6b6afcaf9,202,,49.00146633400004,49.02620440700002,24.73807299998043
981,5380f812-b8e7-4506-9ec8-4d1c8da97d0f,202,,49.05072247099997,49.067483595,16.76112400002694
982,ec708c29-74d2-40ad-b9cb-3da19b7e92d8,202,,49.10240538400001,49.114562578000005,12.157193999996707
983,f45cd1b2-32fb-488c-8b69-ddc3eddd03bf,202,,49.15192864699998,49.16858826700002,16.659620000041286
984,6a8d6572-8997-411f-b694-83e7c7e31d35,202,,49.20143896000002,49.21463136800003,13.192408000008982
985,7556dbb3-3579-43b9-bb15-d94079805f0a,202,,49.250343133,49.26506110599996,14.717972999960693
986,d3c63335-74c4-4959-a403-297ebb89cc6d,202,,49.30031852700006,49.311979688000065,11.66116100000636
987,a13ee6b0-e84a-4d1f-9926-826e59314e1d,202,,49.35499200200002,49.366813113000035,11.821111000017481
988,2c557161-bbf5-41ae-98e1-2bb2ad4f92fd,202,,49.403095955000026,49.42112587500003,18.029920000003585
989,0429ee90-c04b-479a-9468-6727e2b8dcbc,202,,49.45113968800001,49.466697125999985,15.557437999973445
990,de30b6ca-b635-456a-be42-6e1fb1fc9a10,202,,49.50088496000001,49.52039237300005,19.507413000042106
991,19c7f6a6-6833-47d1-b34b-d2c36b2e1c47,202,,49.55017207599997,49.56168064899998,11.508573000014621
992,94ec8e0f-d5a1-4a6a-baed-abc76b9501b9,202,,49.60019129800003,49.615391515000056,15.200217000028715
993,852e7f18-28c6-457b-aedd-eaf57cad0b8d,202,,49.650175106999995,49.663083665000045,12.908558000049197
994,5d557bb5-aa8f-4bc0-b305-727cc0928e4b,202,,49.700878536000005,49.71203811500004,11.159579000036501
995,934397bc-2f0a-4f6e-89db-bd005084b313,202,,49.75444457499998,49.76592955399997,11.484978999988016
996,6d6da551-2ced-4012-854c-98b9928105df,202,,49.800288357,49.81353079100006,13.24243400006253
997,fe7187bb-b8dd-49df-94ea-7bea62573566,202,,49.85430816799999,49.86634927299997,12.041104999980234
998,336b341a-c23e-48f4-902d-11d89266f524,202,,49.904047968999976,49.91605654299997,12.008573999992223
999,5c8340f9-4db3-4eb0-a4bb-3a4e1eda1569,202,,49.952214395000055,49.965441044000045,13.226648999989266
1000,70f2f015-c199-4bea-8355-06efc2454dfa,202,,50.00233012600006,50.01676449399997,14.434367999911046
1001,9e1ccf0e-21e9-430b-b3b1-e830484505b9,202,,50.050725943999964,50.06408000500005,13.354061000086404
1002,cc1b4358-cf5f-4ce0-81f2-abec30bc2966,202,,50.100962029000016,50.11542654800007,14.464519000057408
1003,118acaee-4288-4f37-adab-f8e6155540f3,202,,50.15191648100006,50.20188108100001,49.96459999995295
1004,5c7ba925-60df-4207-9ded-041697f385c6,202,,50.20015966400001,50.20995258300002,9.792919000005895
1005,5c3ff324-c612-4cd8-8d81-f8c87a87bc9a,202,,50.25163412000006,50.263050862,11.416741999937585
1006,bac64f0d-7c0b-40ee-9b16-6b9115f61b84,202,,50.30073176799999,50.31335656199997,12.624793999975736
1007,2bd286a9-8570-4502-85a6-331f77244d08,202,,50.355348579000065,50.36939859400002,14.05001499995251
1008,92a624a7-ff84-4986-8069-fb8c43b9650d,202,,50.40477683300003,50.418568447999974,13.791614999945523
1009,6fe01b72-929c-4473-b973-57388be74421,202,,50.45131041299999,50.46162433400002,10.313921000033588
1010,66c80550-fdde-4f81-aa77-ccad99a127de,202,,50.501853600000004,50.51438302400004,12.52942400003576
1011,46481b47-9718-49dc-881a-8b245dba5b55,202,,50.55018320500005,50.56332963299997,13.146427999913612
1012,30d6293c-c6a8-4629-b2f1-33370a231712,202,,50.60017890400002,50.61293658400007,12.757680000049731
1013,a006d2c7-f9d9-430f-b77b-a26246326e4a,202,,50.65016454099998,50.66261209100003,12.447550000047158
1014,c3f736e3-75e8-4657-b2bd-f0c37530034e,202,,50.70044056000006,50.71274987100003,12.309310999967238
1015,f719d7ec-bd0a-4407-b209-937b225748dc,202,,50.751249621000056,50.769419593000066,18.169972000009693
1016,213398e8-cacd-4f1b-a8f6-6d34146a78f4,202,,50.80042745000003,50.81172520400003,11.29775399999744
1017,d8c85918-5b92-48e8-acf1-74d2118a42f0,202,,50.85529964400007,50.86871708199999,13.417437999919457
1018,a6c9ffe6-c232-4b32-a717-98c2eae96ebc,202,,50.903018298999996,50.91992704100005,16.9087420000551
1019,a578c37e-f501-4019-b4b0-b2209b850735,202,,50.95141570800001,50.96128894200001,9.873233999996955
1020,fe2cb187-ef21-48bd-bdd9-b39920367f66,202,,51.001444391000064,51.01298593299998,11.541541999918081
1021,56474725-a607-453b-bc63-9afc51d6b8e1,202,,51.05526666000003,51.06949445300006,14.227793000031852
1022,ad1e0f67-bb96-48f3-89c4-2fd83f63b43a,202,,51.10386577100007,51.117981000999976,14.115229999902112
1023,bd976975-fb0c-4b2a-8d01-9558f1fb8262,202,,51.150932893000004,51.164883454999995,13.950561999990896
1024,d9dab0ee-49e3-42e5-986d-88a3e1d55e0e,202,,51.205214845,51.21880041600002,13.585571000021446
1025,bde7b3e7-a0ff-4b22-8f4d-ddd44743408f,202,,51.255329036000035,51.270187944999975,14.858908999940468
1026,77631113-642e-4898-9528-2606b2aa52ec,202,,51.301940607000006,51.318183954999995,16.243347999989055
1027,17d36357-24c3-4f45-b71e-eb9f5d173d7a,202,,51.35536331499998,51.369614178000006,14.250863000029312
1028,e8e73be6-42bc-4433-a15c-dcb6080bf2f7,202,,51.40273390699997,51.41514680299997,12.412896000000728
1029,0e6a8fd8-7005-4037-949d-2c15d504d6b6,202,,51.45316893200004,51.46615864,12.989707999963684
1030,8efc0a54-0a04-499e-a5b3-1496d246e47a,202,,51.50221832400007,51.514151836999986,11.933512999917184
1031,b9a53acc-2a3d-4370-b18c-bf60fb9af044,202,,51.55015833900006,51.56579800899999,15.639669999927719
1032,3d9c479e-5b81-4094-8064-23c11eb5f06c,202,,51.60017175500002,51.612440552000066,12.268797000047016
1033,fa4735a6-5073-44af-99ea-744b1f2ba16e,202,,51.65014342699999,51.664797074000035,14.653647000045567
1034,5847e38b-38f3-4fe6-9d07-64466e4e6f60,202,,51.70010900500006,51.71188293299997,11.773927999911393
1035,26b7bf0c-2fad-4fae-ac58-93c5440c3f3e,202,,51.755329550000056,51.76665385800004,11.32430799998474
1036,74a82fc0-57e2-44c5-b344-e1b0dd25ef9a,202,,51.804800760000035,51.81765542699998,12.85466699994231
1037,82a3cf85-5d13-4431-be1d-5854bb179b62,202,,51.85535329300001,51.867484128,12.130834999993567
1038,bfc36623-6dca-476b-9b66-0873675b9d68,202,,51.90338743999996,51.923531529,20.144089000041276
1039,4eb1502d-d990-49eb-8d61-959d8606a7ce,202,,51.95053524700006,51.98011700300003,29.581755999970483
1040,15e0c7c6-e344-4906-8e78-6600e9307533,202,,52.002119721999975,52.01802538200002,15.905660000044008
1041,12d6ad40-ab76-4501-aca5-a7c7708037e6,202,,52.05538775499997,52.068449344999976,13.061590000006618
1042,bf47aa1b-36db-4cf0-953b-3199bb06312e,202,,52.10083267699997,52.11462515400001,13.792477000038161
1043,a8ca53f6-528e-4409-9919-0b316f2df2de,202,,52.151813790999995,52.170366616000024,18.55282500002886
1044,24272948-8c03-473b-b75a-89a4d8bfe431,202,,52.20547371200007,52.21992043600005,14.44672399998126
1045,09067434-35fb-4b80-9969-c61a82e60be2,202,,52.25498466199997,52.268572930000005,13.588268000034986
1046,11b05acf-7f9f-49b2-bfe9-ccb88b357bb8,202,,52.305337744999974,52.31962125100006,14.283506000083435
1047,794f2ccb-b31a-4903-941a-9a992225961e,202,,52.35536653200006,52.36977911200006,14.412579999998343
1048,8f9680b6-3ceb-41f4-b6e5-65fcbd893c7a,202,,52.40282466999997,52.41674246399998,13.917794000008143
1049,e8ca04da-02fc-4dc9-a047-dfb4046984ce,202,,52.453318889,52.46796298200002,14.644093000015346
1050,329a8f75-b15e-44c3-a1dc-e060bbf9c4c0,202,,52.50051751000001,52.51475947100005,14.241961000038827
1051,ec6d8371-1d03-483d-ae16-7afd3390f79c,202,,52.55103739700007,52.581156348000036,30.11895099996309
1052,45adcc96-cee3-4a55-8e48-b8441e51eca5,202,,52.600304521,52.61297226500005,12.667744000054881
1053,e80173d3-5b3f-4db6-b2c0-ce31f351c354,202,,52.65076990099999,52.664674547999994,13.904647000003933
1054,bd9dfa5e-782d-454f-901d-46de91300329,202,,52.70013372900007,52.712150466000026,12.016736999953537
1055,6fb65fd9-5ef4-4449-8eeb-08af3b4c53c4,202,,52.75011087400003,52.76166128900002,11.55041499998788
1056,bca74fec-bfd9-4fe2-bd81-18dde359fa21,202,,52.80067249800004,52.812409643000024,11.737144999983684
1057,e34b7ea1-0e30-4892-a8bd-1d8218ae16cf,202,,52.853095028999974,52.865797163000025,12.702134000051046
1058,d02ba279-281d-4499-88db-e55f6e4bd306,202,,52.90024444200003,52.91353372499998,13.289282999949137
1059,c5cd1fe1-0975-45ee-a9bc-328c44406915,202,,52.95102981499997,52.96354617999998,12.51636500001041
1060,95fe170d-498c-4853-a573-03b320296d2f,202,,53.00084297800004,53.013937853000016,13.094874999978856
1061,88709a1b-a25e-4258-85ed-11e0f887197f,202,,53.05064215900006,53.06657148700003,15.929327999970155
1062,d83174f4-f9f8-42f2-9162-f9f8a7305cee,202,,53.10233000200003,53.11823783500006,15.907833000028404
1063,fe27303d-4bfb-423c-a5b8-bdbddc472338,202,,53.154151401000036,53.16899424300004,14.842842000007295
1064,7cc643ab-e104-4f10-91a1-f92c20b19525,202,,53.20236133900005,53.21673618900002,14.37484999996741
1065,7e84f412-2833-4fb5-9175-fdb4d656f43d,202,,53.254908828,53.27153983000005,16.63100200005374
1066,62e7f422-22d4-4380-85d9-12db4c16a24b,202,,53.304562850000025,53.31948532500007,14.922475000048507
1067,12f35cf0-1c00-4c19-8aaa-d832454f94e3,202,,53.353184002000035,53.365785078000044,12.601076000009925
1068,c0e9d8be-c4cc-4c6f-9c04-d0c5242d6107,202,,53.40281788100003,53.416208579,13.390697999966505
1069,28f6434c-5de4-4243-8b61-d19457f948d5,202,,53.45545734899997,53.46956305599997,14.105706999998802
1070,bed93cd0-749d-453a-9b48-4e20ad298be6,202,,53.50199024200003,53.514915564000034,12.92532200000096
1071,712f9e42-b3cd-4898-b4bb-9dca3e750591,202,,53.55110812500004,53.562915531000044,11.80740600000263
1072,689ac5cf-3376-412f-b497-726fef722864,202,,53.60060053699999,53.64234795599998,41.74741899998935
1073,874781d1-191e-4549-99fe-336ab28a2d17,202,,53.65067834399997,53.67944185199997,28.763507999997273
1074,5202e48f-5371-4fb1-8e67-09ac853b361d,202,,53.70050914900003,53.736054889,35.54573999997501
1075,d797af69-8a1a-4b54-8bf2-f63aeac38238,202,,53.750341789000004,53.76987077800004,19.528989000036745
1076,f1e26699-9199-4628-81ec-754007dae41d,202,,53.801111109999965,53.82390921700005,22.79810700008511
1077,3dd80347-b472-448d-af9d-924c09cddb45,202,,53.85019590000002,53.86567624899999,15.480348999972193
1078,a18b9dbe-efec-4c90-8ff9-1419e74b7168,202,,53.90037845000006,53.91379230999996,13.413859999900524
1079,26fe3b04-e3f9-401e-93d8-a7318f10bbff,202,,53.950285162,53.96332849700002,13.043335000020306
1080,278d2b7c-b719-46b6-8831-583dcbbfaec6,202,,54.00444724800002,54.01692046200003,12.473214000010557
1081,9171a954-7f89-4ba5-9699-d97a2baac5f4,202,,54.05138212999998,54.06292054200003,11.538412000049902
1082,e3fa9695-899f-4362-90d3-0f9a08f4adf8,202,,54.104683776,54.11722484400002,12.54106800001864
1083,5b528eaa-b0b0-4607-82fb-217f9a165b00,202,,54.151450985999986,54.16570629700004,14.255311000056281
1084,6f332ad7-d128-43a1-af8e-b91c8efdfa42,202,,54.20078398800001,54.214425696000035,13.641708000022845
1085,44d462ad-99fd-496a-9d19-6787baaebbdf,202,,54.25530516399999,54.26984382399996,14.53865999997106
1086,7e908689-fbd2-4763-aa52-7622c17cdc5c,202,,54.301313381,54.31513544699999,13.822065999988808
1087,b7bf52dc-ec9f-46ac-b996-22ed5d9f3469,202,,54.355400906,54.37193228000001,16.531374000010146
1088,f5c6d9c3-52fd-44a4-97e1-b4c3ecb23e99,202,,54.402655838999976,54.41679424100005,14.138402000071437
1089,afd1ecc6-94c0-4d32-920a-4f2e3526bfc7,202,,54.45531424700005,54.473791343000016,18.477095999969606
1090,cc666620-701c-4e16-80b6-6b6ac84b2f67,202,,54.50036568100006,54.51408812600005,13.722444999984873
1091,6d984578-6a13-4af6-a3d5-40ef9f429265,202,,54.55078541600005,54.57095308500004,20.167668999988564
1092,faf8c395-1522-415d-b1ea-ce6b2ff5f845,202,,54.60094520400003,54.62398376300007,23.03855900004237
1093,099a904f-c8fa-4307-a3fd-4fa1f6dec7f6,202,,54.65029348200005,54.67209527,21.80178799994792
1094,0ccdb358-cd00-4ea8-ac41-c27d38f0b5c5,202,,54.70034436700007,54.71423771800005,13.893350999978793
1095,7bd3fc91-ff1c-4f31-ac03-e5455666a860,202,,54.75015883900005,54.764172149000046,14.013309999995727
1096,d0c51315-0563-4994-9aba-e2ad269d15a8,202,,54.80029296600003,54.814353549999964,14.060583999935261
1097,f52ae527-7aff-4c17-91fa-a27e2ffefa10,202,,54.85326184999997,54.86499809999998,11.73625000001266
1098,4a5bba44-9d1b-4b6b-b75b-450104681ff0,202,,54.900904241000035,54.91337138899996,12.467147999927874
1099,9198392a-34a1-40a2-b640-a133097533b5,202,,54.95061940699998,54.96343124500004,12.81183800006147
1100,eae9e295-36c7-4c0e-9bea-23e59b6609ac,202,,55.00289181699998,55.01631442600001,13.422609000031116
1101,053e1b3b-682d-4727-aba8-4b37b3110e6e,202,,55.05332623900006,55.06851502699999,15.188787999932174
1102,0fd774be-1dcf-4e7a-8602-9de910b28e12,202,,55.10031288000005,55.11537661800003,15.06373799998073
1103,1bbd79e2-8c0b-4f36-8388-e177d7e26d4d,202,,55.151495140000065,55.16553615600003,14.041015999964657
1104,a33ee531-ba2a-4b8e-bc93-2d9b4033d0b8,202,,55.20325762799996,55.28542272599998,82.16509800001859
1105,b884ace7-2dd1-4c6a-b8da-e9ed8f70b4a9,202,,55.25020129200004,55.28536702400004,35.16573199999584
1106,0fa6298e-5593-4013-aa25-ccaa33ea04ee,202,,55.30101653899999,55.31211539700007,11.098858000082146
1107,a1689f53-be16-4d3d-bd52-96299748220b,202,,55.35171874599996,55.36352009500001,11.801349000052141
1108,b850f131-e485-4ecb-9175-279f92c4ef78,202,,55.402279417000045,55.416303708999976,14.024291999930938
1109,d93b14a6-a047-4745-b7c4-c4247b260936,202,,55.45468638,55.468055996999965,13.369616999966638
1110,9ea1f5e9-ae40-43a0-a2b6-c5e54a41f5b4,202,,55.501470109000024,55.51331422099997,11.844111999948836
1111,e7cf0653-4ad0-46b5-b3a4-d16641a3b18e,202,,55.55191383800002,55.56553381800006,13.619980000044052
1112,63b0fa10-d2cc-4b1a-8be6-566580d13cce,202,,55.60129903799998,55.61471267000002,13.413632000037978
1113,094cdfa5-8b36-4f6b-b170-d0637abad3a2,202,,55.65014003900001,55.66887163700005,18.73159800004487
1114,d3135e14-ef58-4103-b353-c70edd95e880,202,,55.70013231200005,55.712795270000015,12.66295799996442
1115,ae6df48c-adc9-4679-8647-745ce95a5772,202,,55.75068989600004,55.76216177900005,11.471883000012895
1116,38981a4d-348f-4031-81a5-d97c96e9c963,202,,55.80030384899999,55.819171246999986,18.867397999997593
1117,dae9833c-a569-46a6-9dc4-8c98aeab970b,202,,55.85019532600006,55.86163950700006,11.444181000001663
1118,ce04b837-1ca1-4af1-9bb6-16b6a91ad522,202,,55.90073321800003,55.912396306000005,11.663087999977506
1119,cda5b3a9-4752-4981-8e14-984b4f650aa1,202,,55.951038143000005,55.96485153900005,13.813396000045941
1120,9ab08dec-af06-4746-b32f-dfbc881f06ea,202,,56.006348341000034,56.02225743300005,15.909092000015335
1121,f79c7c25-e569-4858-803b-e97ef6985c07,202,,56.05626556000004,56.066134506000026,9.868945999983225
1122,5ff9dc1c-c995-48e3-9559-b5518d412741,202,,56.100921551000056,56.113719015000015,12.797463999959291
1123,f21ccc43-a84f-428d-b546-02855c040ca9,202,,56.155429050000066,56.168352091999964,12.923041999897578
1124,e7b5913c-2006-49de-a320-165ecd676697,202,,56.20533921800006,56.21948666800006,14.147449999995843
1125,414bbc6c-c409-4ea1-add1-9dc40c0d683a,202,,56.250671453999985,56.26415509200001,13.483638000025167
1126,b5ad7493-2d82-46ab-8ecd-f49760dfb2e9,202,,56.305442374999984,56.32067092500006,15.228550000074392
1127,02e73277-71ad-4fa8-9917-1b131d4f3e92,202,,56.35426524700006,56.36851638899998,14.251141999920947
1128,86ef265c-9f25-469c-bed7-85ac26ee44d6,202,,56.403918997000005,56.41889854600004,14.979549000031511
1129,902b7945-3535-40ab-80f0-a2b006f82d7a,202,,56.45508775500002,56.47107053700006,15.982782000037332
1130,5b521532-b2d9-4581-b79a-e422fe54dbd7,202,,56.505378344000064,56.52150287899997,16.124534999903517
1131,023911cf-9c71-46f7-ba78-8cd7b324f584,202,,56.555357146999995,56.57031383499998,14.956687999983842
1132,e0253abb-6a66-4990-9540-ce7b498246c1,202,,56.600466038000036,56.615871510000034,15.405471999997644
1133,f4494df5-7f90-465e-bd99-0501d79f3b35,202,,56.651269404000004,56.67939574100001,28.126337000003332
1134,7e558fb5-c5e6-48d2-bbc6-6e88050312e8,202,,56.70030550299998,56.71289462800007,12.589125000090462
1135,5ca8120e-766f-4ce1-badd-485bcca8ed21,202,,56.750446289000024,56.76267360999998,12.227320999954827
1136,50e3fb3a-4cf8-4d07-b68a-fd5f01abf321,202,,56.800151809,56.81287993299998,12.72812399997747
1137,f1303e4d-f64e-4ab3-87f5-ad8287d313b4,202,,56.850106290999975,56.86380594399998,13.699653000003309
1138,971bec4f-c8ae-43ce-a27b-5f6cceda2f5e,202,,56.900476559000026,56.91402073500001,13.544175999982144
1139,4e0b0849-ed3e-4922-a9c2-4f859011d04c,202,,56.950351571000056,56.96207833799997,11.726766999913707
1140,076d8a2b-a8da-4313-ac2c-541790dbd0d2,202,,57.00232620300005,57.01544103700007,13.114834000020892
1141,64834e10-4be4-43bc-ab96-456c68693e6f,202,,57.05258033300004,57.06581067900004,13.230346000000281
1142,f50485ca-1706-4264-a47e-3e49f00744db,202,,57.10549779400003,57.122830890000046,17.333096000015757
1143,fad65a11-a1da-4aa8-9e0d-765e97a49ce3,202,,57.15525929700004,57.17058751000002,15.328212999975221
1144,1aa31545-2963-4775-84e8-caba0c9637f8,202,,57.200986296999986,57.21570299200005,14.716695000061009
1145,b6aac535-c0a7-4066-9bb3-493e7c2d0238,202,,57.25117393100004,57.26773360800007,16.559677000032025
1146,72492925-7b73-452f-93af-3a5f5304040d,202,,57.300975064,57.31583730700004,14.862243000038688
1147,7227d6f6-65a5-4599-bbdb-01bde792fc29,202,,57.355376396,57.37056159200006,15.185196000061296
1148,35574ffc-5aba-42b0-9085-31d3b41d202d,202,,57.40123456699996,57.41680589700002,15.57133000005706
1149,2a4fa1ce-a348-4758-8825-f65b2e87912a,202,,57.45230669299997,57.46902870700001,16.722014000038143
1150,ecaf65aa-44be-460f-9989-b277010e1c3a,202,,57.50319115299999,57.51882350900007,15.632356000082837
1151,07f96b2e-e92a-4a36-a745-374ef4bba58e,202,,57.55427187200007,57.569564770000056,15.292897999984234
1152,f69c97c7-edca-4646-975f-1a2a3362d99c,202,,57.60306903200001,57.620161662999976,17.092630999968605
1153,de9698d3-58ba-4460-9a5b-fdbba78a75c2,202,,57.65095518800001,57.666443801000014,15.48861300000226
1154,dc772181-683b-4ce4-b19c-715667a5637d,202,,57.70136633499999,57.71728283699997,15.916501999981847
1155,e38ba6b1-9598-4007-bffc-7d7913a8a842,202,,57.75016950100007,57.762102778999974,11.933277999901293
1156,57993a73-8e85-467e-a56e-4289b9897dd0,202,,57.800259169000014,57.81136023800002,11.101069000005737
1157,1ae26578-66a9-49f7-9d1d-41d9e4856367,202,,57.85028914600002,57.86173480399998,11.445657999956893
1158,e584724b-f59c-456b-af1a-6c10cbf4ef14,202,,57.90236112399998,57.914533624,12.172500000019681
1159,57ef0556-4859-4383-957a-d26ab5934022,202,,57.95142712200004,57.96365297299997,12.22585099992557
1160,efbfaca6-de9a-4cd7-adab-c07a13cfffb3,202,,58.004990077,58.01809243499997,13.102357999969172
1161,0d54875f-b357-4ab2-bb07-44afd4159e95,202,,58.05535271200006,58.07111750499996,15.764792999902966
1162,9022b6fe-b405-40ed-b84f-c9f4ddc52ba9,202,,58.10536112400007,58.12078095300001,15.419828999938545
1163,7d7b65c4-665e-49ca-a0b5-b3fb0823c3f3,202,,58.15529874900005,58.16917842200007,13.879673000019466
1164,a2797246-3fcc-49ee-832b-f82f05424dee,202,,58.20526177700003,58.21930571500002,14.043937999986156
1165,c59fc749-af08-4e72-b66f-699224f5e216,202,,58.251216054,58.265298492000056,14.082438000059483
1166,3854d106-6fb8-43bf-83e4-c3990c7ac8f2,202,,58.30530809200002,58.32104347699999,15.735384999970847
1167,eb84e938-cade-4375-915d-5a97960ce630,202,,58.35532544199998,58.37936467099996,24.039228999981788
1168,872b3d61-f54f-4f2f-9dd9-cc9651be9bab,202,,58.40443971299999,58.42053536800006,16.09565500007193
1169,6ce194fe-3cd2-4c7f-8634-76bce92da8f0,202,,58.45109333300002,58.466483219999986,15.389886999969349
1170,4bcd0b86-142e-4ec0-82a9-8c35e5afe041,202,,58.50536423300002,58.52187648100005,16.512248000026375
1171,7ea520fb-ab6c-433a-9a3f-b15deb6fd266,202,,58.55133281500002,58.56580284100005,14.470026000026337
1172,e2334020-ef29-477b-8b26-0be12ae39b73,202,,58.60370418100001,58.618276604000016,14.572423000004164
1173,7f687360-a717-41ed-a67d-ba70de7dfaaf,202,,58.65082995099999,58.66549192499997,14.661973999977818
1174,8f580329-9332-47c6-92a6-5fa8bbbc7169,202,,58.701934349,58.72930942000005,27.37507100005132
1175,bc21b8d3-010d-4cac-8759-4ac4d889f135,202,,58.75021972800005,58.761698808000006,11.47907999995823
1176,0e4f3bb2-1a5c-4fd6-82d3-6b286f286d5d,202,,58.80020297400006,58.814420325000015,14.21735099995658
1177,dd552ba8-112c-4f19-b995-3f61529b399e,202,,58.85023856700002,58.86747272299999,17.234155999972245
1178,8d7ffb72-608b-45d5-977d-4425e2904d29,202,,58.90025605699998,58.91469784599997,14.441788999988603
1179,e4565e68-f425-478b-858d-7741853295ad,202,,58.95102823900004,58.96293300600007,11.904767000032734
1180,f3f32d9c-b79e-4a16-9f35-088eb632bfef,202,,59.000534036999966,59.01294399000005,12.409953000087626
1181,416e861d-414b-4645-bd6c-b2feca7ef479,202,,59.05039882900007,59.06094486699999,10.546037999915825
1182,b0578992-b58c-4b15-8623-e17ec3596364,202,,59.10133505400006,59.112977510000064,11.642456000004131
1183,4f1caeb4-6e9c-49d5-9571-3a2f42e8c86c,202,,59.15524525000001,59.16749374599999,12.248495999983788
1184,99fbbc3a-7f2f-4fe8-aaf3-64080c8ecc3a,202,,59.20237181300001,59.215220216000034,12.84840300002088
1185,5fca29b8-16ef-4e7b-9943-1bc77d863a1c,202,,59.250298907,59.262432408999985,12.13350199998331
1186,7f421500-2bca-493a-9e0d-bdaf10932b97,202,,59.30520767000007,59.31895028300005,13.7426129999767
1187,23a5d83f-04b2-4008-80ac-e4f9a702d8e5,202,,59.35526817699997,59.36918476000005,13.916583000082028
1188,136575a7-a1c4-4c05-a868-c99e8877d680,202,,59.40445211300005,59.419785183000045,15.333069999996951
1189,e82bc374-8f59-41e5-b989-b32f2a694451,202,,59.453519520999976,59.467797493000035,14.27797200005898
1190,9b5468ab-aa92-4f93-aafb-44e6d72548e3,202,,59.502306868000005,59.517794710999965,15.487842999959867
1191,3293b2a8-e804-46a0-9c24-264d560b800e,202,,59.55102931900001,59.56579350800007,14.764189000061378
1192,f4b83519-86c7-4213-a648-02d930697093,202,,59.60053118600001,59.62030473100003,19.77354500002093
1193,8f5131c5-46d2-4bc7-bb36-76539c2770af,202,,59.65403022700002,59.66943432300002,15.40409599999748
1194,0104c68c-ca7e-4db9-9e1c-dd211797d631,202,,59.700592227000016,59.71467847300005,14.086246000033498
1195,d7dd56ad-0b05-48c8-aaa7-85ccffff99f9,202,,59.75028419299997,59.76345397500006,13.16978200009089
1196,5752bfd8-1611-4027-8b33-1beaf68f0d07,202,,59.80012430199997,59.81172578500002,11.601483000049484
1197,1fb6067c-a9ff-4be6-847e-d78627da3f95,202,,59.85020526699998,59.86241762899999,12.212362000013854
1198,15292cd2-e2da-4efc-a429-6aca10d82398,202,,59.900186469000005,59.91495132600005,14.764857000045595
1199,9c9855a4-643f-4eac-a4a3-ae1b0d1b5aab,202,,59.950861547000045,59.96189869600005,11.03714900000341
