index,eventId,status,code,start,end,latencyMs
0,c716b5c0-8b41-4e2b-8f3c-cce1db35cffd,202,,0.0004397010002321622,0.07424915999990844,73.80945899967628
1,8de5cf32-73ee-4f75-94b1-e1eabd4453e6,202,,0.02067079800008287,0.07398845599982451,53.31765799974164
2,3fc56029-f0c6-4f75-8ddc-99042fa71dfe,202,,0.04262907600013932,0.08930138000005172,46.6723039999124
3,41e502f2-212d-4d5b-bdf6-aaf25ed7438c,202,,0.060337420999985625,0.09803936700018312,37.701946000197495
4,42870421-42ff-488a-8eb6-a8573989e09e,202,,0.08041739600002984,0.10488825899983567,24.47086299980583
5,2644634b-9867-4bf4-991b-089008c00935,202,,0.10054378599988922,0.1152540120001504,14.710226000261173
6,51bd66ce-c4e9-4148-90a6-081d6af28495,202,,0.1202840579999247,0.13310352200005582,12.81946400013112
7,ee5579dd-427a-491d-84c3-c621c9b5d9e7,202,,0.14082915000017238,0.1516876030000276,10.858452999855217
8,6d284f4a-ac73-4f55-88cd-e71d5cd466c5,202,,0.16050879700014775,0.17051013899981626,10.001341999668512
9,284ce336-d411-4b1b-9bed-f9c5c3bae482,202,,0.1803007759999673,0.24288257899979726,62.58180299982996
10,cb7de586-7785-433a-9e2f-645f5137c885,202,,0.20028525199995784,0.28743524999981673,87.1499979998589
11,9f88ef9a-2349-42ba-b2a6-e4d798a51211,202,,0.22663275200011412,0.30493005700009235,78.29730499997822
12,3139ffdd-f0a8-4ef5-b109-228d3439b741,202,,0.2409089849998054,0.3128024739999091,71.89348900010373
13,a71d5cee-7fc8-4a3a-ae54-f381d1f49bb7,202,,0.2605779239997901,0.3191153329998997,58.53740900010962
14,9ddc2c67-88b3-4744-beee-d4f347af7a53,202,,0.2805667329998869,0.3264452590001383,45.87852600025144
15,03e59f03-4513-480f-b4b1-2541ad04020f,202,,0.3002719639998759,0.33073669099985636,30.464726999980485
16,62bc8e0d-2cc1-4873-ad3b-599447485799,202,,0.3201865659998475,0.3470428499999798,26.85628400013229
17,c6952283-d800-4838-ae37-31347be8e048,202,,0.34033503899991047,0.39060757800007195,50.27253900016149
18,665cca17-b509-4146-8ad4-2ae36a31bc3a,202,,0.3604679710001619,0.3976159670000925,37.14799599993057
19,3dd15378-bff5-4a83-a039-210a108ce114,202,,0.3815732630000639,0.41421524699990186,32.641983999837976
20,3b5db62c-d6ca-450d-9af9-5eac95e920c7,202,,0.4005867959999705,0.4260670180001398,25.480222000169306
21,605f636e-52e6-4ba5-bc38-7c386a75154d,202,,0.4204386900000827,0.44233542800020587,21.89673800012315
22,43a87cbd-e1e9-4c9c-a844-aab0f9e22bed,202,,0.4402826680002363,0.4586199619998297,18.337293999593385
23,eb3db2b6-884e-49a7-928f-342bd06a7451,202,,0.4601373129999047,0.4846556339998642,24.518320999959542
24,7af8255d-e032-45ec-99d4-5b6214764bac,202,,0.4807126129999233,0.4991294050000761,18.416792000152782
25,2f66ef60-accb-4a06-81f3-94f83704d1f9,202,,0.500147348000155,0.5135513019999962,13.403953999841178
26,8fe27315-9ed8-4fe6-81dd-78394d749a3a,202,,0.5203967779998493,0.5368025600000692,16.405782000219915
27,a77cefe1-480d-4db7-bd02-e43abdb1ef91,202,,0.5405550420000509,0.5620535359998939,21.49849399984305
28,0d272467-6d42-408b-86c8-e07388a7c9c6,202,,0.5603357720001441,0.5777705380000953,17.434765999951196
29,38b2d5e4-8260-4190-9b24-1b16be7ca01c,202,,0.580580743000155,0.603060805000041,22.480061999885947
30,45a5a866-26a8-4d68-81f8-1bda45b4377d,202,,0.6015290790001018,0.696211833000234,94.68275400013226
31,66e58d99-17f6-4179-9ddd-889c6c3da442,202,,0.620671818000119,0.7980116409999027,177.3398229997838
32,1ef54549-7cf8-4bb0-84c3-4a70d7d8615c,202,,0.6540342909997889,0.7618925040001159,107.85821300032694
33,0794601d-b213-4b59-a255-b2ccf83c76e6,202,,0.6608216419999735,0.8334119149999424,172.59027299996887
34,4c58a037-7eb4-4927-bb12-cbecd75f2fca,202,,0.6804222910000135,0.8072168710000369,126.79458000002342
35,91df4859-3020-4316-87a8-25440c58b834,202,,0.7010556730001554,0.8196590490001654,118.60337600001003
36,862da7ad-4285-4996-89d5-0433b3a0106f,202,,0.7205245320001268,0.836464825999883,115.94029399975625
37,00f1ead8-6f5a-45bf-8a5b-43eea65acd86,202,,0.7427833060000921,0.851550128999861,108.76682299976892
38,e97d3b8b-6e8d-4eef-89b1-c9809ee1c02a,202,,0.760609440999815,0.8457833870002105,85.17394600039552
39,9263d676-6820-4512-8e35-5bbd33c9c3c1,202,,0.780244921999838,0.8556403560000945,75.3954340002565
40,29da5743-ca77-4bab-a0bf-a191c4809232,202,,0.8027333169998201,0.8585653099999035,55.83199300008346
41,12dce557-e200-4b8e-b087-0bf8d32389b1,202,,0.8224056730000484,0.8609639380001681,38.55826500011972
42,cf6b5b33-b57e-4531-b670-eb3775b97bcb,202,,0.8402410580001742,0.8694753459999447,29.23428799977046
43,f558bc7a-f95a-4b9a-af85-167389128bd1,202,,0.8606478179999613,0.8767443970000386,16.096579000077327
44,3695a109-40ae-4d88-83d8-dc7554deb8d1,202,,0.8803348820001702,0.896391169999788,16.05628799961778
45,dd776c09-ecaf-4d44-b7e4-6d0d2d54d013,202,,0.9002615680001327,0.91189575899989,11.634190999757266
46,a24842aa-1bb3-433f-b853-82aeafa54130,202,,0.9203304970001227,0.9318041860001358,11.47368900001311
47,f57d0f14-55b9-4e7c-9f61-096f7116eac0,202,,0.9422179329999381,0.9548765200001981,12.658587000260013
48,6f44c896-a89c-4294-b940-0e0125984153,202,,0.9606155930000568,0.9714302510001289,10.814658000072086
49,0fbc0ec2-b2cc-4184-bea6-ee9e4c7523a5,202,,0.9807583080000768,0.9923276210001859,11.569313000109105
50,f2787cef-5616-4661-8dd0-e152dd04926c,202,,1.0002823250001711,1.0110751920001348,10.792866999963735
51,00468857-55c4-4fdb-a269-56d3c3e89f1b,202,,1.0204379150000022,1.032699298999887,12.261383999884856
52,c5b655c7-7247-4675-ac95-adc1614e6b37,202,,1.0408849999998893,1.0519497370000863,11.064737000197056
53,9668080e-3742-4272-beb5-73be29e564d5,202,,1.0607729270000164,1.0726491509999505,11.876223999934155
54,c325cbbb-b535-45c2-a7cb-31429dcdf689,202,,1.0805155240000204,1.090600651999921,10.085127999900578
55,1166e5bc-8614-498c-95d8-6cdf3d1f5529,202,,1.100200538000081,1.1122231760000432,12.022637999962171
56,ed904ba0-5396-4231-ae33-cbd9eda45f75,202,,1.1203205450001406,1.1312751589998697,10.95461399972919
57,29dcd67c-8cd0-4100-82e5-0f036616536b,202,,1.1408802529999775,1.15302009800007,12.139845000092464
58,51521479-f23e-455a-bc3f-8c608781c1cf,202,,1.160685889999968,1.1715088810001362,10.822991000168258
59,59a0a64a-8a3a-447c-be9a-6a8447b91d50,202,,1.1807579810001698,1.1926929960000052,11.935014999835403
60,5cb26918-a8a8-4213-9c8f-13682d433202,202,,1.2006084089998694,1.211417400999835,10.808991999965656
61,f13010ac-776a-48b2-930b-557a11e3c25d,202,,1.2224377219999951,1.2326540980002392,10.216376000244054
62,40abdb08-2e23-44fb-bd5e-758058b84729,202,,1.2402998490001664,1.2508052200000748,10.505370999908337
63,4d5c1e72-2519-4f97-ba63-9b1d765cf30f,202,,1.2602689420000388,1.271506760000193,11.23781800015422
64,c740e833-e585-4dcc-af6a-bf5bf44fad5c,202,,1.2811190620000161,1.2950823360001777,13.963274000161618
65,3d4b8a65-71d1-4d0b-baa4-9c6f801a55e1,202,,1.3003979579998486,1.3109114959997896,10.513537999941036
66,1561330e-2e57-44e9-b963-5fd6508ff060,202,,1.321047206000003,1.3315751599998293,10.527953999826423
67,8b55c36a-b371-435a-9d7e-7a82c616b40d,202,,1.3401785209998707,1.3606146890001583,20.43616800028758
68,cfb9d57a-9087-493b-b910-0e1a90f29a2f,202,,1.3602652780000426,1.3714337219998924,11.168443999849842
69,5bbd67e9-85aa-43bc-9479-f5a6ee1e9b30,202,,1.3806539480001447,1.3941183540000566,13.464405999911833
70,218d9016-0c4f-4413-a753-a29869222a5c,202,,1.4003059619999476,1.4350992730001053,34.7933110001577
71,8b8fe01e-25c2-41f0-80e5-f046d8dbe5c9,202,,1.4203067210000881,1.442409446000056,22.102724999967904
72,88b1b481-5f4b-42fa-8daa-5ce4e28034b7,202,,1.4402056489998358,1.4567053390001092,16.499690000273404
73,abb69f31-843c-4da6-8fd9-db15f64dc854,202,,1.4602909059999547,1.4754374939998343,15.146587999879557
74,51c4846f-aa1d-46e6-a800-71852ef4c87d,202,,1.4804970370000774,1.494959052000013,14.46201499993549
75,76260c8d-4754-4ebd-b565-1474d87a184e,202,,1.5002508000002308,1.5300406080000357,29.789807999804907
76,280bffd3-06bd-4cda-898f-84631ed26006,202,,1.5204513469998346,1.538031520000004,17.580173000169452
77,9d55d4fb-f8b4-4143-8ed0-a11cde9f5af0,202,,1.5401491940001506,1.5541441340001256,13.994939999975031
78,a363b9cf-1fd8-4713-96a7-f7daacdc53c4,202,,1.5604903230000673,1.579897383000116,19.40706000004866
79,34665641-eadb-4145-bb62-c5a7a0cae887,202,,1.5802112950000264,1.5926651340000717,12.453839000045264
80,cbf884c4-ba32-445f-8c43-685878df7ec2,202,,1.6001918460001434,1.6160993789999338,15.90753299979042
81,54beea0f-b196-451d-92e8-e336656c0887,202,,1.6201698129998476,1.637454825000077,17.28501200022947
82,8ce4aad5-8a89-40d5-8597-76df36dd3179,202,,1.6401553639998383,1.6573929589999352,17.237595000096917
83,d886b2b8-06bf-4161-8867-996c36c58a67,202,,1.6603127039998071,1.6737812770002165,13.468573000409378
84,ddcd2a90-096b-43d7-bfe1-149bfb0cc951,202,,1.6802313389998744,1.6917719019998003,11.540562999925896
85,22121d27-fd7d-4078-9de2-b4374b3b9b91,202,,1.7003195130000677,1.7141286229998514,13.809109999783686
86,d247f232-c683-441b-8f69-9a19c015f95e,202,,1.7201498999997966,1.7337746789999073,13.62477900011072
87,f2d46301-b041-41d7-9a42-6165393641a3,202,,1.74028744799989,1.751613389999875,11.325941999984934
88,e63f8fb3-2340-4054-b947-0b4e42bed9d0,202,,1.7602755829998387,1.7778285899998991,17.55300700006046
89,140cca5a-261b-4801-9bb8-f69a4491b817,202,,1.7801847599998837,1.7971246930001143,16.939933000230667
90,a1954e34-13d3-4a47-a51b-6bd369f47433,202,,1.8001791020001292,1.8122609890001513,12.081887000022107
91,635c373e-397a-413b-bb93-f009f952836f,202,,1.8203297750001184,1.8358455649999996,15.515789999881235
92,90c633b1-aefe-42e3-b06a-58cd72a00ba8,202,,1.8402330769999935,1.8513258560001304,11.092779000136943
93,5207d1ce-112d-48ea-8d7e-ce76ede270ed,202,,1.8601958790000026,1.8737036600000465,13.507781000043906
94,304635bf-afea-4d70-b8b0-205d98a3d4e9,202,,1.8802708859998347,1.9088864219997959,28.61553599996114
95,89d7dd2d-be7e-49a1-b4ef-f29818ebf5e5,202,,1.9014565430002222,1.9230865620002078,21.630018999985623
96,631b8f54-3e11-49e9-8877-0cf18c0d7525,202,,1.9203519829998186,1.938936840000224,18.584857000405464
97,72a5dabf-18c3-4746-a046-3d04f310f0b5,202,,1.9403302750001785,1.9588646339998377,18.534358999659162
98,8b59b739-a199-4a67-a68c-e7278fa3ff25,202,,1.960205445000156,1.9708492680001655,10.643823000009434
99,d770d3da-6fd5-4d2a-b8d3-39f229bbbb8b,202,,1.9815992970002299,1.9922375370001646,10.63823999993474
100,4608c6b3-d253-47da-96df-ec438744e4c3,202,,2.0003938599998037,2.0105566490001365,10.16278900033285
101,89a6e9ce-ac40-4f3d-9d01-8b47b51d8af1,202,,2.020565773999806,2.0377436130002025,17.17783900039649
102,a05d8145-48f6-478e-b3b8-910dde6729be,202,,2.0402797790002296,2.052023042000201,11.743262999971193
103,87623e1e-e052-4225-9115-86ad2d7529a9,202,,2.0611246409998785,2.0712677219999023,10.143081000023813
104,9260466c-35c9-45e1-b6d7-49016d265341,202,,2.080308155000239,2.090175032999923,9.86687799968422
105,dccdccb0-4384-4110-a6b1-33b6e118604b,202,,2.1003153639999255,2.11080681500016,10.49145100023452
106,3fb949fb-3a48-4c6c-8c28-c328ca400d72,202,,2.120295447999979,2.1305034040001374,10.207956000158447
107,cc9296f8-fb34-4fd7-bd80-a84f8578141b,202,,2.1413530149998223,2.153762850000021,12.409835000198655
108,d3012968-7fd1-4f37-88e8-ae829dcabd8e,202,,2.160270242000024,2.1696683770001073,9.39813500008313
109,e613b45b-b2d0-4439-b461-a3f41f7c2cd6,202,,2.1816438030000427,2.192197669000052,10.553866000009293
110,8dd91efa-57af-4c68-9d77-2e847a1ef0b1,202,,2.200769442999899,2.2102108700000827,9.441427000183467
111,146c0444-fedd-4763-9e40-3ca29f8366fd,202,,2.2206281130002026,2.2307138619999023,10.085748999699717
112,d2345ed7-64ff-4ab2-a319-7d0b89a3a881,202,,2.240387493000071,2.250536074000138,10.14858100006677
113,9a78dfc3-6004-4318-a5e3-b87e38b00ef1,202,,2.260344536000048,2.272169463999944,11.824927999896317
114,265cf1c1-7444-4da9-be30-fc78121e1f05,202,,2.280739363000066,2.290561866000189,9.822503000123106
115,01070451-3ad8-49fa-8fb3-80962a1e829b,202,,2.3004460349998226,2.311226189000081,10.780154000258335
116,6d91dbf4-4075-4e28-a46f-2f17031381b2,202,,2.3206579490001786,2.3309191530001954,10.261204000016733
117,d444b3d3-93a6-4c32-86bc-bba70fbbf23b,202,,2.341959219999808,2.3526624579999407,10.703238000132842
118,24af6435-0e61-40d7-a7ed-cb766edcf8ae,202,,2.36199180299991,2.3721358010002405,10.143998000330612
119,f954529a-6450-4600-8818-9aed0cb9f868,202,,2.3802599159998863,2.396390938999957,16.131023000070854
120,063aae7c-8b43-4ecd-bf87-5f055f31110a,202,,2.400268791000144,2.4126082110001335,12.339419999989332
121,6e94f434-38f8-432f-9fd1-5c1739396d33,202,,2.4202956670001186,2.431844683000236,11.549016000117263
122,f1418bff-771e-4c76-9889-2d9cc13739d6,202,,2.4402391270000408,2.4637050699998326,23.465942999791878
123,107b0330-7cf2-4e25-9d4c-81d060b85c5f,202,,2.460217418999946,2.4739121080001496,13.694689000203653
124,91ac664c-ddde-4ebe-8521-5d4c93d6e37c,202,,2.4802240029998757,2.495119921999958,14.895919000082358
125,0034610a-a019-482c-a492-abb18ea8ef8f,202,,2.5002229619999525,2.514101064999977,13.878103000024566
126,08ef54d0-d665-4f25-b9d8-1d406f05c845,202,,2.5202207130000716,2.536454984000102,16.234271000030276
127,52dc8db3-d11c-4c6e-8d6b-ed829865e9ee,202,,2.540164005999941,2.555828037000083,15.664031000142131
128,125f8479-8e58-4b57-8d97-d57b190556dd,202,,2.5602604629998496,2.5767095649998737,16.44910200002414
129,40fa5b9b-71dd-4808-978f-5b404affba53,202,,2.580231840000124,2.592783631000202,12.551791000078083
130,cc8fe9bf-2646-430d-a14e-b6b7730d8bd6,202,,2.600337755000055,2.6114463620001516,11.108607000096526
131,07b6cfc2-238d-41cd-8798-672fb5c3edfb,202,,2.6202207579999595,2.6463156149998213,26.094856999861804
132,957b31b6-98db-402f-8f9d-eedb3ec24390,202,,2.6426573429998825,2.6616148190000786,18.95747600019604
133,9a74c4b5-a41c-49ed-a307-4acf06b586ad,202,,2.6602175920002082,2.674284107999938,14.066515999729745
134,1f52ceb0-6224-4512-8cfd-674c7cbd5da6,202,,2.680204218000199,2.6921338530000867,11.92963499988764
135,f797545e-9a15-44fc-babb-95790b98447e,202,,2.7003663830000733,2.712676095000006,12.309711999932915
136,7e118a3b-668e-4d48-b220-a624fd1976a2,202,,2.7203913829998783,2.7319898149999062,11.59843200002797
137,fca726e7-b9e7-4f51-8012-586742a34f1a,202,,2.7401698039998337,2.7550400149998495,14.870211000015843
138,745e37af-f191-4799-9a49-f7c074612d1d,202,,2.760188970999934,2.7769091929999377,16.72022200000356
139,2f7bb637-f979-45ef-a174-7681a5a60e14,202,,2.7802087629997914,2.7988908689999334,18.682106000142085
140,c2ba32c6-f180-4888-9987-f032a97f1c8d,202,,2.800164972999937,2.8158410870000807,15.67611400014357
141,cbfbd4b5-5e38-49c8-b07d-b3bf8fd05852,202,,2.8201991810001346,2.831204539999817,11.005358999682358
142,640452e5-76d7-4051-9afa-bad712b5be87,202,,2.8401903489998404,2.8530967169999712,12.906368000130897
143,749aaf87-b27b-403f-a010-7939ebd2c09b,202,,2.8603227220000917,2.8750229779998335,14.700255999741785
144,9133d81e-d77a-455d-b8e3-868c28f502b3,202,,2.8802354740000737,2.8928299320000406,12.594457999966835
145,ceb856c7-9cdf-4dbb-818e-44981358cb35,202,,2.900410514000214,2.914233033000073,13.822518999859312
146,d91e8c5c-6ea7-4db4-9180-6cc8fe84976f,202,,2.920295763000013,2.9352912569997898,14.995493999776954
147,421aabb4-235e-4346-a3c8-75dfab40220f,202,,2.9402039649999097,2.956076818999918,15.872854000008374
148,d5bf4de2-5456-418f-b073-5ff5bfa7b66c,202,,2.9602106239999557,2.970727985999929,10.517361999973218
149,4fdf92f6-4203-42b9-8283-27ffb2ce900b,202,,2.9803001149998636,2.989661164000154,9.361049000290222
150,23cb3038-efde-43e9-9078-2a11ba474da2,202,,3.001948911999989,3.012695937999979,10.74702599999
151,0af0b1e8-7c55-44bf-9a30-17bc87e5d788,202,,3.0202870170001006,3.0301005159999477,9.81349899984707
152,f6d68ed5-76aa-4c51-8324-54823aaf669b,202,,3.0412971579999066,3.051081033000173,9.783875000266562
153,1a1e1863-c982-4685-8599-1d1ddcc6ff45,202,,3.061353650000001,3.0727672050002184,11.413555000217457
154,49424f92-6adc-4636-8762-f78df99c9e60,202,,3.0807461529998363,3.096784170999854,16.038018000017473
155,e478401a-c951-4f01-9ec9-3f637e5935d4,202,,3.100753353000073,3.1112570079999387,10.50365499986583
156,595c321e-a1f5-4823-b33f-87e230b22117,202,,3.121475833000204,3.1314644549997865,9.988621999582392
157,88c67d16-a915-41a0-b907-be4d6cef6c67,202,,3.140225680000185,3.1555005029999847,15.274822999799653
158,4885a0b1-8891-4139-9f3a-e1bc106faba9,202,,3.1602927970002384,3.175140627000019,14.847829999780515
159,03b7c2e2-18ac-4444-b3e2-fef0afaac1c2,202,,3.1802894560000823,3.1939050149999275,13.615558999845234
160,32d3e0fb-df04-4994-9fa7-cbb5d77ff93f,202,,3.2003573219999453,3.2174913220001145,17.13400000016918
161,4fda2212-24c6-4b39-86b1-59bb3e4e2c1c,202,,3.2206888089999666,3.2366238290001093,15.935020000142686
162,39943332-37d3-424b-9ca7-78a19b7f903f,202,,3.240291891000197,3.2549190999998245,14.627208999627328
163,1421e8bb-1eaa-4fd4-bdfc-a1cc739333e0,202,,3.2603155920000972,3.2719149770000513,11.599384999954054
164,18bedded-01bc-43d3-97a3-bfdf31a2701b,202,,3.280401083000015,3.2910823170000185,10.681234000003315
165,2c5a7400-9a5f-44db-8482-070606fc2899,202,,3.3008504419999554,3.3124143700001696,11.563928000214219
166,09307071-10e2-4dd7-8987-59bebce4a857,202,,3.321095056000104,3.3377308549997906,16.635798999686813
167,e040af67-34ee-4c5f-a448-2c67e2e9ee12,202,,3.340219563000119,3.354320239000117,14.100675999998202
168,d1a35ad0-8bc1-4d35-b2ba-1a77540373f8,202,,3.3606444229999397,3.372399638999923,11.755215999983193
169,6c48fe43-22f4-43eb-b793-6fda2443ed4e,202,,3.380345961999865,3.4095439650000117,29.198003000146855
170,5c56b8d2-baae-4318-9e33-115f36d06d83,202,,3.4026529150000897,3.422306497000136,19.6535820000463
171,fc7a97f0-c01c-4003-8132-fa1511ceb973,202,,3.4208926040000733,3.4339570070001173,13.064403000043967
172,3a0c43d5-b4ec-43d6-91b9-76994030a0c6,202,,3.440199399999983,3.4524366499999815,12.237249999998312
173,934fa74d-e8f8-48a0-b274-a1b324ca8a70,202,,3.460288141000092,3.4762811599998713,15.993018999779451
174,e69e2fdc-75c5-4f8b-a386-33f51d29d1e7,202,,3.480233634999877,3.5048084240002026,24.574789000325836
175,1839c173-253e-40b5-97b9-6e0408885bea,202,,3.5003259169998273,3.5227277439998943,22.401827000066987
176,58f15a89-aff4-4440-b14d-c78ea611d125,202,,3.522448456999882,3.5538837539997985,31.435296999916318
177,5b07f5e0-5d52-4d4c-a393-ca43c01c19a7,202,,3.5404653159998816,3.560423683999943,19.958368000061455
178,c97c219e-5c64-4822-874c-46be1b7761f3,202,,3.5606092640000497,3.582320227999844,21.71096399979433
179,3aa62c18-c092-406f-9780-545dd1717c7c,202,,3.580305595000027,3.6008243289998063,20.518733999779215
180,aeb2eb0b-a69d-4c6a-a8f4-7ebca07e6ff4,202,,3.6004912510002214,3.620548159000009,20.056907999787654
181,0aaaf313-2c81-4263-a06d-b9dd483d85ae,202,,3.6202739559998918,3.6337449339998784,13.470977999986644
182,77efe92c-1cbd-4a57-98be-6d88405d15ae,202,,3.6405231110002205,3.6527326519999406,12.209540999720048
183,c32fd3b6-7fab-4679-9aec-e8f8750c934e,202,,3.6603051900001446,3.723253741999997,62.9485519998525
184,b969f14c-ca8d-489f-8590-494e2b44e7aa,202,,3.698577328999818,3.7488083899997946,50.23106099997676
185,fe7205cf-d607-4de8-81ba-110ff475bbf8,202,,3.7014231970001674,3.748986762000186,47.56356500001857
186,b5ff965b-035d-4224-9dc5-2596189ea36f,202,,3.7202461679999033,3.7574307840000074,37.18461600010414
187,6cc22efd-4e42-47c3-89c0-06206ef55530,202,,3.740863983000054,3.765661186000216,24.79720300016197
188,a9c7cad8-1890-4ff8-96fd-166a428617d9,202,,3.7602713609999228,3.780393100999845,20.121739999922283
189,7ae54f2b-66c0-4881-aba5-351599bfc562,202,,3.780500224000207,3.797042233999946,16.542009999739093
190,5f3b51fd-5760-4518-a3c0-caa005ba9e9d,202,,3.8017179879998366,3.8168977710001855,15.179783000348834
191,a41436e3-06e3-4c20-b13f-da6c999f7e74,202,,3.8201524239998434,3.8355494530001124,15.397029000268958
192,a2869002-2ee9-43b3-aa3d-779d5c0cbf02,202,,3.840303871999822,3.852372666000065,12.068794000242633
193,6d106347-5bcb-4093-ad10-c75fdfca6ced,202,,3.860164366999925,3.877706150999984,17.541784000059124
194,0cc9578f-64b8-46ff-8628-27abbb0b9264,202,,3.880201816999943,3.892956015999971,12.754199000028166
195,88e7e23b-6032-47ce-beb9-2c9434155bc5,202,,3.9003068070001063,3.9145958119997886,14.28900499968222
196,30b8428a-bfd5-45f1-8da7-72828b51b3c0,202,,3.9201626740000393,3.9331149889999324,12.952314999893133
197,e9d37775-3895-482e-8f74-f6fe7c9ff77f,202,,3.940456194000035,3.9595489439998346,19.092749999799707
198,2a9a8de2-26bf-4e07-a110-12f1407e7dee,202,,3.9602729729999737,3.970920746000047,10.647773000073357
199,81e39b05-fd47-4616-a68f-e64cf1296013,202,,3.9805239530001018,3.997061914999904,16.537961999802064
200,713f9fe5-b95f-47d7-98a9-5a6b79a8a4c5,202,,4.000252151000041,4.0124936870001875,12.24153600014688
201,a38e4c4f-8b5d-4c7b-8e03-d037dbae51c2,202,,4.020312259000093,4.032568545000231,12.256286000138061
202,6dc113ad-f413-4a73-a8ee-c85e7dc26efd,202,,4.0402239109998845,4.050991014999909,10.76710400002412
203,4ab9f0fb-d3af-442d-860a-aa8dc8eae8e6,202,,4.060171771000114,4.0751903010000206,15.018529999906605
204,6a53e55c-420d-4321-915b-c1856a6b2ba3,202,,4.08017500599999,4.093440023999847,13.265017999856354
205,4e20248e-e264-4127-8ed6-11214bf52cc3,202,,4.10176929499994,4.114490614999795,12.72131999985504
206,0a71e904-fc58-4493-a807-d05c884c67c3,202,,4.1212824549998,4.138494529000127,17.21207400032654
207,f3c87fbf-cb91-4c22-b5cf-340da2f4468f,202,,4.140560368000024,4.153002358999856,12.441990999832342
208,d91fe0a3-895c-4021-86f6-a8ecf4887bc2,202,,4.160301440000239,4.593569044000105,433.26760399986597
209,5869b43a-39da-462c-8637-26cd7d48212b,202,,4.180598085999918,4.598027090999949,417.4290050000309
210,e22c27f1-e1f2-4120-a0ed-4ca52553cd25,202,,4.2020290450000175,4.609193188000063,407.16414300004544
211,7a0620dc-9b95-4fd3-b5d5-4ddc594e527e,202,,4.220194728000024,4.618110532000173,397.91580400014936
212,9135a5f1-273c-402d-ba51-5c06863c8163,202,,4.2403948760002095,4.6213278099999116,380.9329339997021
213,7bea6918-299a-4879-974f-8c308dbb3890,202,,4.263755926000158,4.629967575000137,366.21164899997893
214,3df47229-bc73-41b9-b2fc-a6b89c1fbcdf,202,,4.280454301000191,4.640125772999909,359.67147199971805
215,fca6b11d-0981-4846-9bb0-8dcef9a04cf5,202,,4.302527499000007,4.6525393480001185,350.0118490001114
216,6e650e50-db8f-45d4-83af-fe12af8f6af4,202,,4.321935286000098,4.664779426000223,342.84414000012475
217,e0b14635-ae39-4f39-b45a-8c624c0780d3,202,,4.3418572290001975,4.668503818999852,326.6465899996547
218,160a35f2-f857-4883-b11c-9a8833af6af3,202,,4.364639873000215,4.677582118999908,312.9422459996931
219,28f55ae0-9c75-451e-b11e-69574b75705b,202,,4.383456002999992,4.6792752149999615,295.8192119999694
220,69e12fe2-22f3-468c-afc1-b9d7b4d9ed7a,202,,4.4005189969998355,4.687406738999925,286.88774200008993
221,eec4b5c0-09ce-4838-9c9d-f0c48e079bc0,202,,4.420479107000119,4.692644398000084,272.1652909999648
222,065ad860-a25d-4e0d-9a01-2be1547f066b,202,,4.443124878000162,4.697940889000165,254.81601100000262
223,50f64bae-7f0c-4b00-930f-28ad30f8616a,202,,4.4610086080001565,4.710739873999955,249.73126599979878
224,2b136c64-9288-42e8-9bc7-4f63ebe2edff,202,,4.482282611999835,4.714164814000014,231.88220200017895
225,8e4039f4-b9a3-4cd7-92c9-f0fc47f8db7f,202,,4.500450461000128,4.7342092980002235,233.7588370000958
226,dde2d8b8-2699-496b-a63e-79f8e1e18154,202,,4.520424028999969,4.750404057000196,229.98002800022732
227,db33b0a3-f699-4a35-b1de-43a80826f9e5,202,,4.542492561000017,4.757235186999878,214.74262599986105
228,db2d65b9-8b7e-49cb-a5d2-13b17a76d1c2,202,,4.5605010799999945,4.768820443000095,208.31936300010057
229,b57c3f6e-a93e-495f-a76b-ed96399236fd,202,,4.581097719999889,4.781894673999886,200.79695399999764
230,6ad8254f-8794-4259-ba79-4277f508ab7e,202,,4.60030642699985,4.797126740999829,196.82031399997868
231,d40ae1b5-e644-4699-9401-8d9593831c84,202,,4.620673488000193,4.806446120000146,185.77263199995286
232,275cf795-7f64-49c6-81cb-8de8856dce1f,202,,4.6403621859999475,4.817871545999878,177.5093599999309
233,c72dc19d-bd84-48b2-9fa6-0adba4b79011,202,,4.6621238060001815,4.83595210500016,173.82829899997887
234,c524fcea-d3cb-4d5c-b492-d405a9b8d401,202,,4.6801839069999005,4.856290624999929,176.1067180000282
235,1239d6ea-5d1a-4381-bc15-32b48d7dc5a6,202,,4.700584218000131,4.848919087000013,148.33486899988202
236,55085cf7-e9d2-457e-96e8-8b01483b576e,202,,4.7218080560001,4.857525477999843,135.71742199974324
237,510db3da-d671-4d19-98cf-6a3e66b435f0,202,,4.740416606000053,4.87561112100002,135.1945149999665
238,599df4b9-7f77-4cce-a82b-2e3c59134f19,202,,4.7602498010001,4.877534046000164,117.2842450000644
239,139dab9f-d148-44f2-8d18-9f4786f26555,202,,4.78095673200005,4.885719570000219,104.76283800016972
240,fc132aee-7777-416d-b697-19b83d6e09b0,202,,4.800403849999839,4.893038692000118,92.6348420002796
241,68f3b2fb-6d50-4ce7-a965-f6c41cad6165,202,,4.820174839000174,4.892885736000153,72.71089699997901
242,c0f37a5d-bfd6-4742-9418-db7e4d697dbf,202,,4.841463175000172,4.900024611999925,58.561436999752914
243,ec4833b8-e052-4ca7-a323-12d36ccc586b,202,,4.8602070150000145,4.906727577999845,46.52056299983087
244,bae08a0f-83f4-4a62-ae8f-64ae6676c915,202,,4.881305397000233,4.91521597000019,33.91057299995737
245,85730fc4-21a5-4059-adc6-5ff4d83ae323,202,,4.900233275000119,4.919541184000082,19.30790899996282
246,ad2f7cb0-848c-4cac-91db-686aa3fbcf93,202,,4.920298171000013,4.935622396999861,15.32422599984784
247,110e97b4-78da-4593-9e0e-ca10f9dd602a,202,,4.940435310999874,4.955176548000054,14.741237000180263
248,a332461b-0f2a-4250-b938-f9d96bf21b9d,202,,4.96023008200018,4.976786870000069,16.55678799988891
249,94a75135-8f56-43c3-a2e7-c3c808c2a38f,202,,4.980172810000113,4.997080798999832,16.907988999719237
250,2779193c-2a99-41ee-b9fd-5feb57033e77,202,,5.002733282000008,5.026979848999872,24.246566999863717
251,202b285f-23ac-4c77-98a5-4f50be1079b7,202,,5.164416560000063,5.300441631000012,136.0250709999491
252,5e9a85f8-5741-4fec-a41d-19b6d4366e36,202,,5.164226439000231,5.270576997999797,106.35055899956569
253,05bb1381-c518-43ea-a085-53f76458604a,202,,5.164676014000179,5.292401941000207,127.7259270000286
254,df09d4c2-122d-4b84-a8c4-0a78b83d6a01,202,,5.164292979000038,5.262529600000107,98.23662100006914
255,1fd12b35-e217-4f0e-b317-ac3d3ce11582,202,,5.164520558999811,5.23611840500007,71.59784600025887
256,2a6e356b-8a42-4c7d-b70c-30a9c1c67160,202,,5.164345186999981,5.310358536999956,146.01334999997562
257,5a6bc444-b6b5-4578-b258-64b92a568b55,202,,5.164642680999805,5.277782243999809,113.13956300000427
258,336dffb6-764e-4792-9d63-59c11549f967,202,,5.164158147999842,5.266561486000228,102.4033380003857
259,60290dce-8ab5-4d36-9edf-1c324d778cbf,202,,5.180254818999856,5.285802184000204,105.54736500034778
260,12c72728-acb5-4e65-9290-2234e579ebfa,202,,5.202526962999855,5.314807332999862,112.28037000000768
261,2cab1251-5070-4c68-bfab-4c4b3df636aa,202,,5.2203551860002335,5.319650621000164,99.29543499993088
262,2af19d73-050b-4256-9541-2b33d3357e64,202,,5.240201998999964,5.324941942999885,84.7399439999208
263,1a00c6ba-df94-4420-92e0-95fac6458a3b,202,,5.260208932999831,5.329705817000104,69.49688400027298
264,55f7a951-e692-4b9f-a0c7-f38a93887be5,202,,5.280159702000219,5.331085291999898,50.92558999967878
265,697370d8-00ae-4d10-b4e8-7738b88efbc8,202,,5.302005310999903,5.332886925999901,30.88161499999842
266,1352f213-4719-44c8-ae27-e7958055a551,202,,5.3201617790000455,5.338278287999856,18.11650899981032
267,e342f0f2-03c3-4fe2-a232-73984b994b90,202,,5.3403100850000556,5.354299918999914,13.989833999858092
268,d222a3fb-71e7-4981-8199-b0e20081b654,202,,5.360175272000106,5.3734393690001525,13.264097000046604
269,8a523272-6dfb-484b-9676-03f8648473bd,202,,5.3803387040002235,5.392721065999922,12.382361999698333
270,ed1c894d-43a9-4863-bc0c-bb4f363b2895,202,,5.400683298999866,5.410086798000066,9.4034990002001
271,a1363f70-c031-4371-9a6b-07a9a4c581a4,202,,5.42028474000017,5.429877360999853,9.592620999683277
272,f99c8c8e-e393-4bb4-b137-74140f03074d,202,,5.440157134999936,5.456456135999815,16.299000999879354
273,633b05dd-2e1d-4bb8-9bbd-d9de5d327a5e,202,,5.460680352000054,5.472813844000029,12.133491999975377
274,d6c0388e-065c-4019-9c1c-555db3e46358,202,,5.480934615000024,5.491614258000027,10.679643000003125
275,f5af917d-3d79-4570-a423-9b25b71d1707,202,,5.501040630999796,5.510690334000174,9.649703000377485
276,e0cba6c5-9492-4654-a479-8c68a6b2c811,202,,5.520641073000206,5.535183562999919,14.542489999712416
277,597dfadc-4cd6-4984-af04-7b9ff4f1e401,202,,5.540338096000141,5.564413249000154,24.075153000012506
278,d20ca379-6f88-48ce-80ad-8335fb0bd7e7,202,,5.560246157000165,5.577253937000023,17.00777999985803
279,d699a299-a4af-4096-9adf-0e011a5207b1,202,,5.580311174000144,5.593762141999832,13.450967999688146
280,a4890384-a4ff-45cc-9e9b-dd4336b51526,202,,5.600414898000054,5.6124300169999515,12.015118999897823
281,4a7e3bc1-7b66-4ee0-8788-bbf68752b65d,202,,5.620188461999987,5.630158242000107,9.9697800001195
282,9e9bdb01-6309-4657-b927-dc63e1c8d39e,202,,5.641347499999938,5.661684803999833,20.337303999895084
283,74d5ace7-c6fa-425f-81e0-1155eff7381d,202,,5.660458867000216,5.6727393559999655,12.28048899974965
284,974ba564-45d6-4003-bf38-814b0fc3be98,202,,5.680801296000027,5.692591168000035,11.789872000008472
285,a20dd038-45f5-471f-9454-0b65afbac342,202,,5.702061957999831,5.71225535900021,10.193401000378799
286,441bfbb8-802d-4ba0-a496-c2ff278b722a,202,,5.720668999999816,5.736852336000084,16.183336000267445
287,0d737ee3-a55b-4c0f-b780-4900871eb18e,202,,5.74077005800018,5.775006446000134,34.23638799995388
288,b5c9a58b-972f-4179-9240-6b24e90a3fc5,202,,5.761145735999889,5.797539501999836,36.39376599994648
289,55c9f5c1-6c64-426c-b591-1f8e1afe4028,202,,5.780488306999814,5.813399885999843,32.91157900002872
290,77db6614-caba-40a0-b8b8-460ab38bd674,202,,5.800203580000016,5.818517793999945,18.314213999929052
291,a0cba62d-5e6d-4972-9578-00f5861a370f,202,,5.820223679999799,5.8351695800001835,14.945900000384427
292,2bcb8880-4ce3-4c3f-888b-fa85e4c17305,202,,5.840170324000155,5.866340272999878,26.169948999722692
293,0cea1982-73ff-4eec-9dda-3c059b7223dc,202,,5.860178717000053,5.8768295029999535,16.65078599990011
294,6dba37b1-f089-4fd8-a274-8ada1b5ac4d4,202,,5.880233899999894,5.892521805999877,12.287905999983195
295,76b21365-da51-4714-9eb1-5e1570efdebb,202,,5.9002462090002155,5.914766449000126,14.5202399999107
296,0eafe628-96fa-426c-9b33-04e4d819e341,202,,5.920274973000232,5.931668515000183,11.393541999950685
297,40d6f763-176f-4c00-80cf-3647aa38bdf4,202,,5.940272150000055,5.95235738700012,12.085237000064808
298,710f0b0f-0461-4ddb-bf37-5f08b030ff95,202,,5.960177661000216,5.978141250000135,17.96358899991901
299,427e7620-1381-4b7a-aaba-182e6fbe3872,202,,5.980364791999818,5.993024477999825,12.659686000006332
300,8d528d0e-febe-4fa3-b9d1-7094cea974fd,202,,6.0001665139998295,6.019587033999869,19.420520000039687
301,498d7c5f-b475-4b72-834b-2b7b149bab9f,202,,6.020503767999799,6.0412003900000855,20.69662200028688
302,ab8e1ef9-bda7-4763-97dd-511dd53b8657,202,,6.040304197999831,6.055846747000032,15.542549000201689
303,d7b1c597-13b3-4063-a43f-1860acaa688d,202,,6.060440162999839,6.0763514979998945,15.91133500005526
304,68643747-8b4e-4f31-9a45-619a09541ebf,202,,6.080223927000134,6.124347912999838,44.12398599970402
305,6ac4a368-75a5-4f36-a5d6-c7617ab98a5e,202,,6.101093046000187,6.1568028619999495,55.70981599976221
306,471cbe3e-02ae-4023-b396-b9847077b30a,202,,6.122446821999802,6.15948239599993,37.03557400012869
307,377553e0-0db8-41b3-8c04-3eadb1deff10,202,,6.14096098400023,6.16815577899979,27.194794999559235
308,2ae255bf-5325-4b5c-9390-2ca96d3f0be8,202,,6.160204465999868,6.180957337000109,20.752871000240702
309,776fc4d9-5150-4825-8554-6e8e4ac56136,202,,6.180219725999905,6.220046623000144,39.826897000239114
310,1482a85b-3ba7-4c58-b5f1-44a6e7a2b187,202,,6.200425147999795,6.234463651000169,34.038503000374476
311,805fd993-d3e4-49a1-a1bc-9ac79945bb2b,202,,6.220200536999982,6.242752250000194,22.55171300021175
312,9b52cbdf-6cc3-468c-aca6-f89bf1ef9d2e,202,,6.24264075200017,6.263528287000099,20.887534999928903
313,018f075c-fe30-4352-8192-4a7ee1ebc33b,202,,6.260765754000204,6.287394267999844,26.628513999639836
314,789c9846-fd6d-4f39-b54b-f79a26dbfe80,202,,6.2802530650001245,6.302798487000018,22.545421999893733
315,755279ea-3797-4bcc-aece-c55d609c6019,202,,6.300566943999911,6.316885771000216,16.318827000304736
316,bb6664bc-d49c-4cbb-b697-81ed948dffc5,202,,6.3204134150000755,6.335851050000201,15.437635000125738
317,230d70cc-d3bb-4057-bfd9-69bc7ee75d9c,202,,6.340229761000046,6.363218467000024,22.988705999978265
318,8f272313-103c-44ec-a2f3-7455f2ab2980,202,,6.36132758399981,6.377493414000128,16.165830000318238
319,c83e99c4-09f1-4570-a332-5718d2c36dc6,202,,6.380365527999857,6.394608602000062,14.243074000205524
320,a5d6742d-97a0-4f0c-9a46-b6158be10703,202,,6.400234874000034,6.419529313000112,19.294439000077546
321,5e32ed29-bde1-4c30-9fcf-d14ab79eed30,202,,6.4202633830000195,6.433751177999966,13.487794999946345
322,3a2522c6-6914-4385-9b96-4f8095741f01,202,,6.440325224999924,6.4519440130002295,11.618788000305358
323,3066e0b1-0fd8-41b8-b605-b1c96b87d0c0,202,,6.4602006119998805,6.478163075999873,17.962463999992906
324,0c51794b-b560-4463-9cec-0abfa92fbb99,202,,6.480371910000031,6.4918700339999305,11.49812399989969
325,5eb71886-c8dd-463b-8f7f-90fc66399d4f,202,,6.5003298370002085,6.511077433000082,10.747595999873738
326,a15c52ce-d3f7-4e67-a3e8-60a95302be66,202,,6.521145415999854,6.531878011000117,10.732595000263245
327,78e51bec-3d05-4a09-a671-ab41dc671c1c,202,,6.540841263999937,6.550982829000077,10.141565000139963
328,653c94db-b0ca-4a31-9b37-0156854804a6,202,,6.561339430999851,6.577044102999935,15.70467200008352
329,3c7e1439-b47c-4ef6-8470-58aa51e317fc,202,,6.580696161000105,6.59736431500005,16.66815399994448
330,cd60c0b8-b143-4f26-98d2-3eef62b602fb,202,,6.6003599690002375,6.612002798000049,11.642828999811172
331,7cd50fbd-cad3-4260-b68e-700b8192a6e9,202,,6.620344853999995,6.63609094100002,15.746087000025
332,73bdecd4-9bd0-45b1-ba4b-0a86d992127e,202,,6.640302113999951,6.653857992000212,13.555878000261146
333,79f0ad29-1e49-4d7c-9853-075aa1d5d748,202,,6.660233042000073,6.672424236000097,12.191194000024552
334,f0a54fcb-ca06-47b3-8611-7b0537ac71de,202,,6.681401197000014,6.6920567110000775,10.655514000063704
335,27d69c36-ed90-4cc5-a851-159828142e0a,202,,6.700312852000025,6.712065220000113,11.752368000088609
336,dd6d63c6-123f-476b-a603-990ff41c8f9e,202,,6.720763270000134,6.738170952000019,17.407681999884517
337,d669e3ba-25ac-4028-be60-6475a0a25082,202,,6.7401537910000116,6.757430600000134,17.27680900012274
338,7b5d3d3d-5da0-416d-895e-0730c7728b8a,202,,6.760480669000117,6.798208188999979,37.727519999862125
339,6f8cae59-a932-4f66-a000-992ffb6305d0,202,,6.780294808000235,6.816846722999799,36.55191499956345
340,e301da8d-56b9-4bbd-b64f-94654d5d48d1,202,,6.800192986000184,6.824953825000193,24.760839000009582
341,f13319f2-f2bf-4ffc-926e-ce61fe7e88ee,202,,6.822344123000221,6.849848371000007,27.504247999786458
342,16c37671-b5f0-4915-8048-fe8a04b987fb,202,,6.842405172999861,6.896073526000237,53.668353000375646
343,8512b7ef-ad0c-4ca3-9104-707b84415db8,202,,6.86021476499991,6.906401712999923,46.18694800001322
344,6f956721-7b71-4dcc-a8e4-9120c9d11674,202,,6.8814090440000655,6.923855013999855,42.44596999978967
345,c491c7f1-e9f7-4380-ba46-c3b316ace54b,202,,6.900241241999993,6.923996928000179,23.75568600018596
346,cdd79828-ae96-40d9-bef2-63a2bb7d0dcd,202,,6.921696013000201,6.949765780000234,28.069767000033607
347,283de1a4-104c-4fce-a8f8-08c6bccbe317,202,,6.9402986240002065,6.958824111000013,18.525486999806162
348,661596f7-6f5c-4e9c-a021-432d6bca042d,202,,6.960171627999898,6.974299613999847,14.127985999948578
349,2e7882aa-5f98-447e-85e9-dace23f7d572,202,,6.980237377999856,6.995492009999907,15.25463200005106
350,28c8b34d-28a4-4332-8337-6a5e8d755d49,202,,7.000214380000216,7.011278466000022,11.064085999805684
351,a237f348-6f3e-4e54-a43b-706a4e0a2897,202,,7.020226090000051,7.032510236000235,12.284146000183682
352,d04a7f3f-cd79-40fa-96db-15a9f34faec9,202,,7.040232009000192,7.05317364199982,12.941632999627473
353,adfce699-84ce-4960-bae4-faa6f973d156,202,,7.060335217000102,7.083235248000165,22.90003100006288
354,457f8c88-c4b8-4cfb-b9a8-fffc22317bab,202,,7.080624837999949,7.095800888000213,15.176050000263785
355,7e2428e2-99a2-4391-aac2-29005c1e122c,202,,7.100198764000197,7.111671758999819,11.472994999621733
356,a569f60d-f195-4dfd-9b9a-5b24b6db6fb8,202,,7.120155308999983,7.134349294000003,14.193985000019893
357,89870928-a3fc-429a-ace6-1f739ce37a2c,202,,7.140207143000225,7.153876179000235,13.669036000010237
358,4054908a-63b3-41d2-abb0-c9082a2dcfa1,202,,7.16028689299992,7.183959451000192,23.672558000271238
359,1862b894-2f39-40f9-999e-639e4d927422,202,,7.180255978999867,7.197368367999843,17.112388999976247
360,14af81fa-d166-4943-be59-0fd91431cf72,202,,7.200500683999962,7.216823088000183,16.32240400022056
361,b5290a3e-ad8f-4e6b-bc0d-b713f1d983f5,202,,7.2224001919998955,7.256112604999998,33.71241300010297
362,bcf2127b-a8f9-444a-b612-0a2e0779c744,202,,7.2418074130000605,7.27301416399996,31.20675099989967
363,4c16d840-25ca-4ca0-8fd4-5b04d7df3ec5,202,,7.260878932000196,7.281152887000189,20.273954999993293
364,24e9ea1e-aedc-4165-90b6-130630f4106b,202,,7.280284320000192,7.29594656900008,15.662248999888106
365,dd9610c2-042b-4722-bf5b-0992d0e45cde,202,,7.300298112999826,7.312386970999796,12.08885799997006
366,f95d4071-22cb-48a0-b9a1-9b1d87bbbe02,202,,7.320246032999876,7.331561612999849,11.315579999973124
367,49102732-be41-49ce-8c9c-5855f98a677a,202,,7.340175369000008,7.352864173999933,12.688804999925196
368,d9b989ec-7e30-4b47-baa8-c33a12e3d0f6,202,,7.360157163000167,7.374593309999909,14.43614699974205
369,f5259f08-13a9-48cd-8d2a-22b59d22c84e,202,,7.3803387439998005,7.396514525999919,16.175782000118488
370,70b61e45-aab9-4a53-8598-6a72a63a2e1d,202,,7.400256289000026,7.41253801799985,12.281728999823827
371,2a32d910-6a56-4c98-afbe-79f47ee05ccb,202,,7.420874155000092,7.431456373999936,10.582218999843462
372,ccd01064-f192-498c-8cd4-d80dccf2d4ee,202,,7.440280291999898,7.450190231999841,9.909939999943163
373,c48239ff-a7d1-47a4-b0f2-8fa6c3b10cf0,202,,7.462079468999946,7.4742149919998155,12.135522999869863
374,bb664c64-905a-4da1-ab73-f427d588fe0a,202,,7.480527374999838,7.490591603000212,10.064228000373987
375,3ccdda65-3e80-4d2a-a88e-95a88ca87508,202,,7.5003152969998155,7.518298878000223,17.983581000407867
376,cbd5b888-a561-4e03-8e1f-a0854f9b9ec4,202,,7.5203028410001025,7.551564840000083,31.26199899998028
377,344dc566-e0fc-406e-b1e3-0c692f9e1bf3,202,,7.5414849449998655,7.568009075000191,26.524130000325385
378,b54212fd-0dce-47e7-b9f4-40866c44ebb7,202,,7.5604971319999095,7.574854072000107,14.356940000197937
379,67c70a4f-8edb-4305-b70f-2a439b53fba4,202,,7.580772419999903,7.600108183999964,19.335764000061317
380,b4d02176-62b7-4835-be1d-4b47df7d5122,202,,7.600238389999959,7.617730521999874,17.492131999915728
381,afa08941-0338-4047-8361-02775e521569,202,,7.620629593000103,7.642656223999893,22.02663099978963
382,9ccbeed8-5b89-4da6-9208-be5b76f9c473,202,,7.64169849200016,7.662178108999797,20.479616999637074
383,8e0e6421-8786-49c3-8722-8afa01036ce4,202,,7.664451066999845,7.68386683000017,19.41576300032466
384,fb3b2ca6-e46b-4e67-9363-60ac74e7d37e,202,,7.6805775580000955,7.697286536999854,16.708978999758983
385,0babc9be-eec6-4e91-950f-9ed861bb2b67,202,,7.700762681000015,7.71813760699979,17.37492599977486
386,a304abd3-0001-4e13-93bf-90f53b71c5ff,202,,7.720624309999948,7.740624269999898,19.99995999995008
387,8f851409-476b-4503-9811-dc01e485d2ed,202,,7.740662186000009,7.7610385560001305,20.376370000121824
388,1af8620b-e22a-4042-b545-b31d4140c1af,202,,7.760599272000036,7.77842973099996,17.830458999924303
389,d80a9bf8-2c4f-4e68-b46b-1229d1b45ba7,202,,7.780595399000049,7.796742806000111,16.14740700006223
390,a06415c0-8d68-4d74-afe7-73d2eb2131f8,202,,7.8006569829999535,7.825703891000103,25.046908000149415
391,19518325-b756-4aad-9e9b-edd488cf0d94,202,,7.82038936500021,7.897925417999886,77.53605299967603
392,c3ec98ed-d56c-452b-a0ce-5fac3d469a96,202,,7.842486618999828,7.908410514000025,65.92389500019635
393,8c4b859d-0205-4f79-9cba-54519c42b6a9,202,,7.864409542999965,7.915840872999979,51.431330000013986
394,040e1077-80e5-48ef-be45-7728a901fa61,202,,7.880544951000047,7.92436071100019,43.8157600001432
395,bcae982d-f75f-4fe4-8f36-ce68df860657,202,,7.900632991999828,7.931589698000153,30.95670600032463
396,d5500177-c9ce-4fea-a227-b6c869c339c5,202,,7.923961301999952,7.958603850000145,34.64254800019262
397,90dbafeb-5f35-4d25-9c0d-70e07f0a1ca3,202,,7.940630442999918,8.029304044000128,88.6736010002096
398,6686d7ba-ced1-42d8-b094-f84f388ba394,202,,7.964365782000186,8.061558846000025,97.19306399983907
399,8e69f370-6c8a-47d0-8690-2d603e30e3d0,202,,7.982997260000047,8.129795837000074,146.79857700002685
400,aab9295a-1ac4-49be-88da-d8b13ba897bf,202,,8.00494313299987,8.07718792300011,72.24479000024076
401,83cdcfd7-0f76-490c-805a-d5d8174abb7d,202,,8.030475604999992,8.08454728300012,54.07167800012758
402,ec04ab1b-dc36-45c6-8de4-4f7a36962a70,202,,8.042131425000207,8.284618345000126,242.48691999991934
403,824768d3-2a7d-41dd-a823-e977a7326649,202,,8.061267727000086,8.289591083000232,228.3233560001463
404,f7a3cfc6-adf6-4af0-ade5-58c47604826b,202,,8.082495071999801,8.311117922999983,228.62285100018198
405,a40092a1-5ec0-436c-b41c-6b192a0dc8ee,202,,8.101698748000217,8.361006096999972,259.30734899975505
406,6086f053-17db-4edb-8bb7-4f973b18ac0c,202,,8.131676718000108,8.376301513999806,244.6247959996981
407,93fd7e48-58d5-4fba-9928-da7c67fa06fb,202,,8.140581257000122,8.413781507999829,273.20025099970735
408,1be73b1c-0bea-4953-8d7a-7f1f2caaaeff,202,,8.161145948000012,8.392579620000106,231.4336720000938
409,998955d5-ebfa-4249-ba70-64e9c092982c,202,,8.199736462000146,8.478093114999865,278.3566529997188
410,0d5ea1af-6a2b-4efe-baef-8f09ab466410,202,,8.202362745999835,8.427679701000216,225.3169550003804
411,17050aed-870f-4f0e-a4ff-9042306743a6,202,,8.22277823200011,8.552835648999917,330.0574169998072
412,a9753fb6-3f5e-4a20-a5fb-b5dbed83ef96,202,,8.242999471000076,8.452983636000226,209.98416500015082
413,8ce575f9-0d0f-4c26-8ec9-2618498fd66e,202,,8.26121670700013,8.683659988999807,422.4432819996764
414,fee25b96-0e57-44db-b5ab-7130bfb4f518,202,,8.280395466999835,8.76874378399998,488.34831700014547
415,f208ed4d-6081-4138-859f-28399e904f69,202,,8.30640709599993,8.778607138000098,472.20004200016774
416,d58b63e0-df9f-4618-b1d9-91abc6d7e483,202,,8.326727458999812,8.789010856000004,462.28339700019205
417,2999b813-a662-4a73-8dc9-16e0ee0264e1,202,,8.340759941000215,8.802862425000058,462.10248399984266
418,2440aa15-4103-4f6c-bad8-d8ad05c3925a,202,,8.361063720999937,8.85275880800009,491.69508700015285
419,5e8b34d2-cd26-48b8-8674-6bd772bf4614,202,,8.380223647000093,8.871529907999957,491.3062609998633
420,e69363b3-dbfb-421c-935e-889980724f1e,202,,8.400188057999912,8.871063167000102,470.8751090001897
421,374371bd-edbd-4f10-a40e-7b73ef1f7c2c,202,,8.420893247000095,8.873050795999916,452.1575489998213
422,dbceb9b1-46d2-4079-8db6-b03a1f23c149,202,,8.440928656999859,8.886847491000026,445.9188340001674
423,fd4256cb-efe3-42e2-9b85-90a1122d7660,202,,8.460245079999822,8.901302299000236,441.05721900041317
424,92949819-2ed7-4038-8371-5940c43c1b25,202,,8.494522635000067,8.92965362599989,435.13099099982355
425,7618f555-cd31-46bd-a1a1-a041ad88749c,202,,8.501268382000035,8.939144566999857,437.8761849998227
426,0eecfece-8b31-49e2-bc5f-3290f23071e0,202,,8.520565805999922,8.963886669000203,443.32086300028095
427,80e6da89-e744-4fe5-a40e-0f0a6b889c64,202,,8.542988502999833,8.966644907000045,423.6564040002122
428,96b9141b-5e00-40d0-805a-445a54cfbcea,202,,8.561761645999923,8.990526942000088,428.7652960001651
429,2d5361d2-41a2-40db-8ff2-fcced051bea2,202,,8.581372938000186,9.001414813999872,420.04187599968645
430,986c2590-0110-4355-9f82-0b85f7dcc99f,202,,8.601604344999942,9.065440485000181,463.83614000023954
431,bb623246-70cb-4a6f-911d-3535e3d39636,202,,8.624947150000025,9.022209659000055,397.26250900002924
432,8270b751-c93d-4030-8afb-240121fc2178,202,,8.640734807000172,9.036587296000107,395.8524889999353
433,b262cf1a-8da1-4a92-8f24-ab46b4055cc1,202,,8.663437707999947,9.087862674000007,424.4249660000605
434,0d9abade-b7cf-4646-90ad-e6bcad6b4998,202,,8.686787887999799,9.049249924999913,362.4620370001139
435,aaffa6e4-ea14-49b3-bd94-e0012adb5af5,202,,8.703677523999886,9.102875839999797,399.19831599991085
436,ea4d056c-eef7-4d47-94ac-56d956f634f2,202,,8.725680437999927,9.117149103999964,391.46866600003705
437,7ae364fd-2dfd-499b-9190-1370b1505c56,202,,8.746625496999968,9.120989778999956,374.3642819999877
438,25e7e2f4-8abd-45a2-922c-c5c913bd2d66,202,,8.76355592400023,9.139566042999832,376.0101189996021
439,9bbfccc3-4a3a-4af7-a621-279ecba2e6b5,202,,8.78016340000022,9.107150965000073,326.98756499985393
440,ddf1113a-6596-443a-857c-9d81759985fa,202,,8.80247480800017,9.134272521000184,331.7977130000145
441,599b877a-f4b1-4abd-96ef-3eb42a91ef1f,202,,8.833034766999845,9.150455581000188,317.42081400034294
442,8271c92a-fc70-49c4-9a79-988b8f689ac1,202,,8.844321134999973,9.166558684999927,322.23754999995435
443,08a3b1b0-0f50-4c2d-a036-ce9cf98390ae,202,,8.861869425999885,9.155453192000095,293.58376600021074
444,508c3119-6b9c-47ec-8fcf-cc2857589621,202,,8.881991208999807,9.218552172999807,336.56096400000024
445,e1f7e441-53e5-4a67-b113-7e675c0cb52c,202,,8.902453527000034,9.230777060000037,328.3235330000025
446,04cd8394-7a55-410b-9c12-90e63be34676,202,,8.920144728000196,9.252523845999804,332.37911799960784
447,ef20a876-a148-4c6f-bb22-aa0150ad3bb8,202,,8.941487437999967,9.26192262099994,320.4351829999723
448,ba69efdc-27f3-4422-8155-c3c9be633bb4,202,,8.960227282000233,9.271005568999954,310.7782869997209
449,05ba4063-644c-4c0a-9632-10c94df17b39,202,,8.980400014000224,9.273239358999945,292.8393449997202
450,ccfe2b77-5987-4812-8c60-697bb5c4c9fe,202,,9.001222068000061,9.286136400000032,284.9143319999712
451,a670b2fa-b7ea-4bad-9b7f-15d390f7b75b,202,,9.020202615000017,9.295600508000007,275.3978929999903
452,797568ab-6894-447b-b705-2dda5d291939,202,,9.04040672200017,9.300710949999939,260.30422799976805
453,7f5ae9b1-b4c6-4ba8-848e-7a85e7867789,202,,9.061209316999793,9.312006897000174,250.79758000038055
454,293eac98-5564-407d-b134-e4976a978e36,202,,9.082232241999918,9.322885059999862,240.6528179999441
455,ed3ba533-ad91-4b46-9108-df58f6bbf94f,202,,9.100401180000063,9.343072708999898,242.67152899983557
456,e5f51849-01db-4fb6-bb07-9d589bcd7d47,202,,9.12020462800001,9.355746254000223,235.541626000213
457,17773b9b-56c0-4a16-ab29-ff4312d3b0ab,202,,9.140264738000042,9.364979824999864,224.71508699982223
458,92ec805a-aba4-457f-a511-f4cb1433a3d3,202,,9.160311431000082,9.383046807000028,222.73537599994597
459,c3146fa0-bf51-49fc-88f0-9534bc2897cd,202,,9.181189233000168,9.419449890000124,238.26065699995524
460,410d9aa7-881a-4508-92bc-807663804065,202,,9.20364717099983,9.44582633500022,242.1791640003903
461,59759bc8-d2ba-43a7-ac44-93f731bdf815,202,,9.22027101499998,9.467969530000119,247.6985150001383
462,f6730160-eb1b-4793-8b2c-47e2733740e6,202,,9.240472580000187,9.471888370000215,231.4157900000282
463,35f1a752-f2c8-40fa-a19a-7050e4f20afe,202,,9.260678311999982,9.487110406999818,226.4320949998364
464,ec614b7c-3386-4c3d-a563-5c50806db8d9,202,,9.280317679999825,9.494494179999947,214.17650000012145
465,288758ba-17f7-46b1-924b-683ebcffda45,202,,9.300185543000225,9.50334305000024,203.15750700001445
466,48ff1eb1-8efa-401f-9a14-3f75a41efe1c,202,,9.321294590999969,9.509997544999806,188.7029539998366
467,a560a449-aee1-4abc-a816-4966cc4a860b,202,,9.340426177000154,9.515693475999797,175.26729899964266
468,91602b2a-d56d-49d4-949a-5b8dfb2cb225,202,,9.360730074000003,9.527871573000084,167.14149900008124
469,eaef6c04-065e-487a-ace9-b07e70ad4920,202,,9.380764267999893,9.538498865999827,157.7345979999336
470,1ec1cad9-c1a6-494b-9bcf-7ffc8d2c3581,202,,9.403433202000087,9.542800364999948,139.36716299986074
471,045497fc-2dad-4e10-873e-3bd8e2460dd6,202,,9.420518661000187,9.547976265000216,127.45760400002837
472,33c8dca7-10db-4e44-9903-1f99791772f5,202,,9.441463669999848,9.553512823999881,112.04915400003301
473,95030cef-862b-4571-80bd-1597e034f266,202,,9.462430471000062,9.561804704000224,99.37423300016235
474,8feaa6ec-b662-4e1d-b943-a32bc01d59b0,202,,9.48047070299981,9.939905254000223,459.4345510004132
475,0a78e2b9-978f-4988-9b5f-439611d0c931,202,,9.500501479999912,9.943883884000115,443.3824040002037
476,d9a4683c-8c45-4520-9438-ea9470ab627b,202,,9.520707544999823,9.950789787999838,430.0822430000153
477,2f015b6b-b833-4b74-8016-a3703c843a7c,202,,9.54023237399997,9.957612736000101,417.38036200013084
478,afab5a2d-986d-4862-90d3-5977ab250957,202,,9.560444522000125,9.971244298999864,410.79977699973824
479,3dd91b20-9dcc-40bc-8e66-9d46e63af758,202,,9.58037301000013,9.97263372999987,392.2607199997401
480,09688ce0-2d49-465b-958e-c8a63df533b6,202,,9.601511931999994,9.977477884000109,375.96595200011507
481,e7cf4504-7c0a-4a9d-a1f9-1c82eeb00e43,202,,9.626212450999901,9.986606910999853,360.39445999995223
482,9ccb8ac8-71cf-4eb5-94fb-00bfec3cd956,202,,9.640410842000165,9.99194330499995,351.5324629997849
483,4bc7e73a-424b-4c0b-bd50-551e6b85ff6f,202,,9.660457035000036,9.998724546000176,338.2675110001401
484,5a7d6100-a1ed-4fab-baa2-962b49a2d7f9,202,,9.68162724800004,10.009144255000137,327.5170070000968
485,eb19868d-e1a5-4148-9f82-6c6ebbfb8d8a,202,,9.700187303999883,10.02107376899994,320.8864650000578
486,2dbd93b5-e7c3-4d8c-9a04-dc61f7af52d8,202,,9.72139018300004,10.02582829899984,304.4381159998011
487,34e93dcf-4e8a-4e1d-9b63-03c0f54896d9,202,,9.740209066999796,10.031765182000072,291.5561150002759
488,bcb67e80-dacc-419b-9f2a-d16d66d5b564,202,,9.761451279000084,10.036012346999996,274.56106799991176
489,63127bec-16f5-4d4b-a77e-fbc6a5ed3bdf,202,,9.781754050000018,10.053628998000022,271.8749480000042
490,bd72336a-4409-4d51-a943-a779f95b0d72,202,,9.801846826000201,10.059578671000054,257.7318449998529
491,348807b0-a3d2-4fb1-b79f-260a93802632,202,,9.820265759999984,10.06949239100004,249.22663100005593
492,6be1353d-e1a3-427f-a96e-129b5fa5aa7b,202,,9.842269748000035,10.072584163000101,230.31441500006622
493,ee5667bb-f35a-4f14-9f5b-5bc02d5babb9,202,,9.860201191000215,10.078350966000016,218.1497749998016
494,1850b63c-cb6b-49ab-a2c2-5dbfaab47d7a,202,,9.880177802000162,10.088051606000136,207.87380399997346
495,8d228143-7c4e-41b0-9246-82d20f110f6e,202,,9.900170580000122,10.090208564000022,190.03798399990046
496,64c9c4d8-345f-4be2-bf94-cd71f6bc45e7,202,,9.922414810000191,10.097155341999951,174.7405319997597
497,360791b1-64f1-4626-aaa4-b1bcc74f7c33,202,,9.940200582000216,10.102497819999826,162.29723799960993
498,36c3dfaf-7d14-41f8-9577-b894767383c4,202,,9.96025414199994,10.10984250699994,149.5883649999996
499,5a9bd2bc-a993-44b3-852c-b938060d1b50,202,,9.980224995999833,10.11556206000023,135.3370640003959
500,b046b88c-3724-4812-aa08-180fe1fec09d,202,,10.000398512000174,10.130268185000205,129.86967300003016
501,69fe507f-196d-4977-b41f-f04cabe3ecea,202,,10.020179327999813,10.13588794899988,115.70862100006707
502,95cdf289-4c27-492a-a02f-df5409146f7b,202,,10.040969581999889,10.137973366000097,97.00378400020782
503,b7acad99-4b11-45c7-b999-a3c5f2a6ce53,202,,10.060269698999946,10.143253428000207,82.98372900026152
504,f8c72721-18fe-43f9-b6d9-89d108a23450,202,,10.080183012999896,10.148691486000189,68.50847300029272
505,7673ce56-ade2-4d4f-ada0-fb62f2fbb68d,202,,10.100268656000026,10.150612448000174,50.343792000148824
506,dfc76fdf-c241-43b3-9398-02e36009bd98,202,,10.12039808999998,10.15585167800009,35.45358800010945
507,81e04d85-c9ad-4595-958c-3ea907a99bad,202,,10.140277777999927,10.158508874999825,18.231096999898
508,af83d2c8-e8b5-4a09-bb88-99d08495205f,202,,10.161342485000205,10.172844464999798,11.501979999593459
509,6d11f304-bd66-430a-9682-f4d2dd073c69,202,,10.189805879000232,10.213494616999924,23.68873799969151
510,c2ea4d91-c5ec-4ead-82e0-92801d3b2b96,202,,10.335344033000183,10.42566824000005,90.32420699986687
511,dc2a5d23-3fa0-4519-8bdb-c482241751fa,202,,10.335006998000154,10.477531336000084,142.52433799993014
512,305f364e-1e9e-4505-b35b-475bf0b7cf88,202,,10.335206910000124,10.449891967999974,114.68505799984996
513,909dcd1d-df8a-4f84-b406-1f194be0e852,202,,10.335085328999867,10.458541505000085,123.45617600021797
514,cacb8128-6b5e-42bd-8521-0b72e16bd322,202,,10.335260951000237,10.423523782999837,88.26283199960017
515,c7eaa980-09b9-4a80-b3af-cca594a8b279,202,,10.335137869999926,10.440479071000027,105.34120100010114
516,a3e3a569-75cc-4b20-899f-eeeb9bb4b94b,202,,10.334930374000123,10.364025046999814,29.094672999690374
517,815ae41a-d336-4508-8215-e630d94e09df,202,,10.342429184000139,10.491744386999926,149.3152029997873
518,508a2fb5-baa6-4a3f-a041-79abbd53fbbc,202,,10.360126831999878,10.479528587999994,119.40175600011571
519,9e6a3a92-45ff-4d15-b283-e259788d7221,202,,10.381391993999841,10.494595206000213,113.20321200037142
520,5baeebf9-cfab-42ce-bea8-29c32e3241ac,202,,10.400204037000094,10.502689587000077,102.48554999998305
521,b2fd80dc-8584-4ea7-8f4b-5ef29502c4f1,202,,10.42489138100018,10.513971238000067,89.07985699988785
522,1f99b645-0ee0-46ea-adbe-514553ae876b,202,,10.440700108999863,10.51758133300018,76.88122400031716
523,4c39d2ef-274c-4c10-9e52-c751f1bcf1b8,202,,10.462340763000157,10.523183513999811,60.84275099965453
524,1cce3687-4235-48b6-9c04-2ff089ccd9ce,202,,10.481496506999974,10.544420342000194,62.9238350002197
525,4718415b-0fee-4a6d-b9d2-124ff295d103,202,,10.502554589999818,10.554973673999939,52.419084000121074
526,90a1e7de-f70b-4610-8a42-472600913dfa,202,,10.520234114000232,10.574668074999863,54.43396099963138
527,afca45d8-c244-46fe-b115-99cfc448fbd1,202,,10.54191664200016,10.574716116000218,32.79947400005767
528,16e7a4f6-9ce9-4a69-aa56-ae1572d702d7,202,,10.56031915199992,10.579222152000057,18.90300000013667
529,e88b536d-e2d7-4d13-a9f6-fb14be54ef30,202,,10.580279421999876,10.593121751000126,12.842329000250174
530,81f5ca46-5db1-4037-b7ce-70d3dc83c431,202,,10.600500187999842,10.617298813000161,16.79862500031959
531,c9e350a6-2380-4b91-ada1-5e5a832734be,202,,10.62021208799979,10.632731048000096,12.518960000306834
532,d5cf6f99-2df7-4202-9106-ffdf90042ad8,202,,10.640315313999963,10.658517786000175,18.202472000211856
533,929b5ade-79a8-44ef-8cdc-e7ba9d4ed41b,202,,10.661617682999804,10.686062948000199,24.44526500039501
534,7996a84c-cda2-49aa-95c2-ba20a0e96ed6,202,,10.680293853999956,10.697931628999868,17.637774999911926
535,81f78c51-0360-4b55-86df-882a55949b27,202,,10.700199208999948,10.720079940000232,19.880731000284868
536,9b7bff0a-34cb-4f2a-b074-69ae781dabce,202,,10.720201687000099,10.739617843999895,19.41615699979593
537,2230c21c-e0ab-4adb-9dc4-f238a0181b34,202,,10.74045157699993,10.757767066999804,17.315489999873535
538,89916947-a755-4156-b69f-d13e2e918bf7,202,,10.760301392000201,10.776626692999798,16.325300999596948
539,ca417f42-505c-4cf4-8022-022595436a50,202,,10.780779402000007,10.808561850999922,27.782448999914777
540,32739f21-e5e8-4aba-8cd3-2d28ea992f12,202,,10.800372472000163,10.820161162000204,19.788690000041242
541,28566a0a-ca8b-44fd-8f3b-57bc0402dddb,202,,10.820272493000175,10.83875933499985,18.486841999674652
542,f2cf7603-30e4-4703-a694-1e068b3863c3,202,,10.840755628999887,10.853486418000102,12.730789000215736
543,fc131e31-77f4-42c4-aa02-81065696245d,202,,10.860289783000098,10.874763369999982,14.473586999883992
544,d0810d25-7b41-40eb-89bd-542844f7c7ab,202,,10.880270885999835,10.895554083000206,15.283197000371729
545,9eaeb422-44c2-4fe9-8347-563e6e45a647,202,,10.900199031999819,10.91503544499983,14.836413000011817
546,4518faa2-afca-4c61-a70f-6a714377536e,202,,10.920197632000054,10.937674653000158,17.477021000104287
547,fb7473a0-8116-4c49-8077-b85d10955425,202,,10.940195644000141,10.95664118600007,16.445541999928537
548,6df49b8b-0885-4ae7-8392-93da36951e5a,202,,10.960201114000029,10.97822029200006,18.01917800003139
549,8fdd458c-fa88-456f-982e-bc2d8bc7b3c8,202,,10.980161252000016,10.993512732,13.351479999982985
550,daaa4e4a-e4fb-4a92-b0cf-8e27d3eac9d3,202,,11.000179264000053,11.016823176999878,16.64391299982526
551,183acdc2-fea4-4303-a8f1-6776800bb790,202,,11.020250274999853,11.034890561999873,14.64028700002018
552,ccd882e0-08b1-45a9-9f4a-ae872acbb4e2,202,,11.040705693999826,11.051077901000099,10.372207000273193
553,c1927cc1-b9cf-43e7-86b6-805461588cf9,202,,11.060659081999802,11.07563690400002,14.977822000219021
554,4d35c97d-ea53-427f-8d11-180b3947312f,202,,11.080280852000215,11.096114947999922,15.834095999707642
555,813c6ae6-3fb7-4054-b6f4-2433fc3bd272,202,,11.100263364000057,11.11527426900011,15.010905000053754
556,34e914ed-5629-495b-99b7-c3a4d4a1e631,202,,11.120313249999981,11.133013451999886,12.700201999905403
557,5773dc68-1aa2-4a8c-83af-3c93d61e52a1,202,,11.141978937000204,11.15560174500024,13.622808000036457
558,1dc0c8b0-11db-4c84-90c2-ac22d589d6ad,202,,11.160178819000066,11.170801187000052,10.622367999985727
559,6f4d4504-e7cd-4165-a22e-a841b66b92f1,202,,11.182590781999806,11.19391834399994,11.327562000133184
560,5c5c4936-d07a-4eca-9f29-c3f3a9a87457,202,,11.200533751999956,11.211308034000012,10.7742820000567
561,8de34ba5-1827-489f-897a-d0e5ca8240e3,202,,11.221684908000043,11.233459003000007,11.77409499996429
562,02d5f620-a6e7-47d5-a296-294292d5b004,202,,11.240690565000023,11.252131875000032,11.441310000009253
563,4ac3b523-2a0f-4f2d-ad07-e3c10ecb66fa,202,,11.260724242999913,11.274251677999928,13.52743500001452
564,d045f4eb-852e-43fd-8b9f-99db77504839,202,,11.280271681000158,11.29457635000017,14.304669000011927
565,8517a659-93c3-4b44-81a7-a7d0edc95039,202,,11.30025760999979,11.314479822000067,14.222212000277068
566,6b19dfce-a39b-42ff-a1ad-b82f67b36ad0,202,,11.320250121999834,11.344014932999926,23.764811000091868
567,dd1b3ce6-59cb-442c-945e-9fae3abd8cc2,202,,11.34068895900009,11.364652515000216,23.96355600012612
568,bedf2b84-f45d-4fc8-83af-30aa473d7000,202,,11.360505308000029,11.37362879200009,13.12348400006158
569,1aee4058-d50d-4c08-ba31-f8352a8c032b,202,,11.380278782999994,11.391407599000104,11.12881600010951
570,341fb966-ea06-4266-90f7-4b101ba332c1,202,,11.400302461000138,11.413351446999968,13.04898599983062
571,c45dbac5-1fdb-4386-b477-741bb7e6135f,202,,11.420546300999831,11.438722142000188,18.17584100035674
572,4f8d6442-0125-4f1d-b551-fc26ef4ce170,202,,11.440261527000075,11.455946709999807,15.685182999732206
573,565c66f7-76c4-493a-bcab-aac9a1d2903e,202,,11.46019754100007,11.471304273999976,11.106732999905944
574,9312966c-3216-4237-8501-313a9d7c9a10,202,,11.480304509000234,11.504157650999787,23.853141999552463
575,753b0a3c-0d99-49de-964f-c4f58345d88b,202,,11.500198732000172,11.5172732609999,17.0745289997285
576,4bc02eab-5635-4a88-bc6a-437e748cdb29,202,,11.520401072999903,11.536797449999995,16.39637700009189
577,8ecdbcd8-469f-442f-90ae-dc11a368602b,202,,11.540181964000112,11.553001788000074,12.819823999961955
578,ee4b5d5c-832d-4ffe-8f1f-fc47e5805f8c,202,,11.560168184999839,11.575000052000178,14.831867000339116
579,47584211-55b0-4d3a-88e0-8724ef7b43a0,202,,11.580159363999883,11.600962525999876,20.80316199999288
580,9d4f6d5c-3e0c-4e28-84cb-fd8d14f28df5,202,,11.600173166999866,11.620994621000136,20.821454000270023
581,1676382f-43a2-4d75-be33-2a56816b3492,202,,11.620579129999896,11.63451263900015,13.933509000253252
582,d2b06294-7bd5-4a27-8463-985d5ce7d3c1,202,,11.640216232000057,11.659192640000128,18.976408000071388
583,9f94f2eb-483b-449a-b238-cbada6e75335,202,,11.660269867999887,11.675141066999913,14.871199000026536
584,481c3613-ede3-47d6-a258-6ef03bfcf22d,202,,11.680181839999932,11.69715149700005,16.969657000117877
585,68e59252-ae1d-41ae-9cc1-1f3434376696,202,,11.700210476999928,11.719242674999805,19.0321979998771
586,da2f601c-89f8-4b96-8966-7336ead9a0ac,202,,11.720187281000108,11.740333581999948,20.146300999840605
587,0b43d77c-3a63-4d47-b64a-5ef3e78a37df,202,,11.74013591899984,11.758443631999853,18.307713000012882
588,8e35fe87-1c1c-472b-8e0b-5c72a8590833,202,,11.760846666999896,11.778221398999904,17.374732000007498
589,3044b115-da8b-4b0b-94e8-ce89f18a4b43,202,,11.78020215000015,11.794525861000238,14.323711000088224
590,cf850d44-f4ba-42de-873f-ec8ae58955dd,202,,11.80062007100014,11.829508860999795,28.888789999655273
591,37d13b0d-6398-4921-971f-ea568eb595a3,202,,11.820526251000047,11.840061273000174,19.535022000127356
592,fb5d15e5-98de-44a5-a612-1956bd49e5b2,202,,11.84034551700006,11.85378866200017,13.443145000110235
593,c98d6b82-e2ac-42d1-869a-b5a9fbccfbf6,202,,11.860204697999961,11.873118353999871,12.913655999909679
594,4a29da2e-76ba-4e9a-bb30-6f65d16df285,202,,11.880803323000237,11.895710147000045,14.906823999808694
595,71b18815-5cfe-4995-9125-05e279ae10e2,202,,11.900438468000175,11.911047545000201,10.609077000026446
596,cb199009-1b56-4be6-a73d-b42e66e97ac2,202,,11.920505933000186,11.930167442999846,9.661509999659756
597,de55b8cd-ef33-41a4-841a-64c40fa0cd33,202,,11.940279775999898,11.950442108000061,10.162332000163588
598,d912b39c-5816-4ea0-b45d-99e7e8e79ef8,202,,11.960264197000015,11.970700773999852,10.436576999836689
599,7093e873-14d6-4bb9-bddb-6a1516c7398a,202,,11.98138909499994,11.990919482000209,9.530387000268092
600,1e6d0118-4c87-4991-8019-ad7131c1a352,202,,12.000609281999914,12.010536368999965,9.92708700005096
601,21cf5200-e74c-44da-92ab-af9aaadcf86a,202,,12.020335708999937,12.037987053000052,17.651344000114477
602,4bf90b9a-4f8c-44ad-bdcf-4433b90a7c0e,202,,12.04058083300015,12.052281300000232,11.700467000082426
603,fc56e990-fd65-41b4-a974-2946bdc6abf5,202,,12.0602737600002,12.069934102999923,9.66034299972307
604,bc276b04-eccc-47f3-8da1-ead22f5dc23c,202,,12.081529864000004,12.090776840000217,9.24697600021318
605,e3237530-9063-4b56-9a39-f0c27ca3e879,202,,12.101498576999802,12.111364206999951,9.865630000149395
606,32f9115d-6c24-4235-8958-61d88e1acb9d,202,,12.120798595999986,12.134607895000045,13.809299000058672
607,8f107cb1-1424-4da7-a850-26cfe9b21991,202,,12.14049518999991,12.150194114999977,9.698925000066083
608,9c767ce3-aa4e-4307-831f-ec6e551187ee,202,,12.160262823999801,12.169559215999925,9.296392000123888
609,823563dd-66df-4f04-bf2d-633ae1f0569e,202,,12.180844150000212,12.19061928200017,9.77513199995883
610,f922eee0-721b-4716-bde7-825868777dc9,202,,12.201082941000095,12.211899550999988,10.816609999892535
611,8c6cb8a9-d4c9-44e0-8c78-9f73fc432ef7,202,,12.220316711000123,12.229936180000095,9.619468999972014
612,6130f13b-0892-4773-81bf-90dfd7c59dfd,202,,12.240370923000228,12.249667188999865,9.296265999637399
613,e54f5646-6fa8-4d5b-9acd-933b0a67fbf8,202,,12.261362573000042,12.270867169000212,9.50459600016984
614,4193a911-60ed-41f7-8edb-33f752216e34,202,,12.28233893300012,12.304950175000158,22.611242000039056
615,d4b5ae8f-bd63-472c-8348-c0d016384fec,202,,12.301496038000096,12.318823013999918,17.326975999822025
616,8e21678d-10fc-4157-8a35-3d3bf0e5cbae,202,,12.320322983000096,12.337991702000181,17.66871900008482
617,31285267-43e4-4fda-83df-035821f59536,202,,12.340180573999987,12.35599795600001,15.817382000022917
618,98369784-ba84-467b-ba5f-93e73244e351,202,,12.36028586700013,12.373452304000239,13.166437000109
619,5e5db858-0ae7-4bc4-b077-604f93fe12b1,202,,12.380154166000011,12.394184459999906,14.030293999894639
620,45c776ef-3233-4a5a-9d97-d2b757a7fb0b,202,,12.400201545000073,12.41482678500006,14.625239999986661
621,6b7766ec-9940-4d8a-a6d7-91422f033fbc,202,,12.420176798999819,12.432794498000021,12.617699000202265
622,dc70b58c-532f-4260-978d-5c512e52ada7,202,,12.440181553999992,12.455559902999994,15.378349000002345
623,9198a565-eb17-44c1-8ac0-f75400f76a98,202,,12.460340137999992,12.480238185999951,19.89804799995909
624,134eb3d9-3506-4fea-b9bb-7c4185b42123,202,,12.480449140000019,12.50432623100005,23.877091000031214
625,ebeedb53-9847-48ad-981c-8bae5459c049,202,,12.500167274999967,12.52303334599992,22.86607099995308
626,71301520-d211-44b1-8c83-8ddb58dde72b,202,,12.521413879000193,12.533861163999973,12.447284999780095
627,6c543bc0-8106-4af8-88c9-a2508c1d3b65,202,,12.541228971000237,12.556558488000064,15.32951699982732
628,8a1d8a28-5c24-4b40-a3a1-150c37e586a6,202,,12.56018470500021,12.575520388999848,15.335683999637695
629,8397af7a-4e4b-46cd-91cd-6e2266dfbb8c,202,,12.580188334000013,12.594714117999956,14.525783999943087
630,d8f08961-a8ad-4264-b31e-4063fe8ee57f,202,,12.60016475600014,12.61449050200008,14.325745999940409
631,bed6091f-46f2-414f-b6f9-33e91e79e55a,202,,12.620345714999985,12.63296566300005,12.619948000065051
632,01b3026b-854d-4053-8a56-54faab23ad6b,202,,12.640164973000083,12.653574155000115,13.40918200003216
633,9b53ddfb-f275-4228-9f78-d3a9bd3d305d,202,,12.660307724000177,12.673658365999927,13.350641999750223
634,e7e6b0cc-b74c-4496-a1de-286c95e3961f,202,,12.680229564000001,12.693331959999796,13.10239599979468
635,92779142-2c55-47cf-ad45-69998343b33c,202,,12.700163818999954,12.715822662999926,15.658843999972305
636,e60dc94c-910e-49e1-a0b4-b13fd8a49e85,202,,12.720169698000063,12.736610484999801,16.44078699973761
637,e96aaf43-52df-4576-95ed-4961954291cb,202,,12.74014953699998,12.752098832000229,11.949295000249549
638,5f620830-3fe7-4e48-8521-0c0a8b429e73,202,,12.76016883200009,12.775470933000179,15.302101000088442
639,6f6f9b35-6001-47f0-8188-620a00b9aad0,202,,12.780256335000104,12.793980760000068,13.724424999963958
640,b7c8eb6b-57b6-4d84-b71e-f30bc575849e,202,,12.800562666000133,12.811829309000132,11.266642999999021
641,faef3c2a-df75-447d-979b-595c8c778ab8,202,,12.820210803000009,12.830615713000043,10.404910000033851
642,04f29722-e32b-4461-8570-407697f91867,202,,12.840990832999978,12.850860754000223,9.869921000245085
643,4a264f1f-4902-4247-b193-0d7ec366248f,202,,12.860363392000181,12.869764156000201,9.40076400001999
644,785dbc4a-2502-40f6-bf9f-e9a74e7536d5,202,,12.881793824999932,12.892665309000222,10.871484000290366
645,01ee5c84-7441-4bd9-bfb7-8f5c92fbe80c,202,,12.900278736000018,12.91082151799992,10.542781999902218
646,20243999-b097-43f4-aa3a-cd796c9eb5ec,202,,12.921304256999974,12.932223444000101,10.91918700012684
647,2a42d559-40f1-4efb-b7a2-1de202954694,202,,12.940266775000055,12.949625536999974,9.358761999919807
648,ba43e566-cb0d-400b-bdfe-f0cd738084b9,202,,12.9609830899999,12.973274541000137,12.29145100023743
649,c7a3286b-ed98-43aa-a7fc-74177c104325,202,,12.981109083999854,12.993391577000239,12.28249300038442
650,509978b4-c01c-437b-8542-fafa443bf06a,202,,13.00023043300007,13.010626923000018,10.396489999948244
651,caef2f92-5fde-4a07-b20f-d1720e0f07c9,202,,13.020609546999822,13.03183326899989,11.223722000067937
652,db0ffced-7685-4578-aab0-ba6fb241f3c7,202,,13.041026201000022,13.05519148700023,14.165286000206834
653,25154f36-7a93-4ee2-b88c-9d57f23e8dad,202,,13.060274255999957,13.070065675000023,9.791419000066526
654,118b60d1-8bab-41ec-9453-524d585892a6,202,,13.080513996999798,13.090058379999846,9.544383000047674
655,f451941c-ba0c-48b6-b06c-15660f0029e2,202,,13.101029108000148,13.111026898000091,9.997789999943052
656,120a1ecf-6e1a-4434-8f40-368189406497,202,,13.121059938000144,13.133026978000089,11.967039999944973
657,8a8734c7-0281-41c2-8cd6-721850c20fec,202,,13.141099099999792,13.15213424400008,11.03514400028871
658,e7f65417-28ca-42ca-aeac-d44cf71e296d,202,,13.160358237999844,13.170698936999997,10.340699000153108
659,eb386672-e4c8-452d-87c2-73150d7c0997,202,,13.180282486000124,13.189768119999826,9.485633999702259
660,442a1111-078c-4a8f-bd4e-c385db51797b,202,,13.201143714999944,13.214941757999895,13.798042999951576
661,4c0d9f6c-aafc-42df-80c5-2cc3a2ffb7fe,202,,13.220566014999804,13.231020586999875,10.454572000071494
662,a554f28c-c443-4215-8df1-8009fd5ba09c,202,,13.240270600999793,13.25014851900005,9.877918000256614
663,5953c28f-09d9-484b-8a81-72c7f96cb469,202,,13.260351220999837,13.270209139000144,9.857918000307109
664,9935b07d-f2c3-45b3-8e4b-5a082f8934d0,202,,13.281049745000018,13.291548441000032,10.498696000013297
665,e12b63b4-b219-485f-b7f6-72ba0752e38a,202,,13.300275800000236,13.31026167400023,9.98587399999451
666,5404aabf-86b8-46bb-b07c-dcedd051da39,202,,13.320295380000061,13.336595120999846,16.299740999784262
667,62e73a02-eb96-4c28-a6ff-6d7881c84b9f,202,,13.340204462000202,13.357186397000078,16.981934999876103
668,57a33f05-6ccf-4835-acae-a378ebf56cac,202,,13.360247124000125,13.37758146799979,17.33434399966427
669,5c285292-4823-4382-ab6c-b7eb4e465aba,202,,13.380572321999807,13.41007620299979,29.503880999982357
670,b588ec01-fef4-42b6-92eb-17e21a999c39,202,,13.400214452,13.41752375499982,17.30930299981992
671,9c5c513b-291a-472a-a3de-ad2004a56813,202,,13.420155074999911,13.438113321999936,17.95824700002413
672,4e41ddd3-6c40-4079-80f8-0c112beb8cf8,202,,13.440340776000085,13.45442160499988,14.080828999794903
673,08e55d08-2b3c-4009-a2be-9dc314d087a4,202,,13.460332606000065,13.471532786999887,11.200180999821896
674,b2eb0f8a-7ffd-4ff0-8626-bc772790e2e2,202,,13.480181688999892,13.49368094700003,13.49925800013807
675,0d0b3c35-eb97-4016-9c14-47d6949b4c77,202,,13.500316266000027,13.51859100799993,18.2747419999032
676,4b3712e5-33a0-416e-a10d-2adf0aa4056a,202,,13.52023614000018,13.543461319000016,23.225178999837226
677,e1448c0f-a6d6-4838-8b5c-7bb30a54adf7,202,,13.540632920000007,13.565216071000123,24.583151000115322
678,90df19ce-badf-4181-b13d-74a481911d89,202,,13.56041292100008,13.575789890000124,15.376969000044483
679,913c7b4b-ecfd-475e-8e71-6ede04ad66b9,202,,13.580203464000078,13.601930841000012,21.727376999933767
680,6a7b8e21-d76b-4ac2-bece-6c6c1ee8701e,202,,13.600500745999852,13.615802549999898,15.301804000046104
681,ef8aa814-5856-4556-9c06-6f1aa4e48c64,202,,13.620250039999974,13.634638445999826,14.388405999852694
682,5d436575-14ca-4a52-bb19-43bc84d78447,202,,13.640210371000194,13.653215098000146,13.004726999952254
683,336fa868-9181-4e05-af14-3b129fe657ab,202,,13.660392155999943,13.678231947999848,17.839791999904264
684,07619819-6b2e-48d2-9cc8-41cd6948a623,202,,13.680196197999976,13.695682540000234,15.486342000258446
685,d04865d4-ba79-483d-bcc5-c82a53109522,202,,13.700265152000156,13.713124673000038,12.85952099988208
686,4b689ecd-58a0-4280-adf6-5afa3a8cdb10,202,,13.7202253989999,13.733803405999879,13.578006999978243
687,6a8c2845-2f1c-4d15-8118-a520c89e8c04,202,,13.740199230000144,13.755664447000072,15.465216999928089
688,1422ec98-4318-4aa5-a405-affc811764eb,202,,13.760200809999787,13.773703318000116,13.502508000328817
689,d7c27c65-ce4c-42c5-a9cb-89beae138928,202,,13.78097195700002,13.796643960999972,15.672003999952722
690,c661164c-d595-4b1f-bb26-95ebcdd35c22,202,,13.800181887000235,13.814923369000098,14.741481999863026
691,eeec1690-bd3d-41c9-a593-f36ff38cac1e,202,,13.820307005999894,13.836048259000108,15.741253000214783
692,02a66997-be5b-4e8b-b856-d2336c595e07,202,,13.840553165000074,13.85528627199983,14.733106999756274
693,fa5e1a7e-b572-4368-8942-695a73321d4b,202,,13.860170252999978,13.879462098000204,19.291845000225294
694,43a410ee-34be-4e54-8773-3da857b8d787,202,,13.88013812500003,13.891878920000181,11.740795000150683
695,540c6147-f7cc-4f6a-9c5d-75959d93ea87,202,,13.900415782999971,13.910459530000026,10.043747000054282
696,e2b21dff-ce63-492f-bfec-38a888e4f295,202,,13.920309152999835,13.930519768000067,10.210615000232792
697,52373e05-cea3-4b17-a8c8-8e86915e700d,202,,13.940388890000122,13.951116243999877,10.727353999754996
698,821fd0d6-d39d-4353-a92e-8c5a7a9837c0,202,,13.960276423999858,13.969457101999978,9.180678000120679
699,c7db997f-8f17-4d4c-9127-9b6ad42b60c3,202,,13.98093098199979,13.990121285999976,9.190304000185279
700,27076ad9-2291-4d97-961e-dfce5673ff66,202,,14.00052677199983,14.009944279000138,9.417507000307523
701,d9b9ec6c-0aa6-4222-bf48-f75eda158a9a,202,,14.020514928000011,14.031640773000163,11.125845000151457
702,8f64607a-46e4-4f40-9eb1-1bb19564ae53,202,,14.040276588999859,14.049984547999884,9.707959000024857
703,6fda1dae-4204-4c4e-9243-9e9aa69b4f47,202,,14.06112260100008,14.074688812000204,13.566211000124895
704,dfc8aea9-4ba1-4c83-81b9-26b5170187af,202,,14.080325898999945,14.090032233999864,9.706334999918909
705,961263a7-278d-4200-bc6e-751d4af4adc8,202,,14.100718671999857,14.112570835000042,11.8521630001851
706,6331d616-d61c-4019-bc01-7b7a79a6462d,202,,14.12079228399989,14.144258366000031,23.466082000140887
707,95496166-2a6d-4dbb-8c34-20e6b16a9e04,202,,14.140269534999788,14.16058355899986,20.314024000072095
708,3828c469-0a4c-4c08-bc35-e6376a470448,202,,14.16035027199996,14.177565570999832,17.215298999872175
709,8c9b4e46-d4b4-46c5-a313-60ff5816f92e,202,,14.180264096999963,14.193899138000234,13.635041000270576
710,4f77f48f-d717-4e55-8047-c4e2823c4ee8,202,,14.200303127000097,14.2110789379999,10.77581099980307
711,e1bb168e-b95c-421e-b227-17e02d9119cb,202,,14.220350489999873,14.231310172000121,10.959682000247994
712,03747f28-f051-4eda-9b5f-7b96ba9b26ac,202,,14.240581306999957,14.250847005000196,10.265698000239354
713,e6b3dd90-1900-4736-b6a1-29fcec68ff2d,202,,14.260413257999971,14.277739263000058,17.326005000086298
714,22de0be4-bba1-4e50-97be-9906daed6c9e,202,,14.280303749999803,14.290199787999882,9.896038000078988
715,518071b0-f03a-464d-96bc-2770cc0bc140,202,,14.30034423799998,14.312859886999831,12.515648999851692
716,7f063ee1-a803-4673-b5cd-4d4a068f5f7f,202,,14.320729761000166,14.333495613000196,12.765852000029554
717,b51b6ca2-fde2-4b9b-a0d5-0909347bd58c,202,,14.340182136999829,14.360998191999897,20.816055000068445
718,efd630f1-088d-42fd-b21f-d27887d9f291,202,,14.361180687999877,14.376164158999927,14.983471000050486
719,af770259-8218-46ff-89cf-c6eab34fa716,202,,14.380207573000007,14.394074776999787,13.867203999780031
720,c05b57cf-24af-4226-8825-2526b91f859f,202,,14.400178687999869,14.41424630399979,14.067615999920235
721,c92c667d-133b-434d-aa85-f69b9e7a6e87,202,,14.420194135000202,14.43109960999982,10.905474999617581
722,4345d141-4bbc-4a53-84e2-f44762705444,202,,14.440291289000015,14.451888915999916,11.597626999900967
723,e6aec667-03bf-4556-8048-642398cc24a9,202,,14.4602230710002,14.473110128999906,12.887057999705576
724,cf6b97e1-21f5-4e02-8887-d194f136707e,202,,14.48017481099987,14.493781520000084,13.606709000214323
725,4edf3341-37cf-4b6d-bb79-a903c5a437d9,202,,14.500329505000082,14.513303894999808,12.974389999726554
726,e8634f5d-465b-48c7-9065-bdc6cc7d8e6f,202,,14.520149332000074,14.536095199000101,15.945867000027647
727,1ae30964-8fbb-4e2b-b54b-c71197dd5e2c,202,,14.540178862000175,14.555145208999875,14.966346999699454
728,7fc8aef4-bf6f-4eb4-8077-58bdb5f62027,202,,14.560166268000103,14.578858369000045,18.69210099994234
729,acb3784b-c7a9-4a7f-814b-8aabf45842e9,202,,14.580230963999838,14.591688260999945,11.457297000106337
730,4bedd4de-7757-4141-b5f5-dc29bb93268f,202,,14.600591321000138,14.626891133999834,26.29981299969586
731,4845b6c5-2f98-4440-a339-43aade2931f3,202,,14.621103674000096,14.637459116000173,16.355442000076437
732,85ca4b51-305e-4ab1-9c50-b4762d443495,202,,14.64030868000009,14.654830453000159,14.521773000069516
733,8098dfc4-fa49-4733-b04d-d4c2112c3063,202,,14.660213296000165,14.672320745999968,12.107449999803066
734,639ba51e-cada-46f4-ac3f-e4332ef3c07c,202,,14.680599901999813,14.692489356999886,11.889455000073212
735,2afc467f-83cc-4572-a356-490e00d14277,202,,14.70021481599997,14.713408034000167,13.193218000196794
736,b2f5d984-32fc-419f-94b8-65fb399347d0,202,,14.720192139000119,14.732122092999816,11.929953999697318
737,d771b10c-7942-4845-a591-a7f27d567f24,202,,14.740284252000038,14.759656670999902,19.37241899986475
738,fd9bf1e1-0044-4da2-8365-d66d1f93f174,202,,14.760217284000191,14.781702700000096,21.485415999904944
739,0821c8a5-d912-4279-80c3-7e22d989c40e,202,,14.781216752000091,14.803970765000031,22.754012999939732
740,ca9bcb06-6422-4db6-ba52-200df221b55e,202,,14.800207886999942,14.828444742000102,28.236855000159267
741,54717b44-c22d-4484-83d4-0638ff0b20aa,202,,14.82028795799988,14.832556028999988,12.268071000107739
742,9d3b97d4-6be9-4c8e-b2e6-e18b082bfb0d,202,,14.840201782999884,14.852499019999868,12.297236999984307
743,4bde7d8d-7d7b-4768-aa4d-570573d563fd,202,,14.860218770999836,14.873250742999971,13.031972000135283
744,f9ba3056-6916-4025-a3fa-7b42f0c39d61,202,,14.88039975699985,14.891312232000018,10.912475000168342
745,00dadccc-f5c9-406a-b72f-83ad8ea079c4,202,,14.90073498899983,14.90992637599993,9.191387000100804
746,3b0c2109-f4bc-424b-b0cd-bd1283d53e40,202,,14.921532206999927,14.931642694999937,10.110488000009354
747,7df59302-6443-4d91-abde-518273cc7eac,202,,14.940710039999885,15.371212302000004,430.5022620001182
748,c4f2a6fd-407f-4a45-8c47-9b6b9e5b17a6,202,,14.960973806999846,15.376631350000025,415.65754300017943
749,e5113c43-a764-4da9-b53c-f536f1ef42cd,202,,14.980661087000044,15.389519027999995,408.8579409999511
750,8d011c4d-0453-43fc-9c40-0517e3cefc28,202,,15.000792358000126,15.396835660999841,396.0433029997148
751,e0278885-6b41-413a-a260-2d599ec40453,202,,15.02053892799995,15.406166290999863,385.6273629999123
752,884514a3-a30c-4378-b130-33f82c61a488,202,,15.042575366000165,15.416993763999926,374.4183979997615
753,e63a90d4-4667-4e5b-b239-421dcb524627,202,,15.060256939999817,15.421457999999802,361.20105999998486
754,0cf5ee1c-4f70-4a5c-9fca-57d797b5295f,202,,15.08279011600007,15.42706396199992,344.2738459998509
755,ea019b19-d5a6-4870-9048-471abf35e42c,202,,15.105639910999798,15.435741315000087,330.1014040002883
756,f2081a7b-0be8-47cf-ba40-c382be31199d,202,,15.138930645000073,15.477387076000014,338.4564309999405
757,4101b46c-590b-43b5-b106-7a40d83fb545,202,,15.144231697000123,15.458913144000235,314.6814470001118
758,3451010a-0771-4d8f-8934-58774f588456,202,,15.160562924999795,15.47844384400014,317.8809190003449
759,c7520b21-f5ef-4d48-b3c4-fbea45dd3a95,202,,15.180889858000228,15.478605506999884,297.71564899965597
760,87e7512c-1a36-49a2-8f4a-b766b1dad51f,202,,15.200879005999923,15.488055343999804,287.17633799988107
761,0d1e92d6-d737-43b5-a6c8-9e92c1294cf4,202,,15.221223354999893,15.498101000000133,276.8776450002406
762,68c42cd9-6599-46fd-85b3-f0a5a0acc837,202,,15.240193693000037,15.502539153999805,262.34546099976797
763,73b1237a-0d84-4786-a314-ecef17ba7a59,202,,15.262111466000079,15.516511974999958,254.4005089998791
764,f7664102-dc4b-4d04-9022-f848b3467b16,202,,15.280902390999927,15.520226226999966,239.3238360000396
765,4e6aefa0-14dc-46ca-89b7-86cd3edfca04,202,,15.301258989999951,15.52632617800009,225.06718800013914
766,b6ab123e-9dd6-4fdd-9c2b-c6b3a7303e4c,202,,15.320427906000077,15.53707552700007,216.6476209999928
767,129a53ae-84e2-4187-a3ba-27c310aa80e8,202,,15.345077370000126,15.542535200000202,197.45783000007577
768,4922eee6-b717-42b5-9aa6-ffa5ea04d75d,202,,15.445218400000158,15.56258722299981,117.36882299965146
769,bbb1eb48-8b58-4be4-8a22-e5207eeb59d0,202,,15.445348397000089,15.587998420000076,142.6500229999874
770,c1d8be10-383c-4c9d-a062-00dc51585783,202,,15.445437395000226,15.592012790999888,146.57539599966185
771,b2a01e4c-8a71-4303-8913-4bd97bdf7573,202,,15.445496768999874,15.587914587999876,142.41781900000205
772,8a0dc198-5402-4aef-90f2-b454f3c174a7,202,,15.4464209570001,15.60342916799982,157.00821099972018
773,75fbc7e5-f2d9-45ce-a541-4aa128a79412,202,,15.462012951999895,15.587785923999945,125.77297200004978
774,ac2dfffa-0104-4573-b3fd-222e8a50e1e9,202,,15.480291220999788,15.611829110000144,131.5378890003558
775,b3e2af3a-6aca-4e02-ae2b-f1f7a86dbcd4,202,,15.500304410999888,15.624320087999877,124.0156769999885
776,8dd80bac-56ca-4cf1-9ba7-f7ef07dad44a,202,,15.520337016000212,15.633733632999792,113.39661699958015
777,de029aa6-31c5-4b01-aeb2-30f3a67cb82f,202,,15.540352913999868,15.638438448000215,98.08553400034725
778,16e537a6-929e-44f7-a030-3e9101256eae,202,,15.5602031909998,15.64479460099983,84.59141000003001
779,1b10f997-6dfe-465e-9d5e-a2ca9cb3b163,202,,15.581526019000194,15.654551639000147,73.02561999995305
780,654716a3-f1cf-493e-90bd-817093ea260a,202,,15.600420400000075,15.655966567000178,55.54616700010229
781,3e751933-fb92-4cf0-ab95-cf5c32793a01,202,,15.620302134000212,15.65677767399984,36.47553999962838
782,feae8341-c0ed-43ed-80c7-0fdba5a04b75,202,,15.641007350000109,15.667325278000135,26.31792800002586
783,a49a6a9d-6f01-4b26-a6af-ac5ef75bbce1,202,,15.660158974999831,15.67241416700017,12.255192000338866
784,b5594e63-90a6-4b8f-9495-90739705f15d,202,,15.680447992000154,15.693061009999838,12.613017999683507
785,a33dd9bb-dc7d-42fa-94f4-ad1ddb2b7bd2,202,,15.700292185999842,15.71588188800024,15.589702000397665
786,b78c47e2-30f2-487d-9990-48fc0a429eba,202,,15.720211460999963,15.734025577000011,13.81411600004867
787,92a12bc8-e749-4b0e-96a3-7b476ae16e5d,202,,15.740167444000235,15.75195456199981,11.787117999574548
788,eb31d8ff-40b6-4d5b-afcf-8aac216cdded,202,,15.760293839000042,15.771728881999934,11.435042999892175
789,4ce604d8-5ead-48ba-8194-82be3a729b27,202,,15.780285446000107,15.794150852999792,13.865406999684637
790,a36b1cda-f5f9-436e-b1df-69c19a54e4ce,202,,15.800182930000119,15.811530266999853,11.34733699973367
791,bb73c7fe-6594-4382-977a-82fdce302388,202,,15.820202160999997,15.831842907999999,11.640747000001284
792,da104534-8851-44f1-bf09-6eed13317584,202,,15.840168018999975,15.851922429999831,11.75441099985619
793,2979792a-68c6-419e-908c-a512b773215c,202,,15.860181375000138,15.876680932999989,16.499557999850367
794,77c075ce-af1f-4340-979c-c16db30d5f3a,202,,15.880351644999791,15.900166630000058,19.81498500026646
795,5934ae2d-b07c-4b12-9b9f-b4c2be83fa86,202,,15.90034391800009,15.918371481000122,18.027563000032387
796,44fdd8a7-dfd7-4bb2-97e0-1062b0e16c48,202,,15.920247522999944,15.932998700000098,12.751177000154712
797,4a213f9e-f463-496d-bd02-8cff558ec908,202,,15.940218539999933,15.960907415999827,20.688875999894663
798,7b5d66de-490e-4480-a04d-52c64684af79,202,,15.960628546999942,15.97808495199979,17.45640499984802
799,75b3de23-46fb-41a1-ba48-9dcc89385c3a,202,,15.980224654999802,15.993152286000168,12.927631000366091
800,74241507-653d-4a0d-bf6d-36c83f8df51a,202,,16.00149247599984,16.016709556000023,15.217080000184069
801,2da3264e-720d-489c-868c-06111e695e90,202,,16.02060001200016,16.040299576000052,19.699563999893144
802,48e2d414-a55c-4e0d-8d16-9b6fce2be084,202,,16.04033474200014,16.054226434000157,13.89169200001561
803,45d83908-679d-460a-8800-83f5e7cd911b,202,,16.060226302000046,16.070601780999823,10.375478999776533
804,b8b4c311-6207-4b1a-8d64-54107d85c56a,202,,16.08032673200023,16.089830687999893,9.50395599966214
805,59e0dfdb-c6f8-4f00-8726-7cc7d30252cf,202,,16.10054957600005,16.119816607999837,19.267031999788742
806,716def4c-02ba-4325-b73c-a66c62b16de0,202,,16.12039872100013,16.132664949000173,12.266228000044066
807,d975336f-19c2-493d-848d-fd6ff4e7411f,202,,16.140731353999854,16.151852150000195,11.120796000341215
808,7982a047-ec0f-4bbd-89f7-5d8d749cb7e9,202,,16.16025392199981,16.173787205999815,13.533284000004642
809,8a62b6f5-f471-43ca-9cbd-2749d2df12b8,202,,16.181059836999793,16.19385826200005,12.79842500025552
810,76f5d63d-08d1-47eb-84ce-4c7ae352347a,202,,16.200302661000023,16.211596827999983,11.294166999959998
811,3f066442-d930-437b-9cef-f96c949389ad,202,,16.22030296899993,16.232348785999875,12.045816999943781
812,92e19003-0285-44e8-a0ab-29fbec87e4db,202,,16.24113325799999,16.25302807800017,11.894820000179607
813,3ecdcf3e-2f26-4ebe-8a65-5d60e886571d,202,,16.26072378300023,16.272127155999897,11.403372999666317
814,72b22b13-791b-4672-a52a-fbf268413669,202,,16.280312515999867,16.290184339999996,9.871824000128981
815,61f7457c-2f11-4791-8e0a-2f019fc7c7cb,202,,16.300315116000093,16.315130621000208,14.815505000115081
816,93030c63-89c0-42d9-a749-7ca15bd09496,202,,16.320298298000125,16.33449977600003,14.201477999904455
817,2e64c739-5c45-438d-aaf8-d7eef520d393,202,,16.34035948000019,16.355573892999928,15.21441299973958
818,929639e8-260a-4609-94ae-59eeaa25e371,202,,16.36033141300004,16.37207036200016,11.738949000118737
819,f51319b2-1024-4f47-b4f2-6401298fb171,202,,16.38082466800006,16.39089636200015,10.071694000089337
820,3f7d0555-fee3-430b-b8ee-e4f96e2006af,202,,16.40086243299993,16.41217268299988,11.310249999951338
821,3c4de8ca-2d3d-462f-8838-ba0f4839524f,202,,16.420333086000028,16.431952578000164,11.619492000136233
822,1fd0aae2-62d6-4920-9464-cd3ad7b339b4,202,,16.44058955399987,16.450481251999918,9.891698000046745
823,723ec81c-cf45-4d03-85bd-7f9346940625,202,,16.460827522999807,16.47142287199995,10.595349000141141
824,93504bfa-ab42-45c8-b9fc-3d6825bfc571,202,,16.48032646699994,16.489922171000217,9.595704000275873
825,8da17065-c3b4-4511-a767-26d36d8a7560,202,,16.50034544099981,16.51171277200001,11.367331000201375
826,c4def078-f554-4c68-a356-d6174c1daa9c,202,,16.520350790000066,16.530201155000213,9.850365000147576
827,63ca2579-a07c-49c6-95b9-cfba1d760bd5,202,,16.54105874800007,16.5506457030001,9.586955000031594
828,ba796514-6621-4f5c-8f22-b682f158c3f5,202,,16.56143367200002,16.581723349000185,20.289677000164374
829,33d2a022-9ed8-45d9-9615-38dcaf1d124d,202,,16.58019963200013,16.593104096999923,12.904464999792253
830,465d1560-1509-4e56-915c-4c09370c250a,202,,16.600301562999903,16.616981527000007,16.67996400010452
831,348d172c-d0a7-49b9-a061-9339fd38bf28,202,,16.620259454000006,16.638118226000188,17.85877200018149
832,ce5f8d1d-1411-4688-be6d-6788609cc589,202,,16.640424050000092,16.662087445999987,21.66339599989442
833,93b8e500-e795-4527-a2ec-f89050eafdb4,202,,16.661656747000052,16.686110206000194,24.453459000142175
834,e8294cca-af04-4bff-a5bb-28efc40e68fb,202,,16.681405851999898,16.699153084000045,17.74723200014705
835,9cc51d37-dc5c-4555-bcfb-48c142cc4d38,202,,16.700157936999858,16.718961062999824,18.80312599996614
836,876bab1b-7ec0-4f09-a2c4-0466f8c8b6b1,202,,16.720180702000107,16.737782896000226,17.602194000119198
837,ec0d5889-36f7-4243-be7a-fe6602346b19,202,,16.74015988500014,16.75756579200015,17.40590700001121
838,ffd63319-0713-4233-82d6-02f494a4e57e,202,,16.760170068000207,16.779010484000082,18.840415999875404
839,5810a403-4258-4499-a5f7-b4fbd530b295,202,,16.78017545900002,16.79460901399989,14.433554999868647
840,a7cfd635-7f38-4314-af72-515c9c58bb1c,202,,16.800284138999814,16.81759421400011,17.31007500029591
841,dc65ef01-d51e-4a74-a887-346b7db51e14,202,,16.820174573999793,16.83547640200004,15.301828000247042
842,382fd694-81ec-41ba-bcc8-4294e1051b3c,202,,16.84028096200018,16.87101474100018,30.73377900000196
843,01e3f7d5-05a6-4565-b6a6-9c778a37be9d,202,,16.860266603000127,16.881160058000205,20.893455000077665
844,ea133918-f665-473a-be4e-c1a6f8d07f09,202,,16.8804969480002,16.89709632999984,16.599381999640173
845,ff707136-2912-45d0-b778-1f2de5d9b125,202,,16.900233844000013,16.920443059999798,20.209215999784647
846,a1b453e6-7485-446a-a729-dcb7fc532521,202,,16.920226981999804,16.936630237999907,16.403256000103283
847,9fbbd006-43f2-4a73-a427-2daf69db2a6e,202,,16.940171616000043,16.953238572999908,13.066956999864487
848,72ecedaf-9a1d-4bf5-866b-db35bb3b6d6f,202,,16.96020899899986,16.974728298000173,14.519299000312458
849,258270bd-62f8-45d2-9903-a0c142dc844b,202,,16.98026100600009,16.998739133000072,18.478126999980304
850,8006841e-69c7-49f3-9a4b-6a79d8e57476,202,,17.000235390999933,17.029803641999933,29.5682510000006
851,fcda87e3-17c7-4d37-9a30-b7e407bb72f9,202,,17.020326771999862,17.036231788999885,15.90501700002278
852,04c89a9f-1def-4981-b760-0ba2cc713f3f,202,,17.040266906999932,17.058318793000126,18.051886000193917
853,84dd1abe-52a3-4f56-8014-30eb14ee378e,202,,17.06017679200022,17.07512983100014,14.953038999919954
854,003f5512-4133-4ab4-a702-efb10a2f5a87,202,,17.080301923000206,17.094481938000172,14.180014999965351
855,49b32d5e-0382-46f0-b9bd-cd551e2698b3,202,,17.100243557999875,17.11307972800023,12.836170000355196
856,a2aa1769-b711-4d66-8be7-376829507e98,202,,17.120217609000065,17.13237054399997,12.152934999903664
857,373ba86a-5fa3-468b-8ad1-5e8182b6ef6b,202,,17.1403086979999,17.151572987000236,11.264289000337158
858,8686ef77-83ad-4f13-b5d6-98d3d1a01bc5,202,,17.160226667000188,17.177151662000142,16.924994999953924
859,6fb61818-b133-41e4-9792-33b198249d83,202,,17.181546354000147,17.195359084999836,13.812730999688938
860,6e515f3a-aa82-48c4-b2ff-1652127617d9,202,,17.200312223999845,17.211612845000218,11.300621000373212
861,0050c40a-6dc9-4bf3-a881-6d3f456b7dc1,202,,17.220289815999877,17.229986223000196,9.696407000319596
862,6cf80d17-d9cb-4f4c-8647-45735ec0c9e3,202,,17.240167619000204,17.252295762999893,12.1281439996892
863,e0bbbbb1-7df4-4cb8-9857-a594c26add4e,202,,17.260261417000038,17.26988782599983,9.626408999793057
864,3ad3af4d-7775-4110-9872-769d7d06822a,202,,17.28269462099979,17.300059522000083,17.364901000291866
865,0d4571e7-0479-4d05-857b-ae9d491a21ff,202,,17.300191269000152,17.33070929099995,30.518021999796474
866,d4b8033b-9334-49de-9ee7-f41fbfa66681,202,,17.320519229000183,17.34211461799987,21.595388999685383
867,bf06845d-5f1f-4a57-a658-34e589a10a28,202,,17.3402779930002,17.354836997999882,14.559004999682656
868,ccf547d0-49c7-464d-9f88-72bc64f64775,202,,17.361205605000123,17.383069904999957,21.864299999833747
869,37600cac-f9d3-4a78-a625-65de274550b7,202,,17.380245468999874,17.437205188000007,56.95971900013319
870,b799373c-339f-4cec-899a-f7d3fc62a53d,202,,17.40036310000005,17.481963638999787,81.60053899973718
871,ede7d624-9d54-4f41-aa33-63356ce6ea7a,202,,17.420595435999985,17.508515334000094,87.91989800010924
872,d877fbd8-a3cd-4148-ad3e-c1e8b1feb85f,202,,17.44094710299987,17.516025248000005,75.0781450001341
873,6c4f0bd0-1143-4c7d-b11b-9c22c221e956,202,,17.460535704999984,17.52191457400022,61.37886900023659
874,6dc76490-263c-4f4f-a657-5d53b5a94b4a,202,,17.480298677000064,17.527927980000186,47.62930300012158
875,79bb70fd-ca78-4213-b3a5-f53c560ba358,202,,17.50079688200003,17.527305036000143,26.508154000111972
876,4285de48-82a9-4c7a-81f9-ebcc529878c2,202,,17.52039931599984,17.53312928000014,12.729964000300242
877,b700967d-c585-4256-ba63-f087dd88a573,202,,17.54032082699996,17.55475487700005,14.434050000090792
878,7d3ea5e7-02fb-4857-b65d-faf33d903279,202,,17.560349751000103,17.57442781000009,14.078058999984933
879,6feeaa5e-6920-4a43-ada7-96a4d8eb817d,202,,17.580406550000134,17.60977209800012,29.36554799998703
880,bff5eddb-9d08-457f-a2ba-25aa6cb2f6a7,202,,17.600367142999858,17.65397497899994,53.6078360000829
881,8571a273-638a-49c7-add8-326d6d6699e4,202,,17.621002678999957,17.68466203900016,63.65936000020156
882,cb5fb263-5c67-4115-bff6-dd4cee8d0576,202,,17.640397158999804,17.69085181599985,50.4546570000457
883,8ad0bb0d-3a98-4d66-97e7-3b2723b4b229,202,,17.6671774739998,17.699867405000077,32.689931000277284
884,078724d8-df08-41e1-b0c7-3eaf78c080af,202,,17.684323546000087,17.714825776999987,30.50223099990035
885,4a987911-4ad6-45f4-9e5c-1db07dd9a440,202,,17.700210106000213,17.73355181399984,33.341707999625214
886,fb0e0d76-0da5-4066-b9e6-c88a098c26ce,202,,17.720406609999827,17.750319894999848,29.91328500002055
887,ccf0fb23-6ba0-4c8b-83c1-a4fc05bfbd92,202,,17.74047419999988,17.764064878000227,23.590678000346088
888,b28941bb-dce0-4ae1-95a4-abfe2285628b,202,,17.762037923000207,17.783444316999976,21.406393999768625
889,c9ab35b8-099c-4456-8382-7642e5195c48,202,,17.78140552900004,17.840160749999995,58.75522099995578
890,9c3c68c8-688a-4e69-be26-a852cf96f740,202,,17.80283308900016,17.85226218600019,49.42909700002929
891,55812c90-a7d4-40bb-8340-6ade85fb334d,202,,17.82066964600017,17.856409801000154,35.74015499998495
892,95cf84ed-c9e1-4bb9-9f51-92cd0e91bbc5,202,,17.841251849999935,17.8689279780001,27.6761280001665
893,e883da5a-255d-4ef3-9c9d-f305f8de06ab,202,,17.860410543999933,17.888117045999934,27.70650200000091
894,75fe0013-a799-4390-b22c-c5ea5efe9a69,202,,17.880199432000154,17.908067014000153,27.867581999998947
895,1b73150e-6e67-42d4-a796-1740cbdafa39,202,,17.90019881599983,17.917480758000238,17.28194200040889
896,fe5e7ccb-2bff-4268-a571-86c407d70fe8,202,,17.920332943000176,17.93149660400013,11.163660999955027
897,d651a93e-62ae-496c-b750-15c0606e20de,202,,17.940318902999934,17.95541647400023,15.097571000296739
898,b0371aa5-0b66-4c67-8a27-c80be8f814c7,202,,17.9606018139998,17.981742955999835,21.141142000033142
899,ef381a22-5248-4580-b9dd-e28c8b21e31d,202,,17.98055615000021,18.01219846799995,31.642317999740044
900,fe6c08bc-a3e3-4771-915c-8f725ce4b092,202,,18.00186087100019,18.024259234000056,22.39836299986564
901,7ce863fe-f784-4de4-8232-e964113847be,202,,18.020245200999852,18.053851766000207,33.60656500035475
902,29ef0f7a-d481-4aaa-9293-8c0dfdca46c0,202,,18.042117034000057,18.084220362999986,42.103328999928635
903,8a7833fd-09f3-411c-baac-e3e0b09aaa36,202,,18.06113780800024,18.108371935999912,47.23412799967264
904,0099332b-86fb-46cd-a6d3-023514a07b41,202,,18.080321619000188,18.122957645000042,42.63602599985461
905,78bd8f45-2dbc-44d8-8556-e9bf0b1542d6,202,,18.104148616000202,18.143012853000073,38.86423699987063
906,715d7372-8504-4e5d-9455-f8e2ccfbe45b,202,,18.12034516299991,18.15246401200011,32.11884900019868
907,8f6b11d1-eaf3-4e18-b30a-e93384fb0caf,202,,18.14019295900016,18.164661024999987,24.46806599982665
908,56563253-b2ff-4592-a02c-16218897c8e4,202,,18.160359081000024,18.17721540399998,16.85632299995632
909,97dc9907-dfcc-42ad-98e2-14a581442a31,202,,18.180235627000002,18.196494797000014,16.25917000001209
910,ae6708b9-387f-4ec5-b749-f4181f20278e,202,,18.200394250000045,18.218754247000106,18.359997000061412
911,7455d5c5-9745-46e6-8767-a073022c24a5,202,,18.220184131000224,18.238866286999837,18.682155999613315
912,a54c0cc1-c404-46df-bf7f-cc01385d9f11,202,,18.240341377999812,18.25847779700007,18.136419000256865
913,f4aa2b06-c191-42cc-b89d-8f58ff095bdc,202,,18.260642663999988,18.27599635500019,15.353691000200342
914,d06b1142-8c32-4f34-9c7c-ea7a83069e4b,202,,18.28122731900021,18.303107527000066,21.880207999856793
915,bfc2da34-6d38-40a2-9cba-bad3eff0202f,202,,18.3002555500002,18.331664165999882,31.408615999680478
916,ee88b7cf-11ea-48ee-bf70-37d464073009,202,,18.32022142699998,18.339757397000085,19.535970000106317
917,6b4ca7b6-2c35-4741-b0a3-5d83af5c94fc,202,,18.3402473860001,18.352870473000166,12.623087000065425
918,8f1cc99e-126a-402d-b148-3e6a802bafb9,202,,18.360259470000074,18.378071772000112,17.81230200003847
919,a4958f4e-7513-4ed4-bca2-586a729e54d9,202,,18.380191057000047,18.390455530000054,10.264473000006546
920,2a512648-1c38-40e5-b94d-d4209b5c1d49,202,,18.400226057000054,18.44605325900011,45.82720200005497
921,08a1080b-d072-48d6-aca8-afbdec8ab9ce,202,,18.42099562400017,18.491197103000104,70.2014789999339
922,c0527f98-5d7e-4b85-bd11-621bf6fa3de5,202,,18.440890794000097,18.49370996200014,52.81916800004183
923,e1668f6c-bf47-4d6a-bcfe-167a74803897,202,,18.461403492000045,18.599336505999872,137.93301399982738
924,35aa8a93-8c1b-4d60-acae-31dd96735d8b,202,,18.480749424999885,18.605425116999868,124.67569199998252
925,be66b897-058d-4e1f-b8d3-57694d828dbc,202,,18.50391939500014,18.684235565000108,180.31616999996913
926,e037b17e-16b1-446c-9dc9-22eb62771659,202,,18.52665720899995,18.698592612000084,171.9354030001341
927,fe18764e-75d2-4664-aab6-dcb20e03295d,202,,18.540521100000205,18.714947904999917,174.42680499971175
928,f2be8b05-6fa8-45eb-921f-ab4ff028148e,202,,18.561619450999842,18.686265726999864,124.64627600002132
929,c49e044f-610f-40fa-b3d9-5c78f9c34c21,202,,18.583119000999886,18.726121190999947,143.0021900000611
930,5647b42d-7d67-4856-8a59-a89873b74d79,202,,18.60321166699987,18.73659570200016,133.38403500029017
931,2a5a9774-e9a5-4c6e-b9dd-74635a355b7a,202,,18.62052322999989,18.765232921999996,144.70969200010586
932,3d7b8663-7fb1-41b4-8f2b-f41700036ce6,202,,18.64274388900003,18.785200091000206,142.45620200017584
933,60a08ccf-5e20-4cb5-a635-a6b100342b6d,202,,18.661800994999794,18.824449652000112,162.64865700031805
934,15248f4f-0edb-4484-aeb3-86ed23bbc6fb,202,,18.683158048000223,18.835314487000232,152.1564390000094
935,37825df7-0cd3-4407-8a22-5788f3ce56e4,202,,18.7002734900002,18.844147868000164,143.87437799996405
936,bf3c8d3c-b7f5-4e69-ac8f-cc5258f27c1b,202,,18.721452755999962,18.855780518999836,134.3277629998738
937,5a7b003d-eade-4295-991f-fd2eb09066e6,202,,18.740730815000006,18.87368227600018,132.9514610001752
938,bc83de6a-a36b-4835-8967-347793b25d58,202,,18.7614962990001,18.877767265999864,116.27096699976391
939,b2cd08bd-5e50-41ac-b9cf-f4393f0a17c8,202,,18.780890605999957,18.890727553000033,109.83694700007618
940,ae112eff-711d-4994-bac7-b4417d255c70,202,,18.802692816000217,18.898028887000237,95.33607100001973
941,64188a2d-6b50-4369-985d-35c19e1d4299,202,,18.822084456000084,18.918866781999895,96.78232599981129
942,5ec234ee-2c60-488c-acbe-af940d281e83,202,,18.840288706000138,18.917943511999965,77.65480599982766
943,54ca09e4-73da-4a2c-b0b1-2b6728a2ec53,202,,18.86049312000023,18.925301465999837,64.80834599960872
944,6428e992-bbb0-4a3f-8d76-d8fd4918fbba,202,,18.880239959999926,18.931166913000197,50.92695300027117
945,0d771741-455a-44d3-a964-b54993a67863,202,,18.900957777999793,18.945551746000092,44.593968000299355
946,492a0fb3-f234-44d9-9f63-1dd5ee165982,202,,18.920474661999833,18.953280775000167,32.806113000333426
947,ba62aebe-5670-42c9-9bb2-1ccc6812aecb,202,,18.94196078799996,18.957509010000194,15.548222000234091
948,845b5fe3-f820-487e-91ac-c3e0dde6f269,202,,18.96023723799999,18.974452740999823,14.215502999832097
949,0bd0f7ea-0d50-4823-bbdd-6ffe737f1ffb,202,,18.980206441000064,18.994564899000125,14.358458000060637
950,4a524446-a513-4cbb-8c6b-ccec7901de8c,202,,19.000196434999907,19.022816868000064,22.62043300015648
951,03af8297-e3fc-4099-a49e-33ab72cac65f,202,,19.02027751100013,19.03836746600018,18.089955000050395
952,5f6bf362-04d6-45e0-afe1-1b9366142bb0,202,,19.040154423999866,19.056044346999897,15.889923000031558
953,7abf0f57-997a-48ca-a464-d9b201cc5078,202,,19.060221457999887,19.075296191000234,15.074733000346896
954,b12e508b-37e4-4781-b3ea-cca42c7f3d0c,202,,19.08026236800015,19.09307240399994,12.81003599979158
955,aa4d634a-4f19-48b2-950c-aea328c14bc8,202,,19.100578729000063,19.121930775000237,21.352046000174596
956,26ce2208-3079-482c-a3ab-92b40a42c03b,202,,19.12060488899988,19.133423882999978,12.818994000099337
957,81083b55-1549-4d61-9884-f81b63a561d6,202,,19.1403310149999,19.154000114000155,13.669099000253482
958,0d98e2b9-4bf7-49e4-8ca4-ee50140b17b5,202,,19.16035434100013,19.184413948999918,24.059607999788568
959,10b15e1c-2a9b-41f5-9d2a-82145c9a378d,202,,19.18027833699989,19.19961709600011,19.338759000220307
960,c296553f-79e6-4ee5-a56e-95157e648503,202,,19.200165833000028,19.216360374000033,16.194541000004392
961,eabd1af5-fb7e-4012-98c7-d4f580850ae6,202,,19.220410488000198,19.238014787999873,17.604299999675277
962,eea9852c-d8b9-4420-a8ca-75d6fa10341b,202,,19.240173070999845,19.26002794299984,19.85487199999625
963,f76d42e8-ca72-482b-9308-9ae0fcec6ca1,202,,19.26082704999999,19.276769596000122,15.942546000133007
964,1b92ba28-c0bc-4faa-8307-b0ac1d2ab82d,202,,19.280237640999985,19.297990102999847,17.752461999862135
965,3caab09c-f02b-4b7d-813f-d9b7af4bc8e3,202,,19.300442379999822,19.3195423950001,19.10001500027647
966,c04f65ea-1666-492b-93a1-1935c14b2a7b,202,,19.320258460999867,19.33785888600005,17.60042500018244
967,cc67bd5f-7627-4f4b-80c2-e3962f4ca43b,202,,19.340285245999894,19.354099551000218,13.814305000323657
968,065012a6-9d07-43fb-a9e9-c5f4b5857523,202,,19.360205492000205,19.374884276000103,14.67878399989786
969,4adff88a-8099-4819-b36d-d1daefc1f5eb,202,,19.380357231999824,19.40012998200018,19.77275000035661
970,76839830-39af-461a-8b52-2a51e67fcef1,202,,19.40028972800019,19.4194396580001,19.149929999912274
971,6ea54efe-4972-4610-a5bc-bcc1b61faef9,202,,19.420197515999917,19.432048073999795,11.85055799987822
972,9a8f34d0-9119-4d8c-ad7f-d32a2facd13f,202,,19.440574333999848,19.45078209700023,10.20776300038051
973,18e15697-9f6a-4814-a58b-454013c1da9a,202,,19.46101765100002,19.472671464000086,11.653813000066293
974,b001d76c-9782-460e-ab46-d635b1b776d3,202,,19.480247705000238,19.492491295000036,12.243589999798132
975,7229b036-ad0c-4ff9-86fa-698d869084ce,202,,19.500761769999826,19.512617035999938,11.855266000111442
976,0ae54530-7275-4473-8e02-6bb337079181,202,,19.520804013000088,19.531540680000035,10.736666999946465
977,2d71addf-05e8-439d-95ba-926d8f9728e3,202,,19.540529930000048,19.55232736400012,11.797434000072826
978,1347f82d-da53-418b-9814-46f3b25b1dd9,202,,19.5602805540002,19.58257112000001,22.290565999810497
979,f188d38b-12d7-4da2-ba95-a977df25e565,202,,19.58042029499984,19.590653973999906,10.233679000066331
980,8cb6cdd3-0c25-4065-a9c6-87f72d70ed26,202,,19.601616469999954,19.61273291999987,11.116449999917677
981,f0d76ad9-b12f-44de-9e7b-638827c6a081,202,,19.62026036999987,19.631434402000195,11.174032000326406
982,e4e3a896-a76d-47fd-8a3e-d9bdfe2d1d36,202,,19.640334278999944,19.654346369999985,14.012091000040527
983,46cda27f-4007-4cc2-9415-2f88005406f1,202,,19.66031639799985,19.671054481999818,10.738083999967785
984,7a064898-4a83-40c6-b47f-0b42f8b164fa,202,,19.680491513000106,19.69558153800017,15.090025000063179
985,eb6ead81-16c6-48d6-9579-5dda6505170a,202,,19.700410925000142,19.716490801999953,16.07987699981095
986,6391b83f-a97e-49a2-a1df-ead7e9f86de7,202,,19.72049116700009,19.737235904000045,16.744736999953602
987,33a76d9b-c797-4d21-a8e8-20e73249e5dd,202,,19.7403047910002,19.757481392000045,17.176600999846414
988,ca38bc59-e425-4c20-a843-922e77e97a07,202,,19.760293535000073,19.77470915799995,14.415622999877087
989,0020c16e-c03a-454f-be55-01ff1fbc2df9,202,,19.780574730999888,19.79191938399981,11.34465299992371
990,cfa0e683-123a-4dbf-afae-99770e69bc2b,202,,19.800385561999974,19.844401540000035,44.015978000061295
991,cb0c3f1d-a974-4632-be83-0340413afbe4,202,,19.820358139999826,19.847136767999928,26.77862800010189
992,8aea059c-afc0-407e-afd8-97e15d5629dd,202,,19.84043063199988,19.860705660999884,20.275029000003997
993,f10411f8-8225-4530-9cb9-f4993cfe59e0,202,,19.86034012800019,19.887150381000083,26.810252999894146
994,1dc4b9fc-7268-4b92-b72f-b6efa315b038,202,,19.881570093999926,19.89744060000021,15.870506000283058
995,00cb24df-530f-4ded-bd5f-d4572b094405,202,,19.900346033000005,19.923338036000132,22.992003000126715
996,5b36f9ed-c3e5-4490-bb94-7a9868ae0502,202,,19.920634516000064,19.952128107000135,31.49359100007132
997,09864cac-021e-440d-89d9-d0427fe70422,202,,19.940874205,19.968494429000202,27.620224000202143
998,51282150-e70e-4080-b299-223f46531128,202,,19.960713238000153,20.006501741000193,45.78850300003978
999,a2d9428e-bbb7-4df1-baad-e4b7b6ab8d6f,202,,19.98056289499982,20.04005832499979,59.49542999996993
1000,70afd4d8-8ee6-4e29-bd33-a49339541d77,202,,20.000728252000044,20.050386290000006,49.65803799996138
1001,9e69c3b2-8917-4c65-a890-ee092a235f00,202,,20.02037095600008,20.05477497799984,34.404021999762335
1002,1fcd896e-6862-402a-83f0-b2300d1eac3d,202,,20.040482730999884,20.064290252999854,23.80752199997005
1003,ed6bc3f4-734a-4a5a-ae00-2e629653dcc4,202,,20.060597964999943,20.094223214000067,33.62524900012431
1004,dd42f9ce-4104-443e-a642-8a2702d100b3,202,,20.081472140000187,20.15150536300007,70.03322299988213
1005,667f4c20-8b8d-4dca-9e99-2dcb4b0bc1f3,202,,20.10171303800007,20.194538723999813,92.82568599974184
1006,b66bbc20-15f7-4bf3-8ce9-d4bd91cffb9b,202,,20.120263557999806,20.21096208600011,90.69852800030276
1007,5d254379-98b8-4472-a971-e488e9f84c48,202,,20.14242516100012,20.23193696699991,89.51180599979125
1008,da3bb11a-2dfd-442b-b44e-77b22739d3ed,202,,20.16345174800017,20.233825671999966,70.3739239997958
1009,c88d5197-a85d-4104-bcfd-c6839e034d8b,202,,20.182462424999812,20.239924112000153,57.461687000341044
1010,76a5ff4c-6797-4de2-ac59-17eb96249ea3,202,,20.200337752999985,20.248208040999998,47.870288000012806
1011,bb08067b-7979-42bd-820d-f5f8b236797c,202,,20.221142929000052,20.26026517399987,39.12224499981676
1012,0f2be76e-adc4-4964-9683-d0f13d882601,202,,20.240204480000102,20.279620341999816,39.41586199971425
1013,a9f04f34-0bff-41fa-8e6a-57ac73964f89,202,,20.260597207000046,20.32457849000002,63.98128299997552
1014,3aca4b21-9850-4350-a8a3-e59f303ae306,202,,20.281281428000057,20.337367271999938,56.085843999881035
1015,61ce3829-34a8-41cf-accb-5fd626dac889,202,,20.303453030000128,20.356057081000017,52.604050999889296
1016,f53d55f9-0bff-4f48-9b9b-3e9aa92a73d6,202,,20.320851161000064,21.62241621300018,1301.5650520001145
1017,4650a95e-3e21-4a19-9c10-c7c5b5043c91,202,,20.340311993999876,21.633930686999975,1293.6186930000986
1018,57287ec7-1a61-4f9a-a84b-b061071a6dcb,202,,20.360409978999996,21.71174178299998,1351.331803999983
1019,f9258866-e624-4e0f-ac4d-e0e7e0309442,202,,20.380258219000098,21.723238632000175,1342.9804130000775
1020,e8d8cec3-72e2-4856-9865-a35541e79d93,202,,20.40198962300019,21.73171913799979,1329.729514999599
1021,5930e198-7840-4193-92a7-89e27bdb2437,202,,20.42676524699982,21.808625712999856,1381.8604660000346
1022,2d8341cf-9fe1-4318-81b9-0620c573fea8,202,,20.44149352500017,21.815942454999913,1374.448929999744
1023,53f3f753-c870-4ce0-9981-6075ebb5f863,202,,20.473708389999956,21.861524821999865,1387.8164319999087
1024,f16bd838-2668-46d9-8a7f-e6e20be86e80,202,,21.417310998000175,22.091598499000156,674.2875009999807
1025,2f9ac041-7947-414a-abf2-2887b8d0a249,202,,21.430536015000143,22.251521155999853,820.98514099971
1026,f8d0caa5-9c31-4303-a876-f2600d51383d,202,,21.42199667800014,22.04898474299989,626.9880649997503
1027,2ea97c2c-1191-4785-99af-24eda49d111d,202,,21.427340300000196,22.279298688999916,851.9583889997193
1028,31ab1679-0fac-430c-b0a5-31a703e34d22,202,,21.417832068999815,21.997463285999856,579.6312170000419
1029,12997184-4a9d-4087-a601-af8a309a327b,202,,21.418090228999972,22.010592841999824,592.5026129998514
1030,900519b0-e9b9-4b1f-ac4a-e7d948b58ade,202,,21.4255662999999,21.985707489000106,560.1411890002055
1031,199ed020-bd94-4be5-b9af-179b03c772c0,202,,21.423249231000227,22.057789071000116,634.5398399998885
1032,45afeca5-041c-43a1-b34a-8ea1248946fd,202,,21.426459195999996,22.07864573100005,652.1865350000553
1033,a47070ce-1b52-464a-88c6-dc5f3fd5e50f,202,,21.42775249799979,22.13453158099992,706.7790830001286
1034,df8b7ff5-9dd9-4e35-8263-8ccf402c496d,202,,21.41892216799988,22.02568176800014,606.7596000002595
1035,c49670df-e28e-41a3-9530-270c9ea7ff6c,202,,21.41852776099995,21.937090920000173,518.5631590002231
1036,8feaad3e-964d-4357-8636-eb0f0f0a430f,202,,21.42017976299985,22.23740620699982,817.2264439999708
1037,b6dc60af-0f18-4363-9ed5-427147ac4b95,202,,21.42587850100017,21.89825969200001,472.3811909998403
1038,d13e30a0-ade8-4ced-8a8f-7efd129cb71c,202,,21.41924757700008,21.999070456000027,579.8228789999484
1039,7a2b9bbf-2771-4b92-8138-cda73bc26566,202,,21.42714888699993,22.28510567300009,857.9567860001589
1040,f0215195-91e4-4077-b808-3f91112766e7,202,,21.426216576000115,21.90865335999979,482.43678399967393
1041,ce94de7a-977e-4eee-a48a-1cf9620546ca,202,,21.419660357999874,22.180642669000008,760.9823110001344
1042,2000b4f7-0687-477b-ab97-4791d3e3e101,202,,21.43236684600015,22.309316835000118,876.9499889999679
1043,fe4c4d10-ad64-4d88-91c1-9b649b4af9ab,202,,21.443073965000167,22.312810833000185,869.7368680000181
1044,356ae047-e991-4f76-af82-7c3fe9123f19,202,,21.448012221000226,22.339944256999843,891.9320359996163
1045,e7872c42-151b-41c0-a340-7f695d83aa0a,202,,21.448882034000235,22.354750438999872,905.8684049996373
1046,25d1d925-4431-4781-aaae-d0a9740adc8c,202,,21.454839140999866,22.372427759999937,917.588619000071
1047,b1f88248-ba92-420b-a021-adf0e992141f,202,,21.456254899000214,22.377574343000106,921.3194439998915
1048,c40d3143-9d5f-4a33-9326-9e3c6999212e,202,,21.46199863699985,22.411208567999893,949.2099310000413
1049,249f7e96-4f37-474d-b590-1239c0b17388,202,,21.4646140320001,22.392017616999965,927.4035849998654
1050,ab800065-c8ea-4712-ae5f-3c66f3886d01,202,,21.46570117300007,22.414742065000155,949.0408920000846
1051,39399a71-7a95-4e4e-a0e1-4d1e6e3bbd10,202,,21.46782670499988,22.472815988000093,1004.9892830002136
1052,1fdf2390-e7ec-4a2a-ba62-b6777c8be1a5,202,,21.46810686500021,22.398970322999958,930.8634579997488
1053,5ff0c0ce-0a5d-4066-87c8-0c7d3affc9ad,202,,21.468390607999936,22.437213977999818,968.8233699998818
1054,12ea4b6f-6d60-416c-8d18-bd61db021550,202,,21.46880309900007,22.457065953999972,988.2628549999026
1055,0bef6755-a69f-4bbf-b75d-a3db010fcd6b,202,,21.469086841999797,22.42672464899988,957.6378070000828
1056,7c5225b2-4211-48fd-b211-03830e7b6410,202,,21.469422042000133,22.451785331999872,982.3632899997392
1057,792ba4c6-8de0-4e79-b4d1-a5a2ebc94dd2,202,,21.469841074000215,22.545165938000082,1075.3248639998674
1058,ce4951b8-9e98-44c6-bcc1-6b300d67fb96,202,,21.47060105599985,22.557005650000065,1086.4045940002143
1059,43aa9622-943e-4526-98d3-d0ba80e1dc5d,202,,21.47129637199987,22.56195761300023,1090.6612410003618
1060,2a0a81f3-f60a-431a-8cfc-a474bfcdc180,202,,21.472498967999854,22.569606010999905,1097.107043000051
1061,24e10f8e-7dd9-48e2-913e-bd6b4ca1c664,202,,21.47432105000007,22.591605351999988,1117.2843019999164
1062,60a2805d-4324-4ff9-884a-3c38b0b54f11,202,,21.474846037000134,22.58669259599992,1111.8465589997868
1063,e75a3e9f-1a1a-4cbb-a721-d643ad828bd9,202,,21.475066407000213,22.619812291000017,1144.7458839998035
1064,a2987ea6-3a0a-41d6-aeae-16eab0b9ef65,202,,21.475316442999883,22.636641174000033,1161.3247310001498
1065,9971985a-d51b-4403-b4ba-cea4024554eb,202,,21.475613519000035,22.614713790000224,1139.1002710001885
1066,3577013f-fbf5-4108-bcb6-287623751051,202,,21.476163255999836,22.66194118400017,1185.7779280003342
1067,bbc48632-ca14-46c1-a1a8-940221007845,202,,21.47673640899984,22.65045883799985,1173.7224290000086
1068,bd0d7ae3-da2e-4eb8-ba2a-83e2ee389d68,202,,21.477217939000184,22.67158815799985,1194.3702189996657
1069,a3dd7305-c114-4e35-abd5-043ee5966751,202,,21.477716468999915,22.677836381999896,1200.1199129999804
1070,3ff0f46a-e094-482e-9f30-7d529798d8d3,202,,21.4782949129999,22.696608924999964,1218.3140120000644
1071,2fb2061b-6ad0-4ea0-9231-85e291e7c8d0,202,,21.478668904000187,22.6855510270002,1206.882123000014
1072,604d14f4-4914-4251-98fe-b1862718b481,202,,21.4790874360001,22.70701754799984,1227.93011199974
1073,f64aa893-1064-4c0e-aeea-e96d42b79756,202,,21.479881666999972,22.741996155999914,1262.1144889999414
1074,4073f40f-ab7c-4da6-94f4-8907026f0649,202,,21.480232991999856,22.777009471999918,1296.7764800000623
1075,9f448348-fea6-4121-9fe5-3a3c116d2da0,202,,21.50548376200004,22.78985536800019,1284.3716060001498
1076,5fcbc184-d702-45a3-a043-58ee88574eb3,202,,21.523525913999947,22.81542232999982,1291.8964159998723
1077,318d0b4c-fed5-44ad-941f-0bd15add819f,202,,21.544413537999844,22.844606163000208,1300.1926250003635
1078,fd819cba-fc27-4173-8250-ba7f6acf8643,202,,21.562793890000194,22.860969640999883,1298.1757509996896
1079,016dd7a2-1db4-4061-8e2d-0e9413ae110b,202,,21.583893134999926,22.875583202000144,1291.6900670002178
1082,77387bde-c275-4c90-99d4-cc781849cf31,202,,21.640287743000044,22.369512205999854,729.2244629998095
1083,d4551ecd-c294-4ce6-be77-143768a6511b,202,,21.660253264999938,22.38732210599983,727.0688409998911
1086,7b81888a-a3a5-42cf-9e26-ff9a88c3329c,202,,21.723279547999937,22.420532673999787,697.2531259998505
1087,1d400f62-3470-4baa-bdfb-b5f8710269e3,202,,21.74156706900021,22.462952102000145,721.3850329999332
1088,4fdc7315-a13c-49b2-bb5a-e660e4cb9a71,202,,21.76225486500016,22.500492440000016,738.2375749998573
1091,6e61d50e-16d5-4be1-930f-b1b502fae4ac,202,,21.821644401999947,22.51324671400016,691.6023120002137
1092,c91209e5-444b-49c9-a9c7-409df2971e4b,202,,21.842643314999805,22.523520755999925,680.8774410001206
1094,540b3100-3e5f-4027-ad33-03c1805be6cc,202,,21.88309622199995,22.533109814,650.0135920000503
1095,ee65ef56-2cf0-4209-b305-e6dfeaa8af90,202,,21.90330661300004,22.537792616999923,634.4860039998821
1096,ae2ff6f8-32ca-4ad5-a047-6aede9804e67,202,,21.920593779000228,22.58035874999996,659.7649709997313
1097,8835abcf-b942-4db4-9880-b1cc1b986363,202,,21.94072691500014,22.549037177000173,608.3102620000318
1100,4e7e177d-c270-4450-8dd8-dcfe3b1e1577,202,,22.00044563099982,22.596787726000002,596.3420950001819
1101,8faf6f45-7b1b-422a-9580-76e89b64a33d,202,,22.02457950300004,22.624840919000235,600.261416000194
1102,a5c738af-c63f-4d52-a7cd-e10fc871de8b,202,,22.04263002200014,22.642855105999843,600.2250839997032
1103,566ac6ab-bdb8-404d-922b-9ed1141b863e,202,,22.06050633799987,22.652833571999963,592.3272340000949
1104,a42c398d-4a53-4b34-aa48-c3d95a4ac27a,202,,22.080181984999854,22.69227023900021,612.0882540003549
1105,9ba6099a-4ce7-4eb1-8253-dde37ba4630d,202,,22.10157029899983,22.722460547000082,620.8902480002507
1106,436f8972-89c4-41f7-ade2-88d3052c5ded,202,,22.120562878999863,22.757925893999982,637.363015000119
1107,5f263115-15b0-4987-878d-5581d2e7ddb2,202,,22.140923676000057,22.754078113000105,613.1544370000483
1108,ad3f68ad-9b63-4281-829e-5784160b994b,202,,22.166160355000102,22.771877097000015,605.7167419999132
1109,1314b0ab-dc76-4e08-8a3f-116fd818d2ed,202,,22.182675619999827,22.784567454999888,601.8918350000604
1110,e89fac6c-5040-489e-b3db-4245d218d866,202,,22.200403606000236,22.79900672900021,598.6031229999753
1112,96b1986b-603f-4c26-b884-36f5edd3e67a,202,,22.24061187899997,22.83875234700008,598.1404680001106
1113,fb030767-ef6d-4f81-8608-e1eb3787efe1,202,,22.26029502600022,22.891116324999984,630.8212989997628
1114,2c2525b6-c8a9-41ab-bb5e-7e608c0f4aaf,202,,22.28044786999999,22.881210982000084,600.7631120000951
1115,4d7fa815-2d02-423d-86cb-6c4a676658b4,202,,22.301066743999854,22.897083762999955,596.0170190001008
1116,d7d105fd-580a-46d2-a070-13d2c5d3f647,202,,22.32102125900019,22.927747179000107,606.7259199999171
1117,b0348888-32ee-4eaa-9f11-f325324f3064,202,,22.340552575999936,22.946962871999858,606.4102959999218
1118,e96279f6-5091-4c24-bc86-933450d075c6,202,,22.360388093999973,22.969395068999802,609.0069749998293
1119,6a81e423-8251-4f61-a331-b0c10c4601e3,202,,22.380602395000096,22.98303977400019,602.4373790000936
1120,7759880a-da51-4466-ba2b-1d59764f2c2f,202,,22.400348539999868,22.99451224099994,594.1637010000704
1121,6fc82541-d083-4360-90e8-36b1d580260d,202,,22.42040746900011,23.009045257999787,588.6377889996766
1122,f45bcf0a-ebc1-410d-9016-a51385a21b12,202,,22.440299693999805,23.022663547999855,582.3638540000502
1123,2045a6e5-ffa0-430c-ba16-45d051ba9c0b,202,,22.460416205,23.075745989000097,615.329784000096
1124,486fcd47-1bd3-471a-a1f8-882aa83a6a0d,202,,22.480635964000157,23.096304190999945,615.6682269997873
1125,68ed4616-9b62-49ea-bd8c-23311494ea13,202,,22.50074364200009,23.101559019999968,600.8153779998793
1126,6f986dab-996d-48ed-b4f3-53c02f8c8cba,202,,22.520393623000018,23.114853108999796,594.4594859997778
1127,eb8ed03d-155a-4cb1-9680-d5386232ec63,202,,22.54031572299982,23.121288533000097,580.9728100002758
1128,b367c38c-24a5-4c76-9056-eac05de10445,202,,22.560323361999963,23.13574834400015,575.424982000186
1129,5eb3b04a-5274-4c77-86fd-4c915f6d9126,202,,22.580517953999788,23.160214823999922,579.6968700001344
1130,b5a0ffa8-14f4-4245-8024-278625ba47e7,202,,22.600368596999942,23.163871108999956,563.5025120000137
1131,a35bcdf8-c7ef-4847-b2f4-85f6b892d518,202,,22.620654728999853,23.16871290600011,548.0581770002573
1132,e928d0fa-fb63-4006-82a3-a28d92e61722,202,,22.640305918000195,23.180761441999948,540.4555239997535
1133,c59f1612-abf1-405c-a111-97dc62ae5ffa,202,,22.660167226999874,23.19630514299979,536.137915999916
1134,36692d4e-1183-4e27-9742-61976d6a84be,202,,22.680327612999918,23.207344953999836,527.0173409999188
1135,b73b8653-7d02-48c1-9122-2107352f283b,202,,22.700711908999892,23.225640627999837,524.928718999945
1136,c6c91808-6c13-4f3e-84be-fc6b7046fa52,202,,22.720626967000044,23.227986320000127,507.3593530000835
1137,8d0a0e6f-844f-4ad0-a6e3-9e6785ce3001,202,,22.740397486999882,23.258456401999865,518.0589149999832
1138,b63732d2-94fe-4a6f-b8b5-d1ebec877b3b,202,,22.760350543000186,23.266003590999844,505.65304799965816
1139,fc2df8fe-658e-435f-b880-a678139fe481,202,,22.780260475999967,23.274991537000005,494.7310610000386
1140,ad5f5c46-eb3c-483e-8806-05c8b6edbf75,202,,22.80030694800007,23.297918346000188,497.61139800011733
1141,5e853ccf-53e1-4b67-b595-112363cce01a,202,,22.820690660999844,23.3042111499999,483.52048900005684
1142,cc2df393-886e-44ea-8029-752b4e881629,202,,22.8409550020001,23.315648367999984,474.6933659998831
1143,8b8aec61-15a8-4708-87d2-38143aac71c3,202,,22.861563751000176,23.32701262899991,465.44887799973367
1144,f39169df-ca52-4fab-a441-0a6f6ac9cf0d,202,,22.880942238999978,23.345734126000025,464.7918870000467
1145,ed305431-20ff-42f4-a956-fcec6bfc7250,202,,22.90022777000013,23.408590285000173,508.36251500004437
1146,77ead692-f76d-4a93-90e9-55b72bb36108,202,,22.920438984000157,23.42516612700001,504.72714299985455
1147,fd47912d-6872-4d93-9866-461e33383724,202,,22.946217223000076,23.463389601000017,517.1723779999411
1148,212d298a-a0f1-471f-825c-020527402e99,202,,22.960968110000067,23.48222351200002,521.2554019999516
1149,f2e5b0eb-b604-4625-b498-d1fc432ead25,202,,22.980225384999812,23.49804466400019,517.8192790003777
1150,6c45cac8-8851-4dac-a2cd-fb7df4130a84,202,,23.00028180800018,23.507627427999978,507.3456199997963
1151,7cd7a334-885b-4e03-963d-8ddcd4525392,202,,23.020559474000038,23.515174908000063,494.61543400002483
1152,06436e08-f9d0-4bb6-a1a7-169d379a225b,202,,23.053522912000062,23.52786722000019,474.34430800012706
1153,084094ea-7fe1-4b6d-b4a6-e6e07a4bc586,202,,23.0637855760001,23.579522197000188,515.7366210000873
1154,3f926596-6653-45db-b492-302e97418001,202,,23.081915378999838,23.565072427999894,483.15704900005585
1155,913532c7-ff4f-4cb3-aaae-77add862fbc9,202,,23.100825204000103,23.578369184000167,477.54398000006404
1156,92bb703c-8e1c-46e6-9f02-484403839512,202,,23.120217185,23.617990373999874,497.7731889998722
1157,a9072948-9895-4d70-92eb-88cc2fea0050,202,,23.141654198000197,23.632339312000113,490.6851139999162
1158,415d8108-85b7-46fd-b2df-525ca1be3c23,202,,23.161964406000152,23.663367131000086,501.40272499993443
1159,98cbfc84-0aed-4669-9ee7-5711f050b876,202,,23.18109247600023,23.6849619730001,503.8694969998687
1160,564a4807-9b61-4d30-8f7b-544161eb4723,202,,23.201400308999837,23.69807452499981,496.67421599997397
1161,41555981-5db9-4dd8-bc9b-5e0cbb1189ba,202,,23.22396958599984,23.73265600600007,508.686420000231
1162,a70c936b-ad1a-41fd-a9f2-b177add5e2fa,202,,23.240944292000222,23.758436828999947,517.4925369997254
1163,e990357e-b046-4e00-bdd6-012de13222ef,202,,23.261612199999945,23.760704023000017,499.0918230000716
1164,3aa907ab-d6c4-47fa-b424-05453fc85cce,202,,23.28034082100021,23.77896053099994,498.6197099997298
1165,4c453754-c03e-4a73-8300-e3fca525c4a6,202,,23.300266830000055,23.79144347400006,491.1766440000065
1166,967d3e07-0daf-4885-84f1-6ec336de0c93,202,,23.32030937799982,23.841426907999903,521.1175300000832
1167,af1b4566-9479-4508-8325-6e0598abf7f1,202,,23.34026784400021,23.883573952999996,543.3061089997864
1168,b724165a-255d-404f-b3b3-48bd9642d9e2,202,,23.360436972000116,23.90520625299996,544.7692809998443
1169,ac99bb83-5b22-42d7-b308-93e4beab372f,202,,23.38124795900012,23.957338117999825,576.0901589997047
1170,86adee9a-8eba-4346-a428-120ae0374af3,202,,23.400620481999795,24.007008917999883,606.3884360000884
1171,76b8b8a3-3d0a-4141-a849-4c9d6906fa36,202,,23.421623505999833,24.02510675800022,603.4832520003874
1172,fa4cfae5-e520-4c70-a70a-dee3e81f3a7c,202,,23.442677112000183,24.04184900600012,599.1718939999373
1173,ed6c1584-0ada-416c-9bb3-eada96d3fc0f,202,,23.460695959000077,24.05365441899994,592.9584599998634
1174,9283db7b-4a11-40b4-86e6-069c61fa20e0,202,,23.48270304200014,24.075536914000168,592.8338720000284
1175,17c604ca-3e11-4ceb-83af-844a64268702,202,,23.500661516000036,24.110524997000084,609.8634810000476
1176,35c8e561-294b-4213-b9ba-5a22b1c0085d,202,,23.52037144699989,24.12169205200007,601.3206050001827
1177,15abd363-12e0-4707-93f7-3d1da1df080c,202,,23.540732902999935,24.136871214000166,596.1383110002316
1178,802b7ba6-e3d0-4b26-ad14-821162c8c45e,202,,23.56230724599982,24.157217289000073,594.9100430002545
1179,d525d3dd-4687-43a5-9938-87c8224794db,202,,23.580739667000216,24.170599204000155,589.8595369999384
1180,bddb6ceb-49c7-4588-be1f-c87976237b17,202,,23.60748400800003,24.17828276199998,570.7987539999522
1181,877db7ea-98d8-49e7-a034-9c3f1ffde094,202,,23.622362265999982,24.191915796000103,569.5535300001211
1182,102b8991-cb09-4048-8040-87259e994ad1,202,,23.64076247899993,24.215144132000205,574.3816530002732
1183,fb7d78f4-8876-4c44-bc36-811671cde914,202,,23.66111464400001,24.217836565000198,556.7219210001895
1184,711ac348-5e48-4bb5-bf25-7ac2a4abcc4d,202,,23.683308389000103,24.226153774000068,542.8453849999642
1185,ce5351fb-1082-41e1-b21d-453ad1659539,202,,23.70083370700013,24.238280136999947,537.4464299998181
1186,5bd3db30-4b82-49fd-8c09-ac493a1f23bb,202,,23.721411991999958,24.256455308000113,535.0433160001558
1187,a2e60c4f-ee78-4d90-967a-9e034005ab94,202,,23.744511797000087,24.263338427000235,518.8266300001487
1188,bb062723-648a-451c-956d-05509e64cf33,202,,23.760263700999985,24.2749456370002,514.6819360002155
1189,2db6df21-7bd9-4c65-a8cc-46494fd7cf18,202,,23.780308247999983,24.285825032000048,505.51678400006494
1190,bac11ba2-7b93-483e-997b-0bcbf04ea04b,202,,23.800826826000048,24.294741017999968,493.91419199992015
1191,42b78159-1db6-4e37-8d72-2713fae93666,202,,23.824953606000236,24.312330285999906,487.37667999967016
1192,8aaacc43-a943-41af-a485-b5b42d6cc213,202,,23.84067942699994,24.298129765999875,457.4503389999336
1193,421548ff-aa89-4a18-9efc-d7813f1e7ec6,202,,23.864526006000233,24.324861473000055,460.33546699982253
1194,4bfeffd6-a169-43fa-a2c8-049d2832a8d3,202,,23.88019978600005,24.330312752999816,450.1129669997681
1195,37cc941f-782e-4aae-881b-1438db3888ae,202,,23.900282083000093,24.336544888999924,436.26280599983147
1196,22fb7687-449c-4250-b6c3-44c9e0573848,202,,23.92563974399991,24.34391199699985,418.272252999941
1197,66ee4c55-6ae6-4b72-b466-284ed456147d,202,,23.952694651,24.352121916000215,399.4272650002131
1198,f14d27e0-c2e3-4080-9ad4-58dfcfd264aa,202,,23.96557291299996,24.359560064000107,393.9871510001467
1199,b1836098-ac53-4f8e-8ae5-cec906d3c885,202,,23.981434141000136,24.36763844500001,386.20430399987526
1200,ccb43476-db1f-403e-a8f5-c95a79b6061d,202,,24.001401850000093,24.381122817000232,379.72096700013935
1201,bbb8945d-9e1b-4906-9b45-7b0426526f61,202,,24.020326794000084,24.396181439999964,375.8546459998797
1202,ac7e1cdb-46e1-4100-aac9-79010f3f6c3b,202,,24.041553680000106,24.396782050000184,355.2283700000771
1203,29d913ea-2917-46c7-9467-b1a97e38d68b,202,,24.06031358600012,24.404062825999972,343.74923999985185
1204,6c1f1250-07ec-406c-9dde-145ab94fa62f,202,,24.082747025000117,24.413238680000177,330.49165500005984
1205,29ae3de9-f740-4dcc-ac93-0cd56bc2a4d9,202,,24.101496639999823,24.41841546800015,316.91882800032545
1206,094db6a0-88e4-4642-9765-acf3a5a09e24,202,,24.12023325500013,24.426528514999973,306.29525999984253
1207,4b1efefd-882d-42a5-96d6-6fe1afc82b33,202,,24.14074011699995,24.431845006999993,291.10489000004236
1208,c0b8bad2-0d99-4986-ab8f-cd0d83f73ec8,202,,24.161055776000012,24.44672809299982,285.67231699980766
1209,25986c6d-1953-406d-9bb6-cc16d3dd5314,202,,24.180234547000055,24.45677146700018,276.536920000126
1210,ec1f32e0-83c5-429e-9c66-e7f997694fa3,202,,24.200289169999905,24.465196590000232,264.90742000032697
1211,71ea0576-9fb5-4ff0-8ae3-81961ec70c33,202,,24.220470331999877,24.476944796000225,256.47446400034823
1212,d1269f5d-ecfb-473b-a6d9-ab54a7d13435,202,,24.24164867799982,24.49134660300024,249.69792500041876
1213,2977cb23-4465-4737-8699-84ad076783b9,202,,24.26058808000016,24.493482548999964,232.89446899980248
1214,20f8aaf2-7972-4931-96b3-264667034db7,202,,24.28029616999993,24.51293839600021,232.64222600028006
1215,2995ed22-3b2e-4d3c-a5f8-908d2af97289,202,,24.300325835999956,24.52457552199985,224.2496859998937
1216,0143e490-df1f-4c83-8dad-75a9a295e44a,202,,24.320266878999973,24.541858257000058,221.59137800008466
1217,266548fe-8355-4630-9bbf-9dc55ddd1557,202,,24.340261170999838,24.551602930000172,211.3417590003337
1218,f1f28219-7573-49f8-93a0-1815a8f38815,202,,24.360258712999894,24.55818301499994,197.92430200004674
1219,ba5a0f9b-9d2f-4d10-8a27-9a14d07d7487,202,,24.381229730000086,24.580916072000036,199.68634199994995
1220,d67a3ae4-1e1c-4dfd-b094-deb7295aec84,202,,24.400244839000152,24.585485540999798,185.24070199964626
1221,2fc41ebd-8353-4b9b-b8c7-384f3ab53656,202,,24.420232464000037,24.61450244100024,194.26997700020365
1222,3e60b098-95fd-4fb2-a72b-6e6b2a4a0eea,202,,24.440307086999837,24.631603596999867,191.29651000002923
1223,b83c1cb8-6dd5-4bf4-85e0-f25dfb6f4754,202,,24.460431209000035,24.659296863000236,198.86565400020118
1224,f284bb27-e46b-49d4-8261-405220449b44,202,,24.48030275400015,24.693150767000134,212.84801299998435
1225,29c61bfe-97c2-490a-8ea4-94179a038de0,202,,24.50120635600024,24.707841773999917,206.63541799967788
1226,9a414adb-adb8-4feb-83c0-005aad261204,202,,24.520220547999998,24.715603871999974,195.3833239999767
1227,c72d380f-4dcd-4c6c-a701-b96f7ec3e239,202,,24.54025038000009,24.73381545800021,193.56507800011968
1228,acded473-011a-425d-b5d3-e427a5a1630a,202,,24.560199298000043,24.750627413000075,190.42811500003154
1229,7c69b861-71d9-487c-be67-7dc8d809c0be,202,,24.581156566000118,24.77164738800002,190.49082199990153
1230,120d3999-9bc9-4b35-bcff-031d7ab53628,202,,24.600347919999876,24.7924623670001,192.11444700022184
1231,3de943af-0cd0-4aff-937f-c49b6decbb49,202,,24.62025067200011,24.810217299000215,189.96662700010347
1232,635dab32-4af4-4b29-808e-4cd9bb6a0f5e,202,,24.640369211000234,24.81929273800006,178.9235269998244
1233,6ed15852-281c-4fdd-92f8-59ebaee630bb,202,,24.661337602999993,24.834498733000146,173.1611300001532
1234,15121f69-435a-46de-8ed9-69ee4466e49e,202,,24.681455516999904,24.839933014000053,158.47749700014901
1235,1f346bc4-877f-40e1-97e0-347308bce598,202,,24.70043246000023,24.85669242799986,156.25996799963104
1236,655910a0-88bf-4ae2-a359-8967e6bd1e55,202,,24.720474000000195,24.86727520600016,146.8012059999637
1237,0b1cf18b-9911-4c2b-b4d0-5707b8bf6424,202,,24.740547164999953,24.873744294000062,133.19712900010927
1238,0db7f93e-9dad-4871-b086-828096d07c09,202,,24.761707968999872,24.88708600200016,125.37803300028827
1239,2675f228-9579-4c2e-9bc2-9177f44326ef,202,,24.78124081499982,24.895644162999815,114.40334799999619
1240,d555c41f-cfbc-499a-a14c-86ee94bc1b6d,202,,24.80041275199983,24.901145526000164,100.73277400033476
1241,0f8ec174-4fc6-4c4e-a6f9-0ecf392cce19,202,,24.82067691200018,24.94282434700017,122.14743499998804
1242,7d2c91f7-9fdb-47d1-a6df-2b57db3ff5e7,202,,24.840206674,24.94679762199985,106.59094799984814
1243,1745578c-a7e2-4831-a360-a8dd7d21b7ed,202,,24.860336921,24.94138992499984,81.05300399984117
1244,5ebbe7c2-2c8d-452d-a826-5580e2e5f23c,202,,24.880648287999975,24.941255512000225,60.607224000250426
1245,334b6070-bd90-4605-aa58-afaf46b6614a,202,,24.900691995000216,24.940549488000215,39.85749299999952
1246,3c1297a9-1b02-491b-9573-e77ae1f94f23,202,,24.92047028900015,24.972734047999893,52.263758999743004
1247,36e7b24e-083e-4c33-899f-9854f9954faf,202,,24.940912813000068,24.97453820999999,33.625396999923396
1248,19837727-1122-4a46-a6ba-f77ef4b58ddf,202,,24.960362820000228,24.9850736100002,24.710789999971894
1249,49d8b151-94fc-4d93-b532-7894e8138579,202,,24.980224565999833,24.996674149000228,16.44958300039434
1250,e098f0cc-687d-4675-97ec-2e9376bd83e4,202,,25.000152811000135,25.026310273000036,26.15746199990099
1251,5b739588-efbb-46f0-a5ca-086de3a627d6,202,,25.020501587000126,25.040708574999826,20.206987999699777
1252,46059153-0626-4c81-a01f-b776f2f654aa,202,,25.0405004549998,25.059827382000094,19.326927000292926
1253,7446a869-38e8-4bfe-bd71-3a97f6d24421,202,,25.06027628699985,25.075619732000177,15.343445000326028
1254,469ee1b7-7cd0-439f-bfcc-6bff9993de17,202,,25.080416694000178,25.09627966700009,15.862972999912017
1255,fa920ae6-0003-4a63-9144-583ff284f7b0,202,,25.100344980000045,25.114362124999843,14.017144999797893
1256,d0ad2083-b0fe-4df4-b763-b27e00467bf9,202,,25.120318806999876,25.13665560199979,16.336794999915583
1257,48c1e889-dff5-4b48-991b-6ed59e88ce0b,202,,25.14017755399982,25.15410386800022,13.926314000400453
1258,0c2ccda1-3f85-41bf-8b06-23f57c4f565c,202,,25.160213545999795,25.17311596899981,12.902423000014096
1259,5558a3fa-e661-4f89-91f0-09f1e06cde36,202,,25.18030078699985,25.213768396999967,33.46761000011611
1260,d6a87f24-7c5d-46f8-9abd-7e7fbe3acfff,202,,25.20255393100024,25.24168293999992,39.12900899968008
1261,b2f387bc-eafe-49ea-80d6-5f9b3ca8fb59,202,,25.22243326099988,25.24839281100003,25.959550000152376
1262,d0b5db91-014e-4c31-8a1e-22f66485d390,202,,25.240216477000104,25.255254054000034,15.037576999930025
1263,75edecee-1b7f-40d6-87f6-85a94dfafdf2,202,,25.260277592999955,25.274137824999798,13.860231999842654
1264,54d482c9-e854-4d60-821b-1fd713230f4e,202,,25.280293753000024,25.29671033700015,16.416584000126022
1265,ced30a14-d15a-4b3e-a804-4e47ae92a8d1,202,,25.30023262199984,25.32752488899996,27.292267000120773
1266,0c06c165-9101-4477-9334-9e022039069e,202,,25.32034202900013,25.347439343000133,27.09731400000237
1267,16824e86-1215-41c9-8718-4989d39f2333,202,,25.34025094200024,25.35510064900018,14.849706999939372
1268,197b881c-9005-4dae-bcbf-430955bd3f82,202,,25.360386930999994,25.384300282999902,23.913351999908627
1269,34dcf8f0-29ec-48ed-9d77-ef98a6a04c86,202,,25.38020722100009,25.39274023600001,12.533014999917214
1270,e1541474-b61f-42b9-8226-e8732da0c77b,202,,25.400327586000003,25.423095384000135,22.767798000131734
1271,8063bf80-e6e0-4770-b9ec-1394b24a1b7f,202,,25.421821333000025,25.445767767000234,23.946434000208683
1272,f8c1c101-7537-4fab-9e4e-9ad578c0a9db,202,,25.44306137800004,25.472102765999807,29.04138799976863
1273,f839ee51-3546-4e87-bc00-6c0508c1807f,202,,25.460202693000156,25.482708747999823,22.506054999666958
1274,1674bf48-218e-488a-ae7c-6d7711cc858c,202,,25.48020531100019,25.496800598999926,16.595287999734865
1275,15936e48-ea2f-4826-9d5a-ffe6f5e5c667,202,,25.500340509000125,25.548840405000192,48.499896000066656
1276,5ed307cd-4577-48df-b3bc-8ba5eae42f6c,202,,25.521192564000103,25.578032248,56.839683999896806
1277,e9d6a94c-cf1e-4369-aadc-16f6c8012fe4,202,,25.540480532999936,25.58245567799986,41.97514499992394
1278,079f7f5d-8308-4285-b8bc-03a3dd001ec2,202,,25.560396903999845,25.583885850000115,23.488946000270516
1279,a4c82677-089a-45fc-819d-9a5c7fa6a7af,202,,25.581029672000113,25.601990641000157,20.960969000043406
1280,a4a0ff97-5489-4d85-bcff-ab8f4c57f733,202,,25.60129157600022,25.638441717000205,37.150140999983705
1281,604cbe6a-2328-4233-8c11-8b17e859eb9a,202,,25.620496339000056,25.649281733999942,28.785394999886194
1282,ce0ab365-6677-4bdb-b8eb-2a2430504cf3,202,,25.640612745999988,25.66520341400019,24.59066800020082
1283,3ea37f09-4f9f-42b1-a6c8-dae179ff2414,202,,25.6606829870002,25.738550722000127,77.86773499992705
1284,70bfae6f-46bc-4c3f-9533-27a3a67844d0,202,,25.680626689999826,25.757991645999937,77.3649560001104
1285,e03ae64e-9a3c-4983-a6d4-1c48937929ed,202,,25.70031073300015,25.776603715999954,76.29298299980292
1286,c0cbe762-c559-4a41-a513-62248e6a9ed5,202,,25.720835836999868,25.809303595000074,88.46775800020623
1287,a033b0f2-cd78-4584-8a76-e7c955c4c82d,202,,25.740225763000126,25.822105313000066,81.87954999993963
1288,a82cefef-5cf2-4173-977e-5e63b44950fa,202,,25.761765882999953,25.826748320000206,64.98243700025341
1289,a818a2ce-0cb9-45e4-ba9d-5b78c606abd3,202,,25.780762818999847,25.85048913499986,69.72631600001478
1290,94f5ffdd-3cce-4b81-9060-890e0b14e472,202,,25.8048154170001,25.85204613699989,47.23071999978856
1291,0256e790-6b61-4e43-8ab8-ba0d1b768ea9,202,,25.820212526999967,25.859516530999827,39.30400399985956
1292,0c092dc1-1d26-4f80-9fd9-95b32c717a24,202,,25.84020297899997,25.867456995999873,27.254016999904707
1293,5ad1495d-8bfd-40d0-997e-5cf6460f0d9c,202,,25.8607901649998,25.882793691000188,22.003526000389684
1294,b1c877d0-921d-4564-abe0-e0f282bbedff,202,,25.880259297000066,25.901570507000088,21.311210000021674
1295,0aa2102d-8e7d-4bb1-8a26-ee23789465b8,202,,25.901000230000136,25.91816800000015,17.16777000001457
1296,2dc079b0-1fcd-4dfc-8c55-ad45f30c336e,202,,25.920195823000086,25.939252833999944,19.057010999858903
1297,39ec78a6-e53a-4dde-8168-6f897eab3105,202,,25.94036547199994,25.96334483999999,22.97936800005118
1298,847ad890-78c8-44c1-a561-82b32acb9280,202,,25.960514912000235,25.980062826999983,19.547914999748173
1299,e4a13371-4784-4cc6-a784-308d8bd09249,202,,25.980230072999802,25.995975542999986,15.745470000183559
1300,ead65868-0d81-4399-a725-91ad93bb83de,202,,26.000205434000236,26.025895982999828,25.690548999591556
1301,783e1880-a094-48f8-9499-190d21101b20,202,,26.020255168999938,26.06663501999992,46.37985099998332
1302,f61be15f-6e08-4b5a-8520-46db271b7b87,202,,26.043621569000152,26.083838743999877,40.2171749997251
1303,cd4391cb-efd9-4081-9426-1bf8c444d0fe,202,,26.06187814199984,26.098179833999893,36.301692000051844
1304,a82fa0d2-a5d4-4648-adae-4209b5964e94,202,,26.085032630000114,26.124912773000233,39.88014300011855
1305,519e5454-2dc6-46f1-9c32-f4bf548a435f,202,,26.100534982000227,26.160531066000203,59.99608399997669
1306,db65aaac-c82f-4beb-bb07-3bf1968f5041,202,,26.125982037000085,26.170976172999872,44.99413599978652
1307,548a10b9-137e-4f68-989b-1333068f71c1,202,,26.14036500100019,26.17089113300017,30.526131999977224
1308,a0351320-b8cc-4f5d-8b87-d98db23c8097,202,,26.160370112000237,26.182218133999868,21.848021999630873
1309,6caeaf29-f31b-48ab-944a-e1d924655f15,202,,26.180272392000006,26.209751134999806,29.47874299979958
1310,6ea3056d-c0a5-4753-a7f6-d52677ccfb77,202,,26.201568386999952,26.232058227999914,30.489840999962325
1311,fc8ff3a5-82df-410a-b56d-f5cb3ac26805,202,,26.220561565000025,26.239096547999907,18.534982999881322
1312,22227b00-f527-46be-a704-968268e819d6,202,,26.24024747600015,26.257737776999875,17.49030099972515
1313,9607d274-cae4-490a-a171-8c492d286f75,202,,26.260702326000228,26.32503158999998,64.32926399975258
1314,05636de0-e031-4fd4-abb4-757573789a8c,202,,26.28026428200019,26.33657541799994,56.31113599974924
1315,c9d016fd-56e6-471e-80e7-87b22d0d7760,202,,26.30189905899988,26.35983257099997,57.93351200009056
1316,ca36387f-2cd9-426a-98f0-847274a0c593,202,,26.321656343000086,26.374449196000114,52.79285300002812
1317,bba0d43a-c60b-424f-bd13-42719300f18a,202,,26.34052227500024,26.37862167200001,38.09939699976894
1318,aded2531-d3bc-466f-94ec-4829fd786973,202,,26.360312475000228,26.383863494999787,23.551019999558775
1319,4b04a488-6ebe-4b5a-8be0-86555d67b10f,202,,26.380293961999996,26.39609226499988,15.798302999883163
1320,9e8eb159-c625-4ae3-b1b2-e4c38f3fe77e,202,,26.400265991000197,26.415728342999955,15.462351999758539
1321,43fe0579-061c-43bb-a1ee-05bcaba8890c,202,,26.42743100100006,26.455389866000132,27.958865000073274
1322,c48d2f98-a65c-4608-8256-d7813c990922,202,,26.569304898000155,28.196890634999818,1627.585736999663
1323,13f678dc-7932-468c-b336-9b45c36493da,202,,26.568801035999968,28.186735694000163,1617.9346580001948
1324,bf3ebfda-ae05-4c57-b71c-df330580e99f,202,,26.56901561399991,28.192910823000148,1623.8952090002385
1325,d79eaaa1-7b55-48b8-9179-e82e7c5280fa,202,,26.56887378400006,28.178669448000164,1609.795664000103
1326,011de7ed-be25-4ada-b188-36f78cba93dd,202,,26.56918485999995,27.803263353000148,1234.0784930001973
1327,719a7eff-4185-40cb-8f13-f0bbb928b427,202,,26.568927366000025,28.180206865999935,1611.2794999999096
1328,abadcadb-06c6-41b3-b076-e3ae06f944a4,202,,26.56869037200022,28.184018598999955,1615.3282269997362
1329,89db7127-98b7-4da3-9494-ae41250e7022,202,,26.580471736000163,28.177346399999806,1596.8746639996425
1330,e3363efd-4f66-4aa0-a734-c659a2a70146,202,,26.601110040000094,28.186176167000212,1585.0661270001183
1331,ad5769a3-eca4-4aba-a872-be2a27283e13,202,,26.620526665999932,28.177585393999834,1557.0587279999017
1332,5a9de84b-2862-4fd5-8972-4dbe8c74d179,202,,26.640460319999875,28.176567086999967,1536.106767000092
1333,e1c20787-1868-4775-8a6a-37048f5d31d8,202,,26.660302519000197,28.204676428999846,1544.3739099996492
1334,68a4692d-820c-4e8e-9c77-1313e273c881,202,,26.680726952999976,28.186587530999986,1505.8605780000107
1335,0418d008-984b-491c-8d2b-38a093dbba9c,202,,26.70273734600005,28.204409310999836,1501.6719649997867
1336,c320ff7b-0d53-4cfa-9f4d-58e7f94a67c1,202,,26.72250904600014,28.175493239999923,1452.9841939997823
1337,5baf6ae9-3e97-43c4-83d8-48f863bdafc6,202,,26.740283006000027,28.186356746,1446.0737399999744
1338,889b0ae3-e6e1-42c7-b64f-5e0bb00b6227,202,,26.760864685999877,28.180656478999936,1419.7917930000585
1339,31e8c516-4b08-4912-a0c7-8158f7f04304,202,,26.780785215999913,28.180582397999842,1399.7971819999293
1340,a59197d2-c80b-4f4d-a504-aab15892bb44,202,,26.801397269000063,28.203567292000116,1402.1700230000533
1341,2724615f-ed95-4e11-a5f4-bd217083298c,202,,26.82063669199988,28.176141848000043,1355.505156000163
1342,6086b77f-1b7e-409d-93ee-340fbfcac8c4,202,,26.842057350000232,28.205993102999855,1363.9357529996232
1343,b6d12c49-ee92-4708-a4a1-79c77e3e1efc,202,,26.861991837999994,28.401324577000196,1539.3327390002014
1344,8118d665-3e1e-4f26-b39d-ed3621291eeb,202,,26.88229790000014,28.42774175600016,1545.4438560000199
1345,03d13d66-c046-41f3-9a38-685e5d09cf34,202,,26.90064042799986,28.45350082599998,1552.8603980001208
1346,e972a296-72c4-46d0-b9a2-099b1f345765,202,,26.92292472700001,28.464148087000012,1541.2233600000036
1347,43d0074b-9817-4c30-80fc-b2d77c65864b,202,,26.950395302999823,28.517586302999916,1567.1910000000935
1348,8b06ee9e-30af-4aa3-a2df-22b7f049e1c8,202,,26.962840313000015,28.478595539999787,1515.7552269997723
1349,2c2156a6-7fd9-4ee3-b422-cffcc4418619,202,,26.9803869389998,28.55735937899999,1576.9724400001905
1350,8f856f84-5492-4292-9d9e-ec1f75ff3337,202,,27.0035232539999,28.586812393999935,1583.2891400000335
1351,293c89b1-c721-4ceb-b14a-10854cc71483,202,,27.02295616399988,28.658616792999965,1635.6606290000855
1352,f955cec6-e1e9-42cc-b597-e9081b3198c7,202,,27.041717509000136,28.68277890499985,1641.0613959997136
1353,c68c7128-dafd-44de-83b6-8b5eba0e11de,202,,27.062530384000183,28.700895844000115,1638.3654599999318
1354,ef3f395f-1fd1-4c69-b8f9-ac3781597280,202,,27.081263062999824,28.696273550000114,1615.0104870002906
1355,797b489b-e18b-4aee-80dd-fddd7f6564a5,202,,27.10911712999996,28.719862719000048,1610.7455890000892
1356,7534cb30-ab17-4517-b488-6aa852ef6178,202,,27.122180707000098,28.734527083000103,1612.346376000005
1357,d8590bf8-8ef7-4d7d-a4d3-997c15b97afd,202,,27.140407648999826,28.74816997300013,1607.762324000305
1358,aba9b1ce-ec39-462f-a06b-de3827f259a9,202,,27.16094786399981,28.781332807000126,1620.3849430003174
1359,1909eee5-dd6f-49ea-a4da-d0ae176c0b91,202,,27.182871293000062,28.804103290000057,1621.2319969999953
1360,c52818ec-7399-4b80-b769-f312341a4cb9,202,,27.200759828000173,28.822535012000117,1621.7751839999437
1361,95962197-71cd-4d59-898e-55f8076be60b,202,,27.220356983999864,28.836152528000184,1615.7955440003207
1362,117346a6-728c-4e7b-b104-47c473c9eded,202,,27.242148083999837,28.86612461200002,1623.9765280001848
1363,36f1aea4-9a94-43ad-8a93-3e6f73ee0f52,202,,27.264020639000137,28.898538132999875,1634.5174939997378
1364,7e0fde06-c3f5-4c80-a088-7594281a1933,202,,27.281237274999967,28.936306586000228,1655.0693110002612
1365,e44bc7c3-7395-44cb-b5cb-72ef852cfe2b,202,,27.300733016999857,28.948886209000193,1648.1531920003363
1366,ef12892a-bb9d-4caf-94d2-ef31b1aa8501,202,,27.324511939999866,28.99913982499993,1674.6278850000635
1367,a8d3e4fc-ce78-4ee5-8900-47a3f4fabae2,202,,27.347458550999818,28.974522191000233,1627.063640000415
1368,98710d11-a9db-4459-8722-7fd042fa0fad,202,,27.362217667000095,29.137436047999927,1775.2183809998314
1369,2d8e288e-fdc5-48e4-8bc3-6315aeecf9d1,202,,27.383932850999827,29.163795385999947,1779.8625350001203
1370,d15170ea-84af-42c6-8d30-e4003b5acfa3,202,,27.402353414000117,29.20440984300012,1802.0564290000038
1371,949fa80d-ff5b-4597-8eef-3020468fcfe1,202,,27.42033544600008,29.234176715000103,1813.8412690000223
1372,ba7ed083-5d08-4f88-9aae-85d33b6c19f2,202,,27.440412255999945,29.275655066000127,1835.2428100001816
1373,6e2c0a01-5b41-4d91-bedc-f014b26c917c,202,,27.460795558999962,29.290198261000114,1829.4027020001522
1374,c3d7f647-baf0-4afb-a87b-2efaa1b47576,202,,27.48122031899993,29.375033953000184,1893.813634000253
1375,40497a24-15c5-4abb-91a2-50d20141baa2,202,,27.500343988000168,29.394492017000175,1894.1480290000072
1376,49d33148-49ea-41a6-ac7e-bafaa6767435,202,,27.52116057100011,29.41434002899996,1893.1794579998495
1377,4feb4634-2676-482b-afea-0083a6ca92d9,202,,27.54235143599999,29.433904298000016,1891.552862000026
1378,1368358e-aa22-446e-ae9d-2ff423be3eef,202,,27.561271110000234,29.435258845000135,1873.9877349999006
1379,bc8af572-ca01-49b8-af05-dc8bf8893398,202,,27.581370294999942,29.45917633099998,1877.8060360000381
1380,df1102d0-e163-4ffa-81dd-21b08b3c95fa,202,,27.6028938190002,29.481882057999883,1878.988238999682
1381,5b06b3b9-7b27-4af0-be92-3e32406dcc0c,202,,27.62082251799984,29.492658562000088,1871.836044000247
1382,4fb7ee0e-8a93-43e1-ae5a-7a44f858810e,202,,27.642630909000218,29.49550527800011,1852.8743689998919
1383,f411a537-c2f3-4347-b4ff-f166d5756d46,202,,27.660361989000194,29.511049821000142,1850.6878319999487
1384,f394a785-f5b8-4532-9b1e-06e7669ad8a6,202,,27.681491564000225,29.534758021000016,1853.2664569997905
1385,79d76603-0bb7-45c6-8074-688964ae210a,202,,27.703550281999924,29.54484125199997,1841.2909700000455
1391,612d0dcd-bac6-4320-9633-a0b3601a2bca,202,,27.820616858999983,29.551797023999825,1731.1801649998415
1409,07ab10df-e016-4e51-aa0e-a51eedc0130f,202,,28.187930828999924,29.562673900999926,1374.7430720000011
1410,3bdfa26d-fb59-41bc-ac5a-0258ae6285a4,202,,28.204056862000016,29.57301624899992,1368.9593869999044
1411,8f9e8757-e732-41f5-a1d8-d02a6738e2fa,202,,28.220605258999967,29.580984161999822,1360.3789029998552
1412,f0a3eafc-81b6-4351-a263-235cf1507ca7,202,,28.244750122999903,29.605176265999944,1360.4261430000406
1413,64a81c7d-478e-4089-b3ca-bbc56884efab,202,,28.262327492000168,29.598428986999807,1336.1014949996388
1414,6f24b6ac-8f42-48c0-9441-69faad75286c,202,,28.282119887000135,29.61740602200007,1335.286134999933
1415,1000c1a8-0d58-4dae-97f9-46fff3f8f770,202,,28.341676649999954,29.642830884999967,1301.1542350000127
1416,843e897a-0fbf-4c90-a9ac-b8e7d51e84d3,202,,28.341366866000044,29.707961395999973,1366.5945299999294
1417,1436ce63-6d92-4877-a6c8-57ad5e197365,202,,28.341534236999905,29.680693290999898,1339.1590539999925
1418,dc72eaa6-07a7-453b-81a9-760db8d417bb,202,,28.360736564000035,29.637660190000133,1276.923626000098
1419,bcfa01cc-33bb-4eaa-b1f1-c214f2c4b4cb,202,,28.390481654999803,29.70887499599985,1318.3933410000463
1420,7a2b7d3c-466e-49f7-8b61-0f55233eff4a,202,,28.400700385000164,29.711352762999923,1310.6523779997588
1421,47965f12-9139-482b-bcd1-df4a5a8ea304,202,,28.421402673000102,29.720540892999907,1299.1382199998043
1422,272fc866-3859-4375-ba62-8668ed03976d,202,,28.44083716000023,29.73818029699987,1297.3431369996433
1423,a03c953b-3e11-4448-bc1e-4484556ceaf2,202,,28.460366811999847,29.753579635999813,1293.2128239999656
1424,79a1db70-df4f-4508-930f-17e4f4500339,202,,28.480364867999924,29.760445536000134,1280.0806680002097
1425,f936d08e-3416-4fa7-ac68-4c3be784b500,202,,28.50060725100002,29.771237706000193,1270.6304550001732
1426,b8fd0ff3-0547-41e7-b4dd-7305632a7b5d,202,,28.520348730000023,29.782206120999945,1261.8573909999213
1427,66694875-c09b-4149-9bdb-8ff2f105fc4f,202,,28.540640319999966,29.793701564000003,1253.0612440000368
1428,2d83ec73-b8ac-4bdc-a272-2e7ae2e8d2ca,202,,28.56045254799983,29.80274386400015,1242.291316000319
1429,3066943e-e1f7-4215-8a38-acc69b967aaa,202,,28.580476395000005,29.811290178000036,1230.8137830000305
1430,de38f93a-3f6f-4042-a708-9bac97f04db5,202,,28.601407800999823,29.823645555999974,1222.237755000151
1431,b5ec035f-3351-48ed-bb27-395ac9133ab4,202,,28.6305267419998,29.850759541000116,1220.2327990003141
1432,767f8f7c-dd5e-48ed-95a3-16a757eea48d,202,,28.65521709099994,29.837271026000053,1182.0539350001127
1433,6700e752-536d-465a-8a62-4790ef764a86,202,,28.662562479999906,29.86245014499991,1199.8876650000057
1434,a2662045-d505-4e09-9e2d-939704526590,202,,28.681404150000162,29.873638680000113,1192.2345299999506
1435,44a0c6d0-7f56-44d9-8ab3-f510a8be13ed,202,,28.700555477999842,29.882907265000085,1182.3517870002433
1436,fc21edfa-1026-405a-a9e5-5ec2251de2ff,202,,28.720544075999896,29.895817670999804,1175.2735949999078
1437,e62a0f7c-79e3-402d-a291-49926ac9a1d6,202,,28.740345720999812,29.898123109000153,1157.7773880003406
1438,98984ebe-5018-4df1-982f-5f5fb818f5b7,202,,28.76187169500008,29.90791809700022,1146.0464020001382
1439,25c6b1b8-48fa-4673-9353-557c42830e1c,202,,28.782271739999942,29.920503925000048,1138.2321850001063
1440,1f7e6fc6-623b-4cf9-92a6-691e109153b9,202,,28.801525399000184,29.93155954199983,1130.0341429996479
1441,1374c686-a6d2-4f20-b449-29b54bc7fff3,202,,28.8215554960002,29.96292481899991,1141.369322999708
1442,7b07736f-a7ab-41b0-b39a-9028d7509a33,202,,28.84023062899996,29.961442651000198,1121.2120220002362
1443,74c550cc-449f-472a-99ec-43a0f4198ade,202,,28.862404335000065,29.99484229000018,1132.437955000114
1444,58b5c120-5afc-406c-a51c-7efa07c6fc0d,202,,28.881011803000092,29.974390133999805,1093.3783309997125
1445,41ef0b03-9be9-49a3-bba2-3cc361be243e,202,,28.900505538999823,29.989094987000044,1088.5894480002207
1446,d2726db1-3e53-4151-b1e0-b447c8fb70e0,202,,28.922000967999793,30.011028601999897,1089.0276340001037
1447,b6eea249-2c8b-4ee9-a7c5-e0d9f9c97416,202,,28.94035185299981,30.018136159999813,1077.7843070000017
1448,4a29570d-7b14-43cb-9802-767b0128c1fe,202,,28.96042702600016,30.057053231999816,1096.6262059996552
1449,90bc4df5-ee1c-4de1-b2c6-5f1002122aa3,202,,28.98212748800006,30.070056339000075,1087.9288510000151
1450,c64ca2c9-2466-4adc-8769-dc015d0e50d9,202,,29.002545359000123,30.120941671999844,1118.396312999721
1451,d4622221-9daa-49b9-951f-0c494cb2baa2,202,,29.04343480899979,30.13768755199999,1094.2527430001974
1452,4e237732-245d-40c8-95b0-96fe497d37a7,202,,29.06016111200006,30.103072862999852,1042.9117509997923
1453,b683869c-0d5b-45b7-9c21-c691c97c0b41,202,,29.06413663100011,30.152348072000223,1088.2114410001122
1457,8a09edd1-13a3-47ee-bc2d-9cf951823b3d,202,,29.144289407000088,30.159452171999874,1015.1627649997863
1459,99cf23eb-d29e-40b6-9e30-686e50282d5b,202,,29.180234821999875,30.173989986999914,993.7551650000387
1461,8a6c8a8c-b8e7-4a28-bf65-96f402dc8008,202,,29.22212545299999,30.178668276999815,956.5428239998255
1462,bc86086b-9626-44e4-b11e-5dcb8631ab5f,202,,29.243386968999857,30.196976448999976,953.5894800001188
1464,336534f7-3176-4827-8e5c-0c75013b6d78,202,,29.28064143199981,30.21449955900016,933.8581270003488
1465,379c782b-e5cd-4923-9b64-a0ef4ead3b54,202,,29.304527795000013,30.21521299799997,910.6852029999573
1469,5593ab5b-0203-44e3-8058-9d90670fbbc1,202,,29.382300467999812,30.226977055000134,844.6765870003219
1470,d73d9492-02ff-4bc4-873a-f0566281ef92,202,,29.400260530000196,30.23711228100001,836.8517509998128
1471,999ace7d-1e5f-4e70-a175-908f7db43127,202,,29.420632943999863,30.245167103999847,824.5341599999847
1472,fb575703-0445-4b60-b206-853d7f77fef2,202,,29.44082728000012,30.252083041999867,811.255761999746
1473,b0b67e01-b205-42ca-b166-df4cc3ae334c,202,,29.460277718999805,30.260123657999884,799.8459390000789
1474,c9a2d18c-900d-4677-83ef-73ea5dc6da9b,202,,29.480410306000067,30.271288855999956,790.8785499998885
1475,246bbdbf-553b-43a3-93de-8947ab2c8dac,202,,29.50027256700014,30.278612366999823,778.339799999685
1476,e53bd6a9-5076-45bd-a75d-665a3c7202c6,202,,29.520473235999816,30.29162726499999,771.1540290001722
1477,3e985d9c-87fd-4616-aca4-c829e0913cd7,202,,29.540312373000233,30.29592864899996,755.6162759997278
1478,324ce3b7-bdba-4de2-961e-5973812e54a3,202,,29.561404560000028,30.30562376099988,744.2192009998507
1479,69845bd3-0194-4079-888d-64c7adacbc6a,202,,29.58038913600012,30.312726485999974,732.3373499998524
1480,b87db09e-8031-4389-844f-56f1e152c5da,202,,29.60058376300003,30.32073418600021,720.1504230001774
1481,ba479d66-504f-4012-ae41-8b38c8253475,202,,29.62025140500009,30.330695707999894,710.4443029998038
1482,e7759723-fac9-468d-849a-ddbd087818a8,202,,29.6433967869998,30.366906521000146,723.5097340003449
1483,3bc0e062-569e-482d-b449-f0be189d7b84,202,,29.660328418000063,30.37851420700008,718.1857890000174
1484,145d11ac-444f-443c-bf6a-1b78bf3b3059,202,,29.680494587999874,30.412554744999852,732.0601569999781
1485,3bfaf5b3-3e5c-4b68-b3db-be2fc600f06e,202,,29.70110757900011,30.41516134099993,714.0537619998213
1486,a51a2c14-16b9-455c-9e77-f6dd4b01433d,202,,29.721896815000036,30.42419038900016,702.293574000123
1487,0ff3c8c6-e5b7-4c6f-9715-845cca4d4eb2,202,,29.740451986000153,30.429950065999947,689.4980799997938
1488,bb8b4b6f-1f6f-40c3-989d-a3654dbfda8f,202,,29.760636156000146,30.43754556900012,676.9094129999758
1489,24a0a378-8c06-4731-9773-9116be693e4d,202,,29.780391003000204,30.444846079999934,664.4550769997295
1490,a6644ae0-81d9-4c53-b201-d843dfad59f7,202,,29.80025022300015,30.458334423999986,658.0842009998378
1491,af38e02f-25d9-4204-8064-43204381a8c8,202,,29.822075222999956,30.46742176099997,645.3465380000125
1492,74d7ac4d-8d40-4308-96ac-b33ecd1aa9d5,202,,29.84040244200014,30.471063954999863,630.6615129997226
1493,8ea73223-aeda-48e4-a414-db5f9879a7c0,202,,29.860940309999933,30.48057657199979,619.6362619998581
1494,8f954314-3d67-4e15-9489-d40d38274613,202,,29.88024691999999,30.48981540600016,609.5684860001711
1495,14a08801-bda0-4c6b-8c54-c104dce7f660,202,,29.901405896000142,30.502778847000172,601.3729510000303
1496,4679df5f-b2ec-45f6-9d0f-7abadaf24ee8,202,,29.920691711000018,30.512824825999814,592.1331149997968
1497,d1a069cb-dde8-4136-b8d5-4c776b9e60a1,202,,29.94039871999985,30.5550244760002,614.6257560003505
1498,ec8606c0-8cb4-44af-b3ba-2e9896ca8173,202,,29.96208234200003,30.587722674999895,625.6403329998648
1499,4d589951-f53e-4cbb-8fef-92fd6c69a75a,202,,29.980859001000226,30.638460470000155,657.6014689999283
1500,39a085d9-f883-4ef1-b452-577e05c29115,202,,30.00026593499979,30.640254421999998,639.9884870002097
1501,77b5aa9f-e747-45d9-8771-e94b0b264bb9,202,,30.023953794000136,30.65865550699982,634.7017129996857
1502,8d616fb1-3a8e-4818-8e76-8593be7b18fa,202,,30.040767506000066,30.67317469799991,632.407191999846
1503,43433c2c-5bdb-482b-85d1-b60046542bbe,202,,30.061304284000016,30.68002188799983,618.7176039998121
1504,9568a688-44fa-45b3-8ca9-ea4a7f301f3f,202,,30.08436282699995,30.705411451000145,621.0486240001956
1505,0ae4bddf-481d-4405-a9a6-3e613a746e2f,202,,30.10026327200012,30.725189207999847,624.9259359997268
1506,69f039f3-8cb8-4ad5-9d6e-dce6ec3f4440,202,,30.120593806000215,30.739719399000023,619.1255929998078
1507,68abb892-595e-4758-94b3-666785eaa989,202,,30.140236858000208,30.767242737999823,627.005879999615
1508,67852370-a395-4d92-abcb-be1f861031ec,202,,30.160999130000164,30.79310395499988,632.1048249997148
1509,cab17760-dbda-432d-9500-bcbcaddb0e00,202,,30.1803217329998,30.81528639699991,634.9646640001083
1510,e81dd101-9dcc-4114-b196-9db0c3a23f70,202,,30.20067376599991,30.822403329999815,621.7295639999065
1511,f2e6f557-68c8-4110-9318-23a982cbc2a7,202,,30.220297942999878,30.829655842000193,609.3578990003152
1512,7e4219dc-9b45-46eb-9161-beb64f9a6b3b,202,,30.240934426999956,30.847231199999896,606.29677299994
1513,956c7341-84c2-46b2-9429-5f5c7e1580ad,202,,30.260486482000033,30.855169194000155,594.6827120001217
1514,8190db9b-1155-4b2d-b8f9-c5bd4750df2b,202,,30.28033819500024,30.863047688999814,582.7094939995732
1515,f6163961-9811-4712-8ec3-30f70a5a23ee,202,,30.30032911299986,30.89631499799998,595.9858850001183
1516,45450bbf-10ee-4426-bbbf-429e9b8cc537,202,,30.320515025000077,30.908626498000103,588.1114730000263
1517,8898bce5-4170-485b-a116-a96cbff43628,202,,30.34045902800017,30.932196312000087,591.7372839999189
1518,e7b847ac-8b11-4a3f-9eab-47c8f47ac3e6,202,,30.36075097899993,30.958971038000072,598.2200590001412
1519,c864dc0a-c7ab-463f-9943-1699ebc6d5fc,202,,30.380192203000206,30.97399541799996,593.8032149997525
1520,858c345c-7528-45b4-bd4a-d4c08788aafc,202,,30.400617776000217,30.988339233999795,587.721457999578
1521,4030fe02-12b0-46fc-b448-92382913ba72,202,,30.420227912999962,30.99585194500014,575.624032000178
1522,6770f695-6de8-4205-92af-96c858bb2f56,202,,30.441414631000043,31.004928071999984,563.5134409999409
1523,ac866dd2-e7f2-405f-8f57-e78d53f90dc0,202,,30.460197123999933,31.020008325000163,559.8112010002296
1524,f45d3f41-886a-465f-8147-05557fa16488,202,,30.480306995999854,31.038410112999827,558.1031169999733
1525,39f856b2-9d8a-4225-b6e7-94702f6bfee8,202,,30.500497326000186,31.0560816709999,555.5843449997155
1526,0c4d4dbc-64d5-4892-a3f7-97ed8d6112a4,202,,30.524721378999857,31.06554882899991,540.8274500000516
1527,500bf774-fabb-4769-9396-bb37fdf62a34,202,,30.540630282000166,31.07635611700016,535.7258349999938
1528,6e700a39-4a5b-4307-8965-07c84793ceba,202,,30.5606913229999,31.098064397000144,537.3730740002429
1529,7b4666e4-10f9-4b49-9d7a-0b4e9b16f6e0,202,,30.581810169000164,31.144021931000225,562.2117620000608
1530,c6eedfb7-8216-4a8f-b39b-1add1906a5ff,202,,30.600637617999837,31.10564594000016,505.00832200032164
1531,ce08eb1d-ba8f-4062-b4a7-7d994541441f,202,,30.620523496999795,31.131153325000014,510.6298280002193
1532,8434676a-2d53-4c0f-a22d-7176c172ed78,202,,30.64130060200023,31.157663307999883,516.3627059996543
1533,db6d9989-9031-44ba-9a12-939c7ce4a0f5,202,,30.660194632000184,31.173152716999994,512.9580849998092
1534,93ab1f5d-a014-4c20-b92b-c610f31fabeb,202,,30.680742868999914,31.198176657000204,517.4337880002895
1535,e2b6b084-8aa4-43bd-b992-9fc14b577b50,202,,30.700607539999965,31.214085179999984,513.4776400000192
1536,53a76d1a-c268-4792-9645-2c47e5438b3f,202,,30.721538349000184,31.220843120000154,499.30477099997006
1537,f163ed1d-c3d6-4a03-9bd3-eac5f1184144,202,,30.740559250999922,31.237824946999808,497.2656959998858
1538,b06fed4c-178d-4608-a6ee-bd23a7af396e,202,,30.76054091900005,31.254457325000203,493.9164060001531
1539,332f089d-515d-46bb-8872-bef3909fe612,202,,30.780986700000085,31.27191297299987,490.9262729997863
1540,e29b34cd-0aea-46d5-8069-89f39286ca38,202,,30.80049017200008,31.28234385399992,481.85368199983714
1541,f4e4a68c-ab91-4db1-84e4-a67022ba22ae,202,,30.820629628000006,31.294396732000223,473.76710400021693
1542,12e38528-3f1a-499f-80f4-a0db4b24f37a,202,,30.840728917999968,31.303954178999902,463.2252609999341
1543,65282805-ee7a-4823-9c4f-f7b26d1c6183,202,,30.860490924999795,31.314768840999932,454.27791600013734
1544,c84eb218-ea9d-42c6-889f-698321e44003,202,,30.883815294000215,31.3230245740001,439.20927999988635
1545,1122e129-b075-4d0e-b863-14666e5e9adc,202,,30.900470427000073,31.335358860999804,434.8884339997312
1546,bd56b8e1-c124-41fc-a99f-58c6b9dc01e1,202,,30.920544339000116,31.36104711600001,440.5027769998924
1547,02ee6307-0df2-412d-a53b-419958ecad58,202,,30.94556694599987,31.371586035999826,426.0190899999543
1548,bd1e14b1-8326-4568-b33f-6985808af348,202,,30.9605002039998,31.38415306700017,423.6528630003704
1549,bfbc8472-5e73-464d-9a5e-1db112a317fa,202,,30.980293828999947,31.406808655000077,426.5148260001297
1550,e9e00824-2f2f-4d3f-834b-d0c4a1db9700,202,,31.00022024200007,31.43067533600015,430.45509400008086
1551,cc516c32-3dd9-47af-b488-3baa34ffe0ce,202,,31.023763888999838,31.455761023999912,431.9971350000742
1552,e26e50ce-8b85-4e32-b7c7-b8fc33e3a498,202,,31.040285020999818,31.460144195999874,419.859175000056
1553,eeb0f746-4a44-4eac-8061-01dd61173587,202,,31.06080558399981,31.4689333299998,408.127745999991
1554,5954aeb6-39bd-44cc-82a4-e14618a16639,202,,31.080613042000095,31.469022703000064,388.40966099996876
1555,5109d7c6-6597-4d74-ab45-c5e0eaf78735,202,,31.10522524299995,31.477227145000143,372.0019020001928
1556,6e5f59d8-12d6-4583-8488-1b7496a6aa74,202,,31.12039982799979,31.53131003899989,410.9102110001004
1557,afe3095b-614d-4d5d-a09d-46e143c23dad,202,,31.141767867999988,31.547225146000073,405.45727800008535
1558,4bfe6196-dddd-481a-82d7-3c251960d350,202,,31.16041173299982,31.56195628400019,401.5445510003701
1559,c7d3412b-213d-4135-960b-eac07c7538d3,202,,31.180472934000136,31.57724428199981,396.7713479996746
1560,9deb1a36-12b4-46de-a63a-9f783df2997d,202,,31.20202138500008,31.594472561000202,392.45117600012236
1561,5d909358-25f6-4512-9ebc-2cac4c3ce8ba,202,,31.22023938700022,31.59759130900011,377.3519219998889
1562,48efcb38-9495-48e9-977b-2332aeb6712b,202,,31.240408709999883,31.612895431000197,372.486721000314
1563,91dbd0d9-3e94-4ee8-8f45-1f87c5a38918,202,,31.261324053999942,31.63706652000019,375.7424660002471
1564,0d7d39cb-b4d5-4aca-b3f6-4e5a54c25bed,202,,31.281811493000077,31.644730893000087,362.9194000000098
1565,97d56070-6c7e-43c7-bc2f-c591cb1dffc6,202,,31.30043681699999,31.67846667799995,378.02986099995906
1566,fe6cdbfc-a394-4c4b-9a3e-f707ec5f875a,202,,31.321956561000206,31.69179823000013,369.8416689999249
1567,16b2b804-ee55-4940-a5a4-c1889e92613e,202,,31.340362473999903,31.73350275499979,393.1402809998872
1568,abdd7604-8cc3-429f-a33b-3b93b125d40a,202,,31.36046184099996,31.744657908000136,384.1960670001754
1569,ae7017b0-0a9b-43f5-ae09-56442f30f61d,202,,31.381689467999877,31.75868831600019,376.99884800031214
1570,ce289f1c-c33c-4407-ab56-8b30616785b8,202,,31.405004788000042,31.771663253000042,366.65846500000043
1571,f1ddb759-ea9e-4232-a492-60329b8c113c,202,,31.423671526999897,31.806468674999905,382.79714800000875
1572,69405db4-6fa4-4206-97b1-a8723ae6d296,202,,31.440452610000193,31.818362265999895,377.9096559997015
1573,7ec2c95e-b4f9-4fec-a4e0-44b582f10af8,202,,31.460308691000137,31.846770446999926,386.4617559997896
1574,031a2feb-5f5f-43ae-9567-7c62877108f3,202,,31.480721381999956,31.852838448000057,372.11706600010075
1575,75f7b9d6-f38e-4fda-97a4-d1b300e8656c,202,,31.507766476000143,31.86862389099997,360.8574149998276
1576,14915693-7793-47d8-8156-750cd6768ebc,202,,31.520393671999955,31.875455370000054,355.06169800009957
1577,dfcd9277-097c-46a9-8ca1-96c9a9ca3594,202,,31.540254628000184,31.881870027999867,341.61539999968227
1578,3ce376ff-26df-4896-9cc6-bd4261d75fdb,202,,31.560228080999877,31.889913808000074,329.6857270001965
1579,a6f6d9ce-737e-4671-9fb6-c7d0495e93d0,202,,31.58655311099983,31.892581860000064,306.0287490002338
1580,5b0569e4-ff05-4b9a-9cad-9ab24d41eeea,202,,31.903589141999873,32.28629508499989,382.70594300001903
1581,3b7f2b88-5fae-40f9-bffb-d9aa8e62f0f0,202,,31.904870315000153,32.24488494100024,340.0146260000838
1582,5a9e017d-4e37-4b07-b1a7-9e888b0b7200,202,,31.90378138699998,32.498520374000236,594.7389870002553
1583,e76bf732-f3af-4d14-aeb0-641ba170ddd5,202,,31.903896424999857,32.44169153099983,537.7951059999759
1584,7a7921ba-46d0-4333-a42d-bc2f794b8cf7,202,,31.904026130000148,32.5869596739999,682.9335439997521
1585,d132559c-ed52-455f-9d2f-d9173c174f03,202,,31.906181779000235,33.767294284999934,1861.1125059996994
1586,add02350-dd16-47b5-b7f4-8fb460e6ab35,202,,31.90445799300005,32.65749867900013,753.0406860000767
1587,aaa13e21-7dfa-4eae-a992-aad20324a349,202,,31.904187251000167,32.27324869699987,369.06144599970503
1588,2480c5bc-469b-43f0-9e20-49cb39334884,202,,31.90427624799986,32.19059940299985,286.32315499999095
1589,ed4c2ee2-6ab4-4c91-bcc6-f8e810e9c5b9,202,,31.904635530000178,32.2736648099999,369.02927999972235
1590,b64b32d0-4dc5-4670-8283-5c1485512889,202,,31.905619502999798,32.55154140500008,645.921902000282
1591,1c68da35-1416-44f1-94c6-9078d80f1c32,202,,31.905717874999937,32.535928712999976,630.2108380000391
1592,99a9f3a5-caac-44de-b225-fc6c3a37ea31,202,,31.905918203000056,32.324968305999846,419.0501029997904
1593,e6c704e0-024c-4c53-b4ca-4ef7a531bc38,202,,31.90601574199991,32.70369231599989,797.6765739999792
1594,49324574-047f-466f-af2a-d29cfc4ba790,202,,31.906108530999973,32.64272942100024,736.6208900002675
1595,3ffeb222-aea7-4397-9084-917a21b10c56,202,,31.90454999099984,32.56662890400003,662.0789130001867
1596,b94b219c-340e-4c05-893a-99a480489b2a,202,,31.921363609999844,32.400281262000135,478.9176520002911
1597,06311520-ea75-401a-b9e0-a0d12e64d403,202,,31.941232017999937,32.426523951000036,485.29193300009865
1598,e6356ce4-fda9-4088-b173-a4557551acc8,202,,31.9636478970001,32.626393290000124,662.7453930000229
1599,a17cbb58-fb6d-46c5-9e0b-74d737068ef3,202,,31.983467431999998,32.61477402899982,631.3065969998206
1600,1a047e1b-e043-402d-a841-7f9d6270b9a4,202,,32.001678344000084,32.69093883599999,689.260491999903
1601,f561d130-b757-42c5-ac3f-501aba9fc967,202,,32.024146097000084,32.765878967999924,741.7328709998401
1602,55a3b343-b550-4eaf-96cf-1c4d89b1b777,202,,32.04616402800002,33.86270711099996,1816.5430829999423
1603,16058e87-1039-4789-8f31-5a95501c3b6d,202,,32.06402832499998,32.72315665199994,659.1283269999622
1604,ca60a690-1d15-4591-ab2b-8b976a94954a,202,,32.08287409500008,33.82283018699991,1739.9560919998294
1605,c7b64c5e-c9d8-4464-af39-b4c551dc0ddc,202,,32.10497131600005,33.697445033999884,1592.4737179998374
1606,fb68e74f-8196-4d21-8f65-d967863fcb34,202,,32.123862418000044,32.74974916500014,625.886747000095
1607,6ca8c029-bfbe-4eaf-a1d9-f7087f985036,202,,32.14056999700006,33.759031182999934,1618.4611859998768
1608,1790aa84-e8df-4299-8f24-53385e84e806,202,,32.16095534900023,33.8335975519999,1672.6422029996684
1609,888ffbc3-70c0-411d-946b-aa8e461da0fe,202,,32.182022765000056,33.887483041999985,1705.4602769999292
1610,3c08b60a-ae09-4870-b9d9-f516dae77096,202,,32.20329413399986,33.85316875299986,1649.874619000002
1611,f30f64ee-75e6-428b-8ee9-9686186c2367,202,,32.22345128400002,33.900873458000206,1677.422174000185
1612,32bd3326-b124-4546-8230-cc3128c4d294,202,,32.24251292300005,33.91074876499988,1668.2358419998309
1613,91f2a916-2976-4b72-b3fc-3ba11c61d8e7,202,,32.262071922999894,33.92975718400021,1667.6852610003152
1614,7897857e-2ddd-4d3b-bc05-ebb3140ba4f5,202,,32.286344334000205,33.98701493599992,1700.6706019997182
1615,9ef1cf08-d18e-4377-b4cb-0073961baf39,202,,32.30287616800024,33.99223287099994,1689.356702999703
1616,8aceec15-412b-4848-bf2a-be02f1374b66,202,,32.322526540000126,34.0216019139998,1699.0753739996762
1617,cc9443c9-4f28-4d2d-bccf-c7318d46eaec,202,,32.341231230000176,34.04858548199991,1707.3542519997318
1618,d5b78ee3-a27d-41bb-b200-37404d0205b2,202,,32.364902950000214,34.10900781100008,1744.1048609998688
1619,ecabccc7-28f7-4bbd-8a12-8aa3ceb2dc2d,202,,32.38083484200024,34.126369777000036,1745.534934999796
1620,5460415d-24c3-479e-8769-2f0d5b6a8a0d,202,,32.401754011999856,34.15663150299997,1754.8774910001157
1621,a6b95134-4909-4b6c-ad2e-03adcac170f2,202,,32.42573705599989,34.16620435599998,1740.4673000000912
1622,47058225-ae11-46f6-88f9-8f8f9dbf7ca1,202,,32.44050752200019,34.177710197000124,1737.202674999935
1623,a798bf90-5554-4fc3-9dbb-2f664be813c9,202,,32.46189242999981,34.19356666400017,1731.6742340003657
1624,735053a7-eb34-4f96-a44e-64dc72a38dea,202,,32.48135847399999,34.204878718000145,1723.5202440001558
1625,587e5d3e-4d2f-4012-b74e-4c3e59ce2400,202,,32.50124479799979,34.19493241700002,1693.6876190002295
1626,2248fd83-744a-4f59-a50d-929dd1f72f5e,202,,32.52153848599983,34.216224438000154,1694.6859520003272
1627,208540e3-7cf8-4960-8670-4a6e64ffa13a,202,,32.540411505000066,34.22393930299995,1683.5277979998864
1628,fd67889c-6f1b-4b75-a3b2-5ebf62c50235,202,,32.56073252599981,34.239024750000226,1678.2922240004154
1629,1f57b71b-6b75-46ea-8bb9-2c01e20dcece,202,,32.58294520199979,34.252327123000214,1669.3819210004222
1630,6e15f279-b739-418c-bcc5-8166908f7416,202,,32.60136531699982,34.25972541400006,1658.3600970002408
1631,844bfacc-0938-4cba-a782-0e03b675a081,202,,32.62073552999982,34.27117013099996,1650.4346010001427
1632,4477a068-cb66-4f5f-b4a0-974adad825fc,202,,32.640685186000155,34.28292704800015,1642.2418619999917
1633,d9855747-440d-4fc9-8216-ed1a7a149739,202,,32.66058955100016,34.291599427000165,1631.0098760000074
1634,a570af6e-ee12-4a4e-8402-d29a0bfb231f,202,,32.68118531400023,34.29851068900007,1617.3253749998366
1635,9ad79752-9478-4e3f-ba05-93ac0e9f68f2,202,,32.700738898000054,34.31158990199992,1610.8510039998691
1636,1670a644-cbc2-4506-ae8c-4a9edb4fd571,202,,32.72121803900018,34.319957538999915,1598.7394999997377
1637,15452198-beb7-484c-9ae9-57c9c0182924,202,,32.74608672500017,34.33106047499996,1584.97374999979
1638,b304de57-3709-437a-bb9d-ff434517907e,202,,32.76100556199981,34.332067238000036,1571.0616760002267
1639,7101b41e-e480-4790-8c6f-1846c0977df3,202,,32.78042702399989,34.34041983399993,1559.9928100000398
1640,a6bb546c-8894-4d90-afdf-0353525ec28d,202,,32.800503300999935,34.346370206999836,1545.866905999901
1641,60e6ae53-3644-4c0b-9b29-f00612ef9a12,202,,32.82145355400007,34.358700982999835,1537.2474289997626
1642,b0559faa-b246-4e44-97ff-493fc37a6664,202,,32.84577192200004,34.374326539999856,1528.5546179998164
1643,9625a7f3-8db4-42cd-9d18-9e556a60cb07,202,,32.86246191800001,34.46145686199998,1598.994943999969
1644,99f16ecd-f884-4b7d-9b64-42fa6abbaf53,202,,32.88219903800018,34.39225440700011,1510.0553689999288
1645,fe55571c-5f5b-46a9-8c71-4518f6304b7a,202,,32.90166799899998,34.48192894800013,1580.2609490001487
1646,976dac0a-d63c-44d3-a775-e70860eade15,202,,32.92254891699986,34.42658918300003,1504.0402660001746
1647,9e145216-d7e3-4723-905b-0da09d611563,202,,32.942591271999845,34.41974296099988,1477.1516890000385
1648,35d38e37-74cb-414d-b437-4ec192c6cb35,202,,32.96072422199995,34.45041559099991,1489.6913689999565
1649,c9a07ac3-3a93-462f-ace6-2b6888cfb6f7,202,,32.990847294000105,34.490662992000125,1499.8156980000203
1650,d9ababa0-dc65-4c53-98fb-a2cde8b095ba,202,,33.008603671999936,34.49855706000017,1489.953388000231
1651,060287c6-f6c3-4543-9633-7279775fbe76,202,,33.02298014400003,34.51651184299999,1493.5316989999592
1652,8079b277-a22b-4f79-9d53-6cedd4b792f8,202,,33.044500166000034,34.510340558999815,1465.8403929997803
1653,8bdd074b-726c-4fe5-ab4f-8274b1b2da82,202,,33.06060821400024,34.531610248000106,1471.0020339998664
1654,e391eea1-ea9b-4771-b63c-d6ff8104337d,202,,33.08133784199981,34.538932956999815,1457.5951150000037
1655,03068a73-9cdf-419d-9e49-0186c276e514,202,,33.10347663799985,34.61049680299993,1507.0201650000854
1656,4ed68c7e-eba9-4b54-ada5-93b77bc35228,202,,33.12071411299985,34.55546619699999,1434.752084000138
1657,0746c479-7b88-4a62-96bc-50bc7d5516f1,202,,33.14389792200018,34.56304377400011,1419.1458519999287
1658,28e5fdc1-92b3-495e-b2d6-9bc5ed09e5c8,202,,33.16083173900006,34.613753419000204,1452.921680000145
1659,4fe49feb-0013-4f0d-a4c3-3baf4f934361,202,,33.18656455900009,34.573449020000226,1386.884461000136
1660,2c03d639-3731-4177-8dc4-6735244e7666,202,,33.200645456000075,34.584715076000066,1384.0696199999911
1661,efea50d2-caef-4f71-b5fb-fc7bb57b57e0,202,,33.22355593900011,34.597398340999916,1373.8424019998092
1662,68efb352-4603-4bca-883f-cd8717c2d0c7,202,,33.242201874999864,34.62362859799987,1381.4267230000041
1663,f205019d-545a-4ffb-8fd1-450fcbe1f828,202,,33.26065890000018,34.63456949600004,1373.9105959998597
1664,1a18c15f-bf64-4da3-8faa-5a0884855ecb,202,,33.280699254999945,34.661077077999835,1380.3778229998898
1665,fc2427f5-64b9-4148-adb2-119b75ac35c4,202,,33.30045561799989,34.66085020899982,1360.394590999931
1666,233336f0-2861-419b-acc0-44dab636559b,202,,33.32042164099994,34.67175156700023,1351.3299260002896
1685,586bb2b5-f2d7-43d4-b8dc-a0e0a0a4b096,202,,33.70146296299981,34.679153982000116,977.6910190003036
1688,47b9b6c9-9367-4eed-8302-d1edc83280d6,202,,33.7607068440002,34.72013482000011,959.4279759999154
1689,ea87776d-b3fd-415e-86e0-581564b45197,202,,33.78434218199982,34.73163970299993,947.2975210001096
1692,2a69452d-93a4-4f11-9076-502dc52df37e,202,,33.840685853000195,34.7618725960001,921.1867429999074
1693,f96b485a-0576-4ef0-b297-8396b3701bc9,202,,33.860266179000064,34.780527857999914,920.2616789998501
1694,d61639f7-b2ea-457c-b68d-21ca776abbbd,202,,33.88029853499984,34.79269034700019,912.3918120003509
1695,0279c72a-4803-4f86-9234-6e533033c81e,202,,33.90064788100017,34.801081150999835,900.4332699996667
1696,28ef72c7-c856-4e22-a482-890c7fc20915,202,,33.92050878000009,34.811447314999896,890.9385349998047
1697,52e4fd5c-aa60-4a28-bb56-51c61695f22b,202,,33.940472005000174,34.819173387999854,878.7013829996795
1698,1679401f-426f-401a-9f99-2d2c76fa0be4,202,,33.960953966000034,34.8283383779999,867.3844119998648
1699,8533b9f4-eed8-4ee6-8fc7-8783215c6449,202,,33.98025662700002,34.83301041200002,852.7537850000044
1700,e022e59e-a37c-40cb-abfc-9546d12180a4,202,,34.001536233000024,34.84285796599988,841.3217329998588
1701,66acd7a0-4c0c-4d56-b87c-9efe7e206de0,202,,34.02067394000005,34.85197016700022,831.2962270001663
1702,d263b8c5-8b74-4e40-8f86-c30e44304103,202,,34.04259627700003,34.85869618400011,816.0999070000798
1703,4c332555-83fe-47a5-b35c-2c50b5b4406b,202,,34.06032639900013,34.875593038999796,815.2666399996633
1706,b0dc5327-0ce7-42ae-9607-426b85bab348,202,,34.12032799000008,34.87963317399999,759.3051839999134
1707,455ae7bc-098a-4355-b006-e00c117625a5,202,,34.14059229099985,34.89865775999988,758.0654690000301
1708,27efa769-a8d2-4393-8213-c48a91a9dd58,202,,34.16028110800016,34.89886896200005,738.5878539998885
1709,89920c80-e4e5-4f0a-93c0-0fa9619bd7da,202,,34.18071886200005,34.922501912999905,741.7830509998566
1710,fe9b2131-59c6-4a6e-8bfd-585dc9c02fb5,202,,34.201111242000025,34.93985983199991,738.7485899998865
1711,72d8794c-8aaa-407b-82b0-064fa872362d,202,,34.2203189060001,34.947337742999935,727.0188369998323
1712,9232b1e8-ef82-4f37-a10f-f2c31260c3c0,202,,34.240932237999914,34.95512914500023,714.1969070003142
1713,3be3aa84-f3e3-41fb-b57d-f007a9f2542e,202,,34.260335980000036,34.969004080000104,708.6681000000681
1714,8dd1b1db-59e0-4232-95f7-d9ba528164f0,202,,34.28043107700023,34.97441567499982,693.984597999588
1715,a13e172a-584b-4559-b765-8984f81b4aa1,202,,34.30021097400004,34.980757993000225,680.547019000187
1716,596c52d7-eec4-4248-a051-26b6bcc3a286,202,,34.32029561299987,35.00887356200019,688.5779490003188
1717,b04354eb-b521-44fa-9afb-693db5fefc56,202,,34.34071940900003,35.01849849400014,677.7790850001111
1718,253f8f59-3636-41a9-9e99-340f0a4cd546,202,,34.36041635099991,35.028260880999824,667.8445299999112
1719,43cd75c7-df32-41f5-96b9-49941c6a50e8,202,,34.38224439900023,35.04187857399984,659.63417499961
1720,f31b9afa-5995-4a6b-8d19-935107679fb2,202,,34.40380866199985,35.05399314399983,650.184481999986
1721,30f295c9-c7ec-4865-bccb-d07cc5ea5054,202,,34.42067230900011,35.05985201700014,639.1797080000288
1722,c3786e91-3c69-47bb-ab78-b4051c60ce59,202,,34.44032254400008,35.067311594999865,626.9890509997822
1723,ef10fada-6250-405e-bdbb-a6dd367eef41,202,,34.46027252000022,35.07484967099981,614.5771509995939
1724,0247111a-755c-4d3e-886c-8c295e3c455a,202,,34.480514530000164,35.09027610300018,609.7615730000143
1725,098e4fb3-fe59-489f-a761-339e7a490b8e,202,,34.50044754800001,35.09793317599997,597.4856279999585
1726,01c7264e-7da0-4c56-a763-71340d275f8b,202,,34.52039460800006,35.10753764999981,587.1430419997523
1727,a70a77b6-93bf-4f77-9dee-958066d7a820,202,,34.54032770899994,35.113203113000054,572.8754040001149
1728,72944713-ec6e-419a-811c-c327f7daf283,202,,34.562573494999924,35.128856455999994,566.2829610000699
1729,9b5479b2-bce8-4037-9768-cfbb22446e9e,202,,34.580542569000045,35.1412115600001,560.6689910000568
1730,e0c81b42-8357-462c-b31f-d2349c00824a,202,,34.600196761999996,35.15596926199987,555.7724999998754
1731,23d66441-5e37-49f0-853b-c24f1a837d21,202,,34.62133566300008,35.156114090999836,534.7784279997541
1732,92595c08-2854-479c-8758-3dbcf9162fdb,202,,34.64028858399979,35.168551818000196,528.2632340004056
1733,93d259b9-99a9-4aa0-863b-1fc4990d1d0b,202,,34.66094745700002,35.17244887300012,511.501416000101
1734,20b19e3b-9cf1-4b0f-98d9-1fc974d589cd,202,,34.68065181500015,35.17783846800012,497.18665299997156
1735,6e9f3606-012b-485b-9baa-09b4c4681cc9,202,,34.70110148499998,35.19615731800013,495.0558330001513
1736,a99374af-0f5b-4ad4-847c-b355db1c9e66,202,,34.72030864899989,35.22986480999998,509.5561610000914
1737,adb936dc-4677-4dec-9186-c4aa336a776f,202,,34.740792275999866,35.23340837500018,492.61609900031544
1738,9452ded6-8047-42a0-aaa8-8206a87de5a6,202,,34.762534909999886,35.25056217500014,488.0272650002553
1739,3bfa6363-5357-43fe-883c-40caf8f45f17,202,,34.781227797000156,35.272396298999865,491.1685019997094
1740,8022e78c-fcff-45f5-aa1d-3d4e53a34173,202,,34.80029229799993,35.30013891999988,499.84662199995
1741,159fc655-41ee-4c9d-b9b8-2f7b8c4210cf,202,,34.82036706200006,35.3106144530002,490.24739100013903
1742,227efbb7-7587-4b7c-8eaf-f4a55c677edb,202,,34.84042078599987,35.31779345599989,477.3726700000225
1743,acaec147-0603-40b6-a1aa-633c6c210fbb,202,,34.86042405199987,35.32980786100006,469.38380900019183
1744,f530cef9-5370-459b-8580-49d9516b2e1e,202,,34.88140370700012,35.337314520999826,455.9108139997079
1745,8bbacdea-2b22-4bea-bca8-a928d9dc6b5a,202,,34.902513566999914,35.359941330999845,457.4277639999309
1746,69d0054b-4c91-4d32-b40f-d56dc0eb0cd7,202,,34.926474633,35.374464248000095,447.9896150000968
1747,5a8f1229-34d5-4bbd-b4c8-e7b7e7310391,202,,34.94018386500011,35.384750995000104,444.5671299999958
1748,a15e68a7-746e-48c7-9a1a-fea9ea71bde0,202,,34.96023662300013,35.39834702200005,438.11039899992466
1749,05bdbc36-bd5f-4516-a905-0e28abe14e3d,202,,34.98036467100019,35.41301797599999,432.65330499980337
1750,3a9ef262-7b22-4778-9a4a-5bdec6495d13,202,,35.00106841100023,35.42469251600005,423.62410499981706
1751,f360733c-c6f3-4d20-b140-73467f0ebca1,202,,35.020205696000176,35.438446080000176,418.24038400000063
1752,c4dea0c3-ba7c-4134-86d2-6d8dd5153415,202,,35.040403075000086,35.45205669000006,411.65361499997744
1753,ac830ada-01b8-4941-9459-b82f98be5ac4,202,,35.060222922999856,35.45815584899992,397.9329260000668
1754,f20bbe2e-1328-4a3a-83de-0a7c92b9f1bb,202,,35.08048817600002,35.475263857999835,394.7756819998176
1755,9d6b1857-ad11-4759-9961-bc13b87f5da1,202,,35.10043235400008,35.48368603300014,383.25367900006313
1756,5bb5d27b-0697-4cf7-a59d-a5a66470bf27,202,,35.120204078999905,35.49148201800017,371.2779390002652
1757,e827030c-f632-4355-99ed-e5f524a78c98,202,,35.14093190099993,35.498426736000056,357.494835000125
1758,f6ed2d2a-e7f6-4d7d-be41-22e59eefbad8,202,,35.16029409600014,35.51387316799992,353.5790719997749
1759,6ed1acd2-ad61-430a-bbc7-4153fc9e8eea,202,,35.180339021000236,35.52002894999987,339.6899289996327
1760,0856291e-2c3f-4d74-8ce6-b04c8a1628ca,202,,35.20025753400023,35.53395592600009,333.6983919998602
1761,9c5d59e0-7b44-424d-820b-4871444277cc,202,,35.22348695099981,35.54413909200002,320.65214100020967
1762,a1a0203d-9ab7-4be6-9909-8edb55666b7a,202,,35.240344968000045,35.549659683999835,309.31471599978977
1763,2d7fa179-f447-4910-888c-620d317eba19,202,,35.2615120280002,35.55780053399985,296.2885059996552
1764,f6eccfc5-7f07-4e14-9e09-a5e841138275,202,,35.2824155950002,35.56139593099988,278.98033599967675
1765,d295280e-8ff6-4815-ada3-051f46945ac0,202,,35.30157537900004,35.58075683400011,279.18145500007086
1766,2e458b34-1d33-40b2-b9f4-ed5d81506d1c,202,,35.321306896999886,35.606956873999934,285.64997700004824
1767,d4a2dd9d-6c22-493c-9bfe-3d1d2a6a61bc,202,,35.34100712400004,35.652413070999955,311.405946999912
1768,38a10f74-3b52-4064-ae33-dfb3f4e53310,202,,35.36030973700008,35.65250260999983,292.19287299974894
1769,964fe076-71f6-4034-9986-0f253c66e8d3,202,,35.38050374100021,35.68583332099979,305.32957999957944
1770,21fec850-29ea-463d-b11c-3f1ff9a795fd,202,,35.40053395899986,35.7106069030001,310.07294400023966
1771,b4b190e6-b711-4cbc-82df-4cf2ece35898,202,,35.4203082250001,35.741055737999886,320.74751299978743
1772,aafe7b06-3c9a-4ac1-a2ca-af037f5408bc,202,,35.440552144999856,35.788078223999946,347.52607900009025
1773,7d0f0a56-5afc-4e85-be89-e25a234b2081,202,,35.460527531000025,35.84314435299984,382.61682199981806
1774,cd231c5a-7378-41a5-be2b-70e4fbc542bf,202,,35.48047399999996,35.849836786000196,369.362786000238
1775,3a177490-7a74-4aea-82a0-f60ef138c9ab,202,,35.50019622699983,35.85534671200003,355.15048500019475
1776,0456e2bf-cd7e-4e90-bab2-0249ab5b7172,202,,35.520532226999876,35.87305282899979,352.5206019999132
1777,86b0baf2-9660-4882-a7ca-fa9258f303f3,202,,35.540659108,35.884300090000124,343.6409820001245
1778,8f665229-fe48-47b5-8bce-9de99c731c3c,202,,35.560318169999846,35.90841631500007,348.09814500022185
1779,09225558-5a02-4f37-8b4b-b5eae602a761,202,,35.581909717000144,35.91948291200015,337.5731950000045
1780,b2f20dfd-40d2-4fbf-b6cf-03e983275349,202,,35.601485865000086,35.94002060799994,338.53474299985464
1781,7610bcb9-85b2-4384-a84d-f3dae6bc4906,202,,35.6206750639999,35.98582186400017,365.1468000002751
1782,51572b6b-eb13-4fe1-8918-ea9cb9fd363d,202,,35.64264951799987,35.962043470000026,319.39395200015497
1783,962d10a4-1e18-482d-ab60-ea4c6eff0008,202,,35.66708310900003,36.03055848399981,363.4753749997799
1784,aa797967-58bf-450b-8e21-6e03e4b699d7,202,,35.68259833100001,36.05055565400016,367.95732300015516
1785,002d6d67-e796-4027-9d46-ac03b27fa1a4,202,,35.70462503299996,36.05759611700023,352.97108400027355
1786,fd8097ee-d3fe-497c-a648-5b60c994d87f,202,,35.7243614250001,36.07344986599992,349.0884409998216
1787,14695dbe-2200-410f-be39-7010dc6d72db,202,,35.74270152400004,36.085109443999954,342.40791999991416
1788,7ce292a2-74cc-4277-bcf2-d0ce9cef9fa9,202,,35.76045584900021,36.12146551500018,361.00966599997264
1789,c218f84a-e17a-4c9b-8c9b-93678ba41f2b,202,,35.78079209899988,36.151622765999946,370.83066700006384
1790,30b8d95e-dd34-46ad-a208-44d9f31b006a,202,,35.802244067000174,36.17167143500001,369.4273679998332
1791,fa9e6bfd-5443-479f-90f2-21a55d51adf7,202,,35.820519460000014,36.17717840000023,356.6589400002158
1792,b06b3610-fb10-4a37-a174-e0657622f04c,202,,35.84054734399979,36.203792670999974,363.2453270001861
1793,c7a6a4c6-a619-4dfe-b7a6-05db6041bf99,202,,35.860324151999976,36.22583328200017,365.50913000019136
1794,2d6b898e-ff04-430a-8b68-5d3aeae83d0d,202,,35.880598654000096,36.24666517800006,366.06652399996165
1795,f932398b-586c-4a40-81f0-3bec45f7bcac,202,,35.901978792000136,36.25455999099995,352.58119899981466
1796,7d86388c-8d34-48a1-8a0d-744797b640f5,202,,35.9204736329998,36.280010044999926,359.536412000125
1797,37ff7069-127c-446c-8aad-14ec1a06afcf,202,,35.940553133999856,36.299027617999855,358.4744839999985
1798,63bcbf91-f1b8-4993-ae15-31a1b8db1eef,202,,35.961735769999905,36.33415809999997,372.4223300000631
1799,9ab96ba6-a466-42d0-b65b-6f7380c8b636,202,,35.98273078700004,36.355822472,373.09168499996304
1800,cb397f4a-c4f2-4c73-b9da-8de7a80d4064,202,,36.00292095199984,36.360006558999885,357.08560700004455
1801,ff415b9e-67de-451e-a555-2a00d5b17dc8,202,,36.02028436499995,36.37797216299987,357.68779799991535
1802,2222529d-272a-46b5-a181-84a307bb58aa,202,,36.040591318000224,36.388778224999896,348.1869069996719
1803,b86ee36e-aabe-468c-a1af-ea8badebaa47,202,,36.0616168749998,36.40963253700011,348.0156620003072
1804,5d41a21a-5849-49d5-900c-f38718bcccd2,202,,36.08117201699997,36.42476847399985,343.59645699987595
1805,a8bd9bde-0461-49de-b071-4859344789d2,202,,36.10053924700014,36.43212471900006,331.58547199991517
1806,73e7aca1-f8cd-4482-b471-5657bbf12418,202,,36.12033613099993,36.4377392639999,317.4031329999707
1807,a60017e3-7552-4f0b-93e7-799e89eba19d,202,,36.14032055200005,36.45175269099991,311.4321389998622
1808,c9625488-da9d-4c4e-b5aa-26c610f225ca,202,,36.1603441379998,36.45567132799988,295.32719000008
1809,4c87379f-012c-4844-a776-1311185c7825,202,,36.18204430100013,36.46357547400021,281.5311730000758
1810,702f8992-6d49-40c4-bc2d-c409c964c358,202,,36.202329587999884,36.47390321600005,271.57362800016926
1811,c49e6017-d1e7-420d-8409-7ac5388d1a4e,202,,36.22448915399991,36.492591174000154,268.1020200002422
1812,5d026c5e-bf83-43c4-b2a9-98d183a7162b,202,,36.24028757099995,36.47833892100016,238.05135000020528
1813,0c914f73-290d-4f7f-9c9d-ca5b7fbc8dd4,202,,36.264282126000126,36.50321870000016,238.93657400003576
1814,1738faf6-8fae-41c7-89b6-e34c9b5f04a6,202,,36.28021816399996,36.52259730500009,242.37914100012858
1815,177686a9-7edd-4354-93ec-a025c49a09d8,202,,36.30103143499991,36.53244622700004,231.41479200012327
1816,014e9c3c-8291-4068-8234-b6d59bb1d77b,202,,36.32098156500024,36.540417287999844,219.4357229996058
1817,06887818-5ad6-4214-bece-247f36250e8d,202,,36.340411585999846,36.5510677289999,210.6561430000511
1818,ff496ba3-54cc-49f1-9fc4-8f7c65c63c7a,202,,36.36019738699997,36.561227685000176,201.03029800020522
1819,e9fba7f0-28d5-40c3-8c14-a7fbd1273a78,202,,36.38056025500009,36.568474141000024,187.91388599993297
1820,5be8c346-a969-4144-bf66-73cc3ac1c28d,202,,36.40030664100004,36.58170267500009,181.3960340000449
1821,ae6fdd91-6d69-4d17-826c-f6ed8befc3bc,202,,36.42022556399979,36.59471250600018,174.48694200038517
1822,92ae97d8-2bcd-4fa3-b9bc-50212938cd7f,202,,36.440333480999925,36.59986631499987,159.5328339999469
1823,40c595b9-05e5-490c-86ca-7c9fc6f0d481,202,,36.46025515300016,36.60894996800016,148.69481499999893
1824,a259f631-eaa5-43e1-b6f3-d73b97c718b7,202,,36.480438151999806,36.61746251300019,137.0243610003854
1825,f885f74b-6590-4622-8745-75befd682969,202,,36.50021766200007,36.63170726699991,131.4896049998424
1826,430939f7-67aa-4884-8bb5-68a8f2155007,202,,36.52140388099997,36.63900763899983,117.60375799985923
1827,8745ef90-62a1-45a1-99b9-6b1cfba4cc13,202,,36.54142250899986,36.649539916999856,108.11740799999825
1828,79fa2272-703e-46ed-91f9-56e041cfe5f4,202,,36.56067603400015,36.65105774799986,90.38171399970452
1829,78e26e59-68b9-43dc-b832-7825457bab52,202,,36.58174988200017,36.65517879500021,73.4289130000434
1830,af179fc6-63e9-42bc-97d3-4dd3c8094332,202,,36.600568961000135,36.66994844999999,69.37948899985713
1831,c3975e1b-75a2-4f77-a1cd-81a38cf1f103,202,,36.620657545000086,36.673556844999894,52.899299999808136
1832,80e9e1b6-01b2-44e5-a4ba-e1d951796ebb,202,,36.64034093300006,36.68066447299998,40.32353999991756
1833,a2b0e8ff-3c9e-4357-baed-f512869567c0,202,,36.66273203399987,36.69315094400008,30.41891000020769
1834,07e271b8-f0a9-423c-8e6d-0c463bef9183,202,,36.68069188900017,36.69957696600022,18.885077000049932
1835,85b3533f-60bb-4d9f-abb9-87051fd7d0cf,202,,36.70047985700012,36.75293383600001,52.45397899989257
1836,cb532f66-a0fd-400b-acd9-137655359967,202,,36.72677292800017,36.773820272000194,47.04734400002053
1837,c577d910-ad59-4352-937c-6cd983696037,202,,36.74053136200018,36.777883571000075,37.352208999891445
1838,c60a0ed1-134c-4172-902b-fa1193a96076,202,,36.76021979200004,36.7967891899998,36.56939799975589
1839,f3406177-d512-4f79-8142-dd3803868c75,202,,36.780462997000086,36.82686406799985,46.40107099976376
1840,0a455c1a-e52a-483c-8533-81a884ecd3b9,202,,36.80233602899989,36.83361445599985,31.278426999961084
1841,46400d2c-dbc2-4492-b7d3-73ab4e4a8830,202,,36.82083624300003,36.850605588000235,29.76934500020434
1842,b34f7c21-773a-488f-94cb-4ccd77535b16,202,,36.84036742699982,36.86584010500019,25.472678000369342
1843,b287a5ed-4e7d-4807-b722-4ce2ecb35f5c,202,,36.86035601399999,36.890565638000226,30.209624000235635
1844,b870e3f9-9a3b-4deb-9f3c-0f6894cc3392,202,,36.88032389399996,36.93739506400016,57.071170000199345
1845,f615cac0-a138-46e8-894b-b17d344f87a0,202,,36.9072885290002,36.943010649999906,35.72212099970784
1846,acc29aea-5d35-4980-86d0-48bc5a62e6b9,202,,37.113407823000216,37.358085819999815,244.6779969995987
1847,38d6ea38-4b22-497c-bc4c-d45ebaf5b6af,202,,37.11319049599979,37.34474042000011,231.54992400031915
1848,02345035-cd51-48ea-a653-8c841a0ce0f1,202,,37.11260222200008,37.2778940029998,165.29178099972341
1849,599fd858-9377-4276-bc0c-79d95ed9783a,202,,37.112759134000044,37.17522442900008,62.46529500003817
1850,a985e395-ce1a-4d7b-8c97-f364d4cf6c31,202,,37.11452924900004,37.30663557800017,192.1063290001257
1851,b842bbb4-f086-4689-b494-c29436b7ee7e,202,,37.1166918519998,37.33079732799979,214.10547599998608
1852,228ab074-4c27-43c9-9a1b-e1b1c08a8130,202,,37.1184000520002,37.29170226499991,173.30221299971527
1853,c6ffdebb-43d3-4a24-ac16-8ff9440459bd,202,,37.113960557000155,37.25378541800001,139.8248609998518
1854,f33e3a3c-ed7d-4e4a-aab1-78b92cf50acd,202,,37.11374006300002,37.25448477300006,140.7447100000354
1855,86ba4aeb-0249-4c0c-9dbd-8e09e0d37cbf,202,,37.1124712259998,37.243320850000146,130.84962400034783
1856,5ac45b53-7e78-4629-a439-f6718ce55b66,202,,37.12118563700005,37.28211575500018,160.9301180001239
1857,55162cbd-445a-42fa-a675-8c10c7c0d590,202,,37.14018037200003,37.36715459600009,226.97422400005962
1858,55d724b3-9f35-4c93-8cf2-658f2a5e3633,202,,37.160254242000065,37.3818245829998,221.57034099973316
1859,5a77b5ca-be91-4e2d-8118-2d236f2d75bc,202,,37.180981300999974,37.39907145300003,218.09015200005888
1860,0edf51a7-1c2b-484e-8198-5a6833fa2660,202,,37.20039673300016,37.414618163999876,214.22143099971436
1861,efba93e8-bfe9-4ece-9396-4d6b13b9a82c,202,,37.220992129000024,37.42982975999985,208.8376309998239
1862,73c593d0-d673-4674-8c59-197473ef7d23,202,,37.24043097599997,37.435934289000215,195.50331300024482
1863,00f13111-d974-4299-8f32-d9d23cd11c9a,202,,37.26160273100004,37.45085993500015,189.25720400011414
1864,df17e5b1-f0cf-4f04-9222-e750b3af4ba2,202,,37.28028514200014,37.456183986999804,175.89884499966502
1865,4681f055-20fc-4fda-8358-15913419b419,202,,37.3008408730002,37.464077797999835,163.23692499963727
1866,cc12a270-d86e-4a5e-899d-5cb2fa9327c7,202,,37.32151722500021,37.48039977799999,158.88255299978482
1867,f7903d44-383a-467b-a5e9-b33808433f4d,202,,37.34149059799984,37.48713408000003,145.64348200019595
1868,1b36d5f9-08e0-4c10-9753-55b693132b62,202,,37.36067991099981,37.5166605899999,155.98067900009482
1869,74be767e-09ed-4f23-9eed-10f6bacff29e,202,,37.38197028700006,37.528460618999816,146.49033199975747
1870,1867899d-1277-4628-aea3-02d346bfc987,202,,37.40020008600004,37.54583665200016,145.6365660001211
1871,0c1b7f84-048a-44e7-878c-26b2a7219a2b,202,,37.42036966200021,37.56173010300017,141.3604409999607
1872,d9d9530e-11a4-46b5-b339-7941dec0e0cb,202,,37.440731314999994,37.57212650700012,131.39519200012728
1873,a534d854-5f83-4997-9fbb-8c371f673c35,202,,37.460350989999824,37.58078308599988,120.43209600005866
1874,1d084392-53a6-4167-9756-1626e912ddd3,202,,37.480449443,37.59469926200018,114.24981900017883
1875,cb2bf545-3772-499a-ab6d-5ef74574aca9,202,,37.50156565799989,37.60108965800009,99.52400000020134
1876,6d2b338b-d0d3-4b07-b333-13d3a34c915f,202,,37.52030098400019,37.60648445800007,86.18347399988124
1877,41764fce-5675-4688-bfbb-a6f3c589aa2c,202,,37.54447389999996,37.61214558399979,67.67168399983348
1878,7d17f1d5-d04f-43fb-a1f0-3750a040e1d1,202,,37.562424999000086,37.613309758000014,50.884758999927726
1879,3e06863f-eb85-4fd0-9342-a3df5538acaa,202,,37.5824545370001,37.61722014399993,34.76560699982656
1880,c19ecaf0-2913-4712-9dfd-30e81ca33568,202,,37.600197725999806,37.62260502800018,22.40730200037433
1881,12f6def4-2a40-481d-8211-d64c34d2b4cd,202,,37.62042255000006,37.63600367700019,15.581127000132255
1882,eacd1a84-d095-4e2d-a525-ac51763e8247,202,,37.640573458999825,37.657896617999995,17.323159000170563
1883,ebd0f1cc-b0ce-499e-ab61-556496d49f24,202,,37.6602095090002,37.67454704700003,14.337537999836059
1884,9c46920d-40d7-402d-8744-7ec6a9084e35,202,,37.68031092000001,37.692700765000154,12.389845000143396
1885,fb45f94c-aac7-41d6-98a3-5248387b6ec5,202,,37.70023054500007,37.720459367999865,20.228822999797558
1886,b12ca872-7812-49d6-9cdd-ebbb30a77807,202,,37.72050536699999,37.73319224499983,12.686877999840362
1887,21efe1a5-814e-4605-bf6c-276054dfba52,202,,37.74030953700003,37.754836110999804,14.526573999773973
1888,e1eaeef6-3463-46ac-b502-72e6384bcc5c,202,,37.76026190999983,37.778414086999874,18.15217700004723
1889,58ba3986-6450-47c8-9926-350c0e6d5ee4,202,,37.78022532600016,37.79381246899993,13.58714299976782
1890,394bc463-7b13-405f-8703-e7a14a01f9b4,202,,37.800186865999876,37.814298034999865,14.111168999988877
1891,bb0e84ab-8979-44c5-9420-51961dcff33e,202,,37.820340275000035,37.833470599000066,13.130324000030669
1892,102b5713-b36c-464e-8709-a04f34381f9e,202,,37.840277483000136,37.855223128000034,14.945644999897922
1893,24c83c40-e55a-44bf-bf8d-7b84f80790d0,202,,37.860241980999945,37.879194134000045,18.952153000100225
1894,30515412-ec52-40ab-8397-4fd0685794aa,202,,37.88038339100012,37.89754047099996,17.157079999833513
1895,aa1d1775-1de1-41f9-bf88-c762d75356db,202,,37.900233683999886,37.91417056599994,13.93688200005272
1896,3a934f77-16d4-420d-ba91-e92b57335a96,202,,37.920536960999925,37.935995377999916,15.458416999990732
1897,3fdfb79a-985d-4ad7-928d-8672a9abee3e,202,,37.94033554099997,37.9519565720002,11.621031000231596
1898,b2f2d881-e36b-4ee5-a5f7-276f45c03759,202,,37.96035923999989,37.97750473199994,17.14549200005422
1899,79a53773-2344-4ea6-ae28-48fd45eefb7d,202,,37.980385063000085,38.013647369999944,33.26230699985899
1900,b7443556-6d82-4f15-983d-2f816e3c409d,202,,38.00286635600014,38.033401868000055,30.53551199991489
1901,0aa4f35a-e236-4c97-9cfe-8aa95eef631e,202,,38.02031913100018,38.05349552300004,33.176391999859334
1902,0045a044-9fd6-471b-ac92-4f2eb56190c3,202,,38.04022187500004,38.07031127500022,30.089400000179012
1903,42d15032-1143-47dc-ad10-8f6e4142295f,202,,38.06042306800009,38.10275181399993,42.32874599983916
1904,f5af8454-5d2b-4016-badb-f9bfe18baf6c,202,,38.08074296599989,38.144701780000105,63.95881400021608
1905,6bf973a2-f986-4b77-989c-86f847f2c75f,202,,38.101859215999866,38.16964774999997,67.78853400010121
1906,9a82a66a-0a35-4fad-bba9-324b41873b59,202,,38.12246177199995,38.18860373000007,66.14195800011657
1907,bb375bb9-9e29-4dd0-a43d-f20a50640c29,202,,38.14069639899981,38.19700052300004,56.30412400023488
1908,99a2563c-74e9-4bba-ad7a-cead3d4900e1,202,,38.164635439999984,38.22316466500024,58.5292250002567
1909,3d112878-4543-4377-ab58-bd36333b1172,202,,38.180512219999855,38.220216335999794,39.70411599993895
1910,4df32678-a4e7-44cf-9b1b-94ef8bf77681,202,,38.20046321200016,38.2312890080002,30.825796000044647
1911,0d40327f-2c48-4989-b13b-f9d6a7c92610,202,,38.22046441200018,38.24045111099986,19.986698999673536
1912,f0d6f6bb-e2ac-4ea2-9d4d-a54106f046f1,202,,38.24023399299995,38.25475431299992,14.520319999974163
1913,2586c6b4-597c-484e-b444-896d2e12bf44,202,,38.26034614699984,38.28159280999989,21.246663000056287
1914,b40e7d3d-66fd-4304-ad4f-3fb4bbc5dc12,202,,38.28062442200007,38.299137582000185,18.513160000111384
1915,59db9d34-0a05-4f03-92f8-59193a710b98,202,,38.30019029999994,38.330116538999846,29.926238999905763
1916,d8e81b0f-22f1-4c73-ac36-08767745e68f,202,,38.3204849079998,38.3368492149998,16.364307000003464
1917,3f634f17-e9d9-4c38-a603-7a2d6409b79d,202,,38.34034923599984,38.35510084099997,14.75160500012862
1918,efb3fdf0-b262-44fa-b184-5918cfe7e13b,202,,38.36023864700019,38.37579506100019,15.556414000002405
1919,7569e6ef-df65-44af-8f39-13a826e1976b,202,,38.38030521900009,38.39531456699979,15.009347999694
1920,cc5836c0-a553-4eb4-ae99-913586095e1b,202,,38.40025533700009,38.413849433999985,13.594096999895555
1921,8cc36e19-f80a-4fc6-b7bb-debcd94ff49f,202,,38.42017424699998,38.43651138799987,16.337140999894473
1922,a654cdb3-686f-412f-b866-c49346542f82,202,,38.440190863000225,38.45781734100001,17.626477999783674
1923,388522b6-80fd-4fc2-be4c-03da4f7eec6b,202,,38.460981204999825,38.47615867200011,15.177467000285105
1924,54fb3e89-99a4-415e-9d3a-560bb1512662,202,,38.480221593999886,38.502790800000184,22.569206000298436
1925,cb377667-14b4-4130-a514-a8c793e261ca,202,,38.50543713900015,38.53763535200005,32.19821299990144
1926,eeb0e6a1-04e2-468a-8ea4-ddf1e8746a21,202,,38.52067122900007,38.550354850000076,29.683621000003768
1927,2542aa8d-a246-4307-a2b3-8a92029e38dc,202,,38.54175902099996,38.59221302700007,50.454006000109075
1928,d237868f-f39c-46a8-935e-b000c040384e,202,,38.561802511000224,38.597425122999994,35.622611999770015
1929,3ebaa555-c217-4442-87c6-b221aaec676b,202,,38.58244956599992,38.68494390600017,102.49434000024849
1930,a843c963-dc12-46de-84a3-bd67fd674874,202,,38.60035999399997,38.7108919289999,110.5319349999263
1931,a29e1c83-eabb-4f4d-b511-c05b7ddcccb9,202,,38.620772515000226,38.72418257700019,103.41006199996627
1932,59bb42b3-9a98-47f2-8132-865d6bb1a006,202,,38.64063242600014,38.73630663499989,95.67420899975332
1933,1c965b11-c169-472d-8e59-fa484a1b11e5,202,,38.66041113199981,38.738670315000036,78.2591830002275
1934,b0abb7fd-9d16-4824-a38e-2598cbb2cff4,202,,38.68090631699988,38.74714364700003,66.23733000014909
1935,418aef74-05b8-4a4f-940a-a8abea8a09b3,202,,38.702925248000156,38.75334896300001,50.423714999851654
1936,b64da561-0e04-4bb1-980d-2951f8912012,202,,38.72043506299997,39.34519529999989,624.7602369999186
1937,4d3bdca3-aa0a-4b21-94bb-4b6954b85ca7,202,,38.74041251300014,39.5335372049999,793.1246919997648
1938,abc0a086-edbb-4be6-99f1-4d5a17b14107,202,,38.76059537399988,39.55309424500001,792.4988710001344
1939,e82237ab-ebce-4460-a5d8-685f001f8c16,202,,38.78035537200003,39.56195139700003,781.5960249999989
1940,bc2ad3e0-ecce-476b-96e5-57dc517b8a24,202,,38.80059035600016,39.5898178540001,789.2274979999456
1941,39f3d623-e53c-44d7-8a2c-16217d7684b4,202,,38.82077517500011,39.62071188800019,799.9367130000792
1942,880d7967-fc70-4d4c-9318-1f153b05d27a,202,,38.84448409700008,39.64867780099985,804.193703999772
1943,91a7d45a-6284-48c7-8264-f2de391d1302,202,,38.862847469999906,39.66224077000015,799.3933000002471
1944,3f41139f-5a59-40b4-a5c1-bc47953bc08d,202,,38.88308541300012,39.6872366890002,804.1512760000842
1945,d677f905-3546-442f-9072-3e653a6035b3,202,,38.900446439999996,39.70992426000021,809.4778200002111
1946,f67928ad-e0cd-4300-83d6-ae067c7205ee,202,,38.92077450199986,39.72720520099983,806.430698999975
1947,15880294-76f3-40b6-8838-e17fca28d21d,202,,38.940662530999816,39.751878962999854,811.2164320000375
1948,413ca3d1-e262-4d9a-bbd1-c2dad5af2ee2,202,,38.96212101399988,39.76233994099994,800.2189270000599
1949,d7be6e2c-6b03-485b-9635-a47eb3fcb409,202,,38.98064258500017,39.77389005399982,793.2474689996525
1950,161e2bfb-a31c-46ff-968b-92e0a97fff2a,202,,39.000255540000126,39.78051685599985,780.2613159997236
1951,e99dbc97-70d0-4029-b06b-c8903ae5ae1e,202,,39.0202758989999,39.790726966999955,770.4510680000567
1952,ed106a71-4c98-47fb-bbee-91a37229c2e8,202,,39.04129964499998,39.79920492100018,757.9052760002014
1953,077181cb-a8b5-42a5-b377-9cbf1a0e7384,202,,39.06029416000001,39.814923992999866,754.6298329998535
1954,45402dcb-f11b-4d9e-85f6-ff66dd6152aa,202,,39.0806232179998,39.81978034700023,739.1571290004322
1955,a2c94737-62fc-475f-a2c6-0498055e7e0f,202,,39.10025300500001,39.838366124000004,738.1131189999905
1956,281006d9-4bcb-43fb-9631-189dd6e0da92,202,,39.12220443200022,39.85674719899998,734.5427669997662
1957,028000dd-1c5b-4a29-b8b0-2e5b11fc434b,202,,39.14040663700007,39.85979273300018,719.3860960001075
1958,400e4024-4194-4dca-a8ff-d4ea7b4b285b,202,,39.1605774919999,39.87029808499983,709.7205929999291
1959,ee992595-7854-4be5-9113-8cc10b351d8f,202,,39.180911341999945,39.875157898,694.2465560000528
1960,a0ea1790-2187-414b-a4fa-5eac4365f4e2,202,,39.20294209900021,39.88527038700022,682.3282880000079
1961,712260c9-f80e-409d-9b05-b25dc69ea3c6,202,,39.22046532400009,39.89342431000023,672.9589860001397
1962,0aa16a8d-f4af-43b5-aae3-96cb8edca82b,202,,39.240408269,39.8998184940001,659.4102250001015
1963,8ceb8d87-c381-42c1-9c1d-83cf0e0e2627,202,,39.26147992999995,39.909880359,648.4004290000485
1964,f8273041-e2e7-4b48-9776-7ea911800285,202,,39.280410530000154,39.917186264000065,636.7757339999116
1965,4399f3e7-4465-4ad0-a2e4-68f25e603368,202,,39.30048368000007,39.92610445199989,625.6207719998201
1966,3bc6e3f7-af72-4c6a-b3d2-8db0c1a1d8e9,202,,39.32038250100004,39.931720656999914,611.3381559998743
1967,0ff29a64-38b8-4ca7-9e0d-364822b0913d,202,,39.34069072700004,39.93784980500004,597.1590780000042
1968,c646d555-dad3-4c6b-a71f-5b44c6c5e90e,202,,39.3614154400002,39.948369404000005,586.9539639998038
1969,389a1ccc-6d32-42e1-98da-eb8fc11efedc,202,,39.38055386699989,39.961834914000065,581.281047000175
1970,12aaf3ae-2ae3-4c66-8243-a7ad687e3c20,202,,39.40445815200019,39.95374728300021,549.2891310000232
1971,33a3eca4-b147-4f22-abcc-676bdf54feae,202,,39.42157759800011,39.973462561999895,551.8849639997825
1972,46a9de39-6a25-44fa-8d81-dae3a283f91f,202,,39.44078010600015,39.97965291699984,538.8728109996919
1973,edb88722-eb6d-45b8-b248-6afabcbe0741,202,,39.462753907000206,39.98713606499996,524.382157999753
1974,b10c4fa0-5fa2-47fa-9df9-46a363e4e48c,202,,39.48184366900023,39.99641928500023,514.5756160000019
1975,621d73f8-2e2e-479b-b541-9576b4ba73f0,202,,39.500731019999876,40.00325882800007,502.52780800019536
1976,a2d452cf-35a1-4202-a856-09754dfa7908,202,,39.522244167999816,40.01499376499987,492.7495970000564
1977,86c862aa-620f-44bd-9a03-1cf52d0d2bd1,202,,39.540328793999834,40.02149977599993,481.1709820000942
1978,80cc7cbf-9113-49e3-8815-3d09ce030cd6,202,,39.56082438900012,40.03620624799987,475.3818589997536
1979,572b52eb-5550-44a6-abdd-71f2eb0009cf,202,,39.58048125899995,40.039909094999985,459.4278360000317
1980,2fbccd19-ae2d-4771-a142-7d95f4b22a26,202,,39.600929438000094,40.05792067499988,456.9912369997837
1981,a90b237a-593f-4011-91db-846eed99fae9,202,,39.62181802199984,40.06999168499988,448.17366300003414
1982,2cd20e03-9aa2-4b33-b45a-f2097796a532,202,,39.64071270600016,40.074506590000055,433.79388399989693
1983,09fc2409-78e5-4193-b2f8-44e3afdd14a6,202,,39.66148012599979,40.081200638000155,419.7205120003673
1984,abedfedd-4c75-4766-b55c-b4f3e7f7b6b5,202,,39.68223479700009,40.090135618000204,407.90082100011205
1985,f37ef8ce-597a-4a68-bdc7-013c36dc6230,202,,39.70027346500001,40.09383163099983,393.55816599982063
1986,24243837-da7e-4d27-986c-da553e056acc,202,,39.720283867000035,40.101255115000185,380.9712480001508
1987,309af267-da13-4dd8-b5b8-86dcd0c1969f,202,,39.74163351900006,40.111191898000015,369.5583789999546
1988,6371f4ae-4165-4430-a44b-65ac78bf3582,202,,39.76106110499995,40.12164299799997,360.58189300001686
1989,28620637-d081-4190-a245-d79612abf2c4,202,,39.78026848799982,40.130720807000216,350.4523190003965
1990,f681316f-f467-4790-92c0-7b951690094f,202,,39.80068675199982,40.14133823600014,340.6514840003183
1991,f8bc6c8f-ef30-4825-acb9-fb94a134ba46,202,,39.82034049699996,40.154818204000094,334.4777070001328
1992,06dc85ed-4055-44dd-8ce8-d863aa2ba070,202,,39.840343357000165,40.162964998999996,322.6216419998309
1993,0cdb9906-b191-4bc7-b3d2-8e0621ec04d9,202,,39.86023617799992,40.17636034399993,316.1241660000087
1994,b5ffcc09-3abc-4f61-ae7e-da5ea9f63234,202,,39.880687108000075,40.178066584000135,297.3794760000601
1995,00a29cbe-0b84-483c-a88f-79d475b18cf3,202,,39.90022198199995,40.203522772999804,303.30079099985596
1996,ea632cf1-2589-4926-b5d5-096bc5569ff5,202,,39.92027979500017,40.212455753000086,292.17595799991614
1997,6d847439-3037-4c30-baee-4ae4d2df645e,202,,39.94032252199986,40.22161297599996,281.2904540001
1998,807492ad-b11a-45db-92b7-d3781d594127,202,,39.96022321200007,40.22742492499992,267.2017129998494
1999,dcf3533e-a05b-43fb-9be8-921e5bba8342,202,,39.98082050599987,40.23546405700017,254.64355100029934
2000,a052b750-eabf-4978-aed4-8487580b69ef,202,,40.00121459799993,40.26282872999991,261.61413199997696
2001,f4c5a271-b2ae-42d2-ac19-9300e775be1d,202,,40.02055647099996,40.27159396500019,251.03749400022934
2002,34ab6126-010b-499a-a686-5da7fa3f12ed,202,,40.040334665000046,40.28385463599989,243.51997099984146
2003,de7878e9-9d3c-4ebb-b843-90e931b6f2f0,202,,40.06017248199987,40.29693036500021,236.75788300033673
2004,ced8fd74-6ef3-4cb6-b5ab-bf203318794d,202,,40.08022345900008,40.30068670999981,220.4632509997282
2005,17d8e0d5-d77d-4db5-b365-80650eda8869,202,,40.10025847799989,40.30584988700002,205.59140900013517
2006,87bf1ac7-9f6f-4de8-bad9-b3ee1ea09fd7,202,,40.121664122999846,40.313517072000195,191.85294900034933
2007,7f3ad444-c975-4c33-afe2-8dbc23bf85af,202,,40.14062721600021,40.32067118900022,180.04397300001074
2008,6c1917a8-4dee-422e-8eb1-1d4c8193ec2a,202,,40.16034074500021,40.32946375700021,169.12301200000002
2009,b47f7471-27b9-4b3f-acc2-2b51abd1490c,202,,40.18054055099992,40.33406086800005,153.52031700012958
2010,2993ca21-c85f-4d4d-81e4-3a0e1ce05c2f,202,,40.201712369000234,40.342716481000025,141.00411199979135
2011,0873c553-2f2c-4d49-812d-c0bed5b23a24,202,,40.22035468100012,40.3494547360001,129.10005499998078
2012,d7364573-45db-4b8d-99bc-ce73b76cbb73,202,,40.24024770400001,40.35696234199986,116.71463799984849
2013,c12657a7-fb8e-4f54-8760-4ce5d006d8d0,202,,40.2602048509998,40.35778444200014,97.57959100033986
2014,ac42e772-eac0-410d-b180-d0154513a163,202,,40.28045786299981,40.35933031200011,78.87244900030055
2015,76f3da33-550d-4679-8ae2-e89d29e9e0c5,202,,40.30020518299989,40.370465975000116,70.2607920002265
2016,ad186394-0cc8-4bea-acd6-3780457dcb1a,202,,40.32042619699996,40.36880402499992,48.377827999956935
2017,210c6df3-8c46-4e75-aa05-f85e1eae4a91,202,,40.34200425200015,40.37035272899993,28.34847699978127
2018,33e8e6c4-f7cf-4d52-83fa-575902e3417a,202,,40.360255741999936,40.37588993600002,15.6341940000857
2019,7b1b40ad-e12f-4608-9bda-7ac0746ae623,202,,40.38018451500011,40.39141788300003,11.233367999921029
2020,034b9490-c277-4024-9628-d1a2d4fbe0c5,202,,40.40021320100004,40.41403369999989,13.820498999848496
2021,08f20761-5ca5-4093-9ac3-841cade47a4c,202,,40.420498338000016,40.437761190999936,17.262852999920142
2022,2c55e6d2-65c8-4c8f-a406-3d9e2761d452,202,,40.44018757599997,40.45393340999999,13.745834000019386
2023,c8c28e97-d5ab-4727-99da-9ce4921d83d2,202,,40.46033009199982,40.47054611600015,10.216024000328616
2024,e4846d77-5655-4db6-86bf-76a8cb98c181,202,,40.48022699000012,40.498121656999956,17.894666999836772
2025,61cd9dc9-f21f-4d46-ba2f-b3417a7abea1,202,,40.50027017599996,40.51744678100022,17.17660500025886
2026,c97afeb6-f300-413b-bbec-069e66bf6275,202,,40.52021015599985,40.5329201049999,12.709949000054621
2027,a1cf0be5-1ee3-4bca-921a-62844c902902,202,,40.5403827959999,40.55955096700018,19.168171000274015
2028,e3fda7a5-fe35-4a1d-81c2-00c2915783a3,202,,40.56016565600021,40.57312134799986,12.955691999650298
2029,be8b3efd-04a1-414f-83a6-a516d414482d,202,,40.58024421600021,40.59752369299986,17.27947699964716
2030,560b43cc-5d8c-47c0-b929-430afa14f747,202,,40.600181780000185,40.61368387199991,13.502091999725963
2031,37ee762c-81c7-4e6b-a710-d6589ead005b,202,,40.62019817500004,40.63271350500008,12.515330000042013
2032,4188fec0-28d5-4630-b98e-a59e8091128d,202,,40.64018894499986,40.65669140499995,16.502460000083374
2033,f0af7ac6-19d3-4f03-b841-54eca6b33e0a,202,,40.66042933300014,40.68304131600007,22.61198299993339
2034,ff4cccf1-8b9c-49c7-9996-f8aaaa9927dc,202,,40.680594306999865,40.706848013000126,26.253706000261445
2035,2f89c4b3-1632-4147-ae00-3f1dfef3d6a2,202,,40.70026942000004,40.72430823500008,24.038815000039904
2036,50e3c412-95ea-4835-bfec-032225d3142f,202,,40.72341584500009,40.76967086400009,46.255019000000175
2037,a53ab0d7-fd08-4fef-b77d-3001fa1146fb,202,,40.741005979999954,40.80761200799998,66.6060280000238
2038,4a62607a-ac5f-4250-9444-a582e69949d9,202,,40.7624048749999,40.84526570300022,82.86082800032091
2039,88f40cb9-a484-468e-a402-ea76b4a13c89,202,,40.78111714299985,40.840835337000044,59.7181940001974
2040,b1110cab-df6b-4b00-9fed-a03dbbeb59c0,202,,40.80043205899983,40.86107055799994,60.638499000106094
2041,55852df7-cdb4-44a0-92c3-7119d45e0681,202,,40.82033849800018,40.87463260699997,54.29410899978393
2042,4c0e49f6-e1d9-49d4-ab17-3b6f3833176a,202,,40.84109778699985,40.87386004700011,32.76226000025417
2043,b9a0c89d-1693-4200-82e7-8e907cec830a,202,,40.86153275300012,40.89107723500001,29.544481999892014
2044,29f9a098-cda8-4bce-9600-9e468579f764,202,,40.88097078999999,40.90192332300012,20.952533000127005
2045,9308c1b0-ea9e-4796-8e77-d08e3ae94054,202,,40.900151752000056,40.91493251200018,14.780760000121518
2046,a98c583e-f185-41ac-91b7-7580208613c4,202,,40.92049984200003,40.94395737600007,23.45753400004469
2047,3490ef8d-adfa-4af7-bd92-918f75c562ac,202,,40.94066880899982,40.95459555100024,13.926742000421655
2048,95a19316-318b-4cbc-99d5-204579cbba51,202,,40.960244086999865,40.97428707400013,14.042987000266294
2049,38982a94-7a91-4e63-a2af-1c0901f262b4,202,,40.9802053100002,40.99148525800001,11.279947999810247
2050,3f7730d0-712a-4a76-ad7d-e6fe6ba3b597,202,,41.000205241,41.01262544500014,12.420204000136437
2051,554e22f3-0791-44d4-b01a-967f77f50127,202,,41.02039074999993,41.0369026620001,16.511912000169104
2052,54d6c7e9-ff1f-4532-ae6f-15bc3d89fc01,202,,41.04022306100023,41.074152441000024,33.9293799997904
2053,0237f128-b74b-4de4-a7be-569be211eeb9,202,,41.06037127899981,41.08405472200002,23.68344300020908
2054,9d9ed3c5-43d6-4a72-9dfd-ced64e5926b8,202,,41.081262890999824,41.10681369399981,25.550802999987354
2055,b7ff299d-0937-476b-bc77-d85aa9e4d33c,202,,41.10026726900014,41.1175026169999,17.235347999758233
2056,5582de0c-8edb-400c-837e-daeb0647ea5d,202,,41.12012636999998,41.13449251500015,14.366145000167307
2057,86a82679-02ca-4d87-ac33-eaa13b1231ef,202,,41.14028038000015,41.15867836000007,18.39797999991788
2058,0741ce62-8b6b-4fee-b2c3-6513e663baad,202,,41.16019981299996,41.18071131199986,20.511498999894684
2059,333b0507-dbb8-4497-8d99-655b93e6df77,202,,41.18043682000007,41.19725426500008,16.81744500001514
2060,4c3e137d-90a6-488a-994e-497a78f1a86e,202,,41.20017413400001,41.21674233600015,16.568202000144083
2061,0209397a-0c25-4761-aeae-cdc5c256ecb1,202,,41.22020243899988,41.234947405000185,14.744966000307613
2062,f2458d12-01e8-4d19-9be3-3f47d4de441f,202,,41.24018624500013,41.252019675000156,11.833430000024237
2063,9f499109-3e09-4bc4-a3f3-5d90a211fea8,202,,41.26017888500019,41.27543296000022,15.254075000029843
2064,f11532e7-71ea-4bbe-8aa1-5b8f6f1f394b,202,,41.280232480999985,41.293509491999885,13.277010999900085
2065,c09aefe0-081c-4e5a-8d3f-f5a4cd879cfb,202,,41.30019857900015,41.317872289000206,17.67371000005369
2066,78fcad40-fd49-4004-a306-18221a7d5f4f,202,,41.32023963399979,41.33599252800013,15.752894000343076
2067,e2234f0d-eda6-417f-825c-0ee53c80fd93,202,,41.340277355000126,41.35486207599979,14.584720999664569
2068,885efddb-f7b6-436f-8170-188d1f4e5508,202,,41.3602767440002,41.37616892599999,15.89218199978859
2069,fb666bb8-582c-48cb-a791-3d19eec66b7f,202,,41.380295841000134,41.39563578900015,15.339948000018921
2070,5319023f-1ed4-4452-95d8-cc9305a8fc5c,202,,41.40021802399997,41.4115203880001,11.302364000130183
2071,c262f508-7f49-46c9-9722-48fae510d790,202,,41.42016724799987,41.434371231000114,14.20398300024317
2072,bd3dc1ef-d4fb-418a-b532-4fd075d0608d,202,,41.440300924999974,41.45173845099998,11.437526000008802
2073,415c029e-dafd-4f86-88f9-2ec8c348958d,202,,41.46021639999981,41.47967126399999,19.45486400018126
2074,6c26d11c-56b8-483e-b579-e96d1585aeb0,202,,41.480253704999996,41.49700919299994,16.755487999944307
2075,68a80787-8e37-44de-b916-9c4cd55772cc,202,,41.50019117900001,41.51691041899994,16.719239999929414
2076,469c4993-42d4-4a9f-9531-024d062cfbff,202,,41.52027235800006,41.53445450800018,14.182150000124238
2077,1927b096-9c91-42ba-84ef-a70298509591,202,,41.540305204000106,41.55376796000019,13.462756000080844
2078,92f93095-14ea-42b2-80d8-2c4f748f014c,202,,41.560220221000236,41.57229897700017,12.07875599993713
2079,b9bf57ef-6d3b-4b2f-affb-9e0f4af17809,202,,41.58055947499997,41.595082531000116,14.523056000143697
2080,b016a38d-83d7-46d2-8702-b4db4066deae,202,,41.60020900000018,41.61335705700003,13.148056999852997
2081,cd1163ef-5abe-4e33-828e-191259f1d2fb,202,,41.6201719730002,41.6330329970001,12.86102399990341
2082,61eca5bf-54c7-49e7-9312-76bb7a5f9b6a,202,,41.64026673499984,41.65037013400024,10.103399000399804
2083,8bebcf88-244c-4c36-95f9-5d8917bb376b,202,,41.66044086900001,41.68109298799982,20.65211899980568
2084,691ae43d-d3ae-4f34-9486-f86bd8398844,202,,41.68045317399992,41.699278181999944,18.825008000021626
2085,e2ea5513-4137-47d9-922b-f055545a2de2,202,,41.70024756900011,41.71407389700016,13.826328000050125
2086,9cee11c5-07f7-4ced-888b-4f4f0da4a851,202,,41.720255582999926,41.74183596600005,21.580383000127767
2087,b72ebc10-54db-4bdb-9782-3581a747b076,202,,41.740528255999834,41.76072938900006,20.201133000227856
2088,e87d21b5-c566-4541-bd65-34ccaeae2554,202,,41.76032119299998,41.79090259199984,30.5813989998569
2089,771abfa5-7608-4df8-b48f-abbfc930c5f2,202,,41.78058174099988,41.79894797199995,18.36623100007273
2090,baaef00c-0b42-4a04-914e-612df415db07,202,,41.80019785000013,41.8138298089998,13.631958999667404
2091,a2baafb8-14b6-47d1-bcb0-492163a4e4f1,202,,41.820241820999854,41.835270778999984,15.028958000129933
2092,f9e4828a-a424-4b6c-b431-9b1286a7e260,202,,41.840189462000126,41.857411477999904,17.222015999777796
2093,ef9c4da8-e139-4675-a79d-2d148ce3d068,202,,41.86053596600004,41.87708716899988,16.55120299983537
2094,62451957-167b-453b-b131-8c79013e5ad8,202,,41.88255371000014,41.90033274999996,17.779039999823
2095,c51b98d4-607c-4b44-a80a-e8642e18e6a9,202,,41.90024454500008,41.91740539400007,17.160848999992595
2096,fcc404d7-c3a0-4733-8416-c2e5b16bba45,202,,41.920338511999944,41.936017195000204,15.678683000260207
2097,aad287a7-e0ca-416d-b1a9-ed39ceb3be18,202,,41.9403714770001,41.95301925400008,12.647776999983762
2098,78d5d176-b90e-4b4e-b0a9-5fa31b5b8f51,202,,41.96032511200019,41.97599592000006,15.670807999867975
2099,0b5054ec-cfce-4831-b204-095009064116,202,,41.98015429199995,41.99820948500019,18.055193000236613
2100,fc2ef680-9fd7-461f-b4ef-3e59efef7cca,202,,42.00031404499987,42.01304502699986,12.730981999993674
2101,898f1a11-0566-4e07-8c68-b46a366a165e,202,,42.02019497299989,42.031857946999935,11.662974000046233
2102,70fba8c8-4fa8-404d-8657-583e19f2aca9,202,,42.04016785700014,42.05474444899983,14.576591999684751
2103,daf33116-b55f-4c09-9afc-5f51e7a53c4a,202,,42.06023290499979,42.078203767000105,17.970862000311172
2104,998c95dc-9247-4a6d-a96d-0af8b7ce506a,202,,42.08017970599985,42.094184482999935,14.004777000081958
2105,785b1319-db42-4348-b6c5-d392f9c51637,202,,42.10022358800006,42.11587577199998,15.652183999918634
2106,0639e8ac-97e6-41fd-b8f4-d57185b02753,202,,42.12664185699987,42.143179430000146,16.537573000277916
2107,211d68b5-a7f1-448e-9a23-697687201e1b,202,,42.198040195999965,42.22123306399999,23.192868000023736
2108,0e6946ed-feca-4bfb-91da-915ac1bbfd7a,202,,42.1979726149998,42.21956078199992,21.58816700011812
2109,c2a28968-bcbc-4e43-8eb4-c4c2634e9e57,202,,42.199066248000236,42.22658185699993,27.51560899969263
2110,093aaffb-5ec1-4111-8c5a-614dafe671c9,202,,42.20056828499992,42.22668843700012,26.120152000203234
2111,98c04ba6-a9d7-493d-b503-5e2278a15a80,202,,42.2205033780001,42.2331747369999,12.671358999796212
2112,669799d0-46d7-435f-9c78-4afd6d624576,202,,42.24027893499988,42.249953344999994,9.67441000011604
2113,0d667ca6-bfa6-46c6-9867-25073cdfb6fa,202,,42.26047602000017,42.27089798999987,10.421969999697467
2114,fea4f380-b982-482c-9c98-94e5ba2ab37f,202,,42.28084747499997,42.29251661499984,11.669139999867184
2115,0cacaae9-3554-4b20-a100-d3c0f39fd929,202,,42.30067394700018,42.31180701999983,11.133072999655269
2116,00083d39-057a-4f60-a312-c267e40b4c8c,202,,42.32020134499999,42.336307514000055,16.106169000067894
2117,e3a57a86-f9b4-407c-a648-ca3e0437ed56,202,,42.34034684800008,42.353789100000085,13.442252000004373
2118,757a3efa-2a13-4981-818a-34d0379c7019,202,,42.36020223600008,42.37230519600007,12.10295999999289
2119,66c5c368-bf68-4d28-9f3b-b412b42e92e1,202,,42.38016512000013,42.39247994800007,12.3148279999441
2120,43369f42-2542-4ad2-8928-02bb06e92662,202,,42.400186502,42.41170148099991,11.514978999912273
2121,392f0ee0-1869-4417-8c73-70b3f418fc6f,202,,42.42019263500015,42.43184415099995,11.651515999801632
2122,4af71c24-eba6-4510-aee7-1d3c98f2be07,202,,42.4402988490001,42.45171699599996,11.418146999858436
2123,f274c890-c868-46fe-b037-27d7972f23fc,202,,42.46020940100016,42.474790785000096,14.581383999939135
2124,92dea1b1-4da1-4efe-aa46-554ee57ff224,202,,42.48018266000008,42.49115719600013,10.974536000048829
2125,2ac615de-cc5a-426d-ad94-5bcfec271c8a,202,,42.500337455000135,42.512007220000214,11.669765000078769
2126,c55d67b1-42a0-4e0b-abbe-4b550bd34e82,202,,42.52016638499981,42.53361917800021,13.452793000396923
2127,3cfad1a3-643f-401f-8a18-d5c9ffefcfed,202,,42.540332930000204,42.55328928000017,12.956349999967642
2128,0f5f1f93-3d43-4381-b9fd-97828b165475,202,,42.5602926470001,42.57265293299997,12.360285999875487
2129,bb52126d-7d96-4e8a-b105-b3f5f32f6ebf,202,,42.580165493000095,42.593590120000044,13.424626999949396
2130,3d830953-2a34-480c-bf9e-75549c80a988,202,,42.60023620699985,42.61268790599979,12.451698999939254
2131,e7e381d1-a4df-4788-8d44-deb4fca3cc02,202,,42.62030083799982,42.63369975800015,13.398920000327053
2132,e992bb22-e4fe-4c61-a0b1-dc9dd443a136,202,,42.64019080800017,42.65282712599992,12.636317999749735
2133,b0ed53d0-3cc3-4fdc-ac02-b1bb80c10cdb,202,,42.66023235600005,42.674841239000216,14.608883000164496
2134,170e0209-815c-45f0-9ce5-d9b13949b5ae,202,,42.68025182200017,42.69551455999999,15.262737999819365
2135,4a5b4e70-06c4-43c9-a3a6-12d36123df5f,202,,42.700308120000045,42.71177984999986,11.471729999811942
2136,55bc220f-332e-4ad0-a62b-ae71160635ff,202,,42.72022467299985,42.735502160000124,15.277487000275869
2137,5c0c796a-d29d-4690-9eaf-61cbe8ed4faf,202,,42.740271596000184,42.7535283950001,13.256798999918828
2138,e57291c9-54d0-459a-a017-f91800de063c,202,,42.760532179000165,42.77077815499979,10.245975999623624
2139,33c8265b-9ddb-4093-a5fa-5fdcd846dbd1,202,,42.780425982,42.790348843000174,9.922861000177363
2140,987fe4d2-bd16-4eb7-83fb-fb814c21c9a4,202,,42.800566320000144,42.812073131000034,11.506810999890149
2141,79aaeb09-83fa-4af0-8043-461378a967c7,202,,42.82020167200017,42.83070105700017,10.499385000002803
2142,6c05ab14-a9fd-4162-900e-297426364803,202,,42.84025484499989,42.85031249299982,10.057647999929031
2143,a5e7642b-7d5a-4c6d-90c6-0f2b661608f0,202,,42.86027143599995,42.87189986900012,11.628433000169025
2144,6484bb2e-f660-48e5-be9e-927938af0263,202,,42.88032865100013,42.89242531899981,12.096667999685451
2145,60d510a5-0fe6-4bfb-a3df-bff91a7e8bed,202,,42.900304743000106,42.913008767000065,12.704023999958736
2146,d48408d8-a490-4ffe-a18d-9b6e54be3089,202,,42.92027516600001,42.92998686400006,9.711698000046454
2147,088bf4cd-8f13-402f-873b-434b351485f7,202,,42.94029687600005,42.949776747000215,9.479871000166895
2148,d86915b3-0179-4520-95a7-02ecef88c59e,202,,42.960765405000075,42.97214067599998,11.375270999906206
2149,e5807d90-912f-4a04-861f-553896b80cd0,202,,42.98026429799984,42.98978450100003,9.52020300019285
2150,a3a6cef2-55e3-457c-b39b-e0c1442f0a49,202,,43.00086428099985,43.010647726000116,9.78344500026651
2151,bd0792b4-199e-432b-b1fe-6b25655aa724,202,,43.020745954000176,43.03146303599988,10.717081999700895
2152,a4b0998e-4bf1-49ad-91cf-13ede4071bff,202,,43.04130881299989,43.05282370399982,11.514890999933414
2153,6084dc62-2dbd-4421-a98a-128e955fc85c,202,,43.06074779099981,43.07126571300023,10.517922000417457
2154,7b65f377-af20-43c8-89ac-d8debbcf37e3,202,,43.081216694999966,43.09388496700012,12.668272000155412
2155,ac102c19-ec12-451e-82c9-c1a32768db96,202,,43.10030410099989,43.11071431800019,10.410217000298871
2156,e6cdf2b8-e08a-47bd-b009-da9482e2da98,202,,43.12128019700003,43.13266021800018,11.380021000150009
2157,a4287db8-78df-48f8-9913-bf4346ee5612,202,,43.140314563000175,43.15039524900021,10.080686000037531
2158,91a01fd7-db5d-4961-973f-b7afe928643b,202,,43.161264201999984,43.17118422600015,9.92002400016645
2159,cb1b8fc9-f3dc-4e28-84c2-12782840e307,202,,43.18034802400007,43.191129188000104,10.78116400003637
2160,f5a90415-02e3-490a-a7a4-13872cc11c95,202,,43.200833344999864,43.211317725999834,10.48438099996929
2161,60d73b3e-2bf4-4f26-8c85-448c8f9392a3,202,,43.22075768200011,43.229930562999925,9.17288099981306
2162,eba0edfe-7be2-4a0e-8371-97b6d7a11c20,202,,43.240669312000136,43.25067437500002,10.005062999880465
2163,95e748d5-2ce3-43b5-ab49-a08547dd744c,202,,43.260873558000185,43.272281036000095,11.407477999910043
2164,0323a183-d8b2-476c-b018-051b786bd200,202,,43.28030091099981,43.2929083099998,12.607398999989528
2165,1ab9d281-4fc7-4e54-8a20-e327d7e49c20,202,,43.30151995899996,43.311091701999885,9.571742999924027
2166,a4458b72-e1c9-4e47-86dc-df4a81ea2b62,202,,43.32091777100004,43.333026019000044,12.108248000004096
2167,09303127-4df1-4f17-9b30-741a7db7fd0b,202,,43.340330874999836,43.364608577000126,24.277702000290446
2168,8754d840-bd28-4438-ad85-53091aa9f4a4,202,,43.364328876999934,43.37832660799995,13.997731000017666
2169,351791db-7c3a-4630-9cc5-05ccf443cf3e,202,,43.38031287900003,43.391553612999815,11.240733999784425
2170,8f60fad8-907a-4849-8312-78d2e1ea892a,202,,43.40024338400008,43.41418040799999,13.937023999915255
2171,f2d452ea-24ff-4373-85d5-2a6f36aad7ab,202,,43.42015713799992,43.4321898889998,12.032750999878772
2172,3768c495-ca27-4940-b6a3-b879bfc454aa,202,,43.44032713500019,43.454347449000124,14.020313999935752
2173,d033b632-fd98-4bf7-8905-6a6381a3c7f4,202,,43.46023763999983,43.474661107999964,14.423468000131834
2174,893e19f0-fc74-4fdf-8d9d-5c1c1af376b5,202,,43.48019485199984,43.49653280099983,16.33794899998975
2175,ffaa47d4-4390-4cca-bc57-4dd244ce2a8f,202,,43.50018393800019,43.514958061000016,14.774122999824613
2176,bbe6e85c-7805-44e3-b147-7b567bc9e2be,202,,43.520175106999886,43.532602719999886,12.427612999999837
2177,c7fb4f57-ebc3-4deb-831c-33817c825a94,202,,43.54022423200013,43.554528120000214,14.303888000085863
2178,25263c64-6f2c-49a2-9777-661ceb8651fa,202,,43.56035068900019,43.58351734200005,23.16665299986198
2179,96b5dabc-24a5-4fe2-8f70-33238c2f4831,202,,43.58019240400017,43.595332891,15.140486999825953
2180,d6fce048-6670-41bc-897f-1002fdcd7d62,202,,43.600279778000186,43.613884854999924,13.60507699973823
2181,b319ff72-e0b1-4e76-8e13-468fc0a8c933,202,,43.62017936700022,43.63169025800016,11.510890999943513
2182,b3013490-4b6d-4ba4-807b-784a4aa7e186,202,,43.64021824300016,43.65457092099996,14.35267799979556
2183,b67e2739-b0c0-4c4a-97ef-f4ee934008a4,202,,43.66033874100003,43.67592663100004,15.587890000006155
2184,de927239-b30a-4e2f-9d9b-01516c9da198,202,,43.680186539999795,43.692200332000084,12.013792000288959
2185,9aa63eb6-1d4c-4680-86f9-43e6468ac22a,202,,43.70017870899983,43.71259173899989,12.413030000061553
2186,8510198a-b9e1-4550-beba-d47a50b6cefc,202,,43.72017262700001,43.7327636519999,12.591024999892397
2187,a328033d-76c8-4532-8bed-94167e388575,202,,43.74019171200007,43.755634981000185,15.443269000115833
2188,d97f4ab2-a295-4768-868f-3d2ca5909496,202,,43.760210129999905,43.77387387199997,13.663742000062484
2189,c7c39769-29dd-42f7-8d52-8807cd15d0d3,202,,43.78032562899989,43.79757192499983,17.24629599993932
2190,5b6937e4-6410-49a0-b6ed-18a57e928d26,202,,43.800160802999926,43.8123695889999,12.20878599997377
2191,5fed8410-583a-433e-b7c0-b38a055857b5,202,,43.82032525800014,43.83085818000018,10.532922000038525
2192,2fff74ce-ac78-45f7-98d6-3e3348038baf,202,,43.84027576200015,43.85002420799992,9.748445999775868
2193,126d3214-14c2-4516-b672-154a3d1d3473,202,,43.86155551599995,43.87145308199979,9.897565999835933
2194,492828da-350e-4a72-aed5-97182507fa24,202,,43.880545299000005,43.89100138999993,10.456090999923617
2195,8c34ab78-0b41-48a9-b5ec-078093ac62de,202,,43.90045172100008,43.91056919699986,10.117475999777525
2196,816fcf8c-62a4-4ac9-ad1b-aeced429e881,202,,43.92078583500006,43.93006712599981,9.281290999751945
2197,1fa84b31-c21c-4f6f-8fe4-2105ae9a5903,202,,43.94067966700004,43.94977796500007,9.098298000026261
2198,c63f9ac1-e4b1-4ac5-91e5-f925bd77afee,202,,43.960613041000215,43.97082430299997,10.211261999756971
2199,d1f044ec-e776-4b2c-8001-638db7d16b69,202,,43.98066774300014,43.991927013999884,11.25927099974433
2200,6aa1c56b-cc3a-433b-ada8-4ca8b5ad27a2,202,,44.000537119,44.01033014399991,9.793024999908084
2201,b41d39b5-3480-4895-91b3-84e50b3dae98,202,,44.02025645699996,44.02948174999983,9.225292999872181
2202,af92cb1d-019a-4a19-a9ec-75fdea9d0c88,202,,44.04025345299988,44.051255773999856,11.00232099997811
2203,72387b4a-af7c-4c5b-8fc2-9495f7587d88,202,,44.06029782299993,44.06998897599988,9.691152999948827
2204,938254e7-a633-46a3-866b-080942336a1f,202,,44.08025011200016,44.08945090599991,9.200793999752932
2205,1755f272-0d08-4448-b956-3aec57f611f8,202,,44.100517599999876,44.11067382200008,10.156222000205162
2206,be27d0f7-ae18-4398-a5dd-cfe024002213,202,,44.12076587999991,44.13193086199999,11.164982000082091
2207,57833ad1-9601-437a-a660-485f0db99ca2,202,,44.14050809199989,44.14928223300012,8.774141000230884
2208,35e6f96f-2b89-4f34-9df9-65c39d3e93d2,202,,44.16067687499981,44.16977421399997,9.097339000163629
2209,c8b4d35f-005f-4bd9-b6d5-f1495a1009e8,202,,44.180864532000214,44.190039784999954,9.175252999739314
2210,db3587eb-f558-4e5d-8c9a-f75b58b9fde8,202,,44.20018842399986,44.214561055000104,14.372631000242109
2211,fd001b33-3c12-41f9-bb43-86c431074d7e,202,,44.22023591900006,44.233132888,12.896968999939418
2212,987a21b8-4c6f-452c-b8c5-6ad83ae95f15,202,,44.24027495500013,44.250924828999814,10.649873999682313
2213,acb7b044-be6f-44d7-b660-9e1e2d5f8633,202,,44.26028095099991,44.27032225999983,10.04130899991651
2214,2c9815b7-90d2-4ae1-b38d-53b24d7960f8,202,,44.2802536979998,44.290264133000164,10.010435000367579
2215,94110acc-a261-4059-94b9-0eb49131d498,202,,44.300761803000114,44.310806861999936,10.045058999821777
2216,bb9c46a5-5c71-450c-8144-15e80d77a30e,202,,44.321277033000115,44.331309218000115,10.032185000000027
2217,60a26a69-9203-4e75-a6f1-149f000ecd6e,202,,44.34118348999982,44.350635735000196,9.452245000375115
2218,d3410498-ea9a-4474-b85c-55edbe9c959c,202,,44.36027447300012,44.3722148060001,11.940332999984093
2219,cd3e09b4-a47c-42e0-9739-9f600ecdfa61,202,,44.380542418999994,44.390996674000235,10.454255000240664
2220,8379308e-0a2e-4148-966a-3002645a18a7,202,,44.40040487799979,44.41228063000017,11.87575200037827
2221,ee83baa1-e2a2-41ae-9a66-f983cb76ac29,202,,44.42016204899983,44.85405165500015,433.8896060003208
2222,74529726-269e-4421-9342-42bf7ff13913,202,,44.44016267000006,44.89063754600011,450.4748760000439
2223,55ce7d1a-1830-40d7-ada6-2e956eeac5fe,202,,44.46039124199979,44.90065931400022,440.2680720004355
2224,f3e8ce49-8bce-40c9-a772-195cd32cdf86,202,,44.480266866999955,44.90839261300016,428.12574600020525
2225,d365c69e-c21b-450d-b50d-5a71038e7033,202,,44.50094425799989,44.91891232099988,417.96806299998934
2226,ce8eb0b5-b9d6-4680-81bc-c8e7dbb6252c,202,,44.522094552,44.93418546200019,412.09091000018816
2227,18bd522c-b3e7-4a71-ae24-f88b7c433ec5,202,,44.54032852,44.936522261999926,396.1937419999231
2228,95f1c0d2-4a4d-4408-9d62-47c90f337d4c,202,,44.562462906999826,44.94366399399996,381.2010870001359
2229,14fba919-a6aa-4655-920b-4390351b31cf,202,,44.58031584599985,44.9556314890001,375.3156430002491
2230,65ebb118-db02-46cc-b6b0-552aae075c8c,202,,44.60021488700022,44.96281521999981,362.60033299959105
2231,7c2ef82a-4b55-46db-9567-0c20f61bdbe2,202,,44.62025179800003,44.97245278899982,352.2009909997905
2232,19f13602-9919-4eac-ba19-b0924af58235,202,,44.64036624900018,44.97712218200013,336.75593299994944
2233,b922f3b8-a10f-4d6f-ae6a-9f4a28c3dcd4,202,,44.66018637600018,44.98126438400004,321.0780079998585
2234,bd39609e-b2c0-45c9-b2c4-25a0f0701138,202,,44.68032874299979,44.990888495000036,310.55975200024477
2235,05eb4c25-e5c2-4f95-a93e-b588ae070d17,202,,44.70116175400017,44.99245257099983,291.29081699966264
2236,266063ab-153a-4bb6-a9b2-b4831ae38d12,202,,44.720434107000074,44.99798243699979,277.5483299997177
2237,68ee42be-f063-46b2-96a0-d11ced411765,202,,44.74241566499995,45.004009119999864,261.59345499991105
2238,04349fd4-f7b1-41f3-b9f7-d47f77e87b27,202,,44.76050776300008,45.00941261600019,248.90485300011278
2239,f08751c1-170a-4058-a89a-cb0b8fc541e9,202,,44.78023568400022,45.01361031599981,233.3746319995953
2240,f9913244-7c99-465e-9f81-6db686d22626,202,,44.80172067500007,45.0179337200002,216.2130450001314
2241,394d6be7-60f8-4a67-be0f-49e1b5d8586b,202,,44.820263592000174,45.028120271999796,207.85667999962243
2242,73341235-a577-448a-8d3e-86ac4c84ed26,202,,44.84022467300019,45.02940310599979,189.17843299959713
2243,347248d9-fe5d-4711-bc3b-ebe0cf0e0ce3,202,,44.86031887399986,45.03674337299981,176.42449899994972
2244,4aa68cb8-754b-49b5-bfbb-f441139748c5,202,,44.88019166599997,45.03931691600019,159.1252500002156
2245,ccbed40d-e93a-47b0-8180-e6c7379ebcb5,202,,44.900240161000056,45.04841833599994,148.1781749998845
2246,8967fcbe-3a25-4b72-914d-1e2713671203,202,,44.92019115599987,45.05039844000021,130.20728400033477
2247,99eb7f1e-6a34-40a2-8cdf-c0e31c58e11b,202,,44.94076508599983,45.0557458950002,114.98080900037166
2248,3d2439b4-35c9-44ae-a811-3cfc7d708516,202,,44.96035033899989,45.06100543599996,100.65509700007169
2249,1b51d4dd-a81f-4a22-9b95-793e3e710584,202,,44.98019121000016,45.06721369700017,87.02248700001292
2250,52667a49-c32f-4db1-bb84-aea71db14350,202,,45.000315821000186,45.072633275000044,72.31745399985812
2251,0d04fdb6-53f6-4432-a2c3-eeedade1aa0a,202,,45.02030672799992,45.072932390999995,52.625663000071654
2252,cf3b48f2-f02c-4009-bd01-7214bda64e49,202,,45.04033392600013,45.07305126199981,32.71733599967774
2253,2431cd46-9aba-4e82-afdf-09f9c1a5403d,202,,45.06032616599987,45.07576830100015,15.442135000284907
2254,28addf31-afc8-4eea-bffe-860eea3c4765,202,,45.08052714999985,45.09143826199988,10.911112000030698
2255,b28af16b-a51e-4f17-b390-18e5fa46cdd0,202,,45.100956375999885,45.11113771999999,10.1813440001024
2256,f361d744-7cf1-4c1f-ac95-6efa57824b25,202,,45.12202837399991,45.13159544600012,9.56707200020901
2257,213ef30c-5f61-455d-b991-dedd04feb03b,202,,45.14071982299993,45.15146314799995,10.743325000021287
2258,a9c12c57-e971-4f45-9613-2412f81621c4,202,,45.160276451999835,45.170712703999925,10.436252000090462
2259,6352a9be-94af-4d1a-9c44-9768301e3e61,202,,45.180386980000094,45.19011429600005,9.727315999953134
2260,75c43aa7-4d9f-4281-a21c-e58c60502677,202,,45.20025918300007,45.209464974000184,9.205791000113095
2261,af73c7df-d3f4-46f8-bcc2-4de91953e725,202,,45.22024592300022,45.230105443999946,9.859520999725646
2262,294a4e2c-2aec-48a6-b888-5305f3d56764,202,,45.240195832000154,45.25097207299996,10.776240999803122
2263,5515aad4-7977-440a-a3cc-0f29f2c8dc36,202,,45.26139653400014,45.272271272000125,10.874737999984063
2264,c12392b9-67c8-43be-8732-3e25ee5d76cf,202,,45.28103720199988,45.290540774999954,9.503573000074539
2265,5cfbd8f0-1545-4a2a-919d-0e95b6adac9d,202,,45.30144592900024,45.31168677100004,10.240841999802797
2266,bdc60b8e-ca8d-4cb7-82b2-773b99e0326c,202,,45.32116859500002,45.33498978099988,13.821185999859154
2267,3572a07c-b2fd-4c97-bda0-313fc77dacc2,202,,45.340253572000165,45.34983226800023,9.578696000062337
2268,442224e4-3005-447c-9ffd-46f9521cb891,202,,45.360278520000065,45.36994092199984,9.662401999776193
2269,a106ccf6-e5b7-46ee-b647-bb9d6b0b3b9d,202,,45.38028505200009,45.39256053700001,12.275484999918262
2270,c13e1cd0-2741-426a-8009-dd39d2eacd22,202,,45.40035583100007,45.41325396399998,12.89813299990783
2271,7408d3df-c697-42c6-9a4a-866f39c64927,202,,45.42151157699982,45.436891922000086,15.38034500026697
2272,c02b703a-bc58-48d5-86a7-6ccb19be92f3,202,,45.440283314000226,45.45389909000005,13.615775999824109
2273,13840014-603a-4da2-9a8b-b720d076e8bd,202,,45.46065108399989,45.47484350900004,14.192425000146613
2274,a613eba2-56ab-4471-8a45-dd035ce7c1f2,202,,45.48047066300023,45.491503772000215,11.033108999981778
2275,754a2e0f-9475-41d7-b3f2-d1153733f832,202,,45.50027699300017,45.510275467000156,9.998473999985436
2276,7e6b86a9-44a4-401d-b3b1-6568f5cbb266,202,,45.52018386100008,45.5328761249998,12.692263999724673
2277,3706c97c-709c-462f-bbb6-89c13950bf9c,202,,45.54021626700023,45.55315968900004,12.94342199980747
2278,f083a63d-9807-40ce-a565-3bc017cf85d4,202,,45.560155467000186,45.57252149199985,12.36602499966466
2279,8ac91a84-a997-4f22-b7bc-4bb7d2290b7f,202,,45.58038794999993,45.59314071200015,12.752762000218354
2280,3708c58a-42a2-4f5c-829f-d3527ca95b98,202,,45.60017469700006,45.615669288999925,15.494591999868135
2281,2cfc0617-f42c-493e-93c5-dccd8a7e95c3,202,,45.620358847999796,45.633898043000045,13.539195000248583
2282,2a61c446-c4f0-4160-ade5-75a118e3c8ad,202,,45.64027021599986,45.65194297100015,11.672755000290636
2283,9eae935f-299d-48da-ac16-5c46105d9462,202,,45.66020204200004,45.67359665799995,13.394615999914095
2284,23426bd0-8b43-487d-950c-4eb5e3bd3167,202,,45.680480605999946,45.69421933700005,13.738731000103144
2285,c60ff726-1ad3-4d58-b80f-e62f0d179c6d,202,,45.70016660700003,45.715115632000106,14.949025000078109
2286,fadb7651-87e0-4720-840b-7f215c31915f,202,,45.72019742900011,45.7355988989998,15.401469999687833
2287,81483b58-af5e-43b8-a6f1-ab13901190ba,202,,45.74022433500022,45.75201125300009,11.786917999870639
2288,6f60b65a-7439-466c-9a58-3b9787db2d7f,202,,45.760173701999975,45.774642701000175,14.46899900020071
2289,22cebc48-d888-4738-8be6-827b266a56ce,202,,45.78036897799984,45.79239751200021,12.028534000364743
2290,7217382b-9e84-490d-93d4-e299058d0cdc,202,,45.80024209700014,45.809692212999835,9.450115999698028
2291,d8daebe2-ee4b-4270-bdf3-6cd162ee2ce6,202,,45.82179424600008,45.831514353999864,9.720107999783067
2292,8130c60e-e223-4d2a-981c-718b0ca4a9bd,202,,45.84027165899988,45.85090544700006,10.633788000177447
2293,9ed8c20c-8216-44da-8a6e-ad207257f06a,202,,45.86067726200008,45.86973864099991,9.061378999831504
2294,aa621c0d-04be-435b-be94-e28b3e7c187f,202,,45.88102240799981,45.89020774099981,9.185333000004903
2295,14dad065-bcfc-4cb1-b459-4b4acda85225,202,,45.90033525299987,45.9096742480001,9.338995000234718
2296,c2370ff0-2ea4-419e-a036-734ca72b2d18,202,,45.92027895000001,45.931134936000035,10.855986000024131
2297,af5c8d27-3cda-47f4-9dea-6dbcb9945a70,202,,45.9403461830002,45.951200710000194,10.854526999992231
2298,97f6d858-48d8-487d-8b83-ae410abb09d5,202,,45.960756819999915,45.97033113899988,9.574318999966636
2299,c791852d-2a87-4c7c-b517-0bfc7e92d68f,202,,45.98112991800008,45.99141867099979,10.288752999713324
2300,84442e6d-7699-4109-bcc6-6500fd6b6b2c,202,,46.00033713599987,46.0115245689999,11.187433000031888
2301,0976e762-15a7-4a01-8bbb-fa9e5271dd43,202,,46.020699525000055,46.03045354599999,9.754020999935165
2302,74f492f4-8582-4495-9c52-13533a9176e7,202,,46.04016661000014,46.05101951200004,10.852901999896858
2303,23158528-2c67-47f8-9b4d-e5c7788cf50f,202,,46.062095365999994,46.072031671999866,9.936305999872275
2304,149f7572-cf6a-4ab5-9d3b-5246f58a146e,202,,46.080314615000134,46.09143005099986,11.115435999727197
2305,8d85290f-6eca-4e70-b809-79739e156f2c,202,,46.10024889299984,46.110232198000176,9.98330500033262
2306,972a21a0-be31-4393-9188-23babb2021bb,202,,46.12056286699999,46.132102164000116,11.53929700012668
2307,193ac938-1e76-4ed1-9ade-2074d92081cc,202,,46.140284819000044,46.15750418400012,17.219365000073594
2308,1bc222a8-9bb8-49ce-90a9-badbc4a7d5aa,202,,46.16031871899986,46.178108691000034,17.789972000173293
2309,bd182912-ee5d-43fb-87ce-745cff641c04,202,,46.1806525259999,46.19217886500019,11.52633900028377
2310,2bf52b6f-ac87-444b-8db1-0307312b6141,202,,46.20080996300021,46.21065718999989,9.84722699968188
2311,94b5f054-6303-4262-86c9-23fd24be67f9,202,,46.22022496599993,46.233251049000046,13.026083000113431
2312,b798e448-0f61-4a64-adde-4bc337dd390f,202,,46.24106996499995,46.25176958100019,10.699616000238166
2313,096424c0-76b0-463c-af19-2658c9201b47,202,,46.260233726000024,46.271314620999874,11.080894999849988
2314,f79c7be1-465b-4b01-81de-1680cc16d609,202,,46.280758776999846,46.29008743700024,9.32866000039212
2315,7efb85de-c43b-4acc-b7ba-73aeb522e7ba,202,,46.30014203100018,46.31052340699989,10.381375999713782
2316,05fe19f7-afe8-418d-ad72-8a22bb2705d8,202,,46.32026013699988,46.330588888999955,10.328752000077657
2317,5acea4b3-5ee1-4c3f-9eb1-f7ed3c5518c4,202,,46.34029832799979,46.349607863000074,9.309535000284086
2318,b3194159-bf91-46c7-9b19-b0b8edf931c1,202,,46.361142785000084,46.3704639030002,9.321118000116257
2319,c3eed930-0689-4732-bba0-b3b37d852fe7,202,,46.380274713999825,46.39395915100022,13.68443700039279
2320,3e050893-0804-4a5f-8748-a2aec185e1b1,202,,46.40052610700013,46.416914915000234,16.388808000101562
2321,5ce36e6b-6efc-448c-aba3-b8ed93482e47,202,,46.4202603079998,46.44248067999979,22.220371999992494
2322,c0a2c3fd-bd16-4542-b26a-2503c9b2325a,202,,46.441713203999825,46.45947596799988,17.76276400005372
2323,65020b6a-6b75-4d96-9b99-29f31f4681a8,202,,46.46020652800007,46.471641411999826,11.434883999754675
2324,af8a5561-39e6-46ae-9a77-ffa25b2ae62e,202,,46.48018001299988,46.49246528699996,12.285274000078061
2325,b972ee27-30f7-4dda-8eb8-2e238a4748a7,202,,46.50016004000008,46.51173583599984,11.575795999760885
2326,ebe9f1f9-a3b0-4695-97e7-1e7761b5e7e6,202,,46.52016644100013,46.53552648999994,15.360048999809806
2327,5fb7c1d0-e78d-4643-99cb-1ab64b1eb81e,202,,46.54016475900016,46.55201125399981,11.846494999645074
2328,c5b1d969-58db-4cdf-a641-f3183bbbc696,202,,46.560322903999804,46.57548266899994,15.15976500013494
2329,67da60da-04a6-45a2-ae07-729576336e61,202,,46.580349512999874,46.59314922800013,12.799715000255674
2330,b72bdc93-dd93-4bc6-b729-cffd0eaaca94,202,,46.60018596100008,46.61519035499987,15.00439399978859
2331,13f1366e-2d2a-4094-818f-4420a57120e0,202,,46.62020819400004,46.63382171600006,13.6135220000142
2332,2b4cd98e-95b7-481a-816a-bb24e4ee7d80,202,,46.640213802999824,46.65316926300011,12.955460000284802
2333,4a4bafbe-483a-4246-9b36-6491d468ce97,202,,46.66018091400019,46.67175075100022,11.569837000024563
2334,b08928c8-3723-46fe-8832-df754d33bd6c,202,,46.68032855999991,46.69260116699979,12.272606999886193
2335,6e29d2c1-258d-4f85-9743-fd41c724358d,202,,46.700365709999915,46.71096416199998,10.598452000067482
2336,b57dcce1-dc53-44ad-93ad-86d58781cc5e,202,,46.720533939000234,46.735187386000234,14.653447000000597
2337,1e17e9f0-e112-4544-b527-ecc6a1263bf3,202,,46.74017430899994,46.754923254000005,14.74894500006485
2338,cd365122-ece0-4c8e-9fc4-9b1fd2cc04f0,202,,46.76022137500013,46.77825925600018,18.037881000054767
2339,5dc1adc8-ce3e-4000-8e7c-af93f5bfa064,202,,46.78031298199994,46.794184120999944,13.871139000002586
2340,3312fdcb-735b-4e3a-a0a1-7aa444c68eee,202,,46.800188012000035,46.81486787499989,14.679862999855686
2341,357e1c50-dfd6-47ed-a221-00b25a57a1d6,202,,46.82021312000006,46.83518684899991,14.97372899984839
2342,ac27bee4-e5ea-43ce-80e9-2dcfe9e9ea32,202,,46.84019993799984,46.85147811900015,11.278181000307086
2343,6ddaffab-40a9-4e73-a891-f1039e2746c8,202,,46.86025829600021,46.87032497300015,10.066676999940682
2344,3555fb89-4408-4e69-af9f-3b33824f91f8,202,,46.880780137999864,46.89010538100001,9.325243000148475
2345,04f05c31-1b9d-487d-8d8d-2ea38d0ef24c,202,,46.90051646399979,46.91682356499996,16.307101000165858
2346,78bc87ea-495a-4d75-a7e2-c72d7169032b,202,,46.92027145400016,46.93415825500006,13.886800999898696
2347,ee3597a3-8074-4aef-8398-0de572790b43,202,,46.94048255100006,46.95515657599981,14.674024999749236
2348,2ae19441-cc5f-430a-88e1-80ecceab442e,202,,46.96026616100016,46.97191553399989,11.649372999727348
2349,a1c927ef-4327-4e8d-bd3f-4507c6cce896,202,,46.98074816500002,46.99641811699985,15.669951999825571
2350,2fb9400f-c3a1-4589-a843-6a209e3aace5,202,,47.000305407999804,47.01286995999999,12.564552000185358
2351,250c0602-664d-4011-aa2c-b5d2df4c6ef4,202,,47.02051642200013,47.03110712099988,10.590698999749293
2352,92568606-3446-48f8-978b-d12848c1cc12,202,,47.0402835320001,47.05083269099987,10.549158999765496
2353,5d4d7df5-d025-4958-bc60-568d405cfe03,202,,47.06062416699979,47.07754362000014,16.919453000355134
2354,ed69493b-7e77-49d7-8a01-393b9a1e05c9,202,,47.080169493000085,47.11016298200002,29.993488999934925
2355,ab5bd478-6354-4462-bfba-4b8c48758378,202,,47.10024430200019,47.11419385099998,13.94954899978984
2356,39e05915-1016-4137-b5f9-1a23fe869b1e,202,,47.120295112999884,47.132428553999944,12.133441000059975
2357,f6e0cad2-5b5f-47f6-bbf4-579d4dd357ec,202,,47.14080603299999,47.1516396410002,10.833608000211825
2358,4525c033-ad73-4848-bae0-5ea71c60c5d5,202,,47.16105058699986,47.17225505799979,11.204470999928162
2359,3aa6cef9-fa86-4cbb-831a-e5360309b238,202,,47.18032354700017,47.19171230399979,11.388756999622274
2360,5d1677fb-7e58-48ef-9e38-c32bf3bd0d7e,202,,47.20139315799997,47.214217367999936,12.824209999962477
2361,44cc1b45-ffca-4915-ad38-e1a4036915c6,202,,47.247876904999885,47.263345780000236,15.468875000351545
2362,1327d68b-fa70-406f-8ebf-462905fa307d,202,,47.24796094400017,47.264044840000224,16.083896000054665
2363,73aef50c-9f7e-4da3-8112-019299801b41,202,,47.26021996400004,47.270594961999905,10.37499799986108
2364,c61f5d4f-39bd-4b6d-a720-fc95a624e1e8,202,,47.2825349929999,47.292039726999974,9.504734000074677
2365,b365ebe5-61f3-4bc9-9d4f-25630d70741e,202,,47.30028329400011,47.31192200099986,11.638706999747228
2366,71ae75c4-311a-453a-8e67-d416b14f75a6,202,,47.32028481399993,47.329874504000145,9.589690000211704
2367,28db93e7-0600-407e-a686-e8950011260b,202,,47.34105664300023,47.35110927599999,10.052632999759226
2368,56b792a0-a7db-4290-aaf5-22ccd97271da,202,,47.36029964499994,47.36976746400023,9.467819000292366
2369,ebc9a6b5-ea0c-4c3d-ad66-449b3eeb8ee1,202,,47.38103055900001,47.39117156400016,10.141005000150471
2370,3e827ec8-864b-4895-9094-df2e0c680e02,202,,47.40059059299983,47.4103860260002,9.795433000363118
2371,fcb5df84-23d0-4d91-8397-a71515329f06,202,,47.42028512300021,47.429608155000096,9.323031999883824
2372,3340ee6c-8098-423e-ae03-edb0f4cd140e,202,,47.440284435000194,47.45613167200008,15.847236999888992
2373,cdb47880-2383-4c78-a2e4-3220f9082971,202,,47.46018245799996,47.47438595699987,14.203498999904696
2374,afef20c8-3d0a-4567-9c2c-91058a3ce3e2,202,,47.48029110000016,47.49189318300023,11.602083000070706
2375,fc7ebef9-9e0c-47c4-add0-06eeb09aa68b,202,,47.50016083199989,47.51371122799992,13.550396000027831
2376,9b720869-a22f-48e3-882a-6cb7fb123a5c,202,,47.52016731100002,47.5317419779999,11.574666999877081
2377,462beeec-b5ce-463f-b6de-f8e4a794f266,202,,47.5401722470001,47.552260106000176,12.087859000075696
2378,e124cc52-009a-4d61-af13-8a899af3d0fc,202,,47.56026334799981,47.57276419400023,12.500846000421006
2379,f5c3dd49-53ae-4595-919c-783b456e3f64,202,,47.58033061600008,47.59315415899982,12.823542999740312
2380,7e30b2b5-1a93-4f1f-a659-11c14791046b,202,,47.60016626600009,47.61460188299998,14.435616999890044
2381,4d9ceda7-db50-4827-b889-04d05feb68cc,202,,47.62017107800011,47.632199021999895,12.02794399978302
2382,6eea0dd5-1d2a-4eed-9f5d-c5e78c8646ed,202,,47.64032821799992,47.651706141999966,11.377924000044004
2383,544e43f6-6ebc-447a-b34b-be5a69973ea4,202,,47.66021561600019,47.67316623900024,12.950623000051564
2384,2bcfa6ad-7be3-4a9a-9575-0fa959ad0e1f,202,,47.68016072199998,47.69461721300013,14.456491000146343
2385,5be0c008-2c9d-4324-bbc0-cede0356fda2,202,,47.700150742000005,47.71576211199999,15.6113699999878
2386,615ca50a-41a9-4200-856f-bdad2272de25,202,,47.720321756999965,47.73219203999997,11.870283000007475
2387,bed26a8d-0fa3-4c63-8d5b-6fc604f138ae,202,,47.74018794799986,47.753715593999914,13.527646000056848
2388,79d4291d-90aa-4ec7-9d36-d181416f1fa2,202,,47.76019530099984,47.77159739099989,11.402090000046883
2389,dd99a47b-a398-4309-90fc-3285036503e3,202,,47.78033940000023,47.79182894499991,11.489544999676582
2390,9e83336b-39a6-4de8-803c-6ecda30fdcf2,202,,47.80024771499984,47.81383819199982,13.590476999979728
2391,8f2332f4-3f96-4ff4-bc00-57f9f581a6de,202,,47.82017136200011,47.83327935499983,13.107992999721318
2392,eecc5e5c-00cd-4bf2-8fca-cf5fb3a6be96,202,,47.84044962300004,47.91625246300009,75.80284000005122
2393,102ca2d7-04af-440d-84a9-e288651e8b7d,202,,47.86731762999989,47.92895396499989,61.63633500000287
2394,215e7bbf-9cd9-4c73-8a82-c135461b800d,202,,47.89560333999998,47.93603377599993,40.43043599995144
2395,07e91272-6b27-4d6e-86f2-0f2a9784906f,202,,47.9001883169999,47.93203724000023,31.848923000325158
2396,9224c678-731a-4579-9aa0-ce91dfb77f68,202,,47.920226000000184,47.93901572000004,18.78971999985879
2397,fc401d95-81d5-432c-82c6-4960fd145b0b,202,,47.94030417800013,47.95051792899994,10.213750999810145
2398,c3a0aa5d-ceda-4df8-a40c-97f3f9f90c9e,202,,47.960826634000114,47.97059348199991,9.76684799979921
2399,0fb6f83d-f13d-4cf1-82e8-5bd70168bbc2,202,,47.98032620599997,47.99050041600003,10.174210000059247
2400,d7802e99-c08b-4a3e-a37f-8d16fecb96bd,202,,48.00037092799994,48.01134436099983,10.973432999890065
2401,15ac2785-b5a6-4997-bc27-f96effb9deba,202,,48.02027881999993,48.03037265700004,10.093837000113126
2402,82b48371-0cdc-4da0-b862-da93c2e257c6,202,,48.040971103000174,48.05102277500009,10.051671999917744
2403,9d6dd803-63f9-42cf-8ba0-4174843da345,202,,48.0602873480002,48.0700069479999,9.719599999698403
2404,eb944afd-49ed-451e-9fba-f0c2fb5c89f7,202,,48.081724899000164,48.09232384500001,10.598945999845455
2405,69058302-5aef-41b0-a778-4a22e79006f9,202,,48.100721238000006,48.111135272999945,10.414034999939759
2406,c647cd67-1847-424b-8416-af97679d5ea9,202,,48.1202902240002,48.13127265799994,10.98243399974308
2407,26e30da1-812c-46c7-9829-bc89fe847781,202,,48.140294322000045,48.15001329699999,9.718974999941565
2408,095bc2b8-ccaf-4c73-b7dd-29ba1561ca81,202,,48.16098647999979,48.17083003400012,9.843554000326549
2409,03107c5e-76d3-4597-804c-824dbb3a2bdb,202,,48.18029247599998,48.189651711999886,9.359235999909288
2410,fc9a0cbd-3d49-440f-b5c3-d1ddd1f706fc,202,,48.200287948000096,48.21125059099995,10.962642999857053
2411,5423e253-e7a3-46a3-ba0e-57be440651a4,202,,48.22158933699984,48.23133860200005,9.749265000209562
2412,2344f9ac-0e96-4dd1-8208-4dfc69019832,202,,48.241776179000226,48.25094050500002,9.16432599979089
2413,15f931a5-069b-4463-8f21-59f7ca1ef346,202,,48.260308948999864,48.26965426900006,9.345320000193169
2414,63605324-6057-4ba5-8262-0fb7891e3e9f,202,,48.28103606500008,48.29187554400005,10.839478999969288
2415,e2765c90-8646-4d59-b568-302ac1d24bd5,202,,48.30106036999996,48.310813427000085,9.753057000125409
2416,679ad729-533e-4178-afb3-be981576717c,202,,48.321312043000034,48.3309350200002,9.622977000162791
2417,35010a33-2496-4fac-b88a-0e2f80e770f0,202,,48.34028284099986,48.35058646300013,10.303622000265023
2418,3e7e3278-4408-497a-aec9-3dbe1209bebc,202,,48.362015964999955,48.37425585700021,12.23989200025244
2419,a3d87816-7e71-4adf-94c3-a2147fd37871,202,,48.380711105000046,48.39065607200018,9.944967000137694
2420,d6445eae-56be-40e6-b061-b3f387688a7b,202,,48.400476459999936,48.410020066000016,9.543606000079308
2421,30664315-dedf-493f-bf0e-892ac86980f2,202,,48.42268794399979,48.43290536099994,10.217417000148998
2422,36ed9462-4586-4057-9e3a-47745ebb3f04,202,,48.440245287999915,48.45082881799999,10.58353000007628
2423,15921563-44b3-49cb-afa8-9c7cb44fedd3,202,,48.460350799000025,48.47363932400003,13.288525000007212
2424,95546905-5ca2-4db8-995e-53fd75dfe8ca,202,,48.48021236000022,48.49504270899979,14.830348999566922
2425,b2806222-5332-4c95-a210-f48b33a64dfe,202,,48.50026012199987,48.51923300399994,18.972882000070967
2426,3df1e4b7-3cb9-455c-ba8b-b6b5290150d4,202,,48.520185223000226,48.53664881099985,16.463587999623996
2427,5e565c22-b8f6-40a8-8110-6c27480ec750,202,,48.540276275999986,48.55702847900011,16.7522030001237
2428,38894f66-3fcc-491f-9fd5-c870d46711f9,202,,48.56020575100001,48.57724119500017,17.03544400015744
2429,464ec70b-7a44-46f4-b32f-57d6c67bd219,202,,48.580194265000046,48.600867091000055,20.67282600000908
2430,13e8c995-83b6-41f9-bba0-657f48766435,202,,48.600358357999994,48.61431731899984,13.958960999843839
2431,e0c637d6-0134-4a04-a09d-06a8a5aa1410,202,,48.620242167000015,48.63084119699988,10.599029999866616
2432,d8b828e7-9105-4de1-bc69-beaa7b3f25e3,202,,48.640201183000045,48.65192488399998,11.723700999937137
2433,acf4bb3b-5c9c-4842-9d5c-95a77eeae2c7,202,,48.660252278999906,48.67115259000002,10.900311000114016
2434,419f964f-748d-4336-8287-f0d60773a923,202,,48.680255250999835,48.693768226999964,13.512976000129129
2435,8efc3e50-badb-43f6-939f-a053bed6d02f,202,,48.7003343880001,48.71251553299999,12.181144999885873
2436,883a5f12-fbd1-465c-8a03-75f3018df0e9,202,,48.720183116000044,48.73385737799981,13.674261999767623
2437,e747a8c9-c68e-4029-afb7-64c083ffe8de,202,,48.74021087900019,48.75192683000023,11.715951000041969
2438,c7185478-7bb9-4c77-96b0-1546ebcf8f89,202,,48.760334889000205,48.772978518999935,12.643629999729455
2439,9c3d57b5-8615-4e25-bbbf-c5b3625d79f1,202,,48.78024257300012,48.798031618000095,17.789044999972248
2440,dff65af4-50cd-402a-9252-5b8c133af62e,202,,48.80016638200004,48.81213590800007,11.969526000029873
2441,e50ff888-60f5-4ef0-a940-bf8e8d5d941e,202,,48.820486386000084,48.831544483000016,11.058096999931877
2442,1bce9832-7d16-452d-bdc9-6e3036a70563,202,,48.840161868999985,48.85265866999998,12.496800999997504
2443,9f9ff5f1-095e-4008-8a6d-df97845b4eeb,202,,48.86017813299986,48.87175983799989,11.581705000025977
2444,4f1eeebd-5a2b-4297-90ec-2cf59354e827,202,,48.88027614400016,48.89300272899982,12.726584999654733
2445,df50b75d-d403-49c0-9092-9400db351ad4,202,,48.90030578200003,48.91042082700005,10.115045000020473
2446,87d00a9d-8d4f-4e37-a192-018ff8eb2bf4,202,,48.920287503000054,48.92984493899985,9.557435999795416
2447,ee4ed9d1-7b4a-41c2-a3a3-990d4aff58f6,202,,48.941613426,48.952147330000116,10.53390400011267
2448,c7da006f-021d-416a-9a41-d8393d7809b1,202,,48.96216079199985,48.972259500999826,10.098708999976225
2449,a0f28dba-040e-49d5-bd6d-000abe9a005f,202,,48.980280654000126,48.98945856,9.177905999877112
2450,b54b6ca2-8e8a-421f-9e63-25692bf3b8ca,202,,49.00128329600011,49.01078056699998,9.497270999872853
2451,d16a3fdf-ef8a-42e9-ad11-1133cd5aeec5,202,,49.02032579500019,49.031924120999975,11.59832599978472
2452,5915a2b8-7ad2-4065-a4ce-44c9c3ad752f,202,,49.04088553500014,49.05154780900011,10.66227399996933
2453,f447916e-4f56-483b-be05-e5e95e9f43c3,202,,49.060541720999936,49.06999041000017,9.44868900023721
2454,ebc6313d-f99b-4928-ae4f-4a2ec662c9b8,202,,49.08067518400003,49.09220005499992,11.5248709998923
2455,77e845b9-0318-4e54-a975-d8d82f3131a9,202,,49.10132542100018,49.1110862659998,9.760844999618712
2456,25370c32-e63c-4033-ac86-17d60b71a5a1,202,,49.12033158700024,49.13113556500002,10.803977999785275
2457,5a05f857-d2af-455f-b8db-fc1ef5b84821,202,,49.140544255999885,49.14996244599979,9.418189999905735
2458,efbdc47d-3d5c-421f-856c-289bc3c1a41a,202,,49.160783380999874,49.170627974000126,9.844593000252644
2459,979b1ae7-4a01-41fa-b2cf-abb56b2c9f47,202,,49.18027574000007,49.18976759399993,9.491853999861632
2460,62870d99-23fd-45d3-aba7-bb79bf98fb74,202,,49.200285456000074,49.21144788099991,11.16242499983855
2461,7ca7f5d4-cee9-4f59-845f-779a70352f6b,202,,49.22055628899989,49.22997398000007,9.417691000180639
2462,04d8cc5b-c42e-4828-9d52-38b4e82fd677,202,,49.24022701700005,49.250120358000004,9.89334099995176
2463,314a96a7-6455-4e57-8603-36ab68f6f7c7,202,,49.260274149,49.272057595000206,11.783446000208642
2464,91fc6980-cb39-49fa-add6-1db0584a98f5,202,,49.2804022790001,49.29250996300016,12.107684000056906
2465,b140a7a0-695c-4f6b-b336-3b728bf9b9df,202,,49.30028416599998,49.310150050000175,9.865884000191727
2466,cd80c1d4-3c89-4f72-997f-a76284f0f0bb,202,,49.32035150599995,49.329657449000024,9.305943000072148
2467,4953a9fb-c54f-46e2-bfc8-528608d89398,202,,49.34098478499982,49.35075762999986,9.772845000043162
2468,29057f23-c272-4230-b345-991a264772cc,202,,49.360275984000054,49.37104142099997,10.765436999918165
2469,ccbccd0d-1b3e-4da1-ac4f-9ecb247dc912,202,,49.3802995330002,49.389462732000084,9.163198999885935
2470,d9b831d8-afe0-4a91-98a8-e0f19c62fad6,202,,49.400536741999986,49.41015059199981,9.613849999823287
2471,44e17c53-1ba8-476f-86c7-83e81ec11ac0,202,,49.42079303399987,49.43019151599992,9.398482000051445
2472,f9c7863a-dffc-44a9-859d-9f7207a0c5a8,202,,49.44052405100001,49.450609386,10.085334999985207
2473,fb8f8469-16a2-4a5b-862f-1be2d26fc7da,202,,49.460779510000066,49.47382391400015,13.044404000083887
2474,49ea46bc-e8c6-4628-90f1-005b0cc7df1f,202,,49.48067939700013,49.49325869099994,12.579293999806396
2475,c61800fa-0bb8-420c-9239-408c6f75af92,202,,49.50035999900001,49.51393138599997,13.571386999956303
2476,b26361ed-63fa-4f0f-b91b-84bdbace9d70,202,,49.52030759299987,49.53367673599996,13.369143000090844
2477,69f3e26f-5cb4-41c0-960e-bbc83326bf2c,202,,49.54034489200012,49.55177497400018,11.430082000060793
2478,096a56a8-2083-4367-9e72-eff0b60e3568,202,,49.56032327599996,49.57095730099991,10.634024999944813
2479,774593c9-2299-4f91-900b-39d9ee52a408,202,,49.5802274130001,49.59091972799979,10.692314999687369
2480,c7e54052-d156-481a-b692-cb6c317b5324,202,,49.60020163099989,49.60999522500015,9.793594000257144
2481,d2ff939b-c5d5-48e9-9cfa-25fb38e5d165,202,,49.62024905399994,49.63158264000003,11.3335860000916
2482,9d61a470-a4af-42ac-9e9a-8d3a9dbc6768,202,,49.64026964499999,49.65461521499992,14.345569999932195
2483,99b695b5-5a8c-4ee1-a73c-a0f9895fe08b,202,,49.660284736999984,49.67643662199998,16.15188499999931
2484,4f840702-3d50-454e-80fd-96db5fccb091,202,,49.680229830999906,49.6935203930002,13.290562000292994
2485,e3935d8b-e1aa-4ec2-a918-9195e8e71bbd,202,,49.700198006999926,49.71252260099982,12.324593999892386
2486,758ab0c6-b662-4bed-b7ab-c989880e6e0d,202,,49.720195891,49.734951696999815,14.755805999811855
2487,a659b606-b4a6-4da0-8eb3-c1a4ea9f5d93,202,,49.740159317000234,49.75156256699984,11.40324999960285
2488,da77c59d-8650-42f1-bfa0-e4b10c7dccc5,202,,49.760216865000075,49.770440904000225,10.224039000149787
2489,25c91a2b-22dd-47a6-a925-8414b1a077db,202,,49.78020599899992,49.79618893199995,15.982933000032062
2490,ca031353-7744-44f5-82ce-2edfcf36d7d1,202,,49.80015650899986,49.81181329299989,11.656784000024345
2491,53c672a3-fb64-4ec3-8177-7518bda3dd3a,202,,49.82028284699982,49.83148256200002,11.19971500020256
2492,3fe5bdab-8a76-448b-8d8f-31c22348f0b2,202,,49.84016815099994,49.8518472249998,11.679073999857792
2493,64f61988-a7db-46bb-8255-993a8816ee12,202,,49.86028378099991,49.871356042000116,11.072261000208528
2494,35261ffb-02e0-4990-8306-7006b3837f6c,202,,49.88022229199987,50.24005373299997,359.8314410000967
2495,3d03e25c-e68c-44f9-9f75-3066b992f8a8,202,,49.901401261000046,50.24176459199998,340.363330999935
2496,2aee3199-3505-4eb4-aff6-a997332ccff3,202,,49.92215674199997,50.24998023599983,327.82349399985833
2497,23f6bb78-098d-4551-952e-002b95f9d335,202,,49.94019539300007,50.254868116000125,314.6727230000579
2498,dc03d009-b822-4356-8c08-381883416ed7,202,,49.96021097899984,50.258868815999904,298.6578370000643
2499,97df9145-898a-4ac8-b5a7-a8b31db46cc2,202,,49.98071934000018,50.266508563000116,285.7892229999379
2500,1c5f5548-6660-47e8-8eaf-8f70c6a43a9b,202,,50.00019223500021,50.269851993999964,269.6597589997509
2501,0a476cbd-6dad-4fad-bbbc-52147143bb59,202,,50.021054710000044,50.274713123999845,253.65841399980127
2502,bb4043f7-6cee-41de-b826-7a20242a516b,202,,50.040880760000164,50.279525839000144,238.6450789999799
2503,a81999e5-6cb1-44ab-acd7-e38cef708da7,202,,50.06017112000018,50.28713821200017,226.96709199999532
2504,90f62e5b-b13a-47d4-aecb-8707343887e0,202,,50.080448488,50.29319709399988,212.74860599987733
2505,b4ba6d4d-f68b-4bea-af9d-195f2ea3b6c6,202,,50.10017908300006,50.29783831499981,197.65923199975077
2506,bbdf5aa3-51de-4b35-8f54-b2833d901596,202,,50.120551906999935,50.30521286200019,184.66095500025403
2507,2bbb1075-9d48-4922-af79-81d58dd4d30e,202,,50.1407478619999,50.31093637999993,170.18851800003176
2508,5323cae2-822b-4c47-87d3-6139008886b3,202,,50.16221202399993,50.32035565100023,158.1436270002996
2509,7fc4ece3-4a83-4dc0-a52f-a67c78ede9b9,202,,50.1812108109998,50.325629475999904,144.41866500010292
2510,b028b3f9-4710-46da-b276-ced48a22db68,202,,50.203992970999934,50.33089384300001,126.90087200007838
2511,bdc89600-97bf-46b9-b74e-441a4fa1c5a3,202,,50.22074449799993,50.33481500400012,114.0705060001892
2512,7882cd71-9182-419c-93f4-e4a887148d59,202,,50.24018201999979,50.33940318499981,99.22116500001721
2513,5acc83e9-8cb9-4a6c-81ce-73ce93808553,202,,50.26022848000002,50.342628828000215,82.40034800019203
2514,e0acef54-5dd5-4cfa-845b-8032265469f5,202,,50.28028418900021,50.34849917500014,68.21498599992992
2515,9dceccf3-8e6e-473a-aead-0726e8f6409c,202,,50.30028064999988,50.34835276300009,48.07211300021663
2516,1411def6-7143-46fa-a457-bd83dcd9e24b,202,,50.32026219499994,50.35044415199991,30.18195699996795
2517,515f31ac-a9b3-4080-926b-20f497d945a7,202,,50.34032607100016,50.35473359300022,14.407522000055906
2518,a4a2df32-17ee-48e3-aacf-8515cc6ffb6f,202,,50.36029199199993,50.36952076899979,9.22877699986202
2519,2b288bea-cd8f-4729-9da0-cad8dc49cb23,202,,50.38043644800018,50.389793096000176,9.356647999993584
2520,134f0a3f-3d62-4f99-a5d3-4f8659d316e0,202,,50.400784397999814,50.41138604600019,10.601648000374553
2521,a8c2d07f-209b-43c7-a081-64051f2993e5,202,,50.42027558400014,50.42993747199989,9.661887999754981
2522,2e6a3784-621a-468e-9918-ddb017fdebdc,202,,50.44031700300002,50.45010380299982,9.786799999801588
2523,c362ed69-0fcd-49b2-a4ca-4f48610836d3,202,,50.46026621500005,50.47014288799983,9.876672999780567
2524,8133f217-46f9-45e2-b454-ed06a96aa9a8,202,,50.480307925000034,50.490751787000136,10.443862000101944
2525,b608629e-abd0-4d73-9c93-c27bc5c88a73,202,,50.50018663999981,50.51275972299982,12.57308300000659
2526,f411bb1c-f93f-49fc-8af0-ada98ce4da93,202,,50.5202179339999,50.535138564000135,14.92063000023336
2527,a3513aea-9cc3-488b-8a97-5b0ea1021ead,202,,50.54048876100023,50.55363761599983,13.14885499959928
2528,52851d72-d062-4c5f-8aa0-15278264fad2,202,,50.56033376899995,50.57004919700012,9.715428000163229
2529,7bbc8e1d-7a74-4a66-a37f-7a8b9fc895d6,202,,50.580171360999884,50.59380095000006,13.629589000174747
2530,687c48ef-53de-4f35-be46-960f7ff4154b,202,,50.600312525999925,50.61475212999994,14.439604000017425
2531,92dedff2-f392-4a3a-b1cb-2cca59db2f8c,202,,50.62034798600007,50.633409719000156,13.061733000085951
2532,ca16dfd1-00e3-4d21-8248-36e6a324ca89,202,,50.64027257399994,50.65084039000021,10.567816000275343
2533,5b4a6675-34ba-453d-8f0a-e827d198ecb2,202,,50.660366032000184,50.6717786119998,11.412579999614536
2534,f81d236b-dfad-4a8f-a963-9749b94b8505,202,,50.680186291000155,50.69263941999998,12.453128999823093
2535,dbf7a14a-fc56-47b9-af0f-e558c6339859,202,,50.700209502000234,50.71274333600013,12.53383399989616
2536,b039668f-2816-4b51-af84-f50a99eb698c,202,,50.720195630000035,50.732801420000214,12.605790000179695
2537,6dc59420-1e58-466c-96ad-6082be51c4f4,202,,50.74016871699996,50.75404225700004,13.8735400000769
2538,876fd99b-c860-4aa8-a5cc-743923712572,202,,50.76026400799992,50.77926941900023,19.005411000307504
2539,7a8e7b3c-ccdc-4ab1-9e03-46e9ee523086,202,,50.78028846899997,50.79700049700023,16.712028000256396
2540,aac27af4-1b22-40ea-abd9-644dd86dd99f,202,,50.80016501699993,50.81364756999983,13.482552999903419
2541,673c0227-de41-4904-b312-a19885ba6d12,202,,50.82020189400009,50.83174017800002,11.538283999925625
2542,b28dc71a-5d0d-48c1-a5b3-a101a2e10074,202,,50.84017056499988,50.85402860500017,13.858040000286564
2543,ba0882e3-c446-40ba-b522-bf25b0413ca7,202,,50.860210025000015,50.87137127899996,11.161253999944165
2544,b662c616-83a7-4e28-9540-7dd4d3a48478,202,,50.88019623599985,50.89470187999996,14.505644000109896
2545,a7a937bc-7c54-4558-bbbf-c7e1d7f9fee3,202,,50.90031044399984,50.91676760400014,16.457160000300064
2546,8a894c6c-1790-4e07-84f7-c5f8a053632c,202,,50.920728555000096,50.932920104999994,12.191549999897688
2547,24407488-249d-432f-9a3e-c61bf72ae541,202,,50.940296650000164,50.949618421000196,9.321771000031731
2548,c5f1f8b2-0abb-419d-9064-5f8ca42a3d23,202,,50.96207896299984,50.971460897999805,9.38193499996487
2549,528cf574-aa02-41fe-ab76-47f852794c01,202,,50.980706588999965,50.989924988999974,9.218400000008842
2550,df0b5999-a609-4e9e-a48f-0b00c9d6236a,202,,51.00069021199988,51.011622178999914,10.931967000033183
2551,f75b72b1-bd3c-4018-a521-6e9e8015582f,202,,51.02029126400021,51.03005214599989,9.76088199968217
2552,43f73076-3916-41b0-93bc-78e58893457b,202,,51.04030734400021,51.049887690000105,9.580345999893325
2553,7cb23f5a-5f41-435a-9823-11caaa64c358,202,,51.061709586000234,51.071118063000085,9.4084769998517
2554,a553ca12-fb76-4902-a13f-234079c48c0b,202,,51.08067795099987,51.091871617999914,11.193667000043206
2555,b8ca8218-883a-41d6-8842-28fb6072915d,202,,51.10053166099988,51.110617031999936,10.08537100005924
2556,6998063f-6703-45ea-a490-5c7a01bf36a5,202,,51.120565741000064,51.132467258999895,11.901517999831412
2557,3fba9319-f2f4-45f1-917c-05dd085cbbab,202,,51.14093476700009,51.151729781000085,10.795013999995717
2558,6a90bf86-9e66-460b-9a50-2b4514f661d4,202,,51.161893066000175,51.172964570000204,11.071504000028654
2559,eda4fad3-c8d8-4c04-a7a3-542b1b827b7a,202,,51.18033186499997,51.190825681000206,10.493816000234801
2560,da89c3a6-2eb2-4f5a-9ffd-c774698913c4,202,,51.200303404999886,51.210263405000205,9.960000000319269
2561,e99afda2-92fb-4483-b34b-dff7ea13c25e,202,,51.22152873599998,51.23346037900001,11.93164300002536
2562,c1a5f7a8-3651-4400-8596-2efa4ce7630e,202,,51.24054643299996,51.254101896000066,13.555463000102463
2563,dd3246ba-248a-403e-9994-0cc38f283179,202,,51.2603240630001,51.27125932199988,10.935258999779762
2564,8ee0189e-c1e4-492d-a13b-8bc2d3e4710b,202,,51.28026285399983,51.2919566290002,11.693775000367168
2565,7a73cc1f-c994-43b1-b34a-ba375f19def5,202,,51.300322640000104,51.31686787799981,16.54523799970775
2566,ac71ecca-34b3-411f-8473-63b381b58921,202,,51.32017647600014,51.33839611600024,18.21964000009757
2567,0495bfd4-a774-42c9-8cdf-f3fe05c432c3,202,,51.340337758999794,51.35579049199987,15.452733000074659
2568,2c8d56ac-0d20-4b79-8f86-d44dfdf27442,202,,51.36053824999999,51.3715460479998,11.007797999809554
2569,be98ab6b-05d2-4d88-bf17-8f2e79932ea5,202,,51.3804153760002,51.390612492999935,10.197116999734135
2570,bff10b0d-aeec-49b9-ab56-b2d8a933c637,202,,51.40055395199988,51.4132499440002,12.695992000317347
2571,8499814a-4f10-416d-a50a-17dc386f94db,202,,51.4210322670001,51.43241609400002,11.383826999917801
2572,d2f892b2-009a-400f-8227-ceab91a612bc,202,,51.440809271000035,51.4530195289999,12.21025799986819
2573,2fa57b1d-8e63-4c50-8555-f610d845e876,202,,51.46055823500001,51.47104988399997,10.49164899995958
2574,1e810f5b-8f17-491a-bbdf-cfab8ad4ca64,202,,51.48181810699998,51.49454359799984,12.725490999855538
2575,6966257e-bbaa-4509-b55e-338a8564e0e6,202,,51.500325112000155,51.51043239899991,10.10728699975516
2576,0579b6af-788b-4d19-a991-b6804ec86f79,202,,51.521331950999866,51.551369737000186,30.03778600032092
2577,1325e242-c943-4248-b196-3f37ab5756c3,202,,51.54030585800001,51.560407018000205,20.101160000194795
2578,7432d0ba-d7b0-4bc0-9a90-d359041e99a4,202,,51.56052459700004,51.573060136000095,12.535539000054996
2579,92b713aa-8013-4271-b9cc-7ded1e9d24d8,202,,51.58015768999985,51.59072866999986,10.570980000011332
2580,1e433af4-a7ca-40dd-b486-5b4989e18885,202,,51.60030084900018,51.6118236719999,11.522822999722848
2581,fa90ecfa-b3c0-4cb1-9299-82166ed2be78,202,,51.62016355900005,51.63292234099981,12.758781999764324
2582,5e18d146-d80b-4c83-9c37-3eabeaa1ddfb,202,,51.640237178999996,51.6565088010002,16.271622000203934
2583,a0f12e76-99de-45cf-b6b9-72c9f31165aa,202,,51.66018247000011,51.67096981700024,10.787347000132286
2584,299d08b9-8a37-42cc-91e2-f3cdda7b3316,202,,51.680192257999806,51.69187157599981,11.679318000005878
2585,e4930b6a-99a3-45d7-bb7a-2e213bb5d3eb,202,,51.70021883800018,51.71251580099988,12.296962999698735
2586,409c261a-3418-4bf5-b70a-5db7fdf2d763,202,,51.7206832779998,51.73213693600019,11.453658000391442
2587,8a09c69c-326b-4d80-b9a7-e6d442309f42,202,,51.74034241199979,51.7525020879998,12.159676000010222
2588,d1616368-5b51-4e9b-93fa-7a1c48e4bf42,202,,51.760188997000114,51.77244317099985,12.25417399973594
2589,af13d116-8c9f-4c66-9658-66f8f89c1a5d,202,,51.78017657800001,51.79902036400017,18.843786000161344
2590,52ab0f43-3b7b-47ed-8244-65b30febffc6,202,,51.800157743,51.81404423599997,13.886492999972688
2591,92ed0fa6-d52c-4cc9-bdae-373b9dd4c22a,202,,51.820254445000046,51.83101966799995,10.765222999907564
2592,dd942caf-1289-4b13-a77d-b5de230ab22c,202,,51.840289358000064,51.8585453300002,18.255972000133625
2593,dc867fcc-a499-44c6-a071-3619d2f1462d,202,,51.86030456300023,52.025245342999824,164.940779999597
2594,71d71d6d-1214-46e5-9e79-d4b245cd1a3b,202,,51.88023143800001,52.05749792100005,177.26648300003944
2595,8ac072f6-4113-4913-b96f-104543c8a89b,202,,51.900399346000086,52.08949796600018,189.09862000009525
2596,5fc1bdb3-3b5d-4483-9c92-2293ee077b5c,202,,51.92121547900024,52.09493432399995,173.71884499971202
2597,37cc3cce-5d61-42f6-874e-5433cd048b30,202,,51.94060236699988,52.111360519999835,170.75815299995156
2598,6ab8f981-b742-469a-9b86-6e5648c0c219,202,,51.96030940999981,52.08577971600016,125.47030600035214
2599,8ed53e80-acf9-47ce-9f20-daa87a0faf09,202,,51.980512310999984,52.116341018000185,135.82870700020067
2600,59d0fb4b-7a13-462f-95dd-2de3d5babee6,202,,52.001291692999985,52.107034873999964,105.74318099997981
2601,ec6111ac-1a2f-4068-9975-8c66b532cb85,202,,52.020213928999965,52.07232633700005,52.11240800008454
2602,323bfbe5-9b9d-47b1-82ef-57659d9e8851,202,,52.04027475200019,52.09997023699998,59.695484999792825
2603,fde2b39f-01a2-4d23-bda0-a1f8794698fa,202,,52.06131670900004,52.12229398399995,60.97727499991379
2604,9ab29456-450e-4a14-a2bb-c09566aabfc1,202,,52.080232028999944,52.122400854999796,42.16882599985183
2605,4def7e78-a548-441c-b3e8-5dcb64c88189,202,,52.100162398000066,52.123212286000125,23.049888000059582
2606,2e02f7e1-cd59-422d-a635-5d8a67f10ce6,202,,52.12017576400012,52.1343446599999,14.168895999773667
2607,ba6bbd08-e87a-4d38-949b-68c29b6e932d,202,,52.14023887800022,52.15603880300023,15.799925000010262
2608,f18df251-e291-4c98-aa66-a7f412bc8834,202,,52.16034649099993,52.171887810000044,11.541319000116346
2609,9877c8b3-a496-4fb4-b05f-8ffd42364c0b,202,,52.18220571199981,52.191873344000214,9.667632000400772
2610,ecda9c55-753f-49c1-8003-063d03d1c352,202,,52.20036239000001,52.21090840900024,10.546019000230444
2611,0d341a0a-3b3a-41c7-96b6-be35d809782d,202,,52.220588041000155,52.232899624999845,12.311583999689901
2612,ee636e31-0335-48d6-bf1d-ac44c4073053,202,,52.24029733399993,52.252187223999954,11.889890000020387
2613,62d3e18c-39cf-45c8-b055-55ad977e3498,202,,52.26748241599989,52.285967626,18.485210000108054
2614,23e9ee6f-e076-42f0-a033-5671fc957a71,202,,52.32254739100017,52.36042865399986,37.88126299969008
2615,0cfbd9ca-545f-466c-bf7d-292659256071,202,,52.32281579900018,52.3576324149999,34.816615999716305
2616,32cac893-312b-475b-b249-9e240273d109,202,,52.32269659399981,52.357000853000045,34.304259000236925
2617,6a3eb8ed-03f1-4715-8e30-821d64de32f6,202,,52.34024954400002,52.362050141000054,21.80059700003767
2618,f4504a50-c4cd-4ed4-84b3-a802f306dacd,202,,52.36021912000024,52.36966475899999,9.445638999750372
2619,e0d0ffc2-f3b4-4431-900b-11f8ea3f4ffb,202,,52.380226569000115,52.394288052999855,14.061483999739721
2620,988dba5a-1afa-4119-9244-e52c96cb0f5d,202,,52.40071379400024,52.41931729099997,18.60349699973085
2621,7e707a44-3d1f-4f4e-ba43-9f64a9d82345,202,,52.420464878000075,52.43870896999988,18.24409199980437
2622,460e33a3-d2d6-40c4-be94-4f6e3ece168e,202,,52.44031554100002,52.45311106700001,12.795525999990787
2623,1bf1cbb2-c51f-45ef-8407-201ad787b72b,202,,52.460854681,52.47260303499979,11.748353999792016
2624,59974d4f-215f-4454-8851-42aed2ad34dc,202,,52.48111337199998,52.494204597000135,13.091225000152917
2625,18a2c812-44a7-44b2-beb4-5317bee52b43,202,,52.500300141000025,52.515098599999874,14.798458999848663
2626,6464dab2-ebd6-452b-aeb7-a61f53142a6b,202,,52.52032013200005,52.53327498699991,12.954854999861709
2627,45730a90-04fe-42cc-9b73-371f4d3e3453,202,,52.54053136699986,52.55121821400007,10.686847000215494
2628,64d75de5-02fe-4c87-96ab-e2798d1a2df9,202,,52.560198535999916,52.591134867000164,30.936331000248174
2629,5bbb635a-eda2-4c66-a9f5-f622f6eafdfb,202,,52.58027410900013,52.59904668299987,18.772573999740416
2630,cbea8362-0168-4b10-b6d3-3cb20694f5a5,202,,52.60030880700015,52.614561701000184,14.252894000037486
2631,36cda80d-b0e5-4d87-b278-e89ba2a19c64,202,,52.620191428,52.632991204000064,12.799776000065322
2632,8288c5b6-a4bf-41c2-a833-a49fc679a28d,202,,52.64016666999987,52.655994760999874,15.828091000003042
2633,307582fa-a088-40e0-aaef-4519ed80c2db,202,,52.660267659000056,52.674144565000006,13.876905999950395
2634,afa64206-30ee-4ddf-ba65-81e8d9ce52d2,202,,52.68039885400003,52.70111923800005,20.720384000014747
2635,bf09ff9c-8f27-4386-9fbd-c1ede41da2da,202,,52.70058150600016,52.723330697000165,22.74919100000261
2636,ad673533-f9dc-4e60-96ac-22e519263003,202,,52.72194907699986,52.75218013899985,30.231061999984377
2637,71fb42da-c4fc-42f7-babd-74277fa7a226,202,,52.740466451999964,52.77370541299979,33.238960999824485
2638,a29a01c0-655c-473b-a93c-401329831adb,202,,52.76109604700014,52.77796264400013,16.86659699998927
2639,a7524b11-a486-4c02-8f99-d4e4946bb8af,202,,52.78031864800005,52.79613278099987,15.814132999821595
2640,1ca1e9eb-c75f-410f-9c0f-b05d725f35a5,202,,52.80017643600013,52.829392324999844,29.21588899971539
2641,8c172916-a674-4bb5-aaff-311912d7102c,202,,52.821169560999806,52.851268377999986,30.098817000180134
2642,1f68210e-7613-4d54-8eb0-6fdf2fb04c0d,202,,52.84035553800004,52.86598213200023,25.626594000186742
2643,8b2b24f1-9750-4e31-be0d-c56e76ce9e34,202,,52.8602267010001,52.879939494000155,19.712793000053352
2644,b7ae5de6-23af-4401-abfc-7abf41e27bd5,202,,52.880173986000045,52.897012125999936,16.8381399998907
2645,7ee884be-23bc-45b3-9fe5-2ddbf3b4aea4,202,,52.90019797700006,52.915587206000055,15.389228999993065
2646,9c1ffb51-c9e4-467a-8eba-50496d021e11,202,,52.920444665000105,52.93642349699985,15.978831999746035
2647,4d8c41b0-2ed2-477d-890e-f16f7e6c1dbe,202,,52.94027090700001,52.95328908900001,13.018181999996159
2648,c207bf91-a921-403b-bbce-d3514c626b34,202,,52.96017677200007,52.97571578399993,15.53901199986285
2649,e1df7364-6add-43e7-a9ab-e167a90badef,202,,52.98035033499991,52.99694035399989,16.590018999977474
2650,bf0442c1-e93e-4641-9304-96b784fda9e3,202,,53.00018028500017,53.016209406000144,16.02912099997411
2651,78f67001-acf0-4877-908d-c351b71077d0,202,,53.020281393000005,53.035019724999984,14.738331999978982
2652,efdc26bc-7a7c-49f5-990f-024ea35157ed,202,,53.04023329700021,53.059331980000024,19.09868299981099
2653,f447b896-e255-4b3e-8aad-14299aa244c8,202,,53.06018249299996,53.07415451799989,13.97202499993
2654,0a8d3cc3-f683-43c0-a343-5e6cd7df2cb8,202,,53.08024843500016,53.09524288300008,14.994447999924887
2655,f082ab7a-f309-4657-bc91-af80dcc91121,202,,53.1001529250002,53.1153962809999,15.243355999700725
2656,288b3801-f939-4308-9a0a-c67bce491b1c,202,,53.12019957600023,53.13212125300015,11.921676999918418
2657,1e1366d3-1212-4a09-9fa3-50c7909616f6,202,,53.14012998099997,53.15127126800007,11.14128700010042
2658,fa9b1c1b-1689-4400-90cc-c2310402f9dd,202,,53.16069811399984,53.17453672600004,13.838612000199646
2659,bc53c750-97a6-49f6-92a5-d77de9902c27,202,,53.18034444500017,53.1922554570001,11.911011999927723
2660,e6e7466b-156b-4994-a800-46e9b52ae8e1,202,,53.200391222000235,53.21400084200013,13.609619999897404
2661,be9a6621-167e-431b-96b6-d86341596a0d,202,,53.22040016600022,53.2317948609998,11.394694999580679
2662,e8b3d7fb-8332-4214-9ddf-578344d26d83,202,,53.241317911999886,53.25279056299996,11.47265100007644
2663,9b48cf3a-419d-4725-939c-b769d23f8c5e,202,,53.26043980299983,53.271592257000066,11.152454000239231
2664,50de3c31-36e7-4221-b6e8-62a4cc19d2ae,202,,53.28057557600005,53.293232436999915,12.656860999868513
2665,55e0d9fd-95ba-4de1-8db7-f0785bec7c00,202,,53.30029523800022,53.31240428399997,12.109045999750379
2666,57d59632-6499-4d05-849a-b4fb444539e1,202,,53.32117631900019,53.33775483799991,16.57851899972229
2667,3327e91c-c3af-4847-84fc-eea5959e9bd8,202,,53.340777735999836,53.36055527100007,19.777535000230273
2668,1cb61bf8-94a0-4e3f-9d86-2c5c5812800c,202,,53.360797678999916,53.38688349999984,26.08582099992418
2669,2a4bb8da-7a5e-4d76-9cc6-f5968d5495e7,202,,53.38103190699985,53.397095111,16.06320400014738
2670,8009dc6c-251e-4b8c-9b6e-1f711d54eedd,202,,53.40029204299981,53.41033190999997,10.039867000159575
2671,1d500d6b-375b-464f-85ee-051169bca482,202,,53.42059910199987,53.431239406999794,10.64030499992441
2672,e968e22f-c95b-4ef8-b66f-a0b39ee37ef6,202,,53.440300681999815,53.45219652700007,11.895845000253757
2673,3a2a8610-3eb5-40b2-a59c-f4cc2031c488,202,,53.46078840100017,53.472594040999866,11.805639999693085
2674,1a996668-12db-4b5c-af09-30fd8f423d96,202,,53.48058739399994,53.49232228600022,11.734892000276886
2675,3b8c61e8-c2e0-48f6-aeec-97b37029e435,202,,53.501085655000225,53.513318530000106,12.23287499988146
2676,aee20155-2ff8-47da-ae0b-33bd299fa251,202,,53.52032654200002,53.535171911999896,14.845369999875402
2677,b122d6af-c641-4175-a4bd-c72a35bed845,202,,53.54144969800018,53.553944022999985,12.49432499980685
2678,1a145ec8-c830-46ba-b9c1-a087ca6a20c4,202,,53.560327514000164,53.57227752400013,11.950009999964095
2679,4d1ba747-1fa2-4d21-81ad-c9eb5235f658,202,,53.580412329999945,53.593248893000236,12.83656300029179
2680,1a82bffd-6ae7-4f5e-af08-148fcf6ea082,202,,53.60026873800007,53.61616348899997,15.894750999905227
2681,be983cad-5e27-4faf-bc45-a9d440087570,202,,53.62032263899982,53.63391280099995,13.590162000127748
2682,4334e866-8daa-48cb-aba1-c7f1adaf4a53,202,,53.640192796000065,53.65913923400012,18.946438000057242
2683,84db89d9-cd1e-4b3d-83f1-389644b865f4,202,,53.66017249100014,53.673493621000034,13.321129999894765
2684,3ce68d89-5ef3-4fde-b51a-5e1037f4af15,202,,53.68026180700008,53.69267400999979,12.412202999712463
2685,d3e8f8eb-d043-4789-b219-5350c58012ec,202,,53.700354956999945,53.71690531000013,16.55035300018426
2686,d347ac95-fb7a-4ab2-9b1e-7ffe67439749,202,,53.72071276399993,53.74865156299984,27.93879899991225
2687,3d8b8e2c-f68a-4b0f-99a0-ee43f4604415,202,,53.740450217000216,53.76025529300023,19.805076000011468
2688,ae02520a-142a-485d-a848-3dfb8f1f766a,202,,53.760490451999885,53.77781286199979,17.322409999906085
2689,7a7edeed-99b5-4d7f-ab48-63e9d89ee651,202,,53.78015928200011,53.817277727000146,37.11844500003281
2690,002e80a1-3e52-4782-8554-5aa0236193a0,202,,53.800243474000126,53.838761246000104,38.51777199997741
2691,baf6dfdd-f96d-4421-aa44-0cc51fbca696,202,,53.82053111699997,53.879786349999904,59.25523299993074
2692,23c05b97-2fb7-4429-9a9d-848a98c0e041,202,,53.84016382400023,53.88805748499999,47.89366099976178
2693,848892c6-a57a-478f-afd6-14d748c791e5,202,,53.860454591000234,53.939235111000016,78.78051999978197
2694,a42ce8f6-0823-41ff-8d10-d1edb11875a5,202,,53.88031729000022,54.10024479499998,219.92750499975955
2695,9b4f8b6c-cdec-427c-9434-d0cfdf117f8e,202,,53.90163510699995,53.96517959599987,63.54448899992349
2696,3a9feb1e-f3bf-4031-ae63-67f33b7123de,202,,53.92033521700023,54.1444548620002,224.1196449999734
2697,06796b64-1781-4542-8fd8-8352e4d458ca,202,,53.94014503800008,54.14303103500015,202.8859970000667
2698,cbb0049d-0e06-4979-bad2-fef4e0a38c99,202,,53.964015677000134,54.167036586999984,203.02090999985012
2699,d7325172-16a1-42fa-9258-930f059fd392,202,,53.98285203100022,54.15669719200014,173.84516099991743
2700,2db57063-d4de-441f-a414-96f25bcca1b4,202,,54.00291163400016,54.183237739000106,180.32610499994917
2701,67d53ea1-7aa0-467d-8e92-4e2ff9df5c3d,202,,54.02224551300014,54.202407623,180.1621099998556
2702,f2e3837f-063b-45f8-86c2-4481795257a5,202,,54.04105928399986,54.24863195399985,207.57266999999047
2703,540ca339-00c2-4ef1-8e5b-bd3a595224e8,202,,54.06273795700008,54.257523482000124,194.78552500004298
2704,005bd02a-9d44-4a6f-911b-ad64d49c43fd,202,,54.08356886699994,54.276630076999936,193.0612099999962
2705,b594d6d3-d93f-465f-9420-da990ee97e7d,202,,54.10095068700002,54.26700569900004,166.05501200001527
2706,e69afa98-6bc4-48c3-b14f-54c20bb80864,202,,54.12065630300003,54.28102430099989,160.36799799985602
2707,86e94e92-9027-4190-9aa9-af385cd1b3d2,202,,54.14334744100006,54.29710441599991,153.75697499985108
2708,ce9663a7-d021-46b1-8c23-a453fd381ff1,202,,54.160269568999865,54.3083226560002,148.05308700033493
2709,896b9170-76e8-464e-a550-2596286ec800,202,,54.180281924000155,54.3227634939999,142.48156999974526
2710,db55ae6f-1c81-4cf4-bc5c-fa3fd7ccb1be,202,,54.20098892199985,54.35533804299985,154.34912099999565
2711,5bd985a1-55f7-4fe1-b85d-d4d0771900e2,202,,54.22361460399998,54.416137832000004,192.5232280000273
2712,5d25a737-3bd6-4137-8a64-a16f8d381b6f,202,,54.242613536000135,54.413514463999945,170.90092799980994
2713,c65bfd2e-e916-4e4c-9553-fd04ab1dfda4,202,,54.260246471999835,54.424766036000165,164.5195640003294
2714,995acd14-9b34-49c2-a76f-fcc17c41240b,202,,54.28031869999995,54.445353246000195,165.0345460002427
2715,8eac5d8e-7f3f-4d48-88d5-47397db859ef,202,,54.30076116600003,54.454218858999866,153.45769299983658
2716,84ca7530-74d7-4df5-a783-77a39ad8560a,202,,54.32088026700012,54.476765502000035,155.88523499991425
2717,2e8ebc39-3647-4239-b2c6-ca3e28e583a7,202,,54.34381352199989,54.4842049140002,140.3913920003106
2718,aafa7f5a-7aac-4b44-80d5-1b8b9203999c,202,,54.36059036300003,54.50103741900011,140.44705600008456
2719,8d8039e7-3644-472f-9391-b49afa071c32,202,,54.38262114899999,54.54259574400021,159.9745950002216
2720,ecb133ea-a7c0-42c0-ba97-a6fcb44ebe8f,202,,54.40272516699997,54.53492254799994,132.19738099996903
2721,656a45ab-9c10-458a-afaa-13ff076cd21a,202,,54.420449268000084,54.52960698100014,109.15771300005872
2722,36e01327-6e58-4757-89ce-4b370f768b37,202,,54.44165149799983,54.56174000300007,120.08850500023982
2723,8fb5f60e-ec76-48fe-bee5-776a8ae52fda,202,,54.46163985400017,54.56507138899997,103.43153499979962
2724,cd3e38d1-1a14-4e0e-bb2f-f74392331c97,202,,54.48031492200016,54.60128714700022,120.97222500005955
2725,7751f2aa-132b-477c-93c9-9b604d8fb3b3,202,,54.50042623199988,54.62000654600024,119.58031400035907
2726,9544f8af-229e-404f-990b-2ba317236bdb,202,,54.52073174399993,54.63193663699985,111.20489299992187
2727,d421be97-91ba-40d2-b563-a3faede90871,202,,54.54021495000006,54.657037816999946,116.82286699988254
2728,98e0bf27-0989-4e81-821b-03ff3372d28a,202,,54.561515468999914,54.6658943880002,104.37891900028262
2729,c91d920f-0129-4c5f-a609-0f100c2f23e7,202,,54.58451267999999,54.68842544900008,103.91276900008961
2730,eed81d1a-97fa-43a3-9623-9abe81c2e5a5,202,,54.60073983199982,54.69364660300016,92.90677100034372
2731,e4623b42-0c49-45f1-8c69-bb5ba2e3417f,202,,54.62038970000003,54.751957518999916,131.56781899988346
2732,f580a6d6-e8ff-43f3-86ac-a03c06d28066,202,,54.64321833299982,54.78387113200006,140.65279900023597
2733,a01305b6-f8e9-4203-a8ff-5afcd65fa7e0,202,,54.660729899000216,54.808575160000146,147.84526099992945
2734,b28c6b98-5fd9-4798-b124-b4dc30e57a07,202,,54.680436972999814,54.864241582999966,183.80461000015202
2735,3e87bccd-8b7f-4991-84ce-a55daa8617f4,202,,54.70055582399982,54.92017361999979,219.6177959999659
2736,2126b494-644b-4297-bed9-f6fb421884be,202,,54.72564413000009,54.919934212000044,194.29008199995224
2737,000db419-444d-4e59-8596-ba38134cce44,202,,54.740324710000095,54.93334241499997,193.0177049998747
2738,5550aea7-cbc8-4b83-928b-96e10251c0f7,202,,54.76051697499997,54.950287619999926,189.77064499995322
2739,e48d9987-7da5-4147-b95f-50aa1f36d58d,202,,54.78151529700017,54.95840600600013,176.89070899996295
2740,6a61fad4-b3df-4ef3-b6a6-d239ea181b49,202,,54.80203609199998,54.97096223900007,168.9261470000929
2741,5581bb8b-76c5-40a1-a378-37708ca94f3f,202,,54.82061641300015,54.99463129500009,174.01488199993764
2742,a7f306ce-dc75-408e-ab6a-2f74e455c21c,202,,54.841653482999845,55.00208637100013,160.43288800028677
2743,59d8cf97-b629-45a6-b79d-fd66539380cb,202,,54.86488356100017,55.0195204759998,154.63691499962806
2744,396defd1-f43f-4bc5-afa5-8bc223aba09c,202,,54.882592579000175,55.012723753000046,130.13117399987095
2745,ca1ffed2-4f60-4be2-ad30-8d571fa0b56f,202,,54.90094144900013,55.030156483000155,129.2150340000262
2746,11a40a38-18f4-4e95-8324-75eeaf7b41a2,202,,54.920313281999825,55.0394861599998,119.17287799997212
2747,101cf9dc-c645-4b7f-9dd3-09b80c214bd4,202,,54.940228843000114,55.05166578099988,111.43693799976973
2748,1ab93e16-885e-4c3a-975d-8a95fb09f3ee,202,,54.960401104000084,55.05278361699993,92.38251299984768
2749,49b67550-d8bc-42fe-8a17-3298ed713857,202,,54.981210092999845,55.06510239999989,83.89230700004191
2750,c52ce6f1-c8db-4bdc-bd6c-c02519979c78,202,,55.00051046699991,55.07650392200003,75.99345500011623
2751,b896cf9f-0772-49b3-87a3-ee6527b9fd9d,202,,55.02023449299986,55.076754746999995,56.52025400013372
2752,4a61f1cf-6b5b-437e-b57b-bc462a39acc2,202,,55.04021067700023,55.07705582000017,36.8451429999368
2753,3030553f-cd69-4430-8b1d-39eab0d61f92,202,,55.062009048000164,55.092278418000205,30.269370000041818
2754,9e7b0313-6b53-4dd1-8423-62d006eeb386,202,,55.080385037999804,55.10507993400006,24.69489600025554
2755,5c97b0ad-756d-4330-811b-d3da6cfbc02f,202,,55.100303307000104,55.125916921000226,25.613614000121743
2756,e41fdf35-88d9-4a97-a50d-dc5cc0781bee,202,,55.12055052400001,55.203131959000075,82.58143500006554
2757,9f50b6b3-4848-40cf-bd2f-a369c756e01c,202,,55.14045845999999,55.224070485000084,83.61202500009313
2758,6a2ac024-1120-47ee-8a1f-6af325b632f3,202,,55.16292443300017,56.06978482000022,906.8603870000516
2759,21b14ce8-a4b2-40bf-bdbe-affdaa025287,202,,55.180463492999934,56.13612842400016,955.6649310002285
2760,a86947a7-e4be-4894-8283-421555f9d71b,202,,55.20185550399992,56.15759980099983,955.7442969999101
2761,298c2e07-6139-4290-aa73-aeb41ff1b03b,202,,55.22025332600015,56.18100398500019,960.7506590000412
2762,a503ff6b-b126-493e-89e7-b01402bdcaf3,202,,55.24252847200023,56.202557608999996,960.0291369997649
2763,68784be5-8100-46a9-8fd1-cbb5df1d8622,202,,55.26073759200017,56.21298570399995,952.2481119997792
2764,0e50551d-0a73-49fc-8874-573f653ccd98,202,,55.28243396700009,56.244393733999914,961.9597669998257
2765,b21e34d1-4402-4d6e-b084-1d51797ca3e1,202,,55.30420800599995,56.26256051700011,958.3525110001574
2766,04e8cc15-202b-4c14-8275-136c822abc18,202,,55.32057256500002,56.302600413000164,982.0278480001434
2767,b5b00c55-2dbe-46f7-a12e-6e91d0b1aa60,202,,55.3436854319998,56.30652565199989,962.8402200000892
2768,bcf715ef-2c9f-4d84-8e71-5ef692dbf994,202,,55.36027398299984,56.32631133699988,966.0373540000364
2769,586a1658-6fe8-46fa-a42f-0ac6f01f0883,202,,55.38145462600005,56.33796576399982,956.5111379997688
2770,21e0871b-0633-4e83-88f7-0d50c0206ae1,202,,55.403559403000145,56.347184651000134,943.6252479999894
2771,e9ce96f5-0355-4a34-bfe5-2d42beb3aff9,202,,55.42057706500009,56.35294186700003,932.3648019999382
2772,3af5d1c2-5bfe-4d0e-ad2c-0a59228b03cf,202,,55.44056091499988,56.36858227999983,928.0213649999496
2773,5b98c8b5-3b67-46d6-a344-5bce3d54469f,202,,55.46039539599997,56.374484575000224,914.089179000257
2774,f4c84b22-9371-443b-adb2-72703ed07637,202,,55.48080319000019,56.37917470299999,898.3715129998018
2775,9cfed087-9519-4590-98d7-ca5bfd9c5a3b,202,,55.500418886999796,56.39435500699983,893.9361200000349
2776,6dfc5398-8be6-4246-b6bc-dbd70a378a23,202,,55.52075393399991,56.4009269029998,880.1729689998865
2777,3ac2e755-bc59-491f-a2fc-fb6a29b9a876,202,,55.540305591000106,56.40693865200001,866.6330609999022
2778,ef37d9a7-3a43-4ea3-9f7f-2918a88a21fd,202,,55.561912010000015,56.414651090999996,852.7390809999815
2779,c4ecfb53-9fac-4d54-8ee5-89940340fb0f,202,,55.580504117000146,56.42323704199998,842.7329249998365
2780,5c2a4c11-5714-4153-80e7-607ddbe8bb1e,202,,55.60123527499991,56.42991810100011,828.6828260002039
2781,832e6272-7e29-43a3-b4ba-681a8b4238e4,202,,55.62252241399983,56.43643941500022,813.9170010003909
2782,967e6877-3241-42ab-8832-9eaa633ef793,202,,55.64054791599983,56.44184739299999,801.2994770001569
2783,adba8094-b451-4f25-a83d-cf03a8e5eafd,202,,55.66029848300013,56.45028676599986,789.9882829997296
2784,47f85dec-9caf-4e7a-b6a5-103e98430935,202,,55.68107580600008,56.45845173099997,777.3759249998875
2785,7f4bdfb1-e0ac-4b45-a48e-264140fb134e,202,,55.70060125600003,56.485212922999835,784.6116669998082
2786,90b78bce-4384-49d8-b725-8b0ae70fcf9d,202,,55.722630910000134,56.491598118000184,768.9672080000491
2787,0397a414-bf44-495b-8608-ced3317d59eb,202,,55.74243989200022,56.501161993000096,758.7221009998757
2788,8f86e6f5-77c2-46ee-9b47-2de7db47701f,202,,55.76036956400003,56.51188320199981,751.5136379997784
2789,55a93be7-9f80-4153-a810-8f9c5d295d3e,202,,55.78122350900003,56.51843543199993,737.2119229999043
2790,71ef6df5-74b3-4ede-a017-f1d3d02631ca,202,,55.801196277000145,56.558201587999974,757.0053109998298
2791,e409ea7a-00b4-48c5-95d8-93d6ea1d38b5,202,,55.822720907000075,56.57050161699999,747.7807099999154
2792,2bc0a887-81e4-4d6f-95ea-d919a79771d2,202,,55.841049440000006,56.63165602800018,790.6065880001734
2793,5efa9c03-72d3-444a-81f2-0f8ae5ddbbde,202,,55.862437450000016,56.63563797200004,773.2005220000246
2794,0b46294f-7b00-4397-a746-b1c1a0439fbd,202,,55.88146858400023,56.727473271000235,846.0046870000042
2795,0d8da506-32a7-4bc0-80ad-5a71941b0e67,202,,55.900714793000134,56.76993383299987,869.2190399997344
2796,eff5df6e-6aae-4079-b610-2634a80b28ad,202,,55.92081409599996,56.80198379900003,881.1697030000687
2797,0cd0f7cd-46e0-460e-b766-ccf98941ab27,202,,55.94033983200006,56.81841122600008,878.0713940000169
2798,80b4d3d8-da50-446e-9331-79425b00817c,202,,55.960595667000234,56.84175087099993,881.1552039996968
2799,05d22c63-2b97-4670-8dd6-16e18ecd11ee,202,,55.98035306200018,56.85568234399989,875.3292819997114
2800,a4e11bab-b52e-4e0b-827e-d0444693e558,202,,56.00054573299985,56.86959294300004,869.0472100001898
2801,dd0b6e7a-4430-4c8b-bd35-d3e2934866f6,202,,56.02142267199997,56.88203950900015,860.6168370001797
2802,f8f4d171-d975-4c16-a776-e64732c49bdb,202,,56.040759165000054,56.8938270980002,853.0679330001476
2803,83c0a71a-22f8-43b6-8908-4c1e970bc249,202,,56.0625836119998,56.90912377299992,846.5401610001209
2804,100348ef-9ee2-449b-a643-a7b1d38e59b0,202,,56.083047065999835,56.92476822400022,841.7211580003823
2805,65dd198b-b8ce-488e-b035-1e4e8fedd9a3,202,,56.10075844899984,56.93632736000018,835.5689110003368
2806,337f0f44-fb20-4793-9c76-af9ecea840d4,202,,56.12033022500009,56.94482776899986,824.4975439997688
2807,1a7e9d3d-05c9-4d00-b1f6-d4be69c33682,202,,56.14024723900002,56.9601918960002,819.9446570001783
2808,b786eb54-6528-4680-bfb6-488baa538e43,202,,56.160921059999964,56.982253454999864,821.3323949998994
2809,c23c6bae-4efd-4636-ae21-bc2042b75e4b,202,,56.18027630200004,57.00580971099998,825.5334089999451
2810,7d233dd0-0f42-4b36-a211-06c638b34cba,202,,56.20050355500007,57.05034168800012,849.8381330000484
2811,9d5f3138-067f-466c-bfae-986d350438c4,202,,56.22174635700003,57.08434211900021,862.5957620001827
2812,d67d705b-a643-49f2-8c48-dda24e7bc73d,202,,56.241045059000044,57.09505682600002,854.0117669999745
2813,5365ed70-a12d-4bae-998c-04fad1904ade,202,,56.26278355100021,57.118315550999796,855.5319999995845
2814,e312ca78-b7c0-4de3-89f1-9726c916a1fa,202,,56.28181317999997,57.151043817999835,869.2306379998627
2815,68f18011-7fd0-4a87-9c9f-b904782280b4,202,,56.304971788999865,57.172914924,867.9431350001323
2816,dc998402-53ed-4f90-a22e-906dcc244886,202,,56.32256788399991,57.19819345299993,875.6255690000216
2817,f28e304c-0e96-424b-b3c1-6392bdacdb1b,202,,56.340434303000166,57.230740852000054,890.306548999888
2818,834f69c1-9194-4ace-924c-20fcf22a174d,202,,56.36209817300005,57.25036653699999,888.2683639999414
2819,7cfe58c3-9abf-45ff-8ace-5b63774b6c3e,202,,56.38052977999996,57.26391393599988,883.38415599992
2820,e985e103-fa06-4e4f-ae90-271153267a4d,202,,56.40034208999987,57.27312848800011,872.7863980002439
2821,6c7db31d-c886-4b0b-9b6b-ea1e4cceff03,202,,56.42027231200018,57.31478056600008,894.5082539999021
2822,c421aff6-e39c-4d0b-bde0-e62625b177da,202,,56.44024932399998,57.361185810999814,920.9364869998353
2823,e174c759-37e3-49df-81e2-0ccf76f69e29,202,,56.46031099999982,57.39817463700001,937.8636370001914
2824,4b56c588-f68e-4b01-96de-a450968b1622,202,,56.48189878899984,57.42543055499982,943.5317659999782
2825,a021ae8f-8d5e-40af-9010-22e174407f73,202,,56.50048130799996,57.46778135900013,967.3000510001657
2826,f8d6fc82-fb8f-45fe-95c2-725bc749f907,202,,56.52030790900017,57.483959415999834,963.6515069996676
2827,83ff2982-5c85-4890-8f4e-f9e50d3adcbe,202,,56.541666580999845,57.512531954000224,970.8653730003789
2828,3768ac2a-7dd6-4b01-b2e2-0100025035b0,202,,56.56033701300021,57.52689278300022,966.5557700000136
2829,3de8ec7f-2aee-4c4f-96b4-6ee327844501,202,,56.58029935900004,57.54620160400009,965.9022450000521
2830,816bb650-883d-4aa2-8d2b-e5b21cce3db9,202,,56.60241129699989,57.549794352999925,947.3830560000351
2831,20e3b548-21b1-4741-99f6-e586da6b2ef1,202,,56.62387696499991,57.56317409199983,939.297126999918
2832,2aa3e48c-1d3e-4d71-9838-a61b8f9aa7d8,202,,56.64204516500013,57.585333897000055,943.2887319999281
2833,3044d192-3239-460a-ba49-44ecfe3307f0,202,,56.6605108130002,57.62106930800019,960.5584949999866
2834,82d49ded-e4b6-45c6-9c28-06da106448ad,202,,56.68287770100005,57.63463404000004,951.756338999985
2835,f615f488-9c6f-4897-8572-19774e9f9868,202,,56.70053037700018,57.65945891799993,958.9285409997501
2836,71e1a069-70a7-4bad-8fb7-aabdbc6db1d3,202,,56.72067329999982,57.67768127799991,957.0079780000924
2837,d1fd1522-735a-4f47-bafa-3c625c012360,202,,56.740366113000164,57.69351188900009,953.1457759999284
2838,1a41ad2b-563f-4c1e-b69b-0969196c1e39,202,,56.76047970399986,57.70454491800001,944.0652140001475
2839,a8fb361b-7a74-44d7-a653-778ea0ffe570,202,,56.7803294700002,57.732193780000216,951.864310000019
2840,a8cd4709-feb0-42a7-96ad-842a745c699c,202,,56.801156078000076,57.741287960000136,940.1318820000597
2841,70d4ea55-bda0-4df6-8c35-432e0e5d8f8f,202,,56.82040403200017,57.75391518400011,933.5111519999373
2842,f14544d1-fb2a-4215-abd0-10c1be71b58a,202,,56.84033483700023,57.76060319899989,920.2683619996606
2843,ea461a2d-b422-4984-9505-7ca248b53fd0,202,,56.86022010299985,57.78758537600015,927.365273000305
2844,115a53f0-1b19-4417-9935-2e0763edd5c7,202,,56.880693472000075,57.972168583999974,1091.4751119998982
2845,127dbbec-0148-4b2a-b1c4-c66c7475db30,202,,56.900306205000106,57.97298288899992,1072.6766839998163
2846,b8133ef1-e1f4-43dc-a4f4-6fad7c73dd0a,202,,56.92109901899994,58.11376744800009,1192.6684290001504
2847,8ea50c9f-90df-476a-b5e2-8fa26885fa76,202,,56.9418435409998,58.22285250300001,1281.0089620002145
2848,f4c09cc2-b13f-4971-b2fa-6c66898eaed8,202,,56.961412937000205,58.202711591000025,1241.29865399982
2849,9cda009c-b518-422f-9703-552d690699c6,202,,56.983162214000004,58.20445965399995,1221.297439999944
2850,a255aa01-be0f-49b6-bf76-fb820de0b394,202,,57.00122145500018,58.205367039000066,1204.145583999889
2851,c2a00fea-1731-4d0c-94aa-0668f0ab52d3,202,,57.02157532399997,58.20401121199984,1182.4358879998726
2852,155f9604-ce56-4e97-bc96-797f8f1fe94d,202,,57.041230925000036,58.24969401199996,1208.4630869999273
2853,22ebb741-19fa-4796-aa42-e37c6a3911af,202,,57.06250021899996,58.262754090999806,1200.2538719998483
2854,87b94421-7db8-4881-84c1-f596e381831e,202,,57.0835531470002,58.274488092999945,1190.934945999743
2855,bfa0a48a-fff6-426d-9f10-3b2c49c7f51f,202,,57.100476594000156,58.31810163199998,1217.6250379998237
2856,8a134496-24a7-4390-9dc5-c04fde7dc25d,202,,57.12305688400011,58.35021320399983,1227.1563199997217
2857,e13dca29-1f3b-4927-b6d1-0906492fd71f,202,,57.14379773900009,58.28360306200011,1139.8053230000187
2858,4159351b-d4c0-4f23-8151-2bd3a40d88d9,202,,57.16124350100017,58.388438768000015,1227.1952669998427
2859,3bfbb43d-f16c-4475-b616-dc555831725f,202,,57.18045757600021,58.38278992599999,1202.3323499997787
2860,6ecc99f8-1e31-4913-8a6b-31161d79a2b3,202,,57.20170274700013,58.46754367699987,1265.8409299997402
2861,1deadce2-3a2d-47bc-9283-34669b44c9ce,202,,57.22180216600009,58.49115817399979,1269.3560079997042
2862,565d73df-c9ba-484e-822c-16521d955ce8,202,,57.24106119699991,58.648336068999924,1407.2748720000163
2863,bec4ce83-fdc2-4dd9-b172-2eaf1a64dff4,202,,57.26102495499981,58.72134386000016,1460.3189050003493
2864,f585ddb2-7606-490b-a5a4-4a099963f227,202,,57.281302950999816,58.744072723000045,1462.7697720002288
2865,19e725a7-94b5-4f05-96f9-0b799eb28524,202,,57.3020518469998,58.797465999999986,1495.4141530001834
2866,610ebc11-e01d-4905-b6d4-5fcd3936b80e,202,,57.32208768500004,58.89571443900013,1573.626754000088
2867,56e04162-0973-452b-9c3a-5c8f0db84ad3,202,,57.34591688899991,58.95126937900022,1605.352490000314
2868,abe2353b-6a92-4493-9d80-4b5bb59ab379,202,,57.77274381400002,59.38574267800004,1612.9988640000192
2869,4975cc29-17ac-4ed9-bfe0-8fcd425ffb33,503,DEPENDENCY_UNAVAILABLE,57.774249428000076,62.938318895000066,5164.06946699999
2870,41ea8155-90f4-4953-926d-2325c5978fd3,202,,57.77135777900003,59.01735468900006,1245.9969100000308
2871,437c39a3-f875-401d-bacf-e81cc0045bda,202,,57.772257123000145,59.282512317000055,1510.2551939999103
2872,ec74b510-55e1-4bf5-aa74-27683e750310,202,,57.77054901600013,59.052650472000096,1282.101455999964
2873,6357ffc5-9496-489f-abe7-8a62509db043,503,DEPENDENCY_UNAVAILABLE,57.771794638999836,62.93400267900006,5162.208040000223
2874,4baea233-0656-4095-b1f3-dc0b03e845d9,202,,57.77196859100013,59.18380062899996,1411.8320379998295
2875,17c96924-9085-441d-b509-9a1b2679581f,503,DEPENDENCY_UNAVAILABLE,57.77433434100021,62.9451965180001,5170.86217699989
2876,42268fbe-90e4-433d-b48d-780a9cd7023d,202,,57.77387073299997,59.636723728000106,1862.8529950001393
2877,b15986e9-f4c3-4652-9f69-5cc0dad32a3a,503,DEPENDENCY_UNAVAILABLE,57.77327187899982,62.937997989999985,5164.726111000164
2878,0b1eb984-3fec-417f-94cb-7ed335755e76,202,,57.773407790999954,59.70783202600023,1934.4242350002787
2879,1f9941f6-bd25-4a99-951a-a24341109472,202,,57.77068317800013,59.16236735099983,1391.6841729997032
2880,daf6bccf-ae23-4070-b8ec-e3eebc1086af,202,,57.773555619000035,59.4883393529999,1714.783733999866
2881,c6a75e86-0e64-46b8-baa1-6ca27d5a5bdd,202,,57.768560127,59.237597168999855,1469.0370419998544
2882,3edf4c70-55e3-450c-97f1-de95099d9ecc,202,,57.770892796000226,59.110220044000016,1339.3272479997904
2883,0c52e35f-5f67-4a0e-b11a-5dddb43f6718,202,,57.77162422799984,59.04681617999995,1275.1919520001138
2884,f949b9ee-d6ec-4f6c-b59d-4255b9a3e4b4,202,,57.77369373900001,59.370455139000114,1596.761400000105
2885,a60f09aa-df18-4f0c-ac25-f0f353f3e7bf,202,,57.77151506500013,59.20643248799979,1434.9174229996606
2886,5cfa4ddc-7acb-4f43-9601-4e7a5c666eb0,202,,57.77243970000018,59.32814914800019,1555.709448000016
2887,76c26bab-cf2a-4844-a9fe-02e253fce10e,202,,57.77397464600017,59.435314368000036,1661.339721999866
2888,a4c8b81a-1d72-4d42-b622-59da58ac9ac7,503,DEPENDENCY_UNAVAILABLE,57.768238929999825,62.9428694369999,5174.630507000074
2889,d49d9f86-92dc-4fa3-bec9-de724eed16e6,202,,57.78027021600019,59.30196099800014,1521.6907819999506
2890,9cec3fa8-9686-4218-9c70-5d76d91fbfcc,202,,57.80022968200001,59.63750182500007,1837.2721430000638
2891,06714920-f2e5-4bdf-855d-288d241c4d96,202,,57.82075116900023,59.34121809899989,1520.4669299996567
2892,6b149f5f-f002-4624-867a-d9ff22643a44,202,,57.84196888199995,59.355579212000066,1513.6103300001196
2893,e27f6a39-9434-48d8-ac0c-97459e35959e,503,DEPENDENCY_UNAVAILABLE,57.86175114600019,62.94046290000006,5078.711753999869
2894,be91a07e-e828-4610-b2a8-afd68bb1d3f1,202,,57.889272636999976,59.400372697999956,1511.1000609999792
2895,9c29a1ab-9a90-4a11-9562-2d8a55b28d12,202,,57.905251701,59.410099975999856,1504.8482749998584
2896,b106d210-8b49-40ae-9c0f-8aed4e33fc4b,503,DEPENDENCY_UNAVAILABLE,57.92554406799991,62.943558161000055,5018.014093000147
2897,a4b1ca75-1665-4480-a344-19e691ac310d,503,DEPENDENCY_UNAVAILABLE,57.94158845799984,62.95205305799982,5010.4645999999775
2898,f1af796d-f46e-4e42-8563-22b1508715c5,503,DEPENDENCY_UNAVAILABLE,57.96354997300023,62.96888218999993,5005.3322169997045
2899,4ef6a491-be28-422b-a375-f90d86f7d8b7,503,DEPENDENCY_UNAVAILABLE,57.980554912000116,62.983768018999854,5003.213106999738
2900,3bba2b00-2d84-4184-bcc8-ea44f75db70b,503,DEPENDENCY_UNAVAILABLE,58.00394100099993,63.01504816299985,5011.107161999917
2901,e1687e8e-00b4-4a24-a13d-df2b8c4f90d2,503,DEPENDENCY_UNAVAILABLE,58.020464291999815,63.02799085400011,5007.526562000294
2902,2fb16c4e-a0a6-41a4-8ef5-7c573837b868,503,DEPENDENCY_UNAVAILABLE,58.040877361000184,63.046030316999804,5005.15295599962
2903,c14be6d6-e726-494a-b8c7-0208e1a74b7c,503,DEPENDENCY_UNAVAILABLE,58.061800245000086,63.073979000000236,5012.17875500015
2904,4cdf2489-ff87-466c-8531-be059d46a4da,503,DEPENDENCY_UNAVAILABLE,58.08179120400018,63.10409418600011,5022.302981999928
2905,34915759-8573-4067-b9d1-6ee790f771f0,503,DEPENDENCY_UNAVAILABLE,58.10191136699996,63.10617315199988,5004.261784999926
2906,3672ddec-a7d4-4b3e-a964-2d75501def09,503,DEPENDENCY_UNAVAILABLE,58.12592510100012,63.281084315000044,5155.159213999923
2907,faa58f6e-fbfc-4758-bade-f9633ff364f6,503,DEPENDENCY_UNAVAILABLE,58.143317317999845,63.29513017499994,5151.812857000095
2908,afc766aa-e037-4a37-b6ed-b9686bb473e9,503,DEPENDENCY_UNAVAILABLE,58.164414280000074,63.29482756100015,5130.413281000074
2909,2b050e3e-2b6b-44df-96ef-99804a26ae2a,503,DEPENDENCY_UNAVAILABLE,58.18063191400006,63.28620804399998,5105.576129999918
2910,abf85adb-a997-4231-9fd5-173e6705300f,503,DEPENDENCY_UNAVAILABLE,58.20302687200001,63.293878638000024,5090.851766000014
2911,448e66fa-3a27-480a-aa14-dfc2fd087093,503,DEPENDENCY_UNAVAILABLE,58.22052787700022,63.28548011200019,5064.952234999964
2912,bec30e5e-a106-4708-a7ad-b20ccb7ca344,503,DEPENDENCY_UNAVAILABLE,58.24509121600022,63.27974257300002,5034.651356999802
2913,a742618f-7387-4712-b49a-cdae64cffced,503,DEPENDENCY_UNAVAILABLE,58.26153734299987,63.307824709000215,5046.287366000342
2914,7b250915-1ca1-4145-aedb-106bb4f993a4,503,DEPENDENCY_UNAVAILABLE,58.28215394600011,63.296901985000204,5014.7480390000965
2915,63b39f1a-f4af-4c73-9c5e-c8acc2a20f12,503,DEPENDENCY_UNAVAILABLE,58.30068787400023,63.317342859999826,5016.654985999594
2916,623ac622-31cc-425a-9e74-03e8e266f2b5,503,DEPENDENCY_UNAVAILABLE,58.32546824700012,63.34997041199995,5024.502164999831
2917,6b95ed6d-ca4f-4402-8531-e8b09fe5980c,503,DEPENDENCY_UNAVAILABLE,58.34042525899986,63.35011761499982,5009.69235599996
2918,c1cbce4f-b1a0-458f-a351-1037860a5040,503,DEPENDENCY_UNAVAILABLE,58.36046979899993,63.38207773400018,5021.607935000247
2919,4a4165f6-0e45-4740-b955-19be37a93029,503,DEPENDENCY_UNAVAILABLE,58.385062137000205,63.396884856999804,5011.8227199996
2920,dacf1cc1-25f0-4af7-a29d-4520a9d5e2ff,503,DEPENDENCY_UNAVAILABLE,58.40198324699986,63.411366784000165,5009.3835370003035
2921,ab45822d-43f1-4d91-ac40-3e6a3e929b71,503,DEPENDENCY_UNAVAILABLE,58.4236413550002,63.433029155999975,5009.387800999775
2922,e065b340-9e4f-4b52-82da-52e2437b5119,503,DEPENDENCY_UNAVAILABLE,58.45065664899994,63.461243620000005,5010.586971000066
2923,73879b14-a8dc-4d5c-8f48-4203b0571bd7,503,DEPENDENCY_UNAVAILABLE,58.46116581900014,63.465908406999915,5004.742587999772
2924,9d070d57-3e33-4258-8508-a96490de2352,503,DEPENDENCY_UNAVAILABLE,58.48065204600016,63.49601605199996,5015.3640059998
2925,03429c88-c5c0-4989-b1dc-7f8b75096880,503,DEPENDENCY_UNAVAILABLE,58.50106394800014,63.50696935899987,5005.9054109997305
2933,7d2c3654-f337-4a6d-971d-d63c123d8674,503,DEPENDENCY_UNAVAILABLE,58.66173822000019,62.94744122700013,4285.703006999938
2937,70a5f92d-ffe4-4eb4-8319-6374aacb2eb7,503,DEPENDENCY_UNAVAILABLE,58.74161785100023,62.94875251199983,4207.1346609996
2938,7fa1a03f-a4d6-41c2-9f20-c35cc810eb25,503,DEPENDENCY_UNAVAILABLE,58.76187046799987,62.94824973899995,4186.379271000078
2940,56969baa-ac3f-476d-ba66-5c89bfd97d55,503,DEPENDENCY_UNAVAILABLE,58.80065942800002,62.94848131400022,4147.821886000202
2945,31d3f055-5a85-42f4-a883-e6d6c0a2eda6,503,DEPENDENCY_UNAVAILABLE,58.90071559499984,63.01611820700009,4115.402612000253
2948,67bd156e-8268-4d9f-a0f6-831a2be57414,503,DEPENDENCY_UNAVAILABLE,58.96345590200008,63.05041290600002,4086.9570039999417
2951,c9294a38-eee6-48b4-a9e1-019d70ad74fb,503,DEPENDENCY_UNAVAILABLE,59.02279132800004,63.1002818259999,4077.490497999861
2953,dab4a85d-7f0d-4ad0-9a5d-eae73a4e777a,503,DEPENDENCY_UNAVAILABLE,59.0608626369999,63.28894623499991,4228.083598000012
2954,c5264655-2a56-479f-876a-3705e66de3d2,503,DEPENDENCY_UNAVAILABLE,59.083666615999846,63.135805189000166,4052.1385730003203
2956,9e4b96e5-9ee5-4e5b-a624-ef4c2a3fb464,503,DEPENDENCY_UNAVAILABLE,59.121677009999985,63.3046020769998,4182.925066999815
2959,8daa6783-a8db-4921-bcef-428c61f87e1f,503,DEPENDENCY_UNAVAILABLE,59.18039866700019,63.29479247900008,4114.393811999889
2960,e0e281b1-5768-44dd-a83c-c7113089ffab,503,DEPENDENCY_UNAVAILABLE,59.202089935000004,63.29289588199981,4090.805946999808
2961,300a2565-d74c-452b-a525-64f586727f3b,503,DEPENDENCY_UNAVAILABLE,59.220441779999874,63.310033377999844,4089.59159799997
2962,ead76335-0143-4759-b5d0-40ee2ac4be2f,503,DEPENDENCY_UNAVAILABLE,59.24351074900005,63.34902982199992,4105.5190729998685
2965,8703e174-026b-45c6-8f7d-fed2743b0cc8,503,DEPENDENCY_UNAVAILABLE,59.30204628699994,63.35164897599998,4049.6026890000394
2966,b8c457cb-8363-4798-a904-aa0aa383e98f,503,DEPENDENCY_UNAVAILABLE,59.320450921999964,63.3819947789998,4061.543856999833
2967,12c374e0-22dd-4b52-97a3-0e741afa0390,503,DEPENDENCY_UNAVAILABLE,59.34109143600017,63.39231527499987,4051.2238389997037
2968,e02aa49d-cd18-4c8c-89ee-1d2aa89da917,503,DEPENDENCY_UNAVAILABLE,59.36048866100009,63.39285408800015,4032.365427000059
2969,f5aa64bb-bbc1-4c90-badb-8a108b7b5e54,503,DEPENDENCY_UNAVAILABLE,59.38086568500012,63.465843825999855,4084.9781409997377
2970,85b3e4d7-c6ce-4233-8faf-e5a7ae062192,503,DEPENDENCY_UNAVAILABLE,59.403416880999885,63.414759200999924,4011.3423200000398
2971,cc0a500d-26fb-4267-a0a3-fffccf7fb265,503,DEPENDENCY_UNAVAILABLE,59.42104475199994,63.52884751400006,4107.802762000119
2972,55475ae0-64f3-4adb-9138-f351836ed34b,503,DEPENDENCY_UNAVAILABLE,59.44073879999996,63.500926288999835,4060.1874889998726
2973,7b0de94c-3123-4110-aacf-3381002d4be8,503,DEPENDENCY_UNAVAILABLE,59.46957731300017,63.554281789000015,4084.7044759998425
2974,c487dbdb-d52e-4e33-ab07-5b73eeeadfd5,503,DEPENDENCY_UNAVAILABLE,59.481031363000056,63.59886027799985,4117.828914999791
2975,1224034a-3834-4c4a-82d1-c424177efb79,503,DEPENDENCY_UNAVAILABLE,59.50611117700009,63.61094641799991,4104.835240999819
2982,cc6e3b33-7b78-4c1f-84e0-4b4d762f71c9,503,DEPENDENCY_UNAVAILABLE,59.6410859890002,63.70664752999983,4065.5615409996244
2983,d688ba94-5bc6-4662-a941-360a41d989c9,503,DEPENDENCY_UNAVAILABLE,59.66209432300002,63.758545959,4096.451635999983
2986,86312915-abbc-4a6a-9116-19b53b0d93f6,503,DEPENDENCY_UNAVAILABLE,59.72068806700008,63.84670430699998,4126.016239999899
