index,eventId,status,code,start,end,latencyMs
0,0223dc84-5ef3-4013-b083-c14a54f4073e,202,,0.00045733299975836417,0.12203808799995386,121.5807550001955
1,84fe2ec6-1ccf-4ff4-98a8-a66dca221a06,202,,0.020506458999989263,0.1307754209997256,110.26896199973635
2,2d31bebf-c58a-4d1b-a86a-f0e675dd9a40,202,,0.04114583499995206,0.12186967099978574,80.72383599983368
3,7486840d-069f-43bf-81db-d0e56bb31b37,202,,0.060931834999792045,0.13804433799987237,77.11250300008032
4,89fdae16-31cf-401a-bfc6-59645e167cf8,202,,0.08442712799978835,0.14778167199983727,63.35454400004892
5,2c582c5b-6930-4aca-b09f-dc6a9a4d0d68,202,,0.10041804499996942,0.15057888000001185,50.160835000042425
6,544cdb47-fd4b-4b47-9f99-5f8d06ab1b01,202,,0.12189196300005278,0.15347454699985974,31.582583999806957
7,2f711dc1-e2d4-438a-9999-f5fdf468614c,202,,0.14024167199977455,0.15840138099974865,18.1597089999741
8,a9c10505-d00e-4d88-9365-753e6953903b,202,,0.16024971399974675,0.1761747559999094,15.925042000162648
9,c6e09593-8fd0-42d1-bf13-e0dc66fa3ff7,202,,0.1802811309999015,0.2067097159997502,26.42858499984868
10,5ca7a3d9-36fa-4850-9413-c359329c2ed4,202,,0.20098446599968156,0.2200762580000628,19.091792000381247
11,b4cb4877-922b-45b7-be3b-0564bc11caad,202,,0.22018825799978003,0.23432054999966567,14.132291999885638
12,94b19a4e-18a5-414a-8682-a112499f7700,202,,0.240276300000005,0.2543318419998286,14.055541999823618
13,b08e1daa-7de9-4fc7-875d-ba9d28b5f76b,202,,0.2615923839998686,0.2738530510000601,12.26066700019146
14,9b962ec7-43e2-4a5c-ae84-033162ba6bc1,202,,0.28085309299967776,0.29194871899971986,11.095626000042103
15,8a8b1d48-ebd2-4782-94e3-999beefe22a3,202,,0.300231968999924,0.3135874699996748,13.355500999750802
16,45bc32ac-effb-466c-9f4a-1eafc90852f9,202,,0.3206363029999011,0.3431403039999168,22.504001000015705
17,ad87f4ba-a774-4974-90d1-e72796cbd772,202,,0.3403651369999352,0.3553975959998752,15.03245899993999
18,927d03b7-bb7b-42da-84a3-fd1d78a6271a,202,,0.36025892999987263,0.3836243050000121,23.365375000139466
19,09e55166-2e62-43b8-b1ca-f5885f3d3eb9,202,,0.38041909699995813,0.3951130559999001,14.69395899994197
20,65113b4a-f506-4474-9845-24b916e07f39,202,,0.4003376389996447,0.4424988079999821,42.161169000337395
21,3b10bd12-26ab-4cc1-8ae2-e5ba03b03e23,202,,0.42026588999988235,0.4425843909998548,22.318500999972457
22,8f50122a-ec62-4fb1-905e-a62350f1c058,202,,0.4405821819996163,0.45964697499994145,19.064793000325153
23,bd7c5d19-b842-4682-b410-fd80d63cef12,202,,0.46029972499991345,0.48950943399995595,29.209709000042494
24,13c807d8-8779-4a8c-a201-e5e49b657b17,202,,0.4817626009999003,0.5068247269996391,25.062125999738782
25,41113808-087c-4ecd-ad7b-43c3ff227fc5,202,,0.5001684349999778,0.5198123519999172,19.643916999939393
26,0f88d6ba-0a5a-47bc-9f53-578bbfd8cf52,202,,0.5202144769996266,0.5426403110000138,22.425834000387113
27,daa1ca2d-467b-4a2f-8380-3babfde67649,202,,0.5403126029996201,0.5596432639999875,19.3306610003674
28,1b38dc18-672e-4cc6-90d8-6bca6d4a8b89,202,,0.5601572639998267,0.5783705879998706,18.21332400004394
29,fe49ddd4-f4d7-4b2b-9211-17a65fdec193,202,,0.5802854199996546,0.6102848629998334,29.99944300017887
30,a4e5b7a5-8722-4880-8e37-18165d285bf4,202,,0.6003194939999048,0.6286543539999911,28.334860000086337
31,8bddf891-1f89-40ee-977b-338e2ed7176e,202,,0.6202277749998757,0.635226725999928,14.99895100005233
32,06a26b8d-c4aa-4d4f-963b-63de8a4bc6e8,202,,0.6402335149996361,0.6570240060000287,16.79049100039265
33,c8c5d1ab-e086-43d0-9302-bfe1a5622c65,202,,0.6602283799998077,0.6926215720000073,32.39319200019963
34,0e4a0859-e3a2-45b0-a003-878a5552508f,202,,0.6804308699997819,0.7056372319998445,25.206362000062654
35,be45ee0a-13cb-4fd0-8245-aed59cb822c6,202,,0.7003674429997773,0.7171613929999694,16.793950000192126
36,79a48405-a6cd-4f13-a49a-bae072535c98,202,,0.720200432999718,0.7330446349997146,12.844201999996585
37,d13bdf9b-2da0-4a1d-95ab-cc6655d85642,202,,0.7403835479999543,0.7529279999998835,12.544451999929151
38,eab48237-dec2-4648-a616-bc819bd42df1,202,,0.7617894949999027,0.7966258110000126,34.836316000109946
39,aeaa8e14-932b-4275-b7bf-65a20e1d6920,202,,0.7821967759996369,0.8188468409998677,36.650065000230825
40,8a612561-ca09-40f1-9474-122aa62e18be,202,,0.8004464339996957,0.8266961709996394,26.249736999943707
41,84243043-e32c-4bc6-ab44-f8b8b3f701df,202,,0.8202483400000347,0.8331612509996376,12.9129109996029
42,f136592d-f4d7-4351-af21-e4911bf2f735,202,,0.8403716640000312,0.8618985690000045,21.52690499997334
43,cfafe2bb-15aa-49af-81bf-53dc5b12f9e5,202,,0.8603363619999982,0.8780622279996351,17.72586599963688
44,8357539d-c460-47d0-a35d-0861607f92bd,202,,0.8802343099996506,0.8967002179997507,16.46590800010017
45,55a1b800-dc1a-45dc-869a-ae2a2f8b1114,202,,0.9003241329996854,0.9118535859997792,11.529453000093781
46,add19eb9-2ec3-4a69-9072-ffff555aa5e6,202,,0.9202852899998106,0.9410635709996313,20.77828099982071
47,173cbe9c-9286-47b6-afa0-f9639afcb1c9,202,,0.9404507799999919,0.9524184399997466,11.967659999754687
48,5e88dfa7-4077-4358-b712-8910c48d268e,202,,0.9620928099998309,0.9722853879998183,10.192577999987407
49,6fd09259-2222-478b-a2c3-8213faa76e50,202,,0.9803151339997385,0.9906721709999147,10.357037000176206
50,d117e668-7d35-40b0-bf7d-471088d91d06,202,,1.0026342480000494,1.0160620749998088,13.427826999759418
51,43171395-068e-43e0-9d08-784023bc1d05,202,,1.0204488219997074,1.0307241509999585,10.275329000251077
52,80171a37-ae19-4470-a243-150930428d19,202,,1.0422715609997795,1.0548855550000553,12.613994000275852
53,1b9d17fb-71be-4d00-95bc-3db81ef45a96,202,,1.0605606770000122,1.0745964200000344,14.035743000022194
54,fb3f6cd6-aea9-495c-93f3-4dba7d0b29b5,202,,1.0810837499998343,1.0978323669996826,16.74861699984831
55,e9afe3d3-930a-4405-91e7-24bebe43a243,202,,1.1002695319998566,1.1107120269998632,10.442495000006602
56,a4b0439d-b7e4-4f94-b238-6b7f85df5a04,202,,1.1202851469997768,1.1321230159996958,11.83786899991901
57,6cef52b0-b979-49ae-a743-2bcb6c3b26c2,202,,1.1403932199996234,1.159488668999984,19.09544900036053
58,c3ff07f9-d3ac-42ac-810d-a381acc13370,202,,1.1602721269996437,1.1761038269996789,15.831700000035198
59,0b67fc6d-7c98-45b2-a246-81c3423c6163,202,,1.1802874079999128,1.1927710269997078,12.483618999794999
60,f347c6f1-0f41-413c-b463-e5d7ed369fa8,202,,1.2004510649999247,1.2249398019998807,24.488736999956018
61,119bad1b-3e25-486c-932b-5111db65fc6a,202,,1.2203063459996883,1.2339315479998731,13.6252020001848
62,24cc224c-435b-41c8-8504-f23b5628dbbd,202,,1.2402339609998307,1.262165449999884,21.93148900005326
63,03ac14aa-66f6-4dc1-9d16-1d65d2ae0330,202,,1.2616282419999152,1.2729359859999931,11.307744000077946
64,69eda347-54cb-434c-bb5a-8e514af5cef5,202,,1.2802438989997427,1.290584851999938,10.34095300019544
65,4504e89e-ad4c-4c00-bb37-23b267d35e6c,202,,1.3006616799998483,1.3116138420000425,10.952162000194221
66,943ceffc-db0f-4176-bcb1-b58b9d79e0e5,202,,1.3203205869999692,1.3323646639996696,12.044076999700337
67,b0ac0582-cf92-4998-b0f7-06d1ccefb861,202,,1.3405462849996184,1.3568770269998822,16.330742000263854
68,506b38b6-3560-447a-85d1-8348e76908d5,202,,1.360959399999956,1.3723400189996937,11.380618999737635
69,9fd229bc-bf6c-412e-b3df-25e1028c1ff2,202,,1.3822024309997687,1.3923515919996134,10.149160999844753
70,7705f30e-ded9-481b-bad4-14163c98ba70,202,,1.4002448379997077,1.4125005819996659,12.255743999958213
71,60bce381-f9d8-4b5c-aec8-494c9c70b976,202,,1.4212655779997476,1.4313065729998016,10.040995000053954
72,918070e5-cdb0-4466-9185-9147dd89c20b,202,,1.4406381509998027,1.4523871039996266,11.748952999823814
73,6be53d75-8a2d-4f24-92fd-9634fb249499,202,,1.4602314750000005,1.476089882999986,15.858407999985502
74,c4301a01-f9f9-45b7-b24e-7eab1396430a,202,,1.480162339999879,1.4933986659998482,13.236325999969267
75,7884c8f3-97a7-4205-a046-ed318db95e0a,202,,1.500177870999778,1.5147112800000286,14.533409000250685
76,c97bea5f-c6b8-4134-b84c-373a9dff03e4,202,,1.5202558189998854,1.5364582689999224,16.20245000003706
77,ff7eb37c-bc28-43de-94e2-8e6990f52903,202,,1.5402428089996647,1.5551711309999519,14.928322000287153
78,f137c486-92a2-40d1-94e6-7759536fdd7e,202,,1.56022966799992,1.5751343189999716,14.904651000051672
79,a7b054d0-ab2c-494d-8e3d-f67ed4d56d70,202,,1.5801909799997702,1.5976568789997145,17.46589899994433
80,cbef18e4-e930-4aa1-a3dc-82523c59e1d7,202,,1.6002006679996157,1.6159764839999298,15.77581600031408
81,178dc2d9-6df4-47f8-9490-f3c3f7f461e4,202,,1.6201830219997646,1.6423762489998808,22.193227000116167
82,82902eec-4708-40ae-9e5f-7c2d0450100f,202,,1.6404266669997014,1.664105391999783,23.678725000081613
83,325c5d12-e860-4b6f-b001-3f8c2411fb41,202,,1.6601902299998983,1.6751788809997379,14.988650999839592
84,0d6be865-60f1-497d-b498-6adf1e1fbc44,202,,1.6801663339997503,1.699722188999658,19.55585499990775
85,9902e3c7-f321-4b5c-adf7-fb33d82785fc,202,,1.7001568959999531,1.7258171199996468,25.6602239996937
86,78420df4-26e4-4333-bed5-f182dbe799c1,202,,1.72033195899985,1.7436682679999649,23.336309000114852
87,8e492477-1b37-4630-a9f5-48c2f6b6684b,202,,1.7412707290000071,1.763361539000016,22.090810000008787
88,bc66d5c1-3a0f-4faf-ba74-43794e92dd60,202,,1.7602473749998353,1.7741869019996557,13.939526999820373
89,4ad7d0a9-d022-4dad-a026-f20ad87e49c1,202,,1.7802374789998794,1.7920310509998671,11.793571999987762
90,0bb806e8-bfac-4619-b606-e7e983487960,202,,1.8002149589997316,1.8107156559999567,10.500697000225045
91,12701ab6-a9e8-4395-b167-1daf3f27193b,202,,1.8203201879996413,1.8343332979998195,14.01311000017813
92,ccd6c000-405a-4445-ab0d-0a0953959a67,202,,1.8401786249996803,1.85527623400003,15.097609000349621
93,b8550a73-f6d0-4407-b8b6-71a2ae4b9479,202,,1.8601595629997973,1.87148150899975,11.321945999952732
94,b7a0c05d-614c-4f72-9630-47306c272451,202,,1.8801595420000012,1.8917839050000111,11.624363000009907
95,166bb443-dad1-4ffd-b648-1bea520d203b,202,,1.9002239789997475,1.914054214999851,13.830236000103469
96,7b1ab504-34b0-41f3-b58e-d7c3540c33a0,202,,1.9201567919999434,1.9404288119999364,20.272019999993063
97,82269fa5-9771-4d44-8d0c-efe2b45e8a88,202,,1.940209811999921,1.9561207540000396,15.910942000118666
98,c6fc12c4-27d9-42fb-994d-4a2fc12a12e6,202,,1.9602666249998038,1.9753772340000069,15.110609000203112
99,3c1ef8ac-a339-498c-9bf1-55ca754524b7,202,,1.9801924369999142,1.9995146669998576,19.322229999943374
100,dab7c94b-1bd5-4a67-b57b-832030462ee8,202,,2.000171040999703,2.034275630999673,34.1045899999699
101,168315ce-95b1-4b57-924a-cb919d6ea0c4,202,,2.021991643999627,2.049807447999683,27.815804000056232
102,7a7e2a0e-13da-4588-9011-a38e2bb9e2e9,202,,2.0407251239998914,2.056965981999838,16.240857999946456
103,1bf00715-16bc-4235-98c7-8d4c1bbb8d58,202,,2.060156936999647,2.0774688359997526,17.311899000105768
104,cbddde60-09a1-496c-af07-4811ea85b1cc,202,,2.0803879579998465,2.09164665399976,11.25869599991347
105,ac8724db-6e19-4046-9768-f5112d87f2ff,202,,2.100222978999682,2.112688589999834,12.465611000152421
106,3144aeac-bd02-40a9-ab0c-444c0b9909a9,202,,2.120678665000014,2.1312088209997455,10.530155999731505
107,49035715-2385-48ac-a88c-08ee5ce71fd3,202,,2.140220811999825,2.1518352579996645,11.614445999839518
108,3954f839-a38d-4d36-b052-e7ba8d469fe3,202,,2.1602157069996792,2.171138487999997,10.922781000317627
109,010540aa-7907-4301-abb9-0b5d235d2bd5,202,,2.1803508109996983,2.1902548839998417,9.904073000143399
110,cbc64891-fc5a-412c-8e4e-1ac4f734dfe5,202,,2.200792581999849,2.2124662359997274,11.673653999878297
111,346f3147-bb47-4ccd-a7dd-91c902164da6,202,,2.220251060999999,2.2321940909996556,11.943029999656574
112,fe273049-c08d-480e-a0e1-0d527ff3de33,202,,2.240241124000022,2.2499556139996457,9.714489999623765
113,19157d0b-2878-4124-95a9-3809664c8a27,202,,2.2607653109998864,2.2771895439996115,16.424232999725064
114,c759b1d7-048c-4d73-b335-be0affb690ef,202,,2.2802397069999643,2.2929622769997877,12.722569999823463
115,78e8d488-1c0e-4542-bc84-3bcf6d53f222,202,,2.300612851999631,2.315658253000038,15.045401000406855
116,d7983d94-60bd-46e5-b6e6-7cf1932c7e49,202,,2.3202992489996177,2.3312441949997265,10.944946000108757
117,c54269b3-3fde-4ed8-a050-8b912fa6610c,202,,2.3402698529998816,2.3633165789997292,23.046725999847695
118,871db5ab-ea12-4f6f-9b04-79ee4b189a60,202,,2.361013372999878,2.374471609000011,13.458236000133184
119,c3817655-3756-4f60-b21e-20296a5665b3,202,,2.3805481019999206,2.391955589999725,11.407487999804289
120,8856387b-4eba-46bb-abc0-6bd7d9bd4700,202,,2.4002275399998325,2.410206654999911,9.979115000078309
121,6dafbd3f-142f-4e6b-ba04-9c647e80a650,202,,2.4212340599997333,2.431397715999992,10.163656000258925
122,10887d4f-6c7f-479f-8092-8e2b2978bbdf,202,,2.4405113729999357,2.450441820999913,9.930447999977332
123,67129eac-86f2-420c-bdb0-a88bf50313dd,202,,2.4603193109996937,2.4719246319996273,11.60532099993361
124,0884df9a-32b5-48bf-913a-33f1a3f2c5d4,202,,2.4805258309997953,2.503002015999755,22.476184999959514
125,f2a4dda6-a455-4c50-8a10-3b1fbb67509e,202,,2.5015668089999963,2.5203376229997048,18.77081399970848
126,b430b92e-cf61-4196-8015-2afb66d393d8,202,,2.5204848729999867,2.5337972339998487,13.312360999861994
127,3f629276-710e-43fe-ade0-22ede79fae3b,202,,2.5402242689997365,2.552387420999821,12.163152000084665
128,a4d98008-5c13-4f08-9aec-fe8396338ec1,202,,2.5602129919998333,2.5740756779996445,13.86268599981122
129,c2f21e06-493e-407a-b606-dee303f3b370,202,,2.5802964179997616,2.595080852999672,14.784434999910445
130,1c747486-e7ae-43ca-b636-b243e7927148,202,,2.600165303999802,2.612120784999661,11.955480999858992
131,36a03c06-39f0-433b-9dd7-b230d2f3936a,202,,2.6202855219999037,2.6313489209996987,11.063398999795027
132,43b8d18e-c37b-47da-8823-cd4e4626c234,202,,2.6401697819997025,2.6516516389997378,11.481857000035234
133,f2e9f5a9-50e0-4255-9e5a-6e8dd6aad3e2,202,,2.660174208999706,2.6752791019998767,15.104893000170705
134,457bfb83-c2c1-4734-95a9-83a4196e52d3,202,,2.68030788499982,2.692664157999843,12.356273000023066
135,d9db8913-3aeb-4673-9e32-a9eb582cf66d,202,,2.7005472279997775,2.7152787469999566,14.731519000179105
136,1f374970-97d3-4b1c-9ec8-63b8a5a22ae9,202,,2.7209723629998734,2.7370385039998837,16.066141000010248
137,e7b003c6-ad75-41d7-8156-5a37b61bc45d,202,,2.740205457999764,2.753839685999992,13.634228000228177
138,4aefb941-90d7-47a1-98b6-465b4df6fcf6,202,,2.7602798839998286,2.776195400999768,15.915516999939427
139,278e3106-2f9e-4201-9129-8e417aad70f8,202,,2.780250727999828,2.8028313169998,22.58058899997195
140,86a55fea-ea9f-4f6c-82dc-06810580d26e,202,,2.8013429859997814,2.832972518999668,31.629532999886578
141,01d6f108-6e91-417e-a441-b4b063be60e1,202,,2.8208155389997955,2.843712335999953,22.896797000157676
142,a38e455d-8f36-45f8-af14-4c71fefa68a3,202,,2.840673006999623,2.856191815999864,15.518809000241163
143,f81ec0d9-83cb-42bf-a24d-0b5ecd4eeb65,202,,2.8602000599998973,2.876673659000062,16.47359900016454
144,7837eac5-056a-470e-8ac4-f22f4a640cc3,202,,2.8802426949996516,2.897186500999851,16.9438060001994
145,6f43952e-b54c-404e-8ccc-c0948222980f,202,,2.900250787999994,2.918285009999636,18.034221999641886
146,6bed387b-b1d2-4e85-9165-4f48116c25bb,202,,2.9203269229997204,2.9357634819998566,15.436559000136185
147,171f4e38-89c0-48a0-8de6-0f64ad7d9c35,202,,2.940232808000019,2.9548177439996834,14.584935999664594
148,4044127f-2c04-4a70-9d0f-abd53ea2a359,202,,2.960288942999796,2.9785077059996183,18.218762999822502
149,2e2676b3-2b47-4de2-9db2-03dc97e78de3,202,,2.9802870779999466,3.003849582999919,23.56250499997259
150,c59ffb39-18fa-443b-88a5-6e9c924508c4,202,,3.0005785879998257,3.013979733999804,13.401145999978326
151,e2f95ca4-b5fa-45d2-a810-89b90e526ab6,202,,3.020249973999853,3.0311032069998873,10.853233000034379
152,44d5031d-1ab1-47a8-933c-7d144b69003a,202,,3.040416233999622,3.0502625509998325,9.846317000210547
153,d56cc64c-f5c2-4ada-9282-d7dac2c42f85,202,,3.060960451000028,3.0725638489998346,11.603397999806475
154,0e0b5814-2249-470e-895e-080090fdae1a,202,,3.0812320439999894,3.091108444999918,9.876400999928592
155,f056d9f5-c1e3-42d4-944d-97d647d42360,202,,3.1014820539999164,3.1201528990000043,18.670845000087866
156,24284d7a-878d-4f50-a081-8055de1a4cd3,202,,3.120297190999736,3.1330400039996675,12.74281299993163
157,5d7e2aa0-ad11-4874-8aec-eb77d9d14f78,202,,3.1413343659996826,3.154016928999681,12.682562999998481
158,ca58338c-f6df-43a1-bef9-ef131c68b3a3,202,,3.1617248749998907,3.1720988170000055,10.373942000114766
159,b9f7ea49-a047-4637-bd1a-2800942a13db,202,,3.18027138799971,3.1900488719998066,9.777484000096592
160,16318eda-5e22-4926-bbf2-51ed385fd5ab,202,,3.202665019000051,3.2122356709996893,9.570651999638358
161,e8ff9259-a31b-4bab-9e4a-1a8c2af480e1,202,,3.2202648249999584,3.23116405699966,10.899231999701442
162,12f893a4-9f06-4846-a621-c9ef758be5fb,202,,3.2403562099998453,3.2503832769998553,10.027067000009993
163,18b67ef0-df66-426c-947e-945439f1b564,202,,3.2611121769996316,3.2707045779998225,9.592401000190875
164,4b2af779-9951-491f-9b84-ba3458af68cd,202,,3.282262559999708,3.299409407999974,17.14684800026589
165,2a826484-a3cf-47d2-8bb2-f3e90c938b72,202,,3.3002098649999425,3.32055466599968,20.344800999737345
166,0ee34b55-219a-4648-a799-e8c6c592a2d5,202,,3.3203077919997668,3.3325251469996147,12.217354999847885
167,c6c5f5ab-58d6-4c8c-80e1-7cd4d92e432d,202,,3.340249927000059,3.3508122429998366,10.562315999777638
168,3ad65707-72c8-48ed-ab3f-b4065a9da54f,202,,3.3603481029999784,3.3697057549998135,9.35765199983507
169,961362da-f34c-41e2-97d1-7a3e55f6a0db,202,,3.3827498179998656,3.39495071500005,12.20089700018434
170,c4da9c5b-8a9f-4988-bd41-383c2b8429e0,202,,3.4002899990000515,3.4103487329998643,10.05873399981283
171,1498e405-b6d7-4753-a5f9-9eab7f215de2,202,,3.4202255509999304,3.4300501180000538,9.824567000123352
172,332b6a4e-08e0-4941-a150-2f50cace8bb8,202,,3.44033305999983,3.4511004179998963,10.767358000066451
173,606f9b7a-1e88-4761-be2a-f7011f5386e3,202,,3.4603249869996944,3.47301142599963,12.68643899993549
174,209822a2-b46b-4d69-bbb4-5bc884c9ffe4,202,,3.4808198299997457,3.490837313999691,10.017483999945398
175,be2be0ac-fcbe-43de-877b-657c9786aa82,202,,3.500842714999635,3.5143074019997584,13.464687000123376
176,23b9848f-1d63-4850-9a4d-9ecfb6049ad2,202,,3.5209155170000486,3.5425461909999285,21.630673999879946
177,0718d1a6-6d2b-484a-a085-1c1a93d71b23,202,,3.5401939859998492,3.5564891649996753,16.29517899982602
178,58f3a094-df25-46ca-8a84-1dad2fa58f14,202,,3.5602694069998506,3.5758593739997195,15.58996699986892
179,6edbc94f-25ba-429b-a47f-bdd77917536e,202,,3.5801709479997044,3.596517579999727,16.34663200002251
180,ba1a8fe0-4f0d-4c11-a9ae-b9d19d88e033,202,,3.6001930309998897,3.6127876289997403,12.59459799985052
181,239356fc-cb31-4139-bb21-14158ebfe914,202,,3.62024152999993,3.6345793329996923,14.337802999762062
182,e537368b-458f-4467-b920-d5993b14f274,202,,3.6402791959999377,3.6514304229999652,11.151227000027575
183,974089f0-d153-4394-87f0-6a7bfacc7a0d,202,,3.6611884439998903,3.7168849099998624,55.69646599997213
184,27022866-ed56-49f2-8b22-5fd2bf7d7fe1,202,,3.6803617779996785,3.714392498000052,34.03072000037355
185,7234c230-6135-4c77-b540-36746997d18e,202,,3.700296986000012,3.723741436999717,23.444450999704713
186,6c18de30-5942-4129-bfed-066598d08f61,202,,3.7202463189996706,3.73601203599992,15.765717000249424
187,b9741ed5-04c8-451d-b70d-9c417e5287b6,202,,3.740291984999658,3.7592899869996472,18.998001999989356
188,e421c51b-68c9-4aa9-b3fa-876b9d653868,202,,3.7603511099996467,3.7762749509997775,15.923841000130778
189,f718a3f6-c632-476f-b73d-32ef69204475,202,,3.7801766509996924,3.792440749999969,12.264099000276474
190,c13078cc-da9e-4853-884e-746df4fbb2e0,202,,3.8001957339997716,3.8163719079998373,16.176174000065657
191,76971c58-15de-47e1-b615-90b947080c13,202,,3.820294024999839,3.831760791999841,11.46676700000171
192,e6196a8f-bc7f-4f9a-b73e-dd127c432c92,202,,3.840225024999654,3.851816500000041,11.591475000386708
193,c831b12b-b7bd-45d1-9659-25497309538b,202,,3.8608037730000433,3.888271672999963,27.46789999991961
194,7366be57-2af9-4a6e-89c3-468ea98421da,202,,3.8803520649998973,3.9012806040000214,20.928539000124147
195,9a6b84e9-6473-4393-ad5b-f5d459af9a4e,202,,3.9007053549999,3.9220570190000217,21.351664000121673
196,fd0ac816-fd27-47f6-b2f5-bef960107b44,202,,3.921568477999699,3.9392103569998653,17.641879000166227
197,03d49eb7-3640-488f-a08a-54371f0bd9a8,202,,3.9404131469996173,3.954821074999927,14.407928000309767
198,31949ef2-5e96-46a9-9abc-b256e6dc396e,202,,3.9602271879998625,3.977217026999824,16.98983899996165
199,0971f1b2-6c83-43bc-9f40-7c6245032ccb,202,,3.980255312999816,3.996621194999989,16.36588200017286
200,c7fa9af6-6736-4bc3-a23b-653b7895b5d3,202,,4.000269936999757,4.015662405000057,15.392468000300141
201,59e0c004-cb47-4522-a22f-aa2a361d1606,202,,4.020188311999846,4.034570323000025,14.382011000179773
202,1e39ed2e-479d-49a2-93e6-baf405406f3c,202,,4.040157310999803,4.058306772999913,18.14946200011036
203,9229c70e-3fb5-4728-859f-7a842f1b8160,202,,4.06023635199972,4.083339511999839,23.103160000118805
204,4826e21a-be9b-4ff4-a982-d13795980dc3,202,,4.080417434999617,4.173194863999925,92.77742900030717
205,58a77596-33d4-4764-a63b-031432771252,202,,4.115835026999775,4.196598397999878,80.76337100010278
206,df10f88a-e795-4520-98f0-52594399abce,202,,4.124313549999897,4.194888442999854,70.57489299995723
207,3e80ba26-cd7b-4fbe-bfe8-8c69a0233427,202,,4.14167330600003,4.202113802999975,60.440496999945026
208,75807856-5d0b-412c-ab21-a9fc1da6aae4,202,,4.163084759999947,4.2075683329999265,44.483572999979515
209,6c576f26-3ae5-4aba-ac3c-11d1fa0566ad,202,,4.18091259799985,4.207329458999993,26.4168610001434
210,2af322d9-4d21-486a-a064-fcfbfa515547,202,,4.200705638999807,4.21372152899994,13.015890000133368
211,7501c971-8b80-4b42-aec7-75acf9028f66,202,,4.220485222999741,4.230848241999865,10.36301900012404
212,a15d2b31-0ea5-4ff4-a3e3-780c132bf5c1,202,,4.241475344999799,4.251832947999901,10.357603000102245
213,6bc73eb1-c42e-4b97-bb3b-ec9130973ecb,202,,4.260944096000003,4.272553612999673,11.609516999669722
214,b6fc4a60-0f09-4ae4-896a-f80990634386,202,,4.281265427999642,4.292315404999954,11.049977000311628
215,bd4bed5e-0fb1-4c1a-81ca-2d6c7c4deec8,202,,4.300688678999904,4.3120096129996455,11.3209339997411
216,512a9f50-76d5-4e10-8ede-ac27fc4f8655,202,,4.321046676999686,4.334222690999923,13.176014000237046
217,694933c3-d44b-49dd-9fa2-4801009f7d02,202,,4.34029276199999,4.352024986999822,11.732224999832397
218,ba7e8c8b-e20f-4a62-b816-cdcf53abd879,202,,4.360647301999961,4.371461903999716,10.814601999754814
219,9e5b2e3d-4799-4fd3-8f35-81b5e67e1d7f,202,,4.380246468999758,4.3946446049999395,14.398136000181694
220,630b8f4f-fb07-46a5-b590-81bcd56fc805,202,,4.401481173999855,4.829553373999715,428.07219999986046
221,4ae20434-05ed-4004-aa40-1402826d6de0,202,,4.425873039999715,4.8347736099999565,408.9005700002417
222,401b4259-bb90-4475-bc62-8356344c70cc,202,,4.440634175000014,4.842482089999976,401.8479149999621
223,71d264d4-ee18-4daa-b702-e9bc0b6299de,202,,4.461600006000026,4.850894192999931,389.2941869999049
224,b4f600c6-2392-450a-b43a-2775bfb82dc6,202,,4.481016422999801,4.858100964999721,377.0845419999205
225,f84a98ea-d8b5-4e42-af36-750bffadc465,202,,4.5038190840000425,4.8731196759999875,369.300591999945
226,58d6faaf-bf0c-40a1-9030-29bc512f75e6,202,,4.520644964999974,4.879953490999924,359.3085259999498
227,3d5b596a-8fd0-4f8e-8d2d-41bc963bbf1c,202,,4.550873315999979,4.902770098000019,351.8967820000398
228,e454e0b2-9cd7-4571-882f-528e0500fe8b,202,,4.563820115999988,4.932044686999689,368.2245709997005
229,6b64d302-a658-444e-8365-d17bb865f8de,202,,4.580383696999888,4.916839185999834,336.4554889999454
230,5d0f943a-b2ea-4c8f-a9ae-40bf0ace0873,202,,4.601284016999671,4.950271847999829,348.9878310001586
231,7440e187-a01e-40d8-8c43-72bfe66532fc,202,,4.620591674000025,4.940588290000051,319.9966160000258
232,f1e19aeb-8cc9-4b72-9796-b810a9c27d9b,202,,4.640342038999734,4.955814250000003,315.47221100026945
233,064dd3cc-a213-4084-b1f4-be3b6f2993c9,202,,4.660517485999662,4.960851027999979,300.3335420003168
234,1d544043-2964-41d7-9fa6-357bbc7988b3,202,,4.680640433000008,4.970042628999636,289.402195999628
235,8e56b26a-6cfb-42a6-8f15-5760e7c726a8,202,,4.7005592549999164,4.976389319999726,275.8300649998091
236,d7418010-222b-4208-82f0-8666a1b072f4,202,,4.7209840769996845,4.982709428999897,261.7253520002123
237,19f8ccc9-c7f9-4545-ac5a-966631e0819b,202,,4.740615524999612,4.991724696999881,251.1091720002696
238,9ec4ca95-0eb2-4986-b7f7-0761b68e8837,202,,4.760783554999762,4.999368426999808,238.58487200004674
239,ea8aa632-6051-4cc1-8a33-1dfd255d7d12,202,,4.780397544999687,5.010927145999631,230.5296009999438
240,2e95ec2a-2d11-4866-ba7a-c4e19bddb08c,202,,4.800570699999753,5.0245314439998765,223.96074400012367
241,2aaa489a-68f2-41f6-bb25-c7ca808d4b8e,202,,4.820760938999683,5.039942028000041,219.18108900035804
242,03c0a693-7971-4523-870f-f339be245c7e,202,,4.840676970000004,5.050624166000034,209.9471960000301
243,ae7f5926-4dde-4f35-8bb3-12419ef39214,202,,4.860269000999779,5.057529273,197.26027200022145
244,b218e48f-0d4e-4c03-884f-5f2086e13c56,202,,4.882695858999796,5.07316577399979,190.46991499999422
245,9422b4c2-a549-4b85-a511-52392bc32902,202,,4.902809597999749,5.078754758999821,175.9451610000724
246,eeab5947-8759-407c-a206-5bcce0df09a4,202,,4.920244134999848,5.086592154999835,166.34801999998672
247,af2b2fed-6bb6-4a88-987f-4a7d3221d0b0,202,,4.9406080399999155,5.090966643999764,150.35860399984813
248,905a1b3a-9c7b-4661-8441-561890210c6e,202,,4.960233238000001,5.1042123170000195,143.97907900001883
249,11c07629-6326-4be4-92fc-ab8e8ec64b6f,202,,4.980838183999822,5.110125800999867,129.28761700004543
250,4109a904-f12f-494a-b230-5180bf38e4f5,202,,5.006532407999657,5.108821887999966,102.28948000030869
251,1d7f889e-f149-4965-a9e7-1bca7e5cb211,202,,5.193523914999787,5.362429011999666,168.90509699987888
252,62bd4fb1-a135-45a9-a895-6eb5ac181878,202,,5.192840374999832,5.332271507999849,139.43113300001642
253,eb143e0e-737d-450f-98a7-bc73277ac1b8,202,,5.19297829099969,5.254156129999956,61.17783900026552
254,c9e64b96-c8e1-43f1-b781-7acbcf34df86,202,,5.192902457999935,5.277793775999726,84.89131799979077
255,ee9c529c-a905-4abc-ab1c-67d1f0d8b3bc,202,,5.193479289999686,5.390366438000001,196.88714800031448
256,228016fa-52c9-48a9-8982-c724cbd3ce44,202,,5.193359374000011,5.378470885999832,185.11151199982123
257,513a3de0-9e3e-4858-b234-65b04aca7884,202,,5.193408998999985,5.319646790999741,126.23779199975615
258,a294e180-50d8-47cc-b36a-c58ffb59a472,202,,5.193451248999736,5.345982929999991,152.53168100025505
259,d9d4d7d8-d94a-477f-837a-2fa8032a0647,202,,5.192774249999729,5.2940773169998465,101.30306700011715
260,c58abb16-5294-441c-af61-0732f995d616,202,,5.200183688999914,5.374413146999814,174.22945799989975
261,3cbf356a-d563-4593-a14b-48de5bb7e9bc,202,,5.22022492799988,5.392029141999956,171.80421400007617
262,2b46b31c-4fd3-483f-8069-8e133f8edfe7,202,,5.240260624999792,5.398638540999855,158.37791600006312
263,6342c913-aeb4-4135-b66b-025c18593f5f,202,,5.262014775999887,5.413822667999739,151.80789199985156
264,7483f609-2ac8-47ef-a634-eba36116ee2f,202,,5.282224805999704,5.412460712999746,130.23590700004206
265,1ccbd3f1-b395-4979-a580-8f485324f1da,202,,5.300696548999895,5.425067929999841,124.37138099994627
266,6d8cbf5f-fca5-4c80-9c5d-b6d220dc63d5,202,,5.320168790000025,5.430895039999996,110.7262499999706
267,8aff58b7-190a-4d35-a8a3-953ccc658370,202,,5.342155606999768,5.439497641999878,97.34203500011063
268,c04fc5cc-6990-4215-b7b3-5e8c5f39f49b,202,,5.362222261999705,5.446978580999712,84.75631900000735
269,b86c075d-2792-448e-ad0b-bda19ae2ddb7,202,,5.380280172999846,5.452669273999618,72.38910099977147
270,1624edd6-1383-454f-af22-d55996f3e7ad,202,,5.401558324999769,5.455300808999709,53.742483999940305
271,6c889bba-c06b-4ef8-8611-9fca93db323f,202,,5.4204241919997,5.4598290879998785,39.40489600017827
272,22369f87-58b4-4bf5-995e-939887c166d3,202,,5.440166764999958,5.475038132000009,34.87136700005067
273,6e88b5cf-96db-46f8-b283-a96eee686612,202,,5.460227878999831,5.48689209999975,26.664220999919053
274,856f9612-1a1d-4e8d-9e17-86b3f66feb0d,202,,5.48099399099965,5.499183984999945,18.189994000294973
275,1b70b125-96dc-44a6-a82e-d07483a454db,202,,5.500666397999794,5.515589149999869,14.92275200007498
276,d8d4cd21-bf6a-404c-9690-752eb4b40ffc,202,,5.5206041369997365,5.535162597999715,14.558460999978706
277,062b44ad-ecf8-4fdd-a77f-f074ff786bdc,202,,5.540170959999614,5.554868792999969,14.697833000354876
278,4443f630-e98c-4d48-abb9-f3d1a7362d5a,202,,5.560238901000048,5.595498581999891,35.25968099984311
279,899780e1-5a40-46c8-8326-83647646c967,202,,5.582854162999865,5.608962496999993,26.108334000127797
280,e74354b7-06d2-41b0-b401-1a2f53ef2fe5,202,,5.600696314999823,5.620481710999684,19.785395999861066
281,cd4c790d-6e0c-445d-a28b-d4b05b98b1c3,202,,5.620189628999924,5.633993792999718,13.804163999793673
282,c5265001-0eaf-490d-950c-ca6b4aaf2bb7,202,,5.640375522999875,5.662444453999797,22.068930999921577
283,04d8ae26-2db8-4862-afc3-f75027949e97,202,,5.660337209999852,5.676450742999805,16.11353299995244
284,a1459698-06d7-4b31-bc18-1dec806ec0e2,202,,5.680193605999648,5.691866318999928,11.672713000280055
285,156f7e49-f171-478d-8fe9-78981903773c,202,,5.700308292000045,5.7114061319998655,11.09783999982028
286,2f99b195-fcd3-48cd-bb53-841e3ae3ff98,202,,5.7214026009996815,5.734906641999714,13.504041000032885
287,8e4b3b0d-43e2-4b46-a401-d14838e73c4d,202,,5.740744247999828,5.755071119999684,14.326871999855939
288,3e69d85c-3045-4dfc-8305-edc1ebf174cb,202,,5.760326602999612,5.772055232999719,11.728630000106932
289,28950bdc-dff2-4558-8ef3-c7274d24f017,202,,5.780341330999818,5.7904333829997086,10.092051999890828
290,c1195c3a-298c-42e7-802f-ca0eb09675e7,202,,5.800296851999974,5.810069903999647,9.773051999673044
291,8e159e6a-3690-454f-87e4-bb7026cda379,202,,5.821349243999975,5.83198270999992,10.633465999944747
292,2c9e112b-38ff-4b5a-8047-88dfc9c30719,202,,5.840899806999914,5.857562295999742,16.662488999827474
293,8d684800-4301-4450-8c85-43c1539d39eb,202,,5.8607445359998565,5.873137496999789,12.392960999932257
294,fa9605e3-f170-40c2-bfdb-211b04bb2599,202,,5.88027880799973,5.890313067999614,10.034259999883943
295,d25967a1-42c2-4498-a646-bbc2391b8c1a,202,,5.900290952999967,5.915248696999697,14.957743999730155
296,313f6df4-7857-4651-b0e2-62d5059fc4de,202,,5.9202893899996525,5.938689581999824,18.400192000171955
297,79d329d5-96f7-48f7-8e76-38754ac02015,202,,5.940320034999786,5.953487577000033,13.167542000246613
298,aa33b6be-1827-4fc7-a7c8-a44349c6b6b7,202,,5.960271138999815,5.977966832999755,17.695693999939976
299,9d150a0c-8721-445c-ba83-3931b8043fcf,202,,5.980313283999749,5.993977949000055,13.664665000305831
300,16e9d4fb-ef62-4f10-a8bb-78075edbf21c,202,,6.0001901379996525,6.0145600509999895,14.369913000336965
301,16201e6d-17fb-4716-805d-fbc5872381de,202,,6.020265532999929,6.032345160999739,12.079627999810327
302,c2d099cc-f322-4710-9446-2c3b75050f39,202,,6.040205760999925,6.0541049670000575,13.899206000132835
303,f04ac1e1-2773-4ab8-a9d5-99ae84a1e8f0,202,,6.060307531000035,6.076175105999937,15.86757499990199
304,7393e7ff-6e40-4b4c-862e-ff2dc9bd0d24,202,,6.080171051999969,6.095122462999825,14.951410999856307
305,c484b16a-0065-4d55-83f6-81996dee1278,202,,6.100242612999864,6.122037210999679,21.79459799981487
306,a14fed9c-f679-409c-8c71-dfb7ded3a9f7,202,,6.12018500899967,6.140801776999979,20.616768000309094
307,2667670a-16ba-4e69-a452-68666a269fb3,202,,6.140361487000064,6.165558741000041,25.197253999976965
308,0a6fe2d6-7c3c-4e75-8335-c4bc2bd1c995,202,,6.160676880999745,6.188425752000057,27.748871000312647
309,45b60f15-2507-48f3-bc8e-7b89bf9a0d48,202,,6.180356526999731,6.211751928000012,31.39540100028171
310,cd3ac65a-97e8-45d5-8b42-561079cc417c,202,,6.200278547999915,6.218421698999919,18.143151000003854
311,12063660-3d1c-4985-819d-05fe31d008d2,202,,6.220626733999779,6.270552908999889,49.92617500010965
312,9fa39902-776a-4f22-9043-ccc6057b7435,202,,6.240418462999969,6.292787921999661,52.36945899969214
313,5ea7c71c-cf1d-48aa-8583-9414ae4ab6f6,202,,6.265308675999677,6.301446644999942,36.137969000265
314,0ce37990-5df9-4ff4-8afb-2e71cef5432f,202,,6.28020762899996,6.304110677999688,23.903048999727616
315,6777af9f-3f3d-43d9-a99e-49bd58c0e025,202,,6.302324683999814,6.317435219999879,15.110536000065622
316,d1cbc71e-0825-4ea6-9c74-2b28411f2893,202,,6.320207627999935,6.335021663999669,14.814035999734187
317,6b6c1d2c-3ccb-4d4f-91b7-540dc69ebf84,202,,6.340272772999924,6.356477887999972,16.205115000047954
318,918b78aa-f831-4353-8d4f-83123765108a,202,,6.360298500999761,6.372585420999712,12.286919999951351
319,0cd412d2-6df7-4a8f-8ed3-88340c789925,202,,6.380434936999791,6.394271684999694,13.83674799990331
320,62f18929-5268-438a-b534-c7c722278f69,202,,6.400255332999677,6.412220003999664,11.964670999986993
321,023fbd15-b00c-4dea-9f01-d2d6878ea251,202,,6.420203936999769,6.433153854000011,12.94991700024184
322,c15c4ffe-1037-4b74-b033-8111fe4e521f,202,,6.440206040999783,6.4583817329998965,18.175692000113486
323,c2fee3d5-1115-4fa8-ab63-2231c85f7339,202,,6.460218311000062,6.479236750999917,19.01843999985431
324,89138dbc-b637-4617-a6e8-d543bdbd09b6,202,,6.480194122999819,6.491327170999739,11.133047999919654
325,17779984-5643-4c5d-9ed1-c36619c825ce,202,,6.5002914339997915,6.514613221999753,14.321787999961089
326,d97689f9-bd30-4f3e-a0db-5f7262b73954,202,,6.5202925379999215,6.531563001999984,11.27046400006293
327,b443f6d6-4bb5-439f-ae40-dd9a61e1311a,202,,6.54031972499979,6.577780382999663,37.46065799987264
328,e16479e1-7249-4a7f-8cc3-dd0656f14afa,202,,6.5627335209997,6.5892750489997525,26.541528000052494
329,ad50dceb-b430-487c-9c2b-feb1a7b64028,202,,6.580226123999637,6.596086732000003,15.860608000366483
330,9a20255b-1cd0-4ab3-b5ed-9a0354877fc2,202,,6.60018509199972,6.615580701999988,15.395610000268789
331,f3572855-e42f-4ded-b949-c031cc9c58aa,202,,6.620234685000014,6.632022433999737,11.78774899972268
332,928ad673-d171-44ed-89d5-18dfad7de377,202,,6.640200861999801,6.6541099769997345,13.909114999933081
333,6e02ecd4-bc56-4019-bbac-9f158c6d0b57,202,,6.660321496000051,6.676173645999825,15.852149999773246
334,7fa35d91-ab28-4216-936c-a9017193148d,202,,6.680204881999998,6.697681983999701,17.477101999702427
335,fa5bcddb-c6b1-4871-a5d2-9019c5e69771,202,,6.700261515999955,6.718718865000028,18.45734900007301
336,77f12618-3b85-44d1-af6c-e8f6032e34d7,202,,6.720554983000056,6.731983065999884,11.428082999827893
337,f5d1b3c4-66fe-4cca-8b35-7ba54eb72dca,202,,6.740449119000004,6.74999333400001,9.544215000005352
338,4a2f4f86-649e-41f6-abec-4ddb7faaa48f,202,,6.7622689129998435,6.77213575199994,9.866839000096661
339,e95cb341-ba36-4559-b763-92c1892f1beb,202,,6.780522054999892,6.790271476999806,9.749421999913466
340,0c8c7e17-746c-41e3-bd45-bc6305c752c7,202,,6.800913605000005,6.8119804389998535,11.066833999848313
341,50c19728-cd47-483d-9c12-a9ac6abb833d,202,,6.820494074999715,6.830202330999782,9.708256000067195
342,5d4767f3-f73d-40f4-849e-eb7f6fad11b9,202,,6.840222752000045,6.8503048819998185,10.082129999773315
343,ee3482c5-4199-413d-9113-acf6fb0bc0d4,202,,6.862146796999696,6.873660212999766,11.51341600007072
344,a55437e2-b034-4167-ba9a-af647e81be78,202,,6.880331104999641,6.891174481999769,10.843377000128385
345,ac6e499c-776b-4dd2-9d57-f1fd5a506f3c,202,,6.900413363999633,6.910206452999773,9.793089000140753
346,c49bab1c-6072-46e2-8892-2e15ce53644f,202,,6.9214898279997215,6.9312351680000575,9.745340000336
347,db43561f-2d2e-4103-9176-f27611bf0679,202,,6.9403698419996545,6.956696198999907,16.326357000252756
348,da4cd6d0-c6d8-4119-9f3a-dea243eae688,202,,6.960305478000009,6.979532656999709,19.22717899969939
349,780e2ecd-3d4a-41c3-8cb2-42003b2e8e37,202,,6.9806944029996885,6.998608961999707,17.914559000018926
350,e20232a4-21b4-4a2a-a96b-c9c3977ff899,202,,7.000234497999827,7.022168958999828,21.934461000000738
351,3e7642a7-3fac-463b-97f8-f4ac9506fe5b,202,,7.02095150499963,7.036511238999992,15.559734000362369
352,682bd5c2-0997-4672-b9e3-b48f90953321,202,,7.040231141999811,7.112607792999825,72.37665100001323
353,3fc521ec-e632-42c9-9976-69c8f2a0c44b,202,,7.060498483999709,7.2389032460000635,178.40476200035482
354,da4fd3c5-f5c8-4a48-9e58-7164b49ec9d3,202,,7.090532248999807,7.1759770599996955,85.44481099988843
355,a195a6cd-1897-4235-8d0f-b912c97cb308,202,,7.100899252999625,7.221720726000058,120.82147300043289
356,2b9bc16a-ad03-4ba4-a7ca-ec1b09f970bc,202,,7.121632634999969,7.213772670999788,92.14003599981879
357,7900bcd1-9fa3-4076-8fa9-dd34fd4a86c6,202,,7.140413107999848,7.253529274999892,113.11616700004379
358,d88ed618-efbe-40bf-99cd-a9d39c8f0238,202,,7.161929278999651,7.258956546999798,97.02726800014716
359,193bf590-c8f0-4f28-8546-34135f35a164,202,,7.180214710999735,7.279696137999963,99.481427000228
360,aed8066f-ad24-49a7-8150-4484e5ea7249,202,,7.200461762000032,7.288309313999889,87.84755199985739
361,176e8793-eafc-4623-bd49-32e8fa8aa8fa,202,,7.221237560999725,7.297334863999822,76.09730300009687
362,ae29dd4e-5301-4656-8dc7-7c632d33288d,202,,7.240236490999905,7.305833249999978,65.59675900007278
363,3d723390-ab9b-43e6-bf0b-0091cd737839,202,,7.260229875999812,7.310253983999701,50.024107999888656
364,0081e982-1948-4197-b4cf-897f62cd0471,202,,7.280331343999933,7.310038358999918,29.707014999985404
365,f08e9658-4ab1-4308-ab58-896b48e68375,202,,7.300700309999684,7.32131527599995,20.614966000266577
366,f438f26b-b054-4909-b3f2-04b8c8655b60,202,,7.3201784889997725,7.337948006999795,17.7695180000228
367,f360777b-7098-4073-b12d-3ab98fa10d52,202,,7.3404624139998305,7.3585664729998825,18.104059000052075
368,a4e639e9-e166-4b2c-98ba-ad2f836e9ec9,202,,7.360258882999915,7.373044336000021,12.785453000105917
369,530a7f39-25b7-41a6-99c8-6f6534a6b0a6,202,,7.380200809999678,7.3934632199998305,13.262410000152158
370,39a65952-b903-4003-a6e0-e08ff5032e1a,202,,7.400182694999785,7.418767126999683,18.584431999897788
371,fbd01941-ee66-4581-8573-a3b8379c7c8a,202,,7.420166537999648,7.438178596999933,18.012059000284353
372,13e41519-b163-449e-8994-bcc0ef2a6419,202,,7.440565296999921,7.458062106999932,17.496810000011465
373,f9c142a2-3a6e-4819-8a96-07eff53cb53c,202,,7.460240891000012,7.473482425999919,13.241534999906435
374,49eaded8-9d82-42d1-a64d-ee0b20fdf2f7,202,,7.480276858999787,7.49306026999966,12.783410999873013
375,c1c244e2-cb5c-4c8b-a87c-c6e38b21f715,202,,7.500213576999613,7.5147633569999925,14.549780000379542
376,b6b542f7-633d-4c03-9b9c-5707ffd3c42f,202,,7.520217128999775,7.532597249999981,12.38012100020569
377,1f5b0c27-d87e-48a0-9771-3e37c54ff719,202,,7.540172180999889,7.556052284999623,15.880103999734274
378,3de8816e-b4f8-41e1-a531-4b2899f66eba,202,,7.5605268079998496,7.576718365000033,16.19155700018382
379,36dce5a5-4718-45c2-a012-085ace5efee5,202,,7.580181975999949,7.594120958999611,13.938982999661675
380,36572158-9a11-460a-afc4-c8f1089fb7bd,202,,7.600169224999718,7.612006008999742,11.836784000024636
381,22ef14a1-2c51-4271-9d93-fc8954d27416,202,,7.620337598999868,7.636450447999778,16.112848999910057
382,06f9430c-ee53-42d3-92c9-51c539d9eda3,202,,7.640227933000006,7.651104011999905,10.876078999899619
383,e5807901-9340-4b01-9568-071d72214941,202,,7.662372172999767,7.676440905999698,14.068732999930944
384,a94ddd96-897c-4ab3-9190-c83614e82e94,202,,7.680510513999707,7.692155089999687,11.644575999980589
385,999ee0f3-6ecd-4b1e-b6ec-c939c2aa38e9,202,,7.700230180999824,7.718295105999914,18.064925000089715
386,9e328425-9130-4323-8a70-743c55fcec3f,202,,7.720219638999879,7.730979843999648,10.760204999769485
387,f0c1ae2e-f907-423f-8b0f-6e10601ad3de,202,,7.740371179999784,7.75680827799988,16.43709800009674
388,d96531c1-2e98-4ba8-9104-928e71c4a1c7,202,,7.760840968999673,7.773242125999786,12.401157000113017
389,15de6938-8036-4693-a5c4-7350c18345d8,202,,7.780205137999928,7.796105030000035,15.899892000106775
390,ed5b7236-026f-426d-a317-44f0ffd06d14,202,,7.800257220999811,7.8116004649996285,11.343243999817787
391,4f651deb-331d-45ca-9465-88ac87042837,202,,7.820250595999823,7.838807767999697,18.55717199987339
392,f0524202-ae69-4790-897e-4c39568db324,202,,7.840525343999616,7.870661509000001,30.136165000385517
393,ad31c3ed-2f5c-45bc-9bbd-6b1f276f72f7,202,,7.860295052999845,7.876002528999834,15.707475999988674
394,012b3119-2eec-4452-8929-b6fcf5a5e9ec,202,,7.880218968999998,7.892194793999806,11.975824999808538
395,c89706c5-8d9a-48fd-8a7d-d1c94d37fa83,202,,7.900283884999681,7.911460713999986,11.176829000305588
396,96a4868a-11b7-49c6-9332-dda8762717af,202,,7.920933256999888,7.933386371999859,12.453114999971149
397,2061766d-856f-4bff-9d39-f6fa6f82eff4,202,,7.940442883999822,7.95754677099967,17.103886999848328
398,ce11a561-6635-4dbb-948c-5e40e5f44163,202,,7.960307633999946,7.989435136999873,29.127502999926946
399,5e7917a2-d169-4299-8f83-957e3ac7630d,202,,7.980201550999936,8.000112841999908,19.911290999971243
400,203c9249-b54f-4046-9d20-7db5e44449d7,202,,8.000326717000007,8.019171345999894,18.84462899988648
401,43c59f63-ee58-4add-a78f-03475f91eeac,202,,8.02047542399987,8.040076841999962,19.601418000092963
402,3fa311cc-af46-44c6-9897-e6f0bb3463f3,202,,8.040205132999745,8.055282069999976,15.076937000230828
403,3497d637-8d9f-4e0b-9004-94f5414917de,202,,8.060237173999667,8.076428314999703,16.191141000035714
404,784de970-9b31-4db4-b1b0-a8fe55f47328,202,,8.080303922999974,8.095793942,15.490019000026223
405,b22799a3-94c5-41a5-b123-b5fc47dfe252,202,,8.100315797999883,8.116941062000024,16.625264000140305
406,686e5f81-d3de-4e27-ae36-a1bbca8a06b8,202,,8.120443546999923,8.143755157999749,23.31161099982637
407,2850ac7a-153b-4a2d-8972-fadbed013021,202,,8.140251046999765,8.1739786979997,33.72765099993558
408,793ba25f-02ca-4704-96c3-ca1b98da9ede,202,,8.160367962999771,8.193124283999623,32.756320999851596
409,bee61fab-6313-45a0-befc-de5a7188a467,202,,8.180451211999753,8.2059376469997,25.48643499994796
410,f67251a3-2035-40ae-8ed3-9d4955b2494d,202,,8.200473044999853,8.215888646999701,15.41560199984815
411,c73a64b3-95d8-4b55-933e-8141099443d2,202,,8.220241378999617,8.23874217699995,18.500798000331997
412,2fbde32a-8110-4981-b27d-1f301981e856,202,,8.24030337799968,8.255497147999904,15.193770000223594
413,e9b39a03-aaf5-4b8a-95c6-85f7f6c0945c,202,,8.260246836999613,8.309631629999785,49.38479300017207
414,10dd5e0c-3fbb-4423-8886-e85def8d4e36,202,,8.282293452999966,8.412905781000063,130.61232800009748
415,3c434f9b-717b-4298-85ec-e67f3691e613,202,,8.303051990999847,8.454994603999694,151.94261299984646
416,53bae522-d9ed-493f-8b1c-44b3df1a7259,202,,8.320805790999657,8.455971141999726,135.16535100006877
417,adc90a41-f209-4543-8c02-daf31ba6ee33,202,,8.341917910999655,8.470732912999665,128.81500200001028
418,4ba7c3c6-c60a-440e-99d1-44c94afce1ae,202,,8.367102638999768,8.483688025999982,116.58538700021381
419,cb48ccc2-4708-4243-92a9-f6456b273d9b,202,,8.386104392999641,8.494844478999767,108.7400860001253
420,7fd3caa7-86aa-45f4-9755-8732f276a523,202,,8.400500165999802,8.537035886000012,136.53572000021086
421,026ebad7-62ec-4869-851a-6a2740e35823,202,,8.424070275999838,8.558297249999669,134.22697399983008
422,25f0d7c9-8b12-40cd-984e-35d718ceeddd,202,,8.440249457999926,8.572935305999636,132.68584799970995
423,3d62b257-57ef-418e-810d-ea371859ac7e,202,,8.460931870999957,8.58551149699997,124.57962600001338
424,6663c2f1-f6a7-405f-86ff-bc0901bd9101,202,,8.482827280000038,8.607899434000046,125.0721540000086
425,5dcfd0a1-5b61-4454-bce9-1e8beb9adf03,202,,8.501319534999766,8.616646642999967,115.3271080002014
426,7aec3bbe-c1c7-4b0c-af62-38c7538b9d0c,202,,8.520516954999948,8.652077101000032,131.56014600008348
427,8e9edfd5-0db8-4720-9aa9-1b4df47331b4,202,,8.540325371999643,8.703664983999715,163.33961200007252
428,f21c5667-2119-4505-94ce-dc3a373293e3,202,,8.560266407999734,8.741834554999969,181.5681470002346
429,31d9cfc1-385d-4348-878c-5da8fe8c6a3d,202,,8.581519390999802,8.766223565000018,184.70417400021688
430,f18a4733-65e0-42d0-8765-12ecb0284272,202,,8.603003498999897,8.788974332999715,185.97083399981784
431,674bff7b-2107-4b74-85fe-18b1521edd7d,202,,8.620821914999851,8.90343575399993,282.61383900007786
432,7d15259b-e984-47d4-a3bb-1e7caa7f9144,202,,8.641595776000031,9.05457379399968,412.9780179996487
433,125ba648-3de4-4fc6-9c28-c9ba7e70556c,202,,8.661981554999784,9.453582836999885,791.6012820001015
434,4839a3e6-db80-4d2c-9acf-d7481c9d508f,202,,8.681687586999942,9.135475663999841,453.7880769998992
435,84fbea83-352a-4879-b246-c0257f6e725f,202,,8.704605812999944,9.421278364000045,716.6725510001015
436,b8bfb86b-4f02-44e2-a1eb-852d153f07be,202,,8.721222652000051,9.43474471699983,713.5220649997791
437,8606803e-f37c-422a-9542-51c51c63f8e2,202,,8.7403859369997,9.456228824999926,715.8428880002248
438,eb4c091c-c2ea-4c7c-84dd-3c02e88dd607,202,,8.762103750999813,9.510725610000009,748.6218590001954
439,9e0bde0a-8177-4de7-be23-6b9a3799da91,202,,8.787368715999946,9.56340327199996,776.0345560000133
440,8bd670f0-3adb-412e-a965-a6a274ec586a,202,,8.803226558000006,9.563123231999725,759.8966739997195
441,b1a6ef09-7005-4e4f-a122-5afd4caa40d3,202,,8.827693984999769,9.630384464999679,802.6904799999102
442,bcc21936-dd26-4cf4-a450-b92db907bd9c,202,,8.855568353999843,9.588902013999814,733.3336599999711
443,57a4d9f0-e9d4-4ea7-aa9d-b4b04fb85097,202,,8.861995989999741,9.598021216999769,736.0252270000274
444,c7ca41ca-a3d8-41d8-a3da-eab6f239f47e,202,,8.890508064999722,9.645549760999984,755.0416960002622
445,ac8af744-9bc2-4c1f-8570-e120bfcf1661,202,,8.900870265999856,9.569811613999718,668.941347999862
446,e76a0c5b-5807-4154-b9bb-d42f9bd4ed5b,202,,8.921669543999997,9.630256423999981,708.5868799999844
447,dae2d0ca-53a0-4bfb-bebf-7d9c0856b3a9,202,,8.94157024199967,9.655519542999627,713.9493009999569
448,9007ddbc-ee0f-46ec-b766-356b118085ae,202,,8.960383444999934,9.722078447000058,761.6950020001241
449,14954329-0b92-4059-a330-47885d295f01,202,,8.983977208999931,9.69118914899991,707.2119399999792
450,2fb01b2d-43b9-442b-b05b-2c6a7e328951,202,,9.002266497999699,9.645376679000037,643.1101810003383
451,3286b55c-9f27-4f63-8c86-877ff94df73f,202,,9.027363004999643,9.744629037999857,717.2660330002145
452,ec99b844-502e-466e-b402-3cc6bac95072,202,,9.053116592999686,9.756259934999889,703.1433420002031
453,c789e706-f738-4463-9b91-85e9d3c0d0a8,202,,9.080729254999824,9.694711755999833,613.9825010000095
454,05e100b4-9acc-4686-937a-316880e41149,202,,9.09323773799997,9.694611297999927,601.3735599999563
455,00133e6e-99ce-4027-8c7b-81245f4d9df7,202,,9.12298888999976,10.321061246999761,1198.072357000001
456,c550f7b9-7a1b-4b51-97d9-438f403dd4b0,202,,9.123831343999882,10.462572678000015,1338.741334000133
457,022a7219-bc48-46d4-8799-6c13dc21d5e2,202,,9.14358408499993,9.712901618999695,569.3175339997651
458,0c26ba22-57ed-4230-ad71-7ecdf29ca670,202,,9.16672572599964,10.410288991000016,1243.5632650003754
459,891684f9-eb12-43ce-b3b4-1d26ad8e81f3,202,,9.18145178199984,10.440278293999654,1258.826511999814
460,cdd5ae63-27cd-4031-87b7-76ca8e439770,202,,9.204434881999987,10.490718114999709,1286.2832329997218
461,8a0a5472-1a39-4fc3-8902-46058888c201,202,,9.22343012600004,10.519768587999806,1296.3384619997669
462,0aba74b3-9cf8-460d-b20b-b6a8d0b95ae3,202,,9.247897260999707,10.540797479000048,1292.9002180003408
463,58d8b91d-9b6c-41c0-aaaf-973dc34481f0,202,,9.262608316999831,10.561195282999961,1298.58696600013
464,d774845f-84c4-4b03-bd8c-32c067a1949a,202,,9.309849344999748,10.895407918999808,1585.5585740000606
465,d958749b-2d0e-412a-87bc-44d50dbb245e,202,,9.312513249999938,10.62677290900001,1314.2596590000721
466,f9752374-e297-483e-8809-0168f51bcecf,202,,9.323416822999661,10.827375472999847,1503.958650000186
467,387423f7-06c6-4dad-a3c1-5f225ad40edd,202,,9.355652088999705,10.895690374999958,1540.0382860002537
468,97a8f268-3667-484c-9737-6812ffcd88b7,202,,9.362845138000012,10.899292312999933,1536.4471749999211
469,af8ce0f8-0e89-4e79-ae3b-f7d5f0752277,202,,9.381701465999868,10.832399985999928,1450.69852000006
470,89a860d9-36e9-470f-9350-aa25d1a68dee,202,,9.400778751999951,10.846147157999894,1445.3684059999432
471,348e9a46-59d6-42b4-893b-d223a3b70d63,202,,9.420846115999666,10.8325248189999,1411.6787030002342
472,8c847caa-651a-4cdd-b007-873612a41d91,202,,9.440496939999775,9.774604047999674,334.1071079998983
473,d86064df-36de-44bf-845d-5b74b3fc4d4b,202,,9.469147555999825,10.392697957999644,923.5504019998189
474,40c53785-98df-43cb-9463-838a5e41137b,202,,9.480355919999965,9.770896275999803,290.54035599983763
475,7995975f-88ec-4436-895c-220dd3980eff,202,,9.501527694999822,10.480456959999628,978.929264999806
476,aad2b650-a340-4881-b33c-e1369f8221d5,202,,9.523607215999618,10.532866811999611,1009.2595959999926
477,767ffa88-8589-4ca5-a222-097e1f8be1f9,202,,9.54073001100005,10.890426821999881,1349.6968109998306
478,0a496857-c0fe-4599-ba7e-c92ae3c117dc,202,,9.563182689999849,10.502140137999959,938.9574480001102
479,74627683-3e8a-42b3-8513-6ba4024c8395,202,,9.580197434999718,10.58314369999971,1002.9462649999914
480,1be56556-ce4d-421f-bfb2-db69d3efac75,202,,9.602792567000051,10.894953670999712,1292.1611039996606
481,d623d42b-55ce-4671-bdc6-069a46accc88,202,,9.620784931999879,10.851084045999869,1230.2991139999904
482,052e27ba-d15d-4879-823a-68f0485b7e59,202,,9.640593161999732,10.86663099899988,1226.037837000149
483,b7268611-b322-47eb-9798-4bedbb494797,202,,9.661931508999714,10.846251198999653,1184.3196899999384
484,3a2815c7-5a33-427b-8a1f-0bc64b1f390c,202,,9.680318204999821,10.83221161199981,1151.8934069999887
485,a0771b12-bacd-4ef3-8c40-580e036e1ec8,202,,9.701664011000048,10.858311213999968,1156.6472029999204
486,32e216d0-337b-41c7-93d0-80a98f1b410a,202,,9.720610703999682,10.83815112000002,1117.5404160003382
487,873196d5-58e3-415b-9669-0052342afa46,202,,9.740502100999947,10.894819254999675,1154.3171539997275
488,3c6b5c91-4e72-4ebc-a6e8-a7bb1d68c36a,202,,9.760208622999926,10.863675391000015,1103.4667680000894
489,e68e51d0-4d89-4ac9-965a-3ea1c17bf78e,202,,9.802856193000025,10.863318517999687,1060.462324999662
490,d1f9b78d-32f9-41a8-bb34-e74d3aed6037,202,,9.803698854999766,10.86437755399993,1060.6786990001638
491,fd4cc463-4f0d-4d94-a729-2ed71bcfdb50,202,,9.823628417999771,10.876682316999904,1053.0538990001332
492,e6bd4077-af52-4ac3-90c6-6da769318e2c,202,,9.844070728999668,10.827220890999797,983.1501620001291
493,5e887c56-8cff-45e1-a600-9cd7e012083d,202,,9.875225524999678,10.860512492999987,985.2869680003096
494,c6af9837-f3bb-471d-b7a0-5d26e7d4a199,202,,9.905798615999629,10.876114028999837,970.3154130002076
495,21812b75-5270-41ca-bacc-ae84a63c8ea0,202,,9.906899026999781,10.894873879999977,987.9748530001962
496,376c4669-745c-42e1-86a7-fbcfa2b23cf2,202,,9.931869479999932,10.910416540999904,978.547060999972
497,8dd28c32-6efc-4ae1-93f9-c26b175ef93b,202,,9.943929791999835,10.90941375500006,965.4839630002243
498,8f9316cb-3a19-4151-82e8-1444c5d6b61a,202,,9.962683403000028,10.90892629999962,946.2428969995926
499,b8fa9f48-5f60-4cbe-9cfc-074d5f8f1a90,202,,9.983282420999785,10.909151757000018,925.8693360002326
500,201b0061-6b7b-4ed7-90fe-3025b52dc27c,202,,10.003965812999922,10.899383353999838,895.4175409999152
501,55703729-0bec-4e92-9f17-abc33e802c00,202,,10.020638559999952,10.920197235999694,899.5586759997423
502,102bb05c-1b82-4b08-9732-c6487de8121e,202,,10.040577164999831,10.92112260499971,880.545439999878
503,181c5754-123d-438c-9fae-4109af5dd0a3,202,,10.060925474999749,10.922674262999863,861.7487880001136
504,8588b4f3-1460-4869-99b8-e09788d7f4ee,202,,10.08358139899974,10.930877799999962,847.2964010002215
505,632fe112-4f09-4c9f-a6e3-a28bc7ea7624,202,,10.100665434999883,10.935613230999934,834.9477960000513
506,78e2cf62-bf7f-4cfc-9eac-c8919cc2527d,202,,10.120495040999685,10.9401710799998,819.6760390001145
507,865d859c-7319-4e75-88cd-c8828aeb170d,202,,10.140362396,10.949233402999653,808.8710069996523
508,3a1b3528-7df6-41a9-b5ba-6c807b2a067a,202,,10.160333457999968,10.955588367000018,795.2549090000502
509,25827abd-4eaa-4c86-8e1f-62b87ff51791,202,,10.180580602999726,10.96167420699976,781.0936040000342
510,fa62bb49-d672-4c3d-ad6f-10a7fb2bee17,202,,10.200978246999966,10.971703566999622,770.7253199996558
511,1d4f65a1-2751-4eb4-a262-76ba38b56f02,202,,10.572727216999738,11.037651482000001,464.9242650002634
512,04a31772-3ca1-48ff-aacb-280c29dc0ba6,202,,10.572499551999954,11.01927096199961,446.7714099996556
513,360b180f-8a90-4566-ac5a-4418aefa82c9,202,,10.572677258999647,11.009754724999766,437.0774660001189
514,502b040b-c4cb-47c4-af03-e46883749271,202,,10.571691223000016,10.979202065999743,407.5108429997272
515,eaf704b0-ccc4-4739-9e8b-79d680f91400,202,,10.572397468999952,11.031482475999837,459.0850069998851
516,0b964d3e-5432-4145-a22e-07cfbec0b02b,202,,10.57163505699964,10.974004719999812,402.3696630001723
517,f830b974-434c-4057-a597-df2a9d01278f,202,,10.571576515999823,11.026484670999707,454.9081549998846
518,c209613d-6355-4850-bc26-9f8c8ab586ce,202,,10.572267052999905,11.010472386999936,438.20533400003114
519,325a1185-3d4b-41a7-a3d3-b4783e883dd4,202,,10.571860346999983,10.992315490999772,420.45514399978856
520,637276b5-d802-4423-abc3-d313e91d416b,202,,10.572588842999721,10.996988673000033,424.39983000031134
521,225b5ba8-5465-460f-bde7-1c3c8f4cf710,202,,10.572136553999826,10.988696052999785,416.55949899995903
522,ddace84e-7cfa-46e9-9f08-345a4db2c47b,202,,10.572872674999871,11.05631404199994,483.44136700006857
523,1acccaba-ad8b-4205-ad4a-c9f5fe2dca8b,202,,10.57112330999962,11.083258763999766,512.1354540001448
524,0b36c752-6a3d-478a-bbc9-c4d2aa222bf5,202,,10.574595581999802,11.09409128499965,519.4957029998477
525,9891c1fb-2a63-463a-a550-5fc26a8b4a78,202,,10.57502582899997,11.107495583999935,532.4697549999655
526,dc227779-7f3b-4a38-aed8-76f854a46a23,202,,10.575259577999987,11.119280432999858,544.0208549998715
527,86d44894-018d-42b0-9738-a48a9ba26721,202,,10.576048364999679,11.191632771000059,615.5844060003801
528,ce53e7b8-1c2a-4e12-b5f5-8f17e8a555fb,202,,10.57641211300006,11.138348324999697,561.9362119996367
529,154b3b5e-ee52-40cf-b0d1-3df095097f4d,202,,10.58280299299986,11.227559940999981,644.7569480001221
530,04c68d3e-04fa-47be-b8d5-543f58c1cf0d,202,,10.60049460099981,11.051308320999851,450.81372000004194
531,6f259599-f619-4520-93ae-6ccff38d7677,202,,10.621491022999635,11.270740693999869,649.2496710002342
532,04fb9c65-bd1e-4dba-b41a-1f6399d52933,202,,10.641467117000047,11.07907603800004,437.6089209999918
533,632bec43-27bb-40cc-9b27-873875f07098,202,,10.661153879999802,11.283324081000046,622.1702010002446
534,0013fa3a-c5d4-4691-b009-9fedde79b90f,202,,10.681253639999795,11.283558162999725,602.3045229999298
535,18d750a6-93b6-4693-8757-3d27bd401b09,202,,10.700873527999647,11.306457073999809,605.5835460001617
542,1efe8a07-6d64-48d5-8bfa-d727b503cc75,202,,10.840239567000026,11.116158451000047,275.9188840000206
543,a17f7cb9-1089-49dc-80d6-6d03478cdddd,202,,10.860212118999698,11.161893856999995,301.6817380002976
544,ccc2921d-84cf-4a22-a1cb-771bdc16ea36,202,,10.880767918999936,11.207968801999868,327.2008829999322
545,d5114966-ec4d-4db6-8cbc-636d839424a9,202,,10.900243848999708,11.282110379999722,381.8665310000142
546,f0e59916-81de-42cd-b1ba-313132792dac,202,,10.920958272999997,11.31079971600002,389.841443000023
547,2c1c712d-706f-46f4-a799-c2ca05ee7934,202,,10.940614451999863,11.317439010999806,376.8245589999424
548,f83a7675-e2b8-49a6-81e3-e5afdcf8f1e5,202,,10.96076296199999,11.325165466999806,364.4025049998163
549,5ca4a83b-3a2d-4b87-81e0-12b39d461ce4,202,,10.98029151799983,11.332665132999864,352.37361500003317
550,e0ef3f33-7fbf-4dc0-85c2-29e4301a6a74,202,,11.000302111999645,11.341015959999822,340.7138480001777
551,a90c7805-213a-4330-92f6-29fa359c2b92,202,,11.020556454999678,11.352486810999835,331.9303560001572
552,2155cd68-862a-46f6-96de-04c67293272a,202,,11.040245383999718,11.355474668999705,315.2292849999867
553,42d17ca7-544f-4ee0-aa1b-2100def60708,202,,11.060187311999925,11.358097362999615,297.9100509996897
554,a858debd-7c47-4b3a-a6ec-ae0e941d54d4,202,,11.080292946999634,11.368714843999896,288.4218970002621
555,c74d16eb-2f0b-4c3b-aa41-6c0891de2077,202,,11.100330207999832,11.383489259999806,283.1590519999736
556,653c527a-fbf8-405d-be49-dc13e63b5c55,202,,11.120193719999861,11.386714407999989,266.52068800012785
557,0ee26dbf-0c33-473e-b00e-9c82a161cd59,202,,11.14026043900003,11.39647193599967,256.2114969996401
558,9f1b9654-3375-4a48-a927-3907d9bc9e75,202,,11.163003309000032,11.396388893999756,233.3855849997235
559,49c41f48-e34c-4b2e-8b73-b060ebcc5866,202,,11.180364501999975,11.4116740569998,231.3095549998252
560,ddb8ef6a-0929-4b5d-aa83-a103d28be2d8,202,,11.205691398999988,11.42783525699997,222.14385799998126
561,d443b7e3-e48a-495e-bfb6-766745516ee4,202,,11.225129787999776,11.41241305299991,187.28326500013281
562,3947985e-c96a-4d82-8adf-773b0fe9e672,202,,11.24278764599967,11.416767528000037,173.97988200036707
563,8e9346f7-31ff-4be4-b93d-08edb73bb3e5,202,,11.265774598000007,11.431470777999948,165.6961799999408
564,fb4856a6-5329-40d8-8ddc-8974c2a5e56b,202,,11.280178265999893,11.43563167100001,155.45340500011662
565,b67ffeba-a24b-4fdb-a1ab-295103e17fa3,202,,11.300362108999707,11.443285126999854,142.92301800014684
566,4fc7fb1a-a242-4309-986c-4b6384d72aa6,202,,11.320748533999904,11.450631501999851,129.88296799994714
567,4dbbe0df-0fed-41ee-8a1c-8e83d9b9f58b,202,,11.34023008999975,11.454421896999975,114.1918070002248
568,adc99dfa-976c-45f4-9fe7-27ebf43b9a1c,202,,11.360344682999767,11.462755723999635,102.41104099986842
569,998d1adc-3c32-4dc4-8d06-fd00c5207341,202,,11.380380693999996,11.474135034000028,93.75434000003224
570,0538dc89-b74b-49ea-a072-8dc9ed122a0f,202,,11.401100033999683,11.472083462999763,70.98342900007992
571,5aef4258-8a69-47c1-885d-1fd0637fa6c1,202,,11.42029171599961,11.480547205999756,60.25549000014507
572,0b39d833-6907-4dfe-8c34-0b134f13cef8,202,,11.440297143999942,11.483439772999645,43.14262899970345
573,4f18c607-ba49-4aed-8863-55fcdeda9744,202,,11.460241364000012,11.489181364999695,28.940000999682525
574,fe22cd63-4aaa-41b5-a652-1b22c9772311,202,,11.480448414999955,11.494563500999902,14.115085999947041
575,82f03773-f9b7-463e-b4cd-ee37d4d7f389,202,,11.500184010999874,11.515039050999803,14.855039999929431
576,f56e0ca3-75ef-4d77-a8d7-ac45e7e758ed,202,,11.520490644999882,11.536572010999862,16.081365999980335
577,3524d0a9-951c-408b-b107-4afdb0da8504,202,,11.54029298999967,11.555768315000023,15.475325000352314
578,65b17e99-a3d0-4d89-b0d0-2bfcd560a83e,202,,11.560246578999795,11.575680982999984,15.434404000188806
579,e9460e0a-e609-407e-a005-627322c49335,202,,11.580174204999821,11.594959738999933,14.785534000111511
580,3c982b27-d934-423b-8bfd-b8f16d0edb02,202,,11.600303371999871,11.613728288999937,13.424917000065761
581,95cdf48d-8284-4d2a-af2d-2d5d62acada3,202,,11.620273289999659,11.63297921100002,12.705921000360831
582,494881e0-70a0-4712-942b-eeebcd6f5d68,202,,11.64028533299961,11.656644188999962,16.358856000351807
583,58b41f86-45f5-4c62-a843-4e57803168af,202,,11.660232750999967,11.67627606799988,16.04331699991235
584,2e89b485-c091-425d-9e94-163f1cd94268,202,,11.68016504399975,11.694304663999901,14.139620000150899
585,9ee1e6c2-80e2-40be-bb96-29e2f4eea4c7,202,,11.700187543999618,11.712220635999984,12.033092000365286
586,66e03416-4f24-4998-9268-1ade33ab6d14,202,,11.720158170999639,11.732909341999857,12.751171000218164
587,23690352-d57f-4295-9279-73b475eff2b8,202,,11.740575126999829,11.753208298999652,12.63317199982339
588,027dbf13-36b4-4bbf-8512-475a3f049fcf,202,,11.760348337999858,11.775356661999922,15.008324000064022
589,ec18c55b-416a-42d2-a6a0-1b193bd6bd15,202,,11.780303380999612,11.797342233999643,17.03885300003094
590,cfa00c82-cefb-4bc7-87bf-bc4c2bad514f,202,,11.800242756999978,11.816503280999768,16.260523999790166
591,abe0d952-a489-4333-916c-115caa089787,202,,11.82030950799981,11.84665676099985,26.347253000039927
592,413d2a41-3a59-4b46-ac2c-c389503e663f,202,,11.842569619999722,11.857707067999854,15.13744800013228
593,f2529507-606e-4260-93ea-aeecf5159392,202,,11.860238843999923,11.874045757999738,13.806913999815151
594,e98cba04-64ab-49cf-a466-0b0d49c1946a,202,,11.88019263599972,11.894162840999797,13.97020500007784
595,05048500-7680-42ef-b22a-e126950c2339,202,,11.900313220000044,11.91885147999983,18.538259999786533
596,8479783a-1688-4b2f-874f-6f9d4ee58e3c,202,,11.920228638000026,11.93185881599993,11.630177999904845
597,c35bcee8-f718-439d-9bb9-365003905e7a,202,,11.940190972999972,11.953007184999933,12.816211999961524
598,c91b7427-acdf-4fcf-9665-f9ba72fc4267,202,,11.960294598000019,11.974412843999744,14.118245999725332
599,8698c08d-2268-426d-bed1-70128cb490e3,202,,11.980321431999982,11.996868162999817,16.546730999834836
600,7bee2168-ba43-43cf-a2f9-2fdfe2387bf2,202,,12.000161600999945,12.012495482999839,12.333881999893492
601,39953584-d80a-493c-b104-c832f4d41172,202,,12.020227434999924,12.031487947999722,11.260512999797356
602,0ec785a9-89bd-41d4-94d1-d8aa3d3fec90,202,,12.040183977999732,12.054177515999982,13.993538000249828
603,ce8c95cc-ec7e-461e-895d-55471538f799,202,,12.06029031099979,12.078562656000031,18.27234500024133
604,436a684a-6a56-4f3b-8d16-92d58d1ff16b,202,,12.080197021000004,12.096202838999943,16.00581799993961
605,2d043c77-1106-41a5-9c19-eb35748fcfb5,202,,12.100158147000002,12.115384135999648,15.225988999645779
606,5352aa71-9772-41e6-a9e2-2361c85c5879,202,,12.120641603999957,12.13246898899979,11.827384999833157
607,88402739-7a9b-4e3b-9fcc-e6bc92a3f9f1,202,,12.140290439999717,12.156165800000053,15.875360000336514
608,74a53228-1807-4912-9792-aa6879524ceb,202,,12.160220691999712,12.174022647999664,13.801955999952042
609,a123803e-177c-4195-a10d-881ac5f22017,202,,12.180167483999867,12.193759941999815,13.592457999948238
610,fbb94964-9f51-4dca-a432-3b312d3a9b3a,202,,12.200222984999982,12.218242332000045,18.019347000063135
611,c923547d-7946-4b5e-a568-d4f94a428e37,202,,12.220273276999706,12.232143619999988,11.870343000282446
612,de3c0677-007a-441f-9324-4f2dc808bf6a,202,,12.240217194999786,12.253529695999987,13.312501000200427
613,21acacfb-25e7-4695-ad65-cc1f8e8ca02d,202,,12.260210570999789,12.27422827600003,14.017705000242131
614,7ba4f9b7-4551-4453-a912-41f84805ce72,202,,12.280165698000019,12.293053867999788,12.888169999769161
615,97bf0dca-1f31-44a3-9209-16668bdb7fc3,202,,12.30018040699997,12.313719364999997,13.538958000026469
616,62d1c0f7-06e8-4b2a-8695-c80d12006175,202,,12.320175032999941,12.332394414999726,12.219381999784673
617,207df05d-a2fd-4eca-af56-239a30225da2,202,,12.34018961699985,12.35244933299964,12.259715999789478
618,e94b5f30-84a1-49c6-a82c-1c723cc3866a,202,,12.360231492999901,12.370805135999944,10.573643000043376
619,66e1b487-15f9-443b-b3ae-0d6c8db4f872,202,,12.38019749399973,12.405403420999846,25.20592700011548
620,a890bda1-2465-4ac4-841a-a39d29011f3a,202,,12.400348618999942,12.416689600999689,16.340981999746873
621,3072e96a-2e4c-4f7e-bef8-7ce114860ae9,202,,12.420192037999641,12.434857572000055,14.665534000414482
622,8543abc1-5ef1-4946-afcd-249fb03101d1,202,,12.440166121999937,12.454636990999916,14.470868999978848
623,32d48109-2583-4b0c-9b3f-4e94b6f78aa7,202,,12.460148456999832,12.472973918999742,12.825461999909749
624,6f08ca1f-7826-4cad-95c8-45363fa262e6,202,,12.480247706999762,12.492497088999698,12.249381999936304
625,adb26ce4-260c-4f7f-9e06-8d34762f78a1,202,,12.50016658300001,12.514368578999893,14.201995999883366
626,84a49579-2060-4df5-9860-7cec44e19d25,202,,12.520556290000059,12.531880927999737,11.324637999678089
627,2e05af28-e0d1-44bf-a3a8-8f6b68e63102,202,,12.540233709999939,12.552308299999822,12.074589999883756
628,25a42363-838e-4b31-84f0-ed0ee5e6d4c0,202,,12.560174538999945,12.574967105999804,14.792566999858536
629,7f25e954-b555-41d6-8ea4-f299baed2d06,202,,12.580217320999964,12.592057991999809,11.840670999845315
630,f590d188-bb2d-4470-9693-7c73eda6c916,202,,12.600200311999743,12.62971982299996,29.51951100021688
631,9f586aac-2ab3-449e-9b1d-ba280a31b863,202,,12.621079797999755,12.654943070999707,33.86327299995173
632,4d3eeb6a-3f62-402f-9f76-9034760d6074,202,,12.640327126999637,12.66973513899984,29.4080120002036
633,c9afedfe-9bbd-425f-b8cd-e84fc0c7839e,202,,12.66024282699982,12.675466225000037,15.223398000216548
634,73beac9f-0c6c-4e0c-bd7f-d7d1e5143c24,202,,12.680292650999945,12.694421140000031,14.12848900008612
635,1d8cc89c-c01f-45a4-9013-75ca6bc2464f,202,,12.700304767000034,12.712498060999678,12.193293999644084
636,960cac29-a66f-4a43-8467-b84f5021cfc8,202,,12.720198550999612,12.732451259999834,12.25270900022224
637,674a09a4-aec8-48d9-a40d-2a128c38c212,202,,12.740232666999873,12.751686964999863,11.454297999989649
638,0dc3a30a-9508-48aa-af6a-4a132a3ce439,202,,12.760170907999964,12.771876621000047,11.705713000083051
639,59ec5c65-7ce6-4127-9d54-6306c473e3cc,202,,12.780255648999628,12.789862958999947,9.607310000319558
640,31d1c6b6-d2f1-4236-9587-171644d0060e,202,,12.801157258999865,12.811802229000023,10.644970000157628
641,6c5713a4-fc30-44e7-8713-8ca2e6f12129,202,,12.821652662999895,12.832613256000059,10.960593000163499
642,d5a598c0-3fa6-4c43-b250-0d3688d13e5c,202,,12.840267287999723,12.851183798999955,10.916511000232276
643,ddf11868-4221-4e6b-bdce-007724e6f791,202,,12.860221237999667,12.87002546399981,9.80422600014208
644,4f64d74b-82ee-4294-9c92-18e5a1cf4829,202,,12.880568476999997,12.893317600000046,12.749123000048712
645,d1d93a5d-06d0-4138-aebd-710c34045daf,202,,12.900720092000029,12.911548394999954,10.828302999925654
646,a0ed7356-de9a-491e-851b-8829ab1c392b,202,,12.921267746000012,12.931622426999638,10.354680999625998
647,37e847ed-72f6-4147-b211-a931243b43fe,202,,12.940249951999704,12.95111221299976,10.862261000056606
648,c6b915c2-e9e0-4c83-9ca3-8a10754f9886,202,,12.96059648299979,12.97435993199997,13.763449000180117
649,de2b5f62-4319-45b0-90d9-5baee150c233,202,,12.980308933999822,12.990672572999756,10.363638999933755
650,ecf1c3e1-d42d-4c46-b4bd-9be2a883c495,202,,13.001252585999737,13.010899895999955,9.647310000218567
651,a19333a4-c30c-4de6-9229-b98e46854cea,202,,13.020269082999675,13.030464889999621,10.19580699994549
652,16e0502a-eb66-4496-8ad9-96fd9e345afa,202,,13.04050203099996,13.051395541999682,10.893510999721912
653,b6926dbc-d46d-4cdc-8a80-f73598eab4f1,202,,13.060382398000002,13.069756293999944,9.37389599994276
654,b5c81010-9796-40d2-b416-fe0aa146c1a9,202,,13.08033147299966,13.09000903299966,9.677560000000085
655,bdfaa5f5-0b06-4b35-b6af-cd7aca6a2f85,202,,13.100200380999922,13.113254001999849,13.053620999926352
656,f60de680-d3b0-4ae6-9e21-c2e92c5abae2,202,,13.120363954999902,13.131294506999893,10.930551999990712
657,87c0f10b-7ed3-4bc3-b9eb-a310052c7050,202,,13.140286404999642,13.151685537000048,11.399132000406098
658,867dc6cc-2b1c-4332-99e1-62b38df0695f,202,,13.160193187999994,13.174898297999789,14.70510999979524
659,04bc74ff-8e01-4eca-ac51-8a3a4947770e,202,,13.180230845999631,13.191564810999807,11.33396500017625
660,80b0cc0a-38a1-4cab-acaf-cadffdf1982c,202,,13.200198753999757,13.210629516999688,10.430762999931176
661,2392f98a-5c21-4f12-bcc8-a3cfc331f038,202,,13.220215411000027,13.230926797999928,10.711386999901151
662,4a243941-0436-4e3b-963a-fe06d5db4554,202,,13.240191818999847,13.254652888999772,14.461069999924803
663,82f601f3-1160-4fc8-95cd-c73c185e20c7,202,,13.260194143999797,13.274418131999937,14.223988000139798
664,89ef3561-b652-42cf-b1c8-d8e9a6b23b3c,202,,13.280282841999906,13.29285392499969,12.571082999784267
665,43d5f12a-a648-456a-929c-1c692b12fad5,202,,13.300375040999825,13.311676048999743,11.301007999918511
666,e44b5fcf-47d1-4de6-b434-11e067d9606d,202,,13.32016511699976,13.336165967999932,16.00085100017168
667,3d19ae40-465d-411c-82de-cd91d2e859de,202,,13.340268315999765,13.355231756999729,14.963440999963495
668,509152d2-8825-4e94-907b-a7de380f5069,202,,13.36019426599978,13.371474939999644,11.280673999863211
669,aef2bbc9-d213-4f35-a596-af189363987d,202,,13.380258089999643,13.390785435999987,10.52734600034455
670,b765a7de-b63e-415d-92a6-a3611c203951,202,,13.400180497999827,13.418609625000045,18.429127000217704
671,17b524d8-2d26-4b76-a6c7-8e1c611f936a,202,,13.420330945999922,13.431889119000061,11.558173000139504
672,690511ad-922e-414c-9ad4-56119850f4ec,202,,13.440195229999972,13.454079845999786,13.884615999813832
673,56e548b3-1cff-4739-8c11-802f54e7a3e5,202,,13.460173929999655,13.470809732999896,10.63580300024114
674,b6a36a6b-8c7c-4846-8baa-1722baacc1e2,202,,13.48017217100005,13.496643060999759,16.47088999970947
675,29d02d24-cc96-4015-92a0-ec4da516a332,202,,13.500420159999976,13.515922847999718,15.502687999742193
676,adaa2a13-c9af-45a4-a46d-f3066f9ec8d4,202,,13.520215610999912,13.5306862489997,10.470637999787868
677,d73a5ee2-c859-4fab-8ca4-cc0f13fd1f34,202,,13.540166061000036,13.55374725899992,13.581197999883443
678,5803a31d-52b5-4a0b-972c-1ecb2147779a,202,,13.560881873999733,13.573270409999623,12.388535999889427
679,24a083c3-e87d-45ec-b94d-43e84ca60716,202,,13.58017240199979,13.59326214199973,13.08973999994123
680,4a358f2c-97b7-4e6c-8946-2472f4495862,202,,13.600321090999842,13.610981888999959,10.660798000117211
681,16e3bdfe-f5ef-43d8-bc79-410f7380b5a5,202,,13.620335155999783,13.630249833999642,9.914677999859123
682,d359a51e-81d3-4a89-88d7-aee277f46065,202,,13.642260330999761,13.652864462999787,10.604132000025857
683,416a902f-dc98-4808-b9d8-a8f856243b38,202,,13.660586990999946,13.670053172999815,9.46618199986915
684,1a103b31-0d7a-4dd5-adde-a0487c8d4b70,202,,13.68043809899973,13.68992757199976,9.489473000030557
685,7aa66545-872b-42b4-a78f-6ce367292666,202,,13.700912577000054,13.71029313400004,9.380556999985856
686,c2385237-c6a7-4a3c-af76-4b0a13709b68,202,,13.720782933999999,13.731270233000032,10.48729900003309
687,ed5cd211-0533-45b6-96d1-d524e1c80a4f,202,,13.740254293999897,13.755691349999779,15.437055999882432
688,9b3b95e4-b295-4ff2-a40b-94943d1aee39,202,,13.761059936000038,13.77185985799997,10.799921999932849
689,de755a12-adc2-4bd8-9f7c-4323e7c04cdd,202,,13.780638003999684,13.790002935999837,9.364932000153203
690,6b169d9a-f721-46a2-9152-c76562c244e3,202,,13.80151868699977,13.812048735999724,10.530048999953578
691,32205f93-36ae-45a9-a88d-d95f30271ed7,202,,13.820215927999925,13.830546312000024,10.330384000099002
692,f268bcca-2dd4-40cd-b5b3-2ae7cf1422c9,202,,13.840240616999836,13.849845297999764,9.60468099992795
693,477d7855-d87c-415b-b372-a943a85e5080,202,,13.860480429999825,13.870060235999972,9.579806000147073
694,b43d4240-21fe-4d2d-acfd-d922a7a7d1fe,202,,13.880510827999842,13.890936795000016,10.425967000173841
695,3ad329cc-0e62-45ae-9878-5a2920e9372c,202,,13.900489725999705,13.910173989999748,9.684264000043186
696,ded8059d-ebce-4923-987b-f154fd2b904f,202,,13.920508373999837,13.93477447999976,14.266105999922729
697,cbec0030-b5ce-4c93-bdf6-7f5ed6551d94,202,,13.940274314999897,13.950847780999993,10.573466000096232
698,a17331f0-0dff-4340-9ab4-3dad94fe62ad,202,,13.960227504999693,13.976542637999955,16.315133000261994
699,34957f4a-abd0-40f0-9f40-bb4b51e04a08,202,,13.980321026999718,13.989737334999973,9.416308000254503
700,8f22f657-d74e-4c3b-b2d5-cd6e3d82f937,202,,14.000505881999743,14.010804766999627,10.29888499988374
701,5745d0b3-78ee-469f-b0f9-be3bc304b6ce,202,,14.020220823999807,14.03278819199977,12.567367999963608
702,9e35e3ab-1ca0-49ba-9a15-14a227204281,202,,14.040650843999629,14.05776551300005,17.11466900042069
703,ea416d87-b6e5-4b22-a955-db5fe6f8e740,202,,14.060795531999702,14.079053359999762,18.257828000059817
704,93bf12d0-09e5-4237-995d-d67f9a8c6ba2,202,,14.080742388999624,14.105919374999758,25.176986000133184
705,0e216b2c-ce46-4d8f-89ab-e984f2f0272c,202,,14.101444906999859,14.131373524999617,29.92861799975799
706,43eae2a4-0d21-4dfd-8f88-83521f1f4e40,202,,14.120759476999865,14.150919842999883,30.160366000018257
707,839c9a5e-6a47-4103-8cc3-44bc8a4496ec,202,,14.140218877999814,14.158495371999834,18.27649400001974
708,02969e0a-07c2-4ec2-a939-99d4a285a203,202,,14.160266775999844,14.176175119999698,15.908343999853969
709,fe057f41-2faf-49bb-b994-aa9cfc013440,202,,14.180222882999715,14.192068672999994,11.845790000279521
710,094d0ba7-8e5b-4baf-b3c2-0fe54695d184,202,,14.200274904999787,14.211292908999894,11.018004000106885
711,0d9bcbcc-a749-4bc4-bb14-b1f050d01a03,202,,14.220193011999982,14.232611172999896,12.418160999914107
712,837d4925-b2dc-4b66-b23b-3433aab6adc9,202,,14.240195992999816,14.25235623899971,12.16024599989396
713,def81dc0-cf64-43fe-891c-69841695d964,202,,14.26018084999987,14.276799896999819,16.619046999949205
714,256140e0-a49f-4267-96b0-1e319d55e814,202,,14.280594910999753,14.306451934000052,25.857023000298796
715,8b21c2da-fba6-4595-b4e9-ab24ef24fa8e,202,,14.300481102000049,14.31727377299967,16.792670999620896
716,040c8c01-af33-4043-b69b-f7c2d09e4682,202,,14.320295709999755,14.339781110999866,19.48540100011087
717,29efa69e-ecc8-4323-94e9-49c943fcfc03,202,,14.340226732999781,14.355332082999666,15.10534999988522
718,d0d42b41-99ac-4d71-8c7f-5465bfa42c2b,202,,14.360186297999917,14.378048669999771,17.862371999854076
719,b73c4bad-0121-4fcb-90c7-89bd5359f01b,202,,14.380176320999908,14.391853361999893,11.677040999984456
720,9e22941d-c37c-4bc0-8290-bbf9d09ab928,202,,14.400251634999677,14.41415036799981,13.89873300013278
721,008bdec2-20a2-4145-8b28-af0dfb755f31,202,,14.42021294999995,14.431588909999846,11.375959999895713
722,0be730fa-0aef-4052-a6d8-d175a2d34b62,202,,14.440209472999868,14.45183163899992,11.622166000051948
723,f63ceb0e-2328-4569-8745-c0ce797a05d7,202,,14.460169245999623,14.476212089,16.042843000377616
724,9a48964a-7bb4-45a6-a03c-b9138435a8fb,202,,14.48023810199993,14.494137209999735,13.899107999804983
725,09b528bc-73e5-4ac2-baeb-c3732ce9baf4,202,,14.500229833000049,14.51893119899978,18.701365999731934
726,979a9872-0efd-4855-80a6-72c0a1beae02,202,,14.520251563999864,14.53979604899996,19.544485000096756
727,2937c615-0a60-4890-9a50-c5bdc00030ad,202,,14.54018925499986,14.561519511999904,21.330257000045094
728,2d72ff86-629d-486a-a64c-e27e580e70ad,202,,14.56030427099995,14.590788703999806,30.484432999855926
729,4df3da85-271f-415d-a4a5-905a1dc8b5bd,202,,14.580217743000048,14.595408001999658,15.190258999609796
730,197fd171-4883-473c-972d-85876533f086,202,,14.600308630999734,14.61663650499986,16.32787400012603
731,36ca0a01-eccc-4cd9-ba98-ec227a10384b,202,,14.620354559999669,14.634186579000016,13.832019000346918
732,97495849-3bcc-4bb6-b372-389eed46c2ce,202,,14.640416989999721,14.657134903000042,16.71791300032055
733,f880a910-ff3e-4b65-a83c-63dd3247ee57,202,,14.660407210999892,14.670950254999752,10.543043999859947
734,a25ea171-5585-417d-8900-4843cc6caad8,202,,14.681042719999823,14.69185338699981,10.810666999987006
735,654f5992-e3aa-4a07-b63d-452b953ea070,202,,14.700261988999955,14.709553250999761,9.29126199980601
736,bfbe4a9e-c590-4e8f-a81d-1c8173afc9af,202,,14.72051729199984,14.73126483399983,10.747541999990062
737,bb17d564-ce69-4295-bf96-efb585c8b673,202,,14.74058838799965,14.751228139999967,10.639752000315639
738,945c0bc7-81f8-4a31-a17d-2ca3939f33ea,202,,14.760705358999985,14.775283829999807,14.578470999822457
739,c51c29c8-fd6b-4503-8b0f-68fc5acd56da,202,,14.780235124999763,14.791809702999672,11.574577999908797
740,a0949ba1-e0fc-43d1-a9e6-97fa7ddeedd1,202,,14.801823584999966,14.818512164999902,16.688579999936337
741,c0a1a76c-0210-4ab8-81cf-824a52241bd3,202,,14.82024740199995,14.833439925999755,13.192523999805417
742,a19ee70e-b079-4694-aeab-b5e4b8574d77,202,,14.840841576999992,14.854087142000026,13.245565000033821
743,e6b26b95-a328-47d2-be00-a6b93971927e,202,,14.861766624999746,14.871858630999668,10.092005999922549
744,6339df53-b47a-4bcb-ad5a-faccc7c10f60,202,,14.880566521999754,14.892761262000022,12.194740000268212
745,87f9e121-7478-4c65-b891-cce4873c65c0,202,,14.901925774999654,14.9115819929998,9.6562180001456
746,44f7a051-b401-4531-8c33-fd70836d8626,202,,14.921022503999666,14.931059259999984,10.036756000317837
747,54ae26ee-cf55-4f63-a157-7acda07ca863,202,,14.940522311999757,14.95044611100002,9.923799000262079
748,9ddc3b8b-35df-47f3-9134-78c1680e064a,202,,14.960928988999967,14.971805197999856,10.876208999889059
749,cfd914a0-d8c4-457d-af96-840e7b2ce9d7,202,,14.980555254999672,14.992290999000033,11.735744000361592
750,8f7adfb3-48b2-4c16-a942-ed6cb7e092da,202,,15.000362811999821,15.01384466699983,13.48185500000909
751,707286d6-a1c1-4fea-b8f0-5c126f01f8c0,202,,15.020499198999914,15.030587705000016,10.088506000101916
752,c9864b84-bf58-40c4-bd20-fb54ba42c28d,202,,15.040246838999792,15.05195058299978,11.703743999987637
753,01002c18-bcef-446b-9afe-d9af0cb89ea7,202,,15.060265185999924,15.07187884599989,11.61365999996633
754,fdb27372-fda3-439b-a196-48fcf6ce5b1a,202,,15.082261849999668,15.094827794999674,12.56594500000574
755,54f82f61-7b05-4095-9b25-45e4b2d16e5d,202,,15.100446168999952,15.112507451000056,12.061282000104256
756,a9f38b8c-4722-4ad7-9304-25ee54453e63,202,,15.12078576299973,15.141315813999881,20.530051000150706
757,c086c1b3-4a20-45ba-bbfe-74d6e553e9b5,202,,15.141418979999798,15.16068816500001,19.26918500021202
758,780b141d-3948-437c-b01e-8f58406c30f3,202,,15.160220126999775,15.178425695999977,18.20556900020165
759,50675692-30fd-4d5a-a01e-8319194b7448,202,,15.180318098000043,15.194147283999882,13.829185999838955
760,700e64b0-7a00-4d03-a09c-58ac438277f3,202,,15.200258777999807,15.217708977999791,17.45019999998476
761,4292374b-d0ec-4935-95a6-42ca75251b97,202,,15.22018720899996,15.240213512999617,20.026303999657102
762,208e6798-b832-44b1-84c8-b9c396b7656f,202,,15.242687618999753,15.256476846999703,13.789227999950526
763,55d1e9db-5a5c-4708-bb30-97e0e3b6e8c3,202,,15.260166776999995,15.273484842000016,13.318065000021306
764,03b2c1c1-fbd1-4525-8e9c-a28694bb8e0b,202,,15.280527870999776,15.295635046999905,15.107176000128675
765,60fbf331-0896-41a2-a514-a2ec7813d248,202,,15.300226677999945,15.317862833999698,17.6361559997531
766,a82f7d1c-b87b-46d9-9d3d-5d96b8fbbfe1,202,,15.32017014999974,15.332753303999652,12.58315399991261
767,da9eeb6a-be21-4498-8e5e-ed8b415d7474,202,,15.340261578999616,15.74775714899988,407.4955700002647
768,21825dbd-dffa-4160-a7a3-b50814051247,202,,15.360204425999655,15.777867362000052,417.66293600039717
769,126fbed5-784b-4dbc-9d9f-865661fc19e2,202,,15.380310855000062,15.778749229999903,398.43837499984147
770,800fd564-bed6-4568-a800-54188e815863,202,,15.404776417999983,15.79052404999993,385.74763199994777
771,4b55b3ce-06d6-4035-ac43-01925f41160c,202,,15.422132575999967,15.795952963999753,373.82038799978545
772,4743c009-eac9-403c-99fa-37ea8ad283cb,202,,15.444617986999674,15.801067838999643,356.4498519999688
773,2784fc68-cc08-4754-a917-a0428adc4534,202,,15.461815063999893,15.8097049349999,347.8898710000067
774,ba8314ad-26fd-4589-a21f-c2082140800f,202,,15.48964843299973,15.812875659999918,323.2272270001886
775,09e6a840-6c7b-469b-accb-61e2d911de6c,202,,15.501630424999803,15.821008677000009,319.378252000206
776,dfe46a44-2c7d-40b7-ac84-cf2781271cc1,202,,15.521296898999935,15.825034434999907,303.73753599997144
777,d425f395-c62b-4a8e-9691-e6b939db91df,202,,15.540990788999807,15.834268067999801,293.27727899999445
778,2c435e26-be70-4bf3-94a0-233bc24532ce,202,,15.560310802000004,15.840257477999785,279.9466759997813
779,7eae5700-cb09-4e2e-8063-6824c1ce0aeb,202,,15.592032127000039,15.850769808999758,258.7376819997189
780,29ae2bb7-5bcc-474f-bdd2-9fe814abddce,202,,15.728433722999853,15.858350621999762,129.91689899990888
781,70bf940c-fabf-4613-95c0-d60274cab1cc,202,,15.728507305999756,15.898028214999613,169.52090899985706
782,af28085d-c8d9-4b8f-a9f2-25aaa0fec5a1,202,,15.72865226299973,15.877711380999699,149.0591179999683
783,beb0a224-2b9b-4176-9592-b91c76f0a2db,202,,15.730994368999745,15.913391881999814,182.397513000069
784,9a668d25-13c7-412c-a680-ca7376a6f85e,202,,15.73088591099986,15.868728662999729,137.8427519998695
785,120290cc-e773-4081-8a19-488766948eca,202,,15.731072951999977,15.904219205999652,173.14625399967554
786,abef1712-f369-4f2a-9251-804ddf7b5147,202,,15.728596346999893,15.90902054199978,180.42419499988682
787,4767151a-a639-44cb-b484-7140ae982b70,202,,15.740320917999725,15.87254800599976,132.22708800003602
788,0bb58fd6-f9c3-483d-a073-82d4191896d9,202,,15.762571320000006,15.920597072999954,158.02575299994714
789,ccd374d2-7967-4f63-8fd9-d8e630771f7b,202,,15.780548172999715,15.924097752999842,143.5495800001263
790,4494b9bb-39f3-4609-90e1-73a17e0aa6d4,202,,15.800188220999644,15.928985130000001,128.79690900035712
791,e79d662f-357f-4b13-86f1-259b79c05fbd,202,,15.82022380799981,15.934010213999954,113.78640600014478
792,224f8f8f-2942-4427-8b1c-ffc3a7aa7d13,202,,15.840165311999954,15.9400370809999,99.87176899994665
793,a282bad7-62f7-44ab-8937-09037ce6bde2,202,,15.86026502300001,15.945083539999814,84.81851699980325
794,cd880a26-0a8d-4244-bf51-d45732314432,202,,15.8802871099997,15.946589152999877,66.30204300017795
795,fae081d5-881c-4073-98cb-9271c1e06467,202,,15.900563985999725,15.950505828999667,49.94184299994231
796,71ed1a25-068e-43a0-a92a-2d7f98d8f82c,202,,15.922564014999807,15.95074657699979,28.18256199998359
797,5e3737bc-7ef5-4b81-9178-7f4112a85802,202,,15.940191371999845,15.959183091999876,18.99172000003091
798,c9a89ac0-18a4-4064-b89b-106af25c300c,202,,15.960355373999846,15.974656131999836,14.30075799999031
799,c884ce9c-6021-4791-a9d8-f115924e877a,202,,15.980365668999639,15.990564835999976,10.199167000337184
800,2747a455-f349-4bce-8b1a-2bd7a62b56a9,202,,16.00033908899968,16.010077134999847,9.738046000165923
801,0eb66ae4-d0a7-4e60-a779-a6a7e9b8ce65,202,,16.02026088499997,16.031126421999943,10.865536999972392
802,9d4a6177-9aad-4e4b-82c8-16fc7cb210ab,202,,16.04112325699998,16.050923384999805,9.800127999824326
803,205867d2-f2db-47d7-895e-0c2b5136b4c7,202,,16.060851262999677,16.070789264999803,9.93800200012629
804,fc00ee9d-8030-473e-b6b7-598dd9358b10,202,,16.08022693799967,16.08966219399963,9.435255999960646
805,26fb2109-0be0-4e7c-aef5-20c5c9ea3a63,202,,16.100345940999887,16.111400641999808,11.054700999920897
806,c658ea47-d057-49fc-b8bb-35f149264e65,202,,16.120202028999756,16.130956523999885,10.754495000128372
807,1d4c89c3-e60d-47e1-9588-224cfbb30a99,202,,16.14024086499967,16.156754355999965,16.5134910002962
808,76eadfee-0eaf-4ef1-8dd1-bb78b64b313f,202,,16.16091044699988,16.177922057999695,17.011610999816185
809,0e21a0fe-d5dc-4063-959a-c531356d15c7,202,,16.18016887299973,16.262668033999944,82.49916100021437
810,6522a5b5-3f74-4d4b-a4c9-eff6b9fb2bd4,202,,16.202875437999865,16.29139329999998,88.51786200011702
811,13367ed9-589d-4055-b2da-e53805c56b5f,202,,16.220218254999963,16.29531305899991,75.09480399994573
812,04d923d7-7916-4c43-81a6-9c40f3389b8d,202,,16.240478797999913,16.291203258999758,50.72446099984518
813,27426271-f942-496b-bc5b-70f83a2e9b96,202,,16.26020076199984,16.300678181999956,40.47742000011567
814,c429231a-115b-4c7f-b3c0-a96876840756,202,,16.280729594999684,16.3060725549999,25.342960000216408
815,e75635ab-67bb-4bba-b4da-3d4d00d9f7e0,202,,16.300712264999675,16.31869645200004,17.984187000365637
816,a6030e24-c6bb-4580-bbb1-cedae6e84974,202,,16.320277230999636,16.336147892999634,15.870661999997537
817,d29b8a96-ae01-486b-8c6c-c6ce976a9fab,202,,16.34020856799998,16.353122087999964,12.913519999983691
818,7c0d73e8-3bc0-48ab-9592-9cc5cd6b3c8e,202,,16.36029411299978,16.371473229999992,11.179117000210681
819,006516dd-2b84-4f41-aa67-8523c254f19b,202,,16.38021386699984,16.398917172999973,18.703306000134035
820,e8511a39-d2e8-454b-8611-879d7125eae2,202,,16.400306327999715,16.43255943999975,32.25311200003489
821,dbf70963-57ee-4983-95e7-3460c34df1bc,202,,16.42029187399976,16.4410482039998,20.75633000004018
822,dc90a2df-98ce-454a-abf3-71e52afe5e4a,202,,16.440205419999984,16.456092997999804,15.887577999819769
823,c865e74c-8110-466c-a664-18fae912cbe8,202,,16.46021063099988,16.474179725999875,13.969094999993104
824,c809c221-4e12-44e6-bb49-01c37f2385fe,202,,16.480170634999922,16.49443868599974,14.268050999817206
825,e001897b-97f6-4f8d-ab21-3ae6b648a825,202,,16.500315637999847,16.51234858099997,12.032943000122032
826,e3688fa4-075f-474f-b0b2-a643c8573584,202,,16.520176100999834,16.533903363999798,13.727262999964296
827,127ef7ce-e59c-4690-8c3a-c88ece4f321f,202,,16.540242687000045,16.557218294999984,16.975607999938802
828,48c032cd-bb28-4783-9c26-9d765b4def16,202,,16.56017851899969,16.57463672799986,14.458209000167699
829,a9f82a50-c9f3-49d9-b625-cb304537f3a7,202,,16.58027138699981,16.600177715999962,19.906329000150436
830,b87ac7a4-b80c-420f-bd2d-8a7187cb33fc,202,,16.600279380999837,16.614353551000022,14.074170000185404
831,bfffe436-775c-466c-915a-a02a1cf1d0cc,202,,16.620172292999996,16.632795558999987,12.623265999991418
832,20da146d-f02f-4203-9bd5-c29ad33aa12c,202,,16.640212578000046,16.65228843199975,12.075853999704123
833,dcc463d8-a335-4856-bf62-27d381925f5f,202,,16.66019328099992,16.674662822999835,14.469541999915236
834,482a5cf5-7089-4443-9a53-a0d6ed8254b2,202,,16.68020581599967,16.69292024799961,12.714431999938824
835,cc951dfd-d17c-41a8-ac6a-f958b4f6b294,202,,16.70017935199985,16.719226437999623,19.047085999773117
836,5b7a8426-daee-4ba5-9a3f-31367d163275,202,,16.72016088800001,16.734300057999917,14.139169999907608
837,5cb03442-5f7c-472f-a7a0-1a918936168c,202,,16.74029283899972,16.753356726999755,13.06388800003333
838,ec7ddfbd-d189-4ddf-aac1-684b96087c2f,202,,16.76066712199963,16.77400833999991,13.341218000277877
839,fa084887-c3b2-4cf1-b507-ce9427f5e6ed,202,,16.780230619999656,16.79178739500003,11.556775000372
840,584bc55c-be27-4f9b-82e1-647e32fd0f72,202,,16.80024890499999,16.8098353219998,9.586416999809444
841,5f1860e5-aa03-4941-9c18-ea2f40afda6a,202,,16.820294398999977,16.829993814999852,9.699415999875782
842,298279b1-81ef-41ea-ae1e-629e6def8b69,202,,16.841488923999805,16.851049132999833,9.560209000028408
843,d8f5b4dc-9601-42e6-a191-384459bca911,202,,16.86023542899966,16.87261203099979,12.376602000131243
844,a5071fa1-76bb-48a8-a99e-b244ba256300,202,,16.880310880999787,16.89231069399966,11.999812999874848
845,8c10fa76-25f3-46d7-8c00-75d664a301f8,202,,16.900245833999634,16.911004865999985,10.759032000350999
846,cf0897f9-e1ca-4199-a57c-32fc444ba956,202,,16.920278035999672,16.92995274399982,9.674708000147803
847,911ccf9d-ada5-44f6-9bc6-ef0608288777,202,,16.94024790499998,16.95284121299983,12.593307999850367
848,8b8bd41b-0375-43ff-8df4-cdcc856e2d9c,202,,16.960322814999927,16.976082345999657,15.759530999730487
849,9a0b6a2b-99e7-4e88-919f-5f7055fbeb68,202,,16.980231643000025,16.99040313899968,10.171495999657054
850,b612de61-4fea-408c-96a7-87049bdf213b,202,,17.00034196999968,17.010213717999704,9.871748000023217
851,4324f9b4-fda6-48f0-9887-47e8c39c27f1,202,,17.020289047000006,17.032039945999713,11.750898999707715
852,4afa7df1-c4f7-43f1-b28b-8c5f91669409,202,,17.040649371999734,17.050425287000053,9.775915000318491
853,747d1c92-4c02-41a0-b9b0-c79523f3c0d4,202,,17.06022491099975,17.070058867999705,9.833956999955262
854,a8f97f00-82bb-4855-99dc-04c85975a74b,202,,17.081304061999617,17.091873262999798,10.569201000180328
855,06137242-fedd-4a63-baf1-d9833d432fa3,202,,17.100560853999923,17.11240221099979,11.841356999866548
856,439861e8-cba8-42e6-a5f3-a8a00b1cad75,202,,17.120220392999727,17.129662727999857,9.442335000130697
857,6a557730-93c7-47e3-b479-f2ce21189db0,202,,17.140787173999797,17.150328632999845,9.541459000047325
858,d4d637c9-514e-49ca-af49-8c4884bd890e,202,,17.161402370999895,17.173523015999763,12.120644999868091
859,0f11bdb2-78ce-4533-8201-4659e4875f93,202,,17.180244124999717,17.193310886999825,13.066762000107701
860,3c9ce1f2-e093-4c11-bf69-fa0ce9f66051,202,,17.201692897999692,17.21147947999998,9.786582000288035
861,dda371a2-cc2e-4c42-bbbf-d797daa2c8fe,202,,17.22018540499994,17.22944061699991,9.255211999970925
862,b9b0f903-6d92-495b-a47d-cc7611da40ca,202,,17.240502979999746,17.253113579,12.610599000254297
863,5115df88-0cca-4959-b24c-88da6d271494,202,,17.26032739199991,17.27358498600006,13.257594000151585
864,2aaeb4a5-43c4-4433-9223-707285acc3b7,202,,17.280174220999925,17.29162970499965,11.455483999725402
865,4b549221-b8f4-40dd-94f0-c1be2a8735b6,202,,17.300629669000045,17.313674806999643,13.0451379995975
866,f98e86b2-cf35-4c8f-aade-7cf81fdbae7e,202,,17.32021258299983,17.337571808999655,17.359225999825867
867,69ec6eb6-4f07-4f38-b33a-5827bb286480,202,,17.340189452999766,17.35244359699982,12.254144000053202
868,f4495165-9a3d-476f-90a2-0f6ac7d752b9,202,,17.360195112999918,17.372875503999694,12.680390999776137
869,1570fda4-a527-4c09-8d9c-c44fb365849e,202,,17.380347064000034,17.391808298999877,11.461234999842418
870,9b7d65c5-e8bf-4406-a290-edb1997d4f4b,202,,17.400230808999822,17.41349090299991,13.26009400008843
871,bba9d6ec-4cde-4d01-8524-c62662fd2d14,202,,17.420465300999695,17.4336891869998,13.223886000105267
872,1b66d8d6-f26d-42c5-8931-ce14b75308a1,202,,17.440171130999715,17.45177907299967,11.607941999955074
873,889626ee-435c-4b8a-8610-96f43dae24bd,202,,17.460236915999758,17.476022029999967,15.785114000209433
874,e9270c3d-d1cc-4c10-a430-4e165971393e,202,,17.480250493999847,17.49303854999971,12.78805599986299
875,021ec834-4dc8-49f8-9efa-48c5827a14c7,202,,17.500210487999993,17.514393281999673,14.182793999680143
876,f6e621a5-977b-4d08-99c6-3221ee0bbff3,202,,17.520207439999922,17.53270445699991,12.497016999986954
877,681c36d4-4868-465c-863c-cf42af21fd19,202,,17.54019097599985,17.55325923600003,13.068260000181908
878,9f1093d9-0832-4c62-9e7a-9c0445698d4d,202,,17.560272255999735,17.57031858099981,10.04632500007574
879,57d2d22d-88e3-45d4-9183-503a77048253,202,,17.580360405999727,17.594558734999737,14.198329000009835
880,8b667fec-af91-4dce-b1d5-34f8b15b329d,202,,17.600528764000046,17.61488529999997,14.356535999922926
881,d625ec18-21d0-4ee3-9a16-c85d80f8694f,202,,17.62028012599967,17.63201260200003,11.732476000361203
882,f1933d13-283b-4440-b3ab-ccd37a177f38,202,,17.64018956899963,17.65861740199989,18.427833000259852
883,933985ea-f993-44c2-a247-b61df9540afa,202,,17.66059180000002,17.676984650999657,16.39285099963672
884,74b83085-b2c4-451d-ae21-75c5c81c545b,202,,17.68022466299999,17.69770712899981,17.482465999819397
885,848e584f-2016-4123-b774-57ee5602c8e0,202,,17.700207189999674,17.713696067,13.488877000327193
886,f70d2ea9-941a-4ae6-9ba1-c11c348cd0c8,202,,17.720281214999886,17.732771309999862,12.490094999975554
887,ba788950-7091-465d-af12-db70b1bf3e35,202,,17.740271699999994,17.757171128999744,16.899428999749944
888,a17e3b6b-f4ea-4774-85e9-208a6b72b034,202,,17.760246767999888,17.77442655499999,14.179787000102806
889,f622bc84-7270-4994-97c2-1ef86eb71e8d,202,,17.78087949699966,17.791225443999792,10.345947000132583
890,8285c3bc-1da9-437e-9538-bab32dde2a9c,202,,17.80041806899999,17.810192729999926,9.774660999937623
891,8a26f522-2415-4c25-8bcb-8a76a32f31bf,202,,17.82049496899981,17.831083830999887,10.588862000076915
892,130443c0-635c-429a-85f9-00e91fcb82f4,202,,17.840668034999908,17.8549831549999,14.315119999992021
893,5fd08401-4df7-4f31-91a1-0cb3a8aa67ac,202,,17.860488562999763,17.870464013999936,9.975451000173052
894,4c295cc7-3a75-463f-b54a-58d75f411dea,202,,17.88061233799999,17.89046987399979,9.857535999799438
895,4603a7af-72e4-472d-b2e7-db7f88dac26f,202,,17.90082902899985,17.910318275999998,9.489247000146861
896,6f9b996a-3512-4a22-8f1b-8ceb63706fc7,202,,17.92043693400001,17.933718437999687,13.281503999678534
897,da2176a8-4fe9-4b5a-b94b-90fc6b317daf,202,,17.940251669999725,17.950410285999624,10.158615999898757
898,ae4308ac-d6e2-4610-a468-168ba5121bd3,202,,17.960717566999847,17.97028318799994,9.565621000092506
899,2f38e2b1-0c03-4426-99b5-8fa3fcdba371,202,,17.98213599699966,17.991687992999687,9.55199600002743
900,f22440f9-27b9-472f-b597-578c18a77b3b,202,,18.002129022999725,18.013047173999894,10.918151000169019
901,58174e2c-2959-4ea0-abbd-a4ea10890aab,202,,18.02027539999972,18.037887447999765,17.612048000046343
902,89d14889-7e4c-44a3-b9f2-f5634d2feafb,202,,18.04023480099977,18.052293649999683,12.058848999913607
903,55824f11-9fde-4123-b9b1-bb1b707f0988,202,,18.060250535999785,18.07219463499996,11.944099000174901
904,1f0c550b-d1b6-4917-8bd2-666f1e39f904,202,,18.08029214499993,18.097470362999957,17.17821800002639
905,a348d3ef-7e6d-4112-abbd-af55fee85825,202,,18.100227212999926,18.11656131499967,16.334101999746053
906,ba518a37-0d51-49d2-abef-6ffc8bb6b2d5,202,,18.120256405999953,18.133237995999934,12.981589999981225
907,24b9257f-953e-4ade-84b7-09035f9ed8a0,202,,18.140421055999923,18.158663305999653,18.24224999973012
908,35a7feac-2549-4799-a75c-187ae6c8db7b,202,,18.160426747999736,18.181056476999856,20.629729000120278
909,3886599d-b5b8-4a5f-adfb-a7e4b9589f2d,202,,18.180441857999995,18.193370281999705,12.928423999710503
910,2d4e083c-8aad-4626-99ba-8bf08b6f4cc1,202,,18.200306676999844,18.20979725699999,9.49058000014702
911,bf7cebe8-acdf-4fa7-a03f-0c7a41ab7900,202,,18.2208475729999,18.230756482999823,9.908909999921889
912,2ffc40d4-8376-4419-af90-094fba608f3b,202,,18.240993222999805,18.252954363999834,11.961141000028874
913,d367c826-8495-4a37-9f00-575360d484a3,202,,18.260250963999624,18.276609731999997,16.358768000372947
914,caa26a16-5413-411f-99d1-2abaa280fcce,202,,18.280144907999784,18.29587480700002,15.729899000234582
915,4dd96bb8-5afe-4c72-83e8-7c2e756001f9,202,,18.30040568200002,18.31535579599995,14.950113999930181
916,d4adef2b-3c78-4e25-b531-bcdfef621f65,202,,18.320273917999657,18.33401054299975,13.736625000092317
917,2f5f70f1-66fb-44c3-b20a-82e36bfdbcf5,202,,18.340169027999764,18.352112793999822,11.943766000058531
918,6a4b12fa-4d0c-48a1-9325-8b76d166d138,202,,18.360176387999672,18.37396259499974,13.786207000066497
919,d008ab64-3a14-44ad-a36b-2bae5efc470e,202,,18.380195538999942,18.39432024300004,14.124704000096244
920,a4cb820c-e830-4f43-9932-f7c6e11f0e5e,202,,18.40020760599964,18.413012697999875,12.805092000235163
921,26a69058-8102-47ad-a203-28e5a6bc6762,202,,18.420252298999912,18.43090332699967,10.65102799975648
922,6b43660e-204e-4204-934d-149a5a28daf6,202,,18.440517280999757,18.45393411699979,13.416836000033072
923,b1a42a10-ab50-4139-a091-b56137c33a0f,202,,18.46093117800001,18.473516938999637,12.585760999627382
924,df2fdfee-9e78-40f7-bc27-75672af08733,202,,18.48020316999964,18.4922388519999,12.03568200025984
925,158c1361-6144-42ca-a594-ec6aca0db429,202,,18.500191987999642,18.511580966999645,11.388979000003019
926,86614fbf-9fc8-4df8-a1ea-2b96becd5070,202,,18.52022842999986,18.53479725599982,14.56882599995879
927,669dfb00-1f1d-4c11-8276-2b7f9dc44e76,202,,18.54016578999972,18.550764317999892,10.598528000173246
928,1b5a6a5d-ab20-42b9-9039-6386e5274b95,202,,18.560173518999818,18.57134853699972,11.175017999903503
929,3a82def5-b90b-408a-aad3-a3c87182c55f,202,,18.580232201999934,18.59150405199989,11.27184999995734
930,970a667e-5de3-4d03-8906-75cced59f45d,202,,18.60025505199974,18.612126855000042,11.871803000303771
931,6ba001e5-f7f0-41e8-9b82-32f3add8c172,202,,18.62018427799967,18.632567491999907,12.383214000237786
932,1df5ff5c-2502-4c3f-a4ae-b831bab5267d,202,,18.640163210999617,18.651337603999764,11.174393000146665
933,f2706e10-c0ac-4e36-96be-1cc7443af5ee,202,,18.660190727999634,18.672579608999968,12.38888100033364
934,d932bf2d-75a3-4d1a-b963-57d461cd0312,202,,18.68016611999974,18.694316442999934,14.150323000194476
935,d6a68d6c-6c9d-41bc-832f-8ca9b67890ae,202,,18.700320467999973,18.711684650999814,11.364182999841432
936,1b3e6d7e-3376-458a-aa4f-c1c4a0bedea1,202,,18.72075993899989,18.73111221499994,10.352276000048732
937,544cd19b-c552-485d-965e-e890f928ed4a,202,,18.74064187399972,18.74972591200003,9.084038000310102
938,0a1b0763-5ce8-430b-b476-0e543b320bc2,202,,18.761495632999868,18.772705649999807,11.210016999939398
939,ae9ec7c0-d279-472f-9bd1-7214f4e27328,202,,18.78024420299971,18.789624946000004,9.380743000292568
940,36b4dc86-ff1b-4cda-a17e-14229f9a353b,202,,18.801528498999687,18.811198364999655,9.669865999967442
941,6439e2eb-b903-4740-89fb-e3005253e683,202,,18.82024202799994,18.829733186999874,9.491158999935578
942,6253a81b-67ad-4bd6-9ee0-2e187e519478,202,,18.841352159000053,18.85161122799991,10.259068999857845
943,e3cdc6e8-1e44-4740-bc14-576e446f8075,202,,18.86044285099979,18.870125966999694,9.683115999905567
944,4d3ed9b0-2128-43a5-ba2d-8586c3b03af4,202,,18.88040603499985,18.889690529999825,9.284494999974413
945,67bc0407-143d-45b2-8e6c-a33bfc934523,202,,18.902787112999704,18.912330521000058,9.543408000354248
946,204a8de5-a391-4e19-af5a-625b5100f100,202,,18.92082731499977,18.93207845699999,11.25114200021926
947,4e68c243-4ae0-4f5f-b413-93cd528baa87,202,,18.940218336999806,18.94930237499966,9.084037999855354
948,a15b495e-7b55-4d63-96c6-34ca33208d06,202,,18.961579465999876,18.97144378799976,9.86432199988485
949,20ff453f-d3f5-4ba4-972b-e7d0d8462190,202,,18.980527492999954,18.99014202599983,9.614532999876246
950,8541867a-8236-4398-9381-a84b0d6179c1,202,,19.000333344999945,19.01090186900001,10.568524000063917
951,bfabf61d-603c-4aec-be49-0eeef92a2cfd,202,,19.02247617499961,19.03257378599983,10.097611000219331
952,7a3d4af9-7a9d-45aa-a6e4-a54362f523cc,202,,19.04022396299979,19.050142742999924,9.918780000134575
953,5c105c29-6cb0-4230-9008-2127e8add8d3,202,,19.060240312999667,19.06977505499981,9.534742000141705
954,e0281f43-84e7-42e8-be47-ce945f5b16fd,202,,19.080352411999684,19.09124159899966,10.889186999975209
955,18add1f1-61eb-4795-9227-fc2cc76203b9,202,,19.100396302999798,19.110021960999802,9.625658000004478
956,90e6943a-54d3-4f89-924f-9c426a265c56,202,,19.12152497599982,19.130936469000062,9.411493000243354
957,d017113f-8a82-4bb1-9507-e2f6f42ac63b,202,,19.140231379999932,19.149902912000016,9.671532000083971
958,ad8ba1f9-2a85-4a30-af07-4d90db708dad,202,,19.161888838999857,19.194119988999773,32.23114999991594
959,9abde159-e14e-474d-8fc3-e1fceb5686e5,202,,19.180511285999728,19.225830142999712,45.318856999983836
960,d3659d74-ea7c-44d2-889b-060ada5a5536,202,,19.200423052999668,19.239374679999855,38.95162700018773
961,d50c40ab-b1da-4540-aad0-381deae29f35,202,,19.22058406899987,19.24444558999994,23.86152100007166
962,9e10fe63-7958-47ef-a543-43435ff63db9,202,,19.24028975500005,19.254772282999966,14.482527999916783
963,7dadc0af-a95a-4646-a404-8f437f918585,202,,19.260473894999905,19.275158003999877,14.684108999972523
964,3ade2fec-bbb5-4785-8122-6d44f2ddce87,202,,19.280509703000007,19.295327602999805,14.817899999798101
965,daa3449c-35d6-4c89-b98c-10c30a403110,202,,19.300322929999766,19.327092257000004,26.769327000238263
966,2a7e138d-7fb2-4115-9719-51a01a4bb19e,202,,19.320397737999883,19.377096194999922,56.698457000038616
967,c57807a3-b8df-48b2-86e7-bec69bc643c9,202,,19.342789065000034,19.40500321899981,62.21415399977559
968,d42f3cf9-911a-43a3-82e6-7457a5516aa6,202,,19.3608820999998,19.431911669999863,71.02957000006427
969,02916ef8-6013-40ed-bef9-04721a45d9b4,202,,19.380510369999683,19.454505244999837,73.99487500015312
970,5e319978-a459-47ca-849c-3931db0c3931,202,,19.40063855199969,19.45860591399969,57.96736199999941
971,2740d22a-8d21-4372-96ca-a939e4569cd0,202,,19.42188289099977,19.47069621499986,48.81332400009342
972,0867382d-0312-493a-bd3e-efb2f7b1a72c,202,,19.44190257399987,19.481864898999902,39.96232500003316
973,ae6dbe28-cdbc-4312-ab25-b9b0ae16ff56,202,,19.460204731999966,19.489847739999732,29.64300799976627
974,ca7c666a-3f37-4600-91a8-dbbb4488d6a1,202,,19.482019897999635,19.500898050999695,18.878153000059683
975,7113be52-e55e-4c56-88fa-598bb174fe87,202,,19.50055359499993,19.517693222999696,17.13962799976798
976,e793c0be-f37f-4bac-8439-df7634227897,202,,19.52022690700005,19.535838382999827,15.611475999776303
977,17c2300c-c9a1-469b-ab5c-508c771d7a46,202,,19.54031063100001,19.580887852999695,40.57722199968339
978,0c90df39-c4b5-46ff-8292-d353ab4732ce,202,,19.56028085099979,19.598749297999802,38.46844700001384
979,3e94793c-18c8-4ffc-bf6b-291f0997d070,202,,19.581345805999717,19.61447026499991,33.124459000191564
980,5dd20902-1f65-48c3-978e-e73df4a730f7,202,,19.600205533999997,19.628560999,28.355465000004187
981,09b8f83b-3718-4933-a797-392e33f17d44,202,,19.620950158999676,19.654355572999975,33.40541400029906
982,b52257e7-f299-4413-9187-f62e6d5eed16,202,,19.640747418000046,19.668141058999936,27.393640999889612
983,3222c747-c658-4809-b3a4-6518cc1fce19,202,,19.6602407219998,19.680665058999693,20.424336999894876
984,527e3945-5614-4055-8ed6-f0342fb446e6,202,,19.680202396999903,19.693489012999635,13.286615999732021
985,e0fc0911-bcbf-4e42-a9c2-b5a6e76358bc,202,,19.70048877599993,19.71760739599995,17.11862000001929
986,80c96090-d661-493a-9ae7-57896f778bd9,202,,19.720272160999684,19.730754430999696,10.48227000001134
987,2f9df669-5c3a-427f-8216-64d83cf9d76c,202,,19.740210918999765,19.75637688100005,16.165962000286527
988,124956c4-ae95-41f2-b2e0-565d7bb1c9f2,202,,19.760253092999847,19.77414957799965,13.89648499980467
989,cad1cd17-3918-4f44-8e73-8956c8560719,202,,19.78059372200005,19.80883797899969,28.244256999641948
990,b2c9604b-a727-43ef-bacf-9ea508a45fea,202,,19.800463689000026,19.83338856599994,32.92487699991398
991,e20e647e-57e0-410c-9b24-57f78594b298,202,,19.820823025999744,19.84714871999995,26.325694000206568
992,1edaff0d-0670-4e10-b73f-5ec6888826a2,202,,19.84023570599993,19.856149128999732,15.913422999801696
993,5c3447da-57a3-487b-ad65-fbdce6876591,202,,19.86032583699989,19.876393050999923,16.067214000031527
994,2e119cf4-59b3-4505-904c-88d819052f0a,202,,19.880280177999794,19.893353254999965,13.073077000171907
995,8f9dc7fe-45ab-4f9c-bd3a-455ed1d7c1e4,202,,19.900552057999903,19.916955476999647,16.403418999743735
996,bb3b1848-fa14-4f1d-91c3-2813cb37bb83,202,,19.92029465099995,19.93266556899971,12.370917999760422
997,85452dd5-be14-4856-bc4f-95ca749655b8,202,,19.940203701999963,19.966142482999658,25.938780999695155
998,39703714-956c-45b6-a840-b7d7e8853738,202,,19.960700370999803,19.97588496799972,15.184596999915811
999,5feec590-1d1f-4396-adfd-756cdd295627,202,,19.980407672999718,19.993618997999874,13.211325000156648
