index,eventId,status,code,start,end,latencyMs
0,d79952a0-98b9-4598-ab17-da19646ca386,202,,0.0010598459998618637,0.10298155999998926,101.9217140001274
1,fba08c31-7f82-441d-928a-a445647c3ebc,202,,0.051061601000128576,0.10008229499999288,49.02069399986431
2,0d949622-8d16-4e05-9433-4649c594c644,202,,0.10231693800005814,0.1396412449998934,37.324306999835244
3,06f8ef56-b2c5-4be8-a44b-9f8ad343334b,202,,0.15104161099998237,0.16507180200005678,14.03019100007441
4,e78ed5bf-c522-4f06-bc00-81cf34138170,202,,0.20171873700019205,0.21819176500002868,16.47302799983663
5,f655a024-42a6-4444-8e28-db60c1187559,202,,0.2512363569999252,0.27710530100011965,25.86894400019446
6,2af313a3-07aa-407f-8dd3-f95b95c9382e,202,,0.3052154709998831,0.3230644079999365,17.84893700005341
7,6b24a26d-3d04-4ca4-b330-b863bf9cb4dc,202,,0.3504935400001159,0.3634505939999144,12.957053999798518
8,1f8f6d7e-fe3b-4327-9b9a-ed4c76a2fc54,202,,0.4012144130001616,0.4149916619999203,13.77724899975874
9,ac100f97-cdef-4b6a-b2b0-fe0454357d8f,202,,0.45153543800006446,0.47653577300025063,25.00033500018617
10,debc84b0-6e6c-44a6-8229-9fc7f4a89d51,202,,0.5003934760002267,0.5171111549998386,16.717678999611962
11,d7f57f0c-0f37-4979-88b5-4f63402e44d8,202,,0.5546816949999993,0.5669523780002237,12.27068300022438
12,0a6e4484-0839-4c2a-89e0-194b6c6779fc,202,,0.6040797800001201,0.6276414200001454,23.561640000025363
13,0134a6b5-6506-49f6-9a27-ccf2e881d6be,202,,0.6540101629998389,0.674457927000276,20.44776400043702
14,df0d1fc2-7d8a-41c6-b621-7086b18cc2f0,202,,0.7007785900000272,0.7214682960002392,20.689706000212027
15,056f0833-19ae-4419-a216-150113731554,202,,0.7534465409999029,0.7755588180002633,22.112277000360336
16,74a95ba2-9194-4864-8d2b-073091b50362,202,,0.8028517090001515,0.8193311529998937,16.479443999742216
17,83629bdc-5c9f-480c-9fbd-114ff567126d,202,,0.8521762569998828,0.8673252070002491,15.148950000366312
18,c8b581a3-6cc7-4cb1-b7e9-7f51cfea4ec3,202,,0.9019387759999518,0.919949742999961,18.01096700000926
19,c8243acd-2a2a-444f-bf88-907c4af974c1,202,,0.9508505190001415,0.9637621589999981,12.911639999856561
20,fd5ac725-afd7-4fb5-afb5-e240dcbe382c,202,,1.0040863069998522,1.023709541000244,19.623234000391676
21,a7e669e4-36ed-4831-b274-d8bf38e9c445,202,,1.0502958120000585,1.085752701000274,35.4568890002156
22,dc09fc8b-f241-43c7-921a-9ac15c4df626,202,,1.1026601580001625,1.130491930000062,27.8317719998995
23,436587b9-7d00-4775-8dc4-bc745a6294a4,202,,1.1510589350000373,1.2505241849999038,99.4652499998665
24,1459ad37-a847-4081-b11d-776e90432ca7,202,,1.2017159360002552,1.277286819999972,75.5708839997169
25,4a8e8f09-1966-4dcc-8790-f4bd690c4c74,202,,1.2508174160002454,1.3118800990000636,61.06268299981821
26,83bdf0ad-0fb2-48f4-9b6e-d8793396b889,202,,1.3010802769999827,1.330549481000162,29.46920400017916
27,733a61ed-3508-4fdb-8cbf-97b8dbd27163,202,,1.3503734939999958,1.3848465730002317,34.473079000235884
28,cc4dc517-bcc2-42c2-ad8e-c109d93a567f,202,,1.4081152310000107,1.4730761129999337,64.960881999923
29,d9639bdb-03db-4847-b77d-ccd3800526ed,202,,1.451713203000054,1.480927757000245,29.21455400019113
30,9465609c-303a-4386-ada8-ae1bad233667,202,,1.5007058569999572,1.5373477490002188,36.64189200026158
31,21c7941f-3d64-4c80-b369-d470d29b58b4,202,,1.5502480149998519,1.5900458219998654,39.79780700001356
32,afa54f52-e77b-497d-b0bc-5e547f5009a3,202,,1.6019973180000306,1.6454086339999776,43.411315999946964
33,7a78363a-b8b1-4a5a-80c6-87fa13f53de8,202,,1.6506212869999217,1.7018917039999906,51.270417000068846
34,f2894d7b-b185-4a77-859d-77d05ed053f6,202,,1.7005121289998897,1.7448685489998752,44.35641999998552
35,c0f9f941-afe5-4365-8188-234566039b97,202,,1.7508831489999466,1.85669176600004,105.80861700009336
36,e9246d3f-adfe-4a65-b105-49523dc806a1,202,,1.8005527559998882,1.8863939120001305,85.84115600024234
37,ad60336a-817f-42cc-b1ee-f6669c78b7de,202,,1.8567500949998248,1.9156470470002205,58.896952000395686
38,32f400a0-2905-4d52-99de-8362fba434b9,202,,1.9049914649999664,2.0450037199998405,140.01225499987413
39,99bdaa53-d373-45b5-8b94-f1090872238a,202,,1.9511299330001748,2.1438770079998903,192.74707499971555
40,34aa18a5-ca61-4ee2-94ed-a94081c6b76c,202,,2.001126142999965,2.212945865000165,211.81972200020027
41,3c44f8dc-2931-448d-8418-88b32c6d831c,202,,2.051068733000193,2.210547816000144,159.47908299995106
42,048dd9ea-87c4-46cc-9aaa-bb3df0da0a3b,202,,2.118746724000175,2.373081905000163,254.33518099998764
43,6918f3de-463c-41d9-8099-aa02542bf0d6,202,,2.1550670540000283,2.934940631000245,779.8735770002168
44,b78deb65-56ee-418d-869d-35cecf7aa9da,202,,2.210565565000252,2.9981131710001137,787.5476059998618
45,83f88161-3c15-42e2-866d-fd905fbad2df,202,,2.2617676539998683,3.0062902089998715,744.5225550000032
46,17ecb70c-e1e3-4383-adb4-0d27be51e528,202,,2.301568376999967,3.0308768200002305,729.3084430002637
47,4321d829-c1ac-42ca-8ceb-a6a1627f74d7,202,,2.373130360000232,3.0706079229998977,697.4775629996657
48,b29e7dfa-deab-44be-b774-c45ec144d81a,202,,2.4025456499998654,3.2267440999999053,824.1984500000399
49,318670cb-122a-440c-a3a2-6a24b98e3a2e,202,,2.4620732670000507,3.0946995250001237,632.626258000073
50,3c777d8e-9bba-4220-b92d-e9d24aac2590,202,,2.5140303060002225,3.2543505520002327,740.3202460000102
51,4157e042-8aba-4b22-972b-7a2bda4f138b,202,,2.5554298810002365,3.113176002000273,557.7461210000365
52,6dbe2528-8bb2-4a82-a4d5-e93b5a366cfa,202,,2.621932990999994,3.157525837999856,535.5928469998616
53,dcba9a52-e2ff-4ec2-8b17-75346e571498,202,,2.6518269980001605,3.14932838499999,497.50138699982926
54,febf862c-ac80-4d08-b7a4-a4267fac6c95,202,,2.7024555829998462,3.2910682719998476,588.6126890000014
55,63fc5151-864e-47df-8dd3-47c553034800,202,,2.752128981000169,3.3486918070002503,596.5628260000813
56,9d9bd10c-9942-4317-83d9-9363206cc586,202,,2.8085107649999372,3.491511038000226,683.0002730002889
57,0cb80585-52d8-433c-84e8-4716bcce0ec3,202,,2.85698770099998,3.523889172000054,666.9014710000738
58,f532c57c-e422-43c2-9fca-82b04db3d343,202,,2.9023463439998523,3.5150542189999214,612.7078750000692
59,3d96c7f8-7230-4c39-9837-d19a159c6bf3,202,,2.951370744000087,3.469350848999966,517.9801049998787
60,894ba448-3a79-4098-8d54-571fd2137b52,202,,3.0040566080001554,3.5348336930001096,530.7770849999542
61,d1ade3b0-3fe5-430a-80f3-1ede65d1bef7,202,,3.051521361000141,3.5491081579998536,497.58679699971253
62,897d9796-4cef-4e60-835e-a41613200d7b,202,,3.1030575099998714,3.556169812999997,453.1123030001254
63,1da56398-3da7-413a-ae59-bce36ed31ed2,202,,3.150399980000202,3.570383573000072,419.98359299986987
64,ce213b1e-3b9e-41d5-b283-e5585d956b78,202,,3.200666837999961,3.5734973660000833,372.8305280001223
65,fc02eca1-d99d-4d1f-84e2-b5da12a848ae,202,,3.251281840000047,3.59266037999987,341.37853999982326
66,0963e7c9-b6b9-4e4e-8aa1-d7e909cb5eaf,202,,3.300706963000266,3.6033455840001807,302.63862099991456
67,f4e11be4-32a1-40fa-b545-818dcbff1348,202,,3.3577219550002155,3.6376317570002357,279.90980200002014
68,4d3f0bb3-22ca-4223-b0a3-81f128abb8f6,202,,3.418110722000165,3.644486383000185,226.37566100002005
69,c62c2213-8548-4c68-b7f1-d184db015136,202,,3.451981797999906,3.6580608529998244,206.0790549999183
70,7a324ff9-87af-4a1a-8092-09edd4186691,202,,3.5001918769999065,3.674814403000255,174.62252600034844
71,847240a3-3668-43cc-8e46-f8e6fc7fef8b,202,,3.551159855000151,3.6742766470001698,123.1167920000189
72,af9f31df-5494-4ffc-b05d-440e7b2c1cc0,202,,3.6003347020000547,3.6737452239999584,73.41052199990372
73,fa821e29-6bf1-463e-873c-3decd372e9f4,202,,3.650281454999913,3.6805498960002296,30.26844100031667
74,00bd1472-01a2-4cb5-9728-7b6997144bdf,202,,3.7001747540002725,3.716789229999904,16.614475999631395
75,ab9fe469-990c-4f65-b5ff-ac2e08c3159b,202,,3.7502161679999517,3.774770530999831,24.55436299987923
76,84f98f16-b0c2-4c89-a787-fc7f0f4599e1,202,,3.8008204610000575,4.8422377780002535,1041.417317000196
77,b7e2dc43-272c-4967-96c2-bb72d4e5a398,202,,3.8532569240001067,4.980786372000239,1127.529448000132
78,8f89d5c4-7431-42a2-9cbb-bbe5a858068a,202,,3.9030673950001074,5.030697085000156,1127.6296900000489
79,ae227681-13ed-43c5-8325-da8020f9b026,202,,3.9504759840001498,5.074742022999999,1124.2660389998491
80,8f481599-9cf9-476c-9deb-dc85d1f72b40,202,,4.001343635000012,5.139463457000147,1138.1198220001352
81,c52d2ee1-e9e2-4eff-9151-523ef3eafa5c,202,,4.050312329000008,5.156505736999861,1106.1934079998537
82,5919afe9-fff5-4211-8215-472f690b2364,202,,4.101217684999938,5.190057207999871,1088.8395229999333
83,abc986bd-729a-4e18-b51a-489a8b90f4dd,202,,4.15046465200021,5.238010302000021,1087.5456499998108
84,3da4e8dd-5163-48d7-9754-2931c07e1651,202,,4.202507766000053,5.261047682000026,1058.5399159999724
85,0c9d4910-22c2-4376-aa7a-2ad466a79828,202,,4.25050810699986,5.281966121000096,1031.4580140002363
86,459f2ed7-3c20-43eb-8ff5-24c2f8c12d55,202,,4.30242902100008,5.340849819000141,1038.420798000061
87,51edc122-ac53-47dc-ae05-3d13fdcc6662,202,,4.350306412999998,5.3815665199999785,1031.26010699998
88,25fa7ea7-7503-48b6-b2eb-53d0e2891533,202,,4.401805854000031,5.391171921000023,989.3660669999917
89,f024558b-e4c1-4817-b030-9c0528af24c9,202,,4.455302913000196,5.407780105000256,952.4771920000603
90,98c469f2-6c1b-423c-8866-1e0b2f1a55c3,202,,4.501276097999835,5.436196419000225,934.9203210003907
91,579ce03a-c611-4c2c-a6e7-8cd968305a8d,202,,4.552767124000184,5.4487711219999255,896.0039979997418
92,97cb8711-cb8b-4f14-ac3b-6b4e997b884b,202,,4.604432303000067,5.4703271429998495,865.8948399997826
93,70cece06-a159-4527-85ea-285be5df74cc,202,,4.650495482000224,5.485823234000236,835.327752000012
94,af04cc2b-576e-4475-9c28-84b3f40e7813,202,,4.700891454000157,5.498210658000062,797.3192039999049
95,10d76683-71b6-4c54-9446-120ad9d97ebb,202,,4.754420800999924,5.507614322999871,753.1935219999468
96,bdf59861-e66c-4158-87a0-97c9d9b2b0ac,202,,4.801648777000082,5.522067359000175,720.418582000093
97,8c47479a-2ec4-4d94-9cb1-966a1a74a5c1,202,,4.851513784999952,5.539400660999945,687.8868759999932
98,cdcf0924-7571-4bdf-8a21-ba59bfa0c9dc,202,,4.901818471999832,5.56099109600018,659.1726240003482
99,2c2f7568-3ea7-40ed-a1b3-63b3ad04960d,202,,4.951489159000175,5.5731668670000545,621.6777079998792
100,6d6965c9-234b-4382-bd2e-d9fc1657aeb1,202,,5.006569443999979,5.583672042000217,577.1025980002378
101,008ffeb9-79db-4fb2-a0b2-22acb756bb2b,202,,5.051016355000229,5.603245152999989,552.22879799976
102,d6598de7-dc44-4120-a5fc-d157c859c961,202,,5.100675044000127,5.628890733999924,528.2156899997972
103,bc9927b5-ab43-4c3d-a9ee-e6e167a08043,202,,5.15268799200021,5.6385124250000445,485.82443299983424
104,6d56b65d-5f82-4ea8-a504-ef8869da4a11,202,,5.201215797000259,5.653058871000212,451.84307399995305
105,e553ef9f-2e8f-465a-b902-2409261e2b78,202,,5.250243069000135,5.672744891000093,422.50182199995834
106,465b2fa8-f295-4a15-9481-067d1e5af4e1,202,,5.304840095000145,5.688329267999961,383.4891729998162
107,85b3b927-ece5-4149-96d2-a0fe73f5b70d,202,,5.350356226000258,5.695647114000167,345.2908879999086
108,254ba15c-76cf-429d-af8a-af7668ecfcb8,202,,5.403731249999964,5.72057603400026,316.8447840002955
109,d2350f72-3375-4e45-8f47-2473419adb3b,202,,5.450778987999911,5.74331122600006,292.53223800014894
110,3b8de304-30c9-4993-a684-14908d22bbba,202,,5.500511088000167,5.748389594999935,247.87850699976843
111,b196010b-afee-457b-8216-381245b47215,202,,5.550470215000132,5.767879837000237,217.40962200010472
112,17a8d7df-23e8-4421-916e-a2e9232f98c1,202,,5.603437680999832,5.765481788000216,162.04410700038352
113,39813ea3-530d-4c04-94ad-42520636c44e,202,,5.653110450999975,5.774184875000174,121.07442400019863
114,515f031c-8d97-4088-aa81-33e723f6bdf1,202,,5.700363173999904,5.786573214999862,86.21004099995844
115,21de1aba-8ff2-40bb-8217-4af141b9cfff,202,,5.750199099999918,5.793311723999977,43.11262400005944
116,2f59d576-31f2-4d64-8ff1-cc82fb1a4dc8,202,,5.800227596000241,5.819350278000002,19.12268199976097
117,dac26523-a06f-421a-bb62-de5ae0d1cd61,202,,5.850642940999933,5.901737406999928,51.09446599999501
118,116177e7-829d-482a-99fa-4ee522cc363a,202,,5.901040829000067,5.957480647000011,56.43981799994435
119,79919061-0687-4b5e-a7e1-6163451952ac,202,,5.950428617999933,5.987531018000027,37.10240000009435
120,1588fc69-860d-4e87-84c6-20fe8aba1a94,202,,6.000322581000091,6.02154762300006,21.225041999969108
121,830705dc-d574-4043-a098-bf688d4b8a38,202,,6.050632058000247,6.064854901000217,14.222842999970453
122,1782dd21-5b63-4a9b-b8af-985732c9f866,202,,6.10259192500007,6.119814860000133,17.222935000063444
123,26fae2b7-3666-425b-98b2-cb997e449610,202,,6.151222848000089,6.198763718000009,47.54086999992069
124,91e884ba-6fbc-4bdb-8c59-64f4b7049718,202,,6.200188289999915,6.222598795000067,22.410505000152625
125,1ef35886-da3b-4a8d-b785-f2f9ef45406d,202,,6.250250908999988,6.265417772000092,15.166863000104058
126,32c01dc1-824f-40a4-9dee-bc46e9e829d0,202,,6.301088142000026,6.326765138000155,25.676996000129293
127,7577b4ce-9852-4438-845e-2a43c961eba2,202,,6.350317774999894,6.374658443000044,24.34066800014989
128,9ec76075-bb45-40aa-879b-d705b35d6826,202,,6.400205863999872,6.422098861999984,21.89299800011213
129,53db99c8-1509-4de4-9e67-7104850c5e53,202,,6.450162447999901,6.470257440999831,20.094992999929673
130,12ca1233-8dac-4698-8d00-27ef93cdc901,202,,6.500223025000196,6.5477724779998425,47.549452999646746
131,aa644820-3f4e-4929-ab3b-1cc638bdd3b9,202,,6.553585340000154,6.5804327989999365,26.847458999782248
132,4e5880e6-5f2d-4d18-8ebd-b30278c28c80,202,,6.600355719000163,6.62036075900005,20.00503999988723
133,e3866170-c706-4be7-a9dc-09162047c4c0,202,,6.650453459999881,6.679173543000161,28.720083000280283
134,cdc9b040-5821-4ef7-a42b-f3b19046b62f,202,,6.702813841000079,6.723648491999938,20.83465099985915
135,52091fc0-fd19-45f2-b548-4d454cc6197d,202,,6.750381958000162,6.763060695000149,12.67873699998745
136,94293e6e-9d32-4ae3-ae83-a04c775737be,202,,6.801237648000097,6.818399627999952,17.161979999855248
137,e7edfe58-53e7-4a57-b2ff-50d36919fd79,202,,6.854903607999859,6.8665294160000485,11.625808000189863
138,cb9cc6e9-491b-4f0f-8cb0-f0fa56486292,202,,6.903491949999989,6.919923352999831,16.43140299984225
139,759437a2-b4bd-4f58-b3a0-3a6e35bf6a8f,202,,6.951435500000116,6.966050566999911,14.61506699979509
140,313dba14-c508-49a2-b116-c264f9b849c1,202,,7.004998133999834,7.023785546999989,18.78741300015463
141,c7bb8499-0efe-4603-86bf-0db5f38c91cd,202,,7.052013664000242,7.070457016000091,18.443351999849256
142,aef5d894-e423-48f7-973f-1bdd4d7be07c,202,,7.100830781000241,7.1184926860000814,17.661904999840772
143,b4b44641-8429-4666-972e-5e3e0bd22a3b,202,,7.150393057000201,7.173442394000176,23.049336999974912
144,9fd23da4-2435-4efc-b24e-d0da493a1409,202,,7.201696550000179,7.237990295000145,36.29374499996629
145,3426d373-1666-4088-8e9c-e2ddf7effb55,202,,7.250320514000123,7.291659714000161,41.339200000038545
146,be6ed80b-88ec-4d0a-aa04-432a2db5670e,202,,7.300383257000249,7.322824093000236,22.44083599998703
147,08e50e5a-1905-4d0e-8ccf-2fb7643a6aaf,202,,7.350481747000231,7.366697498000121,16.215750999890588
148,ddda0c56-eef3-4b52-ac8b-5efe9d7d1370,202,,7.400190429999839,7.4173724920001405,17.182062000301812
149,724bb998-2a17-4558-8393-9e948fc57e59,202,,7.450191343999904,7.463770229000147,13.578885000242735
150,e6dab55c-d7b2-4924-8fd7-09e03051adcf,202,,7.501557583000249,7.516278434000014,14.72085099976539
151,61776e86-a597-4344-9775-976cfc111732,202,,7.5502080860001115,7.568052061999879,17.84397599976728
152,9bf37ac4-7a3f-4b90-bb96-f7e33b7a6bff,202,,7.60537648699983,7.620086963000176,14.710476000345807
153,2a998f91-8c62-4bb0-a36e-a732f6348e1d,202,,7.651560195999991,7.665492849000202,13.932653000210848
154,cb218975-5975-42d3-8ad0-6cf6472f2afa,202,,7.702550083999995,7.717197480999857,14.647396999862394
155,5e1d8f95-82cd-4504-af24-186541887bf0,202,,7.754317878000165,7.769926169999962,15.608291999797075
156,475f5702-e597-44e1-8447-fff7bf8756dd,202,,7.802172017999965,7.818390018000173,16.21800000020812
157,0664a869-d157-427e-8791-518c3a12d033,202,,7.854510732000108,7.871016047000012,16.50531499990393
158,4cc187f9-b145-4c01-aa7f-eac07a30f745,202,,7.900226389000181,7.915592071999981,15.365682999799901
159,c0214967-8bc2-4081-82df-450e180892eb,202,,7.950730768000085,7.997806459000003,47.07569099991815
160,bcc76797-dec3-4588-99bd-154a6d62dabe,202,,8.000269752999884,8.015999828000076,15.7300750001923
161,b937bd68-31d8-4c2e-a5c3-3fefb1fdc069,202,,8.051627157999974,8.065005890000066,13.378732000091986
162,d6640f51-5eba-4295-a121-54e45ca52417,202,,8.100258287000088,8.119413341999916,19.15505499982828
163,8a84868d-3ac2-40ca-bb15-2f85e1d53d44,202,,8.152146822999839,8.173762797000109,21.61597400026949
164,959d7b9d-a6c1-40d5-9d9e-b2d976507f2f,202,,8.200475222000023,8.23452932400005,34.05410200002734
165,bd4cea87-c6e3-41a3-b792-0cf4b3bb945e,202,,8.250938396000038,8.331442522000089,80.50412600005075
166,12a3646a-564b-4792-86a1-754c6a411449,202,,8.30033980600001,8.342374542000016,42.03473600000507
167,ed485884-bc1d-4206-9293-bedbe8c1592a,202,,8.350533497000015,8.377167636000195,26.634139000179857
168,cf5b30f3-b236-49f9-b875-526b02abe26b,202,,8.400330549000046,8.41626056899986,15.930019999814249
169,46a9c8df-b696-4533-a51e-6ebd77264bc5,202,,8.450232426000184,8.476496797999971,26.264371999786817
170,4b60b90b-b219-4af1-96c5-d519cc5cbade,202,,8.500237380000272,8.516816440000184,16.579059999912715
171,4638ba65-0eb0-4d6e-9beb-7d9dd8e61903,202,,8.550637639999877,8.569810069000141,19.172429000263946
172,6c9084a4-52ee-453d-8fab-3e99d0b57038,202,,8.601967546000196,8.615984152000237,14.016606000041065
173,197cfe6f-56c7-4d6d-9778-b037bfd55406,202,,8.65026340500026,8.665636212000209,15.372806999948807
174,2d610389-edc6-4dfe-8e28-c02b380e04d7,202,,8.701048305999848,8.712250098999903,11.20179300005475
175,1da8c033-3711-4155-976e-6c0b68636f6f,202,,8.753233113000078,8.771379610000167,18.146497000088857
176,542e6919-997e-4c59-82b0-8fe65681fc44,202,,8.800659779999933,8.814784461000272,14.124681000339478
177,229a1f43-ee7b-4c29-867f-be4e771d5e24,202,,8.851996102000157,8.866820361999999,14.82425999984116
178,a3495380-a422-4ac8-9ba3-1c58ba360711,202,,8.901349680999829,8.917220538000038,15.870857000209071
179,e835be50-a67c-4253-84b2-d0f59892fe32,202,,8.95055856199997,8.964972350000153,14.413788000183558
180,2caee60a-90f3-4620-bbe8-ecd36d89ae99,202,,9.00050239400025,9.020889783000257,20.387389000006806
181,3890a6b6-d026-4191-ab26-99cc0b7bdee6,202,,9.053113465000024,9.066825465999955,13.712000999930751
182,f0b0bc0f-c42f-4c53-9d0e-e816e77308c2,202,,9.100703494999834,9.121420362000208,20.716867000373895
183,08e20cf4-5778-46f0-ba9c-138b2640a681,202,,9.150684533000003,9.166963946000124,16.279413000120257
184,3dc2d270-6cda-4e43-aea3-8bf2ab27f15d,202,,9.20063961400001,9.21524259700027,14.602983000258973
185,7ce48f31-f7be-4e24-a302-c0165c995ecf,202,,9.25138618400024,9.267110758999934,15.724574999694596
186,481fd1a9-d034-480f-aeba-86484371b727,202,,9.302502520999951,9.319184906999908,16.68238599995675
187,6cb3b7b4-888e-4992-a851-729d92e60de8,202,,9.350417780000043,9.374605040000006,24.187259999962407
188,06c7f9be-e6a5-4ceb-814c-08711a3efa5f,202,,9.400213497000095,9.415092170000207,14.87867300011203
189,afbe848e-4473-4513-9f02-218ae70e8185,202,,9.450202325000191,9.46676309500026,16.56077000006917
190,47f3cc1c-b95c-46db-8933-c794108ac772,202,,9.500217403000079,9.515722201000244,15.504798000165465
191,2cb9ea15-23d1-4128-af5a-b6ce043c2c5b,202,,9.550445423999918,9.588402139000209,37.9567150002913
192,65953877-d2b1-4ece-8b5c-dc0876754feb,202,,9.600503330000265,9.617828798000119,17.325467999853572
193,b56dbd99-a6f3-46a5-a64c-64c21310151e,202,,9.653288805000102,9.665547736000008,12.258930999905715
194,b709c5f8-c27e-410d-b7fa-97ec7c8b863d,202,,9.700877542999933,9.717799329000172,16.92178600023908
195,9ac96079-a608-4d8d-a142-a5afea07e438,202,,9.750993445999939,9.763464362999912,12.47091699997327
196,46cf7704-9dae-4217-9259-624f48d36b22,202,,9.800591466000242,9.814988338000148,14.39687199990658
197,0d4cfe54-08c8-444e-95ca-ce0b245f2c53,202,,9.85257545200011,9.866616680999869,14.04122899975846
198,b9cb39a0-bc09-4c06-afeb-4cbe09a61450,202,,9.900778399000046,10.535645704000217,634.8673050001707
199,7cea8175-c518-4023-9c52-7893d2d508b5,202,,9.953069865000089,10.539655519000007,586.5856539999186
200,6496c3e2-48bd-4585-abc4-8e980e94562d,202,,10.000959542000146,10.547771811000075,546.8122689999291
201,bb13a7bb-f771-48ef-904e-ca3330b456d4,202,,10.05047152599991,10.559103679000145,508.6321530002351
202,8afef9f2-4656-490e-a9aa-9dc15233ca15,202,,10.104981093999868,10.562626942999941,457.6458490000732
203,f97f96b5-ef15-4bb6-bbbd-dd65409fad8a,202,,10.150640586000009,10.574304705000031,423.66411900002277
204,6ce669d9-8518-4049-a89e-6b85f51d91e2,202,,10.200554794000254,10.580333384999904,379.77859099964917
205,91853f11-c3a8-4211-b2c7-e2e3d738ada6,202,,10.250464127000214,10.589893372000006,339.429244999792
206,8dfba66f-5be1-43f5-a82a-c7d7379e4dd7,202,,10.302885375000187,10.601810741999998,298.92536699981065
207,7f9e9ab6-a79d-4b23-91ce-7a5707aa02c6,202,,10.350906293000207,10.611998644999858,261.0923519996504
208,a394e8fe-1948-4c52-9ac0-3c8f9634874a,202,,10.402457099999992,10.62548236900011,223.025269000118
209,fc06a891-a0e7-42c4-b822-e687f4ea5b46,202,,10.450328693999836,10.633478001000185,183.14930700034893
210,a927a504-43ea-46f8-9eb1-7d01e6ae1f93,202,,10.500307148000047,10.64998602300011,149.67887500006327
211,2b52129a-36b2-48e1-99e0-1377c0bb790f,202,,10.55081535699992,10.655461031999948,104.64567500002886
212,678af1e1-259a-45cf-8d0a-5187b2a6eb59,202,,10.60109374800004,10.665416742000161,64.32299400012198
213,369b8167-58e4-4623-bfe0-342d6521a220,202,,10.653002612999899,10.672115377999944,19.11276500004533
214,a5ede74c-ca4c-406d-947b-3e5a2684b003,202,,10.70037690700019,10.71755713399989,17.18022699969879
215,c302cc25-1896-4d31-8524-88c0db60a654,202,,10.750213118999909,10.778550349999932,28.337231000023166
216,1d91da79-f7b8-4037-ae09-d4e9db19e088,202,,10.800280315000236,10.818535804000021,18.255488999784575
217,a39c9fa5-a76e-4000-a424-ab91023dcd7e,202,,10.850287349000155,10.862147265000203,11.859916000048543
218,6ea3cf99-6223-4206-ad3b-3d93a91f92b7,202,,10.902509817999999,10.916952895000122,14.443077000123594
219,c9b17594-c4ca-4ef8-9154-89d48145dfe1,202,,10.951081364999936,10.966572329999963,15.490965000026335
220,f7f583b4-d4cb-4f6a-85f1-88aca237d81c,202,,11.002213823000147,11.018598186999952,16.38436399980492
221,b04ed1c4-8636-4af9-b9fc-92ab0119e72c,202,,11.050989565000236,11.063922409000043,12.93284399980621
222,45e3872f-1712-4f69-a914-0f6d40c22279,202,,11.103163203999884,11.11986075499999,16.697551000106614
223,d4b77bc8-9628-4a2d-b0e3-c8841ea9dd5c,202,,11.150293929999862,11.166143579000163,15.849649000301724
224,c4f2803e-ee42-4c03-9e7c-6b884a2ff5b9,202,,11.201288731000204,11.217396779999945,16.108048999740276
225,84f5b778-da0c-4fdb-a35f-0a35828a2f38,202,,11.25112323500025,11.265563270000257,14.440035000006901
226,e65d4c5c-633a-4e1f-9220-f9c075a9a6bc,202,,11.302284150000105,11.323951244,21.66709399989486
227,938d4c1d-3980-4b6c-ae99-a38977d335c3,202,,11.350793450999845,11.368578679000166,17.785228000320785
228,8bd0d91d-6828-4271-8e42-7314436d4aa3,202,,11.40076540400014,11.420491752000089,19.726347999949212
229,9248c2ce-61c5-4441-9ab2-92d572ecd2c9,202,,11.45173362300011,11.477631310000106,25.89768699999695
230,b5c74c58-d9f0-4b07-9238-13b6c8e0506b,202,,11.50186473199983,11.532769293000001,30.90456100017036
231,8c36c31b-9a31-4a15-a330-52bf68f5f0b8,202,,11.550759715999902,11.566652694999902,15.892979000000196
232,8b934d0b-efef-42ce-80f7-f95dcf2bc1f6,202,,11.602969643000051,11.617478714999834,14.509071999782464
233,37a0e1d3-ba15-41f8-ba1a-295cb7b50aa2,202,,11.650153989000046,11.667621696999959,17.467707999912818
234,9e57bbae-231d-4ec5-84bd-e61b8f5d57c9,202,,11.700352717999976,11.715719982999872,15.36726499989527
235,08a25eb5-e458-4521-b4f2-6e3f8c269fe9,202,,11.750169512999946,11.76819980800019,18.030295000244223
236,bc31a592-8efc-40d9-a363-0e9d2fca5ed9,202,,11.801835727000253,11.820570058000158,18.73433099990507
237,5765938f-d21d-44e0-bda9-cbc21b6ec6f8,202,,11.85018662099992,11.867368722000265,17.18210100034412
238,35ff7581-4622-41c7-ba5a-c5fd5fa11270,202,,11.901680679000037,11.911783129000014,10.10244999997667
239,2658bff1-d9f7-465d-bfd7-23fb914cf451,202,,11.953093867999996,11.968370305999997,15.27643800000078
240,0003b130-6c03-43b0-a2db-6f7083422086,202,,12.002454610999848,12.021941767000044,19.487156000195682
241,98ae274c-5410-48ca-8824-79d7c95234cb,202,,12.051247392000278,12.065388904999963,14.141512999685801
242,23bd0ff4-c5fe-42c0-a0cc-47386743d29f,202,,12.101764098999865,12.119065193000097,17.301094000231387
243,29502cca-f770-40f0-829f-8d4ddbdaa564,202,,12.151196211999832,12.180667992000053,29.47178000022177
244,40f5a05f-9bb1-45f1-8738-1084123ad40d,202,,12.201156081000136,12.216722166000181,15.56608500004586
245,256d11aa-d069-4184-99c2-252f28d37de0,202,,12.250998333000098,12.269574341999942,18.576008999843907
246,38876f0b-7d3a-4c8c-a073-982e29f1c1af,202,,12.300905747999877,12.320652887000051,19.747139000173775
247,3cc7efd4-a07b-4393-83fd-d02235b1f018,202,,12.350854368,12.36566229500022,14.807927000219934
248,fe2d24af-4044-4d8f-bc4a-46fe2b1b6f44,202,,12.400593586000014,12.415265062999879,14.671476999865263
249,d732286e-9d7a-45ed-81de-bfb9bf291b24,202,,12.450419630999932,12.467638647000058,17.21901600012643
250,5518c908-4296-4c1b-b30b-8b9198dd1bd3,202,,12.500402498999847,12.515526528999999,15.124030000151834
251,10bd4ce0-53a8-4fa1-99b6-be69481ffd86,202,,12.550547356000152,12.561643364000247,11.096008000095026
252,8aab6f44-9140-4eba-8312-581f75973426,202,,12.605479017000107,12.61827261999997,12.793602999863651
253,ad70a268-29aa-4e97-90da-bf01cd37742b,202,,12.650497507000182,12.710716272999889,60.2187659997071
254,68d36e6a-d1ff-47b1-9154-f63239cd6d02,202,,12.700801476999914,12.724662591000197,23.861114000283123
255,78f0c72c-b962-4cbf-bee8-321ee87b8a2e,202,,12.750436033999904,12.76726732599991,16.831292000006215
256,99edd272-b323-4f5b-9203-e6df9b3a6acc,202,,12.800220872999944,12.828498939999918,28.278066999973817
257,b9d5768c-51f9-48c0-b501-c9e5250e9fe5,202,,12.850189407000016,12.86742742100023,17.238014000213298
258,6b4b30ce-40eb-4433-aad5-cfcab0b46cd7,202,,12.900262643000133,12.92244540999991,22.182766999776504
259,bd85eb14-7535-4e55-a6a2-9784edff456a,202,,12.950431706000018,12.968772521000119,18.34081500010143
260,1fbef6bc-f109-4f88-8487-67784dd83cbe,202,,13.00308839399986,13.021827599000062,18.739205000201764
261,bf23d8c4-3896-4fe1-8efb-5cbae84c9d58,202,,13.055002131000037,13.06680225900027,11.80012800023178
262,1241036d-3898-46e1-89e9-7b784bb47d21,202,,13.103924776999975,13.117192224000064,13.267447000089305
263,dcbf17cf-657c-4700-a934-38edac77079d,202,,13.150490955999885,13.179994609000005,29.50365300011981
264,59c837d0-6ba3-46ab-b998-971faf4c528e,202,,13.202426734000255,13.230207668000276,27.780934000020352
265,e5568f12-ae32-4bdf-86bf-059b9e396e07,202,,13.25140650100002,13.270987609000258,19.5811080002386
266,d95002d4-6e46-4a2b-ae2c-9238c70cee5f,202,,13.302376302000084,13.32147169200016,19.095390000074985
267,fbe80cad-3a33-4ecb-8639-4c4aa40bdca3,202,,13.350477044999934,13.36698506599987,16.50802099993598
268,32cdac06-2e45-490d-99b8-25049b9db24e,202,,13.400843302999874,13.421256605000053,20.4133020001791
269,c3e8c4bc-7e3e-4f19-b1ec-8031245c0f5c,202,,13.451321803000155,13.46425243900012,12.93063599996458
270,15e98ef1-d2dc-4ca3-8247-9a55b955e5b9,202,,13.500832159999845,13.516812800000025,15.980640000179847
271,3690c0cd-83b9-40e1-9a30-ef8b08516c02,202,,13.551857039999959,13.566977404000227,15.120364000267728
272,160d5ebc-ce36-4ccf-b0f5-cebf9692f101,202,,13.60143218300027,13.616870526000184,15.438342999914312
273,ccf94bcb-28d6-47e5-8b00-69bbd3e58a03,202,,13.65048340300018,13.665587727000002,15.104323999821645
274,90866553-422f-4317-b289-77c5e86171c5,202,,13.700724918000105,13.718493938999927,17.769020999821805
275,72c279f6-5260-4921-96ab-97fd478bafa9,202,,13.750384681000014,13.768504843999835,18.120162999821332
276,e9f742f6-725e-45e5-bb18-b07d1323e9e2,202,,13.800209140999868,13.815272341999844,15.063200999975379
277,55f96101-56fb-4b9f-aaa7-5e2ce1a79f10,202,,13.850302874000135,13.866984799999955,16.681925999819214
278,ff0e2a4c-a9a1-462d-97e5-11b891c3bb66,202,,13.900308405000033,13.92028140299999,19.972997999957443
279,e2bf21d7-d228-4cb4-a9f8-59eea90569d2,202,,13.950551795000138,13.961521603000165,10.969808000027115
280,9cb68985-c2c4-4857-827c-004ced4f1d67,202,,14.00535829699993,14.01874752599997,13.389229000040359
281,0948bf73-5f9e-4693-9161-9a25b5b3bd93,202,,14.055247961000077,14.069670454000061,14.42249299998366
282,2da9ff53-def3-446b-ab38-636c1edf14a8,202,,14.101295172999926,14.116825843000242,15.530670000316604
283,455f43c7-f94a-47aa-b94e-c832a3e526eb,202,,14.15346664200024,14.16741945900003,13.95281699979023
284,b3fbf263-15d1-4825-a621-70e6d197f9a3,202,,14.201412103000166,14.21556865599996,14.156552999793348
285,eb5fb82d-5e17-4860-b6b0-91c2fc43897c,202,,14.255371160999857,14.27536632400006,19.99516300020332
286,f6841d9c-dc93-43a2-9637-63274c015d00,202,,14.301401540999905,14.31759216699993,16.190626000025077
287,9a1148ab-ca4e-4e05-abbf-1438c76871e4,202,,14.355373639999925,14.37268823300019,17.314593000264722
288,de0b6c8b-7482-40f5-8b32-6c761bc9df18,202,,14.401478307000161,14.418591996000032,17.113688999870647
289,080f62c5-c66e-4eca-b6f3-86ee39c96b67,202,,14.45096166500025,14.4727840810001,21.82241599984991
290,481edb23-4135-43df-babf-288df2f0fb42,202,,14.501255218000097,14.525515971000004,24.26075299990771
291,2a64ad57-6197-45d3-96aa-8e20a4bb4fe5,202,,14.550168030999885,14.569920376000027,19.752345000142668
292,7ec6a262-f0bd-432e-a1d6-d973d4fed31c,202,,14.601528345000133,14.616615419000027,15.087073999893619
293,99a43491-0181-4b33-9f4c-6379615b7c74,202,,14.65168219799989,14.664146614999936,12.464417000046524
294,5b3167cf-bbe7-4b85-a881-44cf4a098844,202,,14.701750599000206,14.713080425000044,11.32982599983734
295,9e9ede02-4a39-4ba7-8a94-65e5de0ad43c,202,,14.751826665999943,14.798982761999923,47.15609599998061
296,d4de7620-064e-40ea-aa78-965c14875602,202,,14.80018918099995,14.815248256999894,15.059075999943161
297,03b79001-63f0-40b9-bd40-ec2d826b0f85,202,,14.850180044999888,14.866511661000004,16.3316160001159
298,7fb6de81-d2c9-4ce6-8c2d-3b4184c62b6b,202,,14.900280027999997,14.921464568999909,21.184540999911405
299,798e760b-c2ec-44d3-aa65-bcbf08c57a27,202,,14.950146525000036,14.963066828000137,12.92030300010083
300,4ceb2502-e468-4535-8e0d-b7ecbcdcaedd,202,,15.000168512000073,15.012969905999853,12.801393999779975
301,60c70a4c-77b6-4b0e-8217-2b7edcee281f,202,,15.052714497000125,15.074916512000073,22.202014999948005
302,ec1bfee4-efe5-40bd-afe8-5b0f29116562,202,,15.100537714999973,15.115488381999967,14.9506669999937
303,338e934f-a40c-4ca8-ac01-996f29731cae,202,,15.150513414000216,15.165420166999866,14.906752999650053
304,320e8d84-4df6-4732-96ba-e88ad9f1a60f,202,,15.205041683000218,15.215707552999902,10.665869999684219
305,ccee2c7f-82af-4386-963e-1f8bdba95533,202,,15.255248948999906,15.267620663999878,12.371714999972028
306,e7c803e6-5f5b-4505-aea7-bcd9281152c6,202,,15.300814067999909,15.313787491999847,12.97342399993795
307,3ac32b69-ba1f-43ca-a10b-d9f5fc7d1bbb,202,,15.352811839999958,15.370731349999915,17.919509999956063
308,a218fdf0-4800-40e5-9aa9-bc3c1b75845c,202,,15.400320286999886,15.416459956999915,16.139670000029582
309,814fe91f-34d2-4161-91ef-6537cedcd361,202,,15.450765288000184,15.465593378999984,14.828090999799315
310,8c08deba-4e5c-4d41-9975-44f9423ac143,202,,15.504431656000179,15.521559843999967,17.12818799978777
311,c0a92aa1-5ef3-4b27-8bf9-b7f157039edf,202,,15.550204843999836,16.56834501000003,1018.1401660001939
312,1a4235d0-4c49-4c9d-8766-05e70ef5d114,202,,15.605179915999997,16.579185326000243,974.0054100002453
313,a00fd50f-14c1-41f3-aae5-ebe2ad1b0ce3,202,,15.650773114999993,16.591895475,941.1223600000085
314,77bd6918-d0ec-4b74-88f2-eb0aef1771a7,202,,15.701098664000256,16.61656053200022,915.4618679999658
315,9eaf50ad-baca-43b1-84fa-afe8aef6b02d,202,,15.751183854999908,16.624458920000052,873.2750650001435
316,6eda603a-4dc0-4945-a3d6-1123a119f3ec,202,,15.807260686000063,16.67842860000019,871.1679140001252
317,c24c857f-b884-4811-88de-1abcb9059bea,202,,15.853076953000254,16.696940068999993,843.8631159997385
318,1e80edc1-9bec-409c-9d06-f6952fc7b687,202,,15.900925502000064,16.72091196500014,819.9864630000775
319,2e478179-edc3-451b-9536-5dbd8bf329d9,202,,15.950996484999905,16.74284541299994,791.8489280000358
320,a988cb6f-758b-4af4-8181-357565f59a4b,202,,16.00155951800025,16.75863302300013,757.0735049998802
321,590f0c86-cd88-4d9b-a115-112b967c42c1,202,,16.050569863999954,16.765737298000204,715.1674340002501
322,08fe639b-e03d-4b13-baa3-e6aee1fa32d0,202,,16.1003886970002,16.78753896399985,687.1502669996516
323,4546c2a3-af08-4dce-8d6b-4f374740286e,202,,16.15046376300006,16.79789277100008,647.4290080000173
324,d77cd3f6-8c32-43ab-8e1c-777d616ea33e,202,,16.21434661300009,16.812704612999823,598.3579999997346
325,4fe1de0c-3029-42fa-a54a-23e0fc3e3103,202,,16.250371911000002,16.813877950999995,563.5060399999929
326,b406c9aa-7f58-47b0-b25c-d1ebf49bd90d,202,,16.30048589099988,16.83069794999983,530.2120589999504
327,4686144f-c68a-45ba-89f8-c195e63a86e7,202,,16.350899851000122,16.839945998000076,489.04614699995363
328,c71214cb-2c5c-4a83-b1c7-b951a71088ef,202,,16.401289770999938,16.847675022000203,446.38525100026527
329,79077601-d313-4149-9992-5491448cc945,202,,16.452162700999907,16.870705564000218,418.5428630003116
330,b90cf03e-8d85-4425-a664-6ea4547899b6,202,,16.500829360999887,16.87765939000019,376.8300290003026
331,7bc31d73-c393-4612-bb06-8ce305d3fc73,202,,16.55129723400023,16.89119248399993,339.89524999969944
332,b77bba6f-dd8a-4e17-a252-6ed47282d6ac,202,,16.602064211000197,16.90141734200006,299.3531309998616
333,70320ed6-0cff-49b0-83d7-ae11505c454b,202,,16.65062412799989,16.920391697000014,269.76756900012333
334,da88a880-168b-4149-8985-e1135f0eed14,202,,16.70506019200002,16.92283186700024,217.77167500022188
335,856cbcbc-65da-4337-a333-6d2512bafa67,202,,16.750248751000072,16.933406200000263,183.15744900019126
336,a41c6594-4f73-42c7-86b1-0f339ceb2cd1,202,,16.80020703199989,16.942764574000194,142.55754200030424
337,d0df6217-c0e5-43b5-b53e-a8f1a8ed5924,202,,16.85049545799984,16.944957801999863,94.4623440000214
338,a457dd8a-6e6d-442b-acdf-03fcce4cb3c2,202,,16.902862495000136,16.950815409999905,47.952914999768836
339,c5022b20-0bcc-4f1e-877e-65c5fdc258fd,202,,16.95022307499994,16.969954254000186,19.731179000245902
340,1be4b7f1-e113-45c3-b20f-f7fb0bd630f7,202,,17.002386125000157,17.04987957100002,47.49344599986216
341,51b5c9af-5b9a-4982-be5e-960de377b916,202,,17.052550683999925,17.081945633000032,29.394949000106863
342,7f39e65d-eb9b-4fee-b00f-2ae98207fac4,202,,17.101822553000147,17.128442730000188,26.620177000040712
343,5709910b-02b6-4089-b0bf-42fae60cd63e,202,,17.151043216999824,17.166214243000013,15.171026000189158
344,de66f957-f38f-4cd2-9026-2131e214fad6,202,,17.202869790000022,17.214532551000048,11.662761000025057
345,e8327b4b-fb7f-44ce-b45a-b2bc2f98d6da,202,,17.254785815000105,17.267728114999954,12.942299999849638
346,3dd1bdfa-0896-4168-b191-4fb637336c9d,202,,17.30027401999996,17.317520199000228,17.246179000267148
347,205a315b-b8e4-40e4-95af-fb3c604f3f33,202,,17.3503166710002,17.366050326000277,15.733655000076396
348,f576ddb0-67ed-4669-b589-cc07d7269cc5,202,,17.40246351399992,17.422716532999857,20.25301899993792
349,82fc0135-6f18-49b8-9015-a3a9665b5bf7,202,,17.451983782999832,17.465603205000207,13.61942200037447
350,5ad9042c-c048-4b30-8fe2-97ed4c185e1a,202,,17.503141358999983,17.51504568700011,11.904328000127862
351,862a5355-4c7d-4d93-8dc4-6b899e351407,202,,17.552768037000078,17.574800187000164,22.032150000086403
352,e811c4b8-9296-4d92-9163-3904db0697af,202,,17.601332118999835,17.61637232000021,15.040201000374509
353,74be5a04-3ac8-4a40-bfdc-5c802eb1b7eb,202,,17.652299540000058,17.672505896000075,20.206356000016967
354,0e9023eb-25ac-45f7-8dbb-7912da184db6,202,,17.70130409300009,17.754447993000213,53.14390000012281
355,45be8255-b10e-4712-bf06-63c7b0415b64,202,,17.750809778000075,17.785255763999885,34.445985999809636
356,4bb6bd03-b360-4394-aebc-0b54414b2195,202,,17.8003860419999,17.821127445000002,20.741403000101855
357,bb1a065f-58ef-49e7-bfc5-61155e219507,202,,17.850232747000064,17.87447866499997,24.24591799990594
358,27d27471-3510-45b3-9f60-ee9685acc8de,202,,17.900200650999977,17.92403843000011,23.837779000132286
359,4aeec441-d4d2-471c-ab0d-3637fb97337d,202,,17.950500700000248,17.968388961000073,17.888260999825434
360,9c82bd70-e566-408b-8a96-ef56d7fca48d,202,,18.000203747999876,18.024172018000172,23.968270000295888
361,0ed9fb8e-76c6-4f71-a54d-57d5dc79dcb5,202,,18.050240939000105,18.081237406000128,30.996467000022676
362,c7782747-473c-4315-ad8b-ba99043e75eb,202,,18.10028675500007,18.11469233200023,14.40557700016143
363,e4d3ec1c-03d5-412d-9632-651138e83288,202,,18.15054251599986,18.170589589999963,20.04707400010375
364,89282e98-5b5e-4728-b1ac-8b5a69f07519,202,,18.202670651000062,18.22597679899991,23.30614799984687
365,5112f988-c0b9-4e98-8666-c2a9ff3e8174,202,,18.250341209,18.278796929000237,28.455720000238216
366,a9969b20-bfed-4a76-a023-0426eae1b7dc,202,,18.30025832499996,18.323858244999883,23.599919999924168
367,6b229914-a639-4757-b811-bd3f0b442c00,202,,18.350753903000168,18.36311436699998,12.360463999812055
368,29d776f9-e1df-47fb-839a-cf8ebe518e78,202,,18.402350324000054,18.414248944000065,11.898620000010851
369,3c357464-4ab0-4c3c-98c6-366b11bd4221,202,,18.45115984699987,18.467039992000082,15.880145000210177
370,ab909332-5fe4-4af8-85a0-abd39af91586,202,,18.503560713999832,18.525771644000088,22.210930000255757
371,c07850e5-e72e-4b90-8f1d-275bbd347f5f,202,,18.551101863999975,18.587913441000183,36.81157700020776
372,8e232009-001c-4586-8565-b3d6789a4f5f,202,,18.601925544000096,18.614704813000117,12.779269000020577
373,1c66cd88-3a86-4dee-acb2-39831379eba4,202,,18.650278639000135,18.670843386999877,20.564747999742394
374,f53367f6-4419-4f0f-8b0d-95bf09b1f180,202,,18.701123068000015,18.714255604999835,13.132536999819422
375,a57a0be0-349d-4021-8365-057571cc8d37,202,,18.750541382999927,18.811392349000016,60.8509660000891
376,4a4009a8-1f46-47cc-8bc1-bd79393705d3,202,,18.80151230299998,18.831805856999836,30.29355399985434
377,965bbc88-95e2-45d0-9543-8fe66d98ccd2,202,,18.85033894900016,18.86764674899996,17.30779999979859
378,c40a3a0f-5a32-4865-aea8-60a95697d8b4,202,,18.900443343999996,18.917385918000036,16.942574000040622
379,2363bfaf-98fa-4645-9ead-092ff91c0928,202,,18.950188720999904,18.971173232000183,20.98451100027887
380,3c7c8556-6621-4ebe-9c6f-5a86a65611e7,202,,19.00018720600019,19.013775045999864,13.587839999672724
381,b8ef0741-60ea-4256-8f47-41ad2c981fbf,202,,19.051730920999944,19.069153837000158,17.422916000214173
382,b313cb7c-f3b9-4918-b74f-4ff440a30380,202,,19.100907544000165,19.11254513899985,11.637594999683643
383,f3f9b0e3-e7f2-494e-85bf-03f28944c796,202,,19.155215990000215,19.168430980000267,13.21499000005133
384,8c608fb5-6fae-4253-9552-de999f3e7cd9,202,,19.203091659000165,19.21829064099984,15.198981999674288
385,fe382fc3-b68b-4074-bd4b-16d283affa5a,202,,19.252854576000118,19.26652611899999,13.671542999873054
386,5cb9bb66-d7e2-40a5-8df3-8cb7391e6365,202,,19.300668373999997,19.31435783200004,13.689458000044397
387,2255c4f3-7e94-4590-af51-55f99eef2574,202,,19.352932581999994,19.37227332900011,19.34074700011479
388,6660ac0f-58a0-4d20-8ac8-d2526d89be7b,202,,19.402473848000227,19.41709524399994,14.62139599971124
389,df563970-a7b3-48b9-97a4-cc59e26036c8,202,,19.455324933000156,19.470478210000238,15.153277000081289
390,0fbc9177-d845-4e2d-9d71-20e206a3cd13,202,,19.502519355999993,19.52277999900025,20.260643000256096
391,fc0e2f26-5382-4077-9c86-e2eef07a5e89,202,,19.55122213599998,19.578308321999884,27.086185999905865
392,ed5381a4-c129-428e-b497-5ac5b354fc6e,202,,19.60094767999999,19.61965080200025,18.70312200026092
393,fd8baae6-8368-4061-b9be-25c1926f469e,202,,19.650635642999987,19.668060059000254,17.42441600026723
394,486406ab-c98b-4f77-9cb5-92e246d27aa1,202,,19.705281233000278,19.72136598799989,16.084754999610595
395,8d9464fe-f584-4bbd-afb6-4b958b6d4877,202,,19.750618528999894,19.768831474999843,18.212945999948715
396,066a37b1-3135-4759-8d10-938fbadf6190,202,,19.802535717999945,19.82030331900023,17.76760100028696
397,9a9b537e-5234-424e-a7eb-986539915180,202,,19.850268853000216,19.87352812900008,23.25927599986244
398,65e1cb61-7cfc-419e-bd47-c60d7a4a6857,202,,19.902873163000095,19.932144034999965,29.270871999869996
399,adfe225d-a0d1-4f81-9a30-67df183e91ae,202,,19.950163203000102,19.964317422000022,14.154218999919976
400,7a269d17-b639-422a-b649-976cec69a5b6,202,,20.000137521999932,20.013315139000042,13.177617000110331
401,16b4148b-4de7-4cb6-8b5a-c65c7a97bcd0,202,,20.050169087000086,20.06455237399996,14.383286999873235
402,4454590e-139d-4cbb-a768-324a668ae97f,202,,20.10040630499998,20.11344839000003,13.042085000051884
403,018deb44-c989-4264-aff3-efabb1765946,202,,20.154665045,20.168566947000272,13.901902000270638
404,405fae8a-336d-483c-a13e-915c47770ffa,202,,20.200151789999836,20.212374429000192,12.22263900035614
405,e042c99f-4e62-495c-be1b-d44343ffcb43,202,,20.255226184000094,20.27080897299993,15.582788999836339
406,122db047-15db-42b9-9601-8be21f2b10bd,202,,20.30280645499988,20.31592849200024,13.122037000357523
407,40773e38-398b-43d5-b8d2-6af28b38b5b7,202,,20.35127516600005,20.36462643899995,13.351272999898356
408,ea801dca-d137-4da6-b3a2-bc3fff805654,202,,20.402580645999933,20.418414584999937,15.833939000003738
409,4ccade9c-0427-4a77-b512-e399502482d8,202,,20.455314697000176,20.472445632000017,17.130934999840974
410,2a55c801-8ece-476c-bcd5-fc47cf06a589,202,,20.50040038499992,20.515965592000157,15.565207000236114
411,558a755c-9413-43ee-a201-e258fdbebab8,202,,20.5526865490001,20.5640090400002,11.322491000100854
412,88a41e3f-0670-414f-96b1-0a2d47948840,202,,20.600999353000134,20.634251167000002,33.25181399986832
413,2f5affb3-9dd4-4801-b950-cc8a5bf4e0f2,202,,20.65106370700005,20.675765217999924,24.70151099987561
414,9252ee52-b78f-46e9-837a-0006a05b972e,202,,20.700294491000022,20.710546096000144,10.251605000121344
415,4cf15d61-1990-4869-9e95-29e17c538365,202,,20.750564080999993,20.765697484000157,15.133403000163526
416,7b22c17b-e056-48eb-9071-982674293fea,202,,20.802227869000035,20.81400974600001,11.781876999975793
417,59acdf82-fccd-4a29-a654-b44d9ade519e,202,,20.85127058299986,20.87496249500009,23.69191200023124
418,05b74098-4997-4dc0-9543-98b1ca59c46e,202,,20.900274840999828,20.92709966800021,26.824827000382356
419,1ed7dc3f-3297-4360-b73e-9948ae836fb9,202,,20.951142057000197,20.987771436000003,36.62937899980534
420,3aab848e-15e8-4541-84e8-c12efd9d0792,202,,21.00018993799995,21.022148591000132,21.958653000183403
421,8ce4a445-5ed6-43c1-99ea-e1ff3e102b0a,202,,21.050371283000004,21.08762637000018,37.25508700017599
422,aa3d2405-bcf7-42e4-a20f-72cc3fd50c16,202,,21.10039130699988,21.116753877000065,16.36257000018304
423,5180fab9-543e-4bc3-81ca-ab1c8e270c25,202,,21.15034383400007,21.170031890000246,19.688056000177312
424,6751dbba-cc40-4b86-a669-edd13d714a8e,202,,21.201360915999885,21.214682897999865,13.32198199997947
425,f5fe4680-f0a7-4023-aa7a-d7be5f45610e,202,,21.253988597999978,21.26715504899994,13.166450999960944
426,4be3d0bf-e19f-4d36-871f-4941ebc9b098,202,,21.300617140000213,21.313804422999965,13.187282999751915
427,0561b353-50e0-498a-82e3-90897e4ec006,202,,21.350718490999952,21.370083067999985,19.364577000033023
428,e9d52fca-6099-4a21-ab65-08d9beb0954f,202,,21.400804175999838,21.4180926009999,17.28842500006067
429,e51ad0d5-7505-4883-9983-6caae169d6a9,202,,21.451250671000253,21.467189394999878,15.938723999624926
430,1d9ffeec-7d68-45bc-b604-a849e445d838,202,,21.50072993899994,21.513923429999977,13.193491000038193
431,4e5205bc-a440-4135-a4a2-2b66c228e9db,202,,21.5547156130001,22.223886968999977,669.1713559998789
432,770d9e58-7f64-4331-bdfd-9d452b15e8f8,202,,21.60109133800006,22.225441405999845,624.3500679997851
433,2aee2343-e3ee-427a-b125-112b9aa970a0,202,,21.652181122000002,22.242219865000152,590.0387430001501
434,9e01a5cf-d154-47f7-874f-42f54dced143,202,,21.70052421499986,22.252849485999832,552.3252709999724
435,12382f17-cff8-40b4-8e63-6921e914c165,202,,21.75157508500024,22.262684577000073,511.10949199983224
436,272a94d5-cc7a-4584-99f4-4859a6eb0d32,202,,21.802131779999854,22.283260072999838,481.1282929999834
437,5666d26c-c0ce-406c-8e23-585e5e0e2f36,202,,21.850368588000038,22.290333015000215,439.96442700017724
438,16129fb3-a9ea-462f-ae83-e89a677c2741,202,,21.902172490999874,22.3088044860001,406.6319950002253
439,44ee2159-f79e-4d20-9dd5-7080f4f15bff,202,,21.950509001000228,22.32658362700022,376.07462599999053
440,f8f3cdce-b2ee-404a-94c7-1760c2e7d53b,202,,22.00094837000006,22.33588950300009,334.94113300002937
441,47b1fa18-fc7a-4159-b8eb-ac18da97d4a2,202,,22.052214392000224,22.34738044200003,295.166049999807
442,7c3d4c68-cc72-4883-a7fb-03c639268fc2,202,,22.104016627999954,22.36093978300005,256.923155000095
443,5f84344a-1cf3-4dbf-a63f-79ab1caef531,202,,22.150948358000278,22.368154590999893,217.20623299961517
444,467cb6ef-224f-48ae-9c80-927a2f618ee3,202,,22.200328380999963,22.37036323400025,170.03485300028842
445,f4854962-c141-4e87-9dc8-1b835ce050cc,202,,22.250817955000002,22.375254781999956,124.43682699995406
446,6348eb4f-7e1e-46e0-b21d-fe33f2c5fb6b,202,,22.300395881999975,22.37695379300021,76.55791100023634
447,ea7df9b1-7fcb-4d89-a873-2eada4605760,202,,22.35030653700005,22.38025848799998,29.951950999929977
448,d2e50a9a-182e-4bcd-8b28-5dd3953b9f9e,202,,22.400384805000158,22.41833922700016,17.954422000002523
449,4128b5d4-86b3-4d6e-af70-93b64a031658,202,,22.45057656600011,22.466626366000128,16.049800000018877
450,04207452-92db-45ae-a7f3-c3aca14b2121,202,,22.500381852999908,22.511713094000243,11.331241000334558
451,46573f1d-41a7-4005-a83e-1c7472735ec0,202,,22.55525850799995,22.56734719799988,12.088689999927738
452,2c7e9be1-064c-4758-8441-2e0fa76a36da,202,,22.60423609899999,22.61645198899987,12.215889999879437
453,49ffc53b-7d36-44e8-a7b3-0e52a20d24ef,202,,22.65559773899986,22.67288670500011,17.288966000251094
454,73af1344-2a70-4216-8d40-d924f3e22cf7,202,,22.700502144999973,22.713547770999867,13.045625999893673
455,e7b582ef-fb60-4def-a689-b1a9f3313686,202,,22.75515935600015,22.77955067899984,24.3913229996906
456,0044dc97-3637-492d-b31c-23569f5e62b1,202,,22.801092901000175,22.832767569000225,31.674668000050588
457,76de7b42-3eec-451d-aa0d-549f8253adea,202,,22.852381379000235,22.86987783099994,17.496451999704732
458,a0e3c321-1c3e-48e4-b9ea-ff90ad8b7a47,202,,22.900301790999947,22.912351774999934,12.04998399998658
459,1730d03a-891d-4b99-bbab-910f65522408,202,,22.951755466000122,22.96958331299993,17.82784699980766
460,8ac67a10-da0b-42bd-a63c-e7c259a2603e,202,,23.00105961899999,23.01835958399988,17.299964999892836
461,1a31d1d3-7fa8-411c-bb63-063cbcfe8dc0,202,,23.05037602099992,23.065199694000057,14.823673000137205
462,fae5eb15-f682-4e5a-a870-94e5290bbbc1,202,,23.10164191700005,23.123332463000224,21.690546000172617
463,77254107-d4f7-4527-ab3d-24f8a4b11ae4,202,,23.150717669000187,23.168940905,18.22323599981246
464,9b28e9a4-1c70-46e0-ae9a-8c95b5e784c7,202,,23.200707067000167,23.230565190000107,29.85812299993995
465,e4042ce1-61eb-4992-bcd2-5ba755c3b148,202,,23.250406568000017,23.27436300399995,23.95643599993491
466,fcebd8cd-fce4-4374-949e-e6e52a263972,202,,23.300659865999933,23.372543921000215,71.88405500028239
467,c7c63840-15a2-426f-a5ac-2c67f63211bf,202,,23.350792420999824,23.377173860999847,26.38144000002285
468,6ab270b9-a267-4b09-989a-276437a71094,202,,23.400171735000185,23.416761748000226,16.590013000040926
469,e11cd16d-a2d6-4ff9-a329-9217cb3fdd9f,202,,23.450206423000054,23.466418043999965,16.211620999911247
470,fc03ad7b-8829-450e-b3b7-061830500f5e,202,,23.500344686000062,23.519248169000093,18.903483000030974
471,4154251a-60ed-4085-b799-f35f12e89c08,202,,23.55020026000011,23.56291219900004,12.711938999927952
472,dfd13a28-9e48-417a-ae67-938d084eed4d,202,,23.600144785999873,23.611706635000246,11.561849000372604
473,905a2d1c-d0e3-4a90-aa1c-87316926e513,202,,23.65293966199988,23.664927358000114,11.987696000232972
474,182edbb4-4adc-4415-a975-b15cf706f30b,202,,23.70040001999996,23.728790532999938,28.390512999976636
475,b36c0699-aa74-4a7a-be6b-868dd5db6da2,202,,23.75146826199989,23.774248067999906,22.779806000016833
476,5cf440b8-19cc-495b-8062-efb752daadf4,202,,23.802240773999984,23.831949782000265,29.709008000281756
477,ac2ccf9d-7628-49d9-bc81-035c8664826b,202,,23.85198168800025,23.865108683000017,13.126994999765884
478,1aff1b07-5cea-43c8-b91c-a44e623e4619,202,,23.901708437000252,23.917775816999892,16.067379999640252
479,0e252067-9f72-48f7-9249-52fe2100a5c6,202,,23.95310253200023,23.967936203000136,14.833670999905735
480,b2deb7ab-9128-4ba6-8a8a-0789e457c8fd,202,,24.00419418799993,24.018781835000027,14.587647000098514
481,1e76e8f7-fb70-43a2-947f-48c7e888a92b,202,,24.05414433900023,24.068980302,14.835962999768526
482,3fb13417-dd6a-4c1d-8447-e3c074eaf972,202,,24.10012417200005,24.120068750999963,19.944578999911755
483,bfcc8204-da53-43d5-9dfa-f512046648a9,202,,24.151319155000238,24.17090359199983,19.58443699959389
484,d927eacf-baa4-4c0c-8146-59b3d6fa734a,202,,24.20084845800011,24.214787648999845,13.939190999735729
485,15f66994-31b2-42ae-b899-eb96382ca275,202,,24.251154917999884,24.265427044000262,14.272126000378194
486,9903b21a-928c-45c5-818b-fc48dfd4c7ac,202,,24.30480377799995,24.318640349999896,13.83657199994559
487,0d560b82-9f19-499d-9b1c-2f4a92c2024f,202,,24.350367973000175,24.367803428000116,17.435454999940703
488,215e56e1-3e5f-4e15-93dd-9d50910fd1bc,202,,24.400239503000194,24.414607290000276,14.367787000082899
489,333ea811-6dab-4a51-8dff-3c79cd7ec87d,202,,24.45027585600019,24.474705925999842,24.430069999652915
490,b6131fca-e280-4ce4-9e08-13b9afb35b9b,202,,24.500188383000022,24.51177744000006,11.589057000037428
491,c29b468a-04a1-4342-86f7-413dab5f981c,202,,24.550231276999966,24.5716945879999,21.463310999934038
492,1d09acfd-839a-4dd0-ac38-75601d4b6748,202,,24.600435451000067,24.64820482999994,47.76937899987388
493,8de7f368-60f7-455c-8218-dd6eb7c0f3c1,202,,24.65021473700017,24.67955876899987,29.344031999698927
494,b1ff536a-eea2-4e7d-8eb1-0c131ae78f96,202,,24.701880729000095,24.718678811000245,16.798082000150316
495,b39eec39-3666-4e70-a0e2-617ba4a23a79,202,,24.753958819000218,24.767005777000122,13.046957999904407
496,8a89df35-7dd8-4a59-8384-a34d25eb4218,202,,24.800674644000082,24.81648949999999,15.814855999906285
497,95f3276c-5200-4340-a2ec-f16568797a86,202,,24.855345768000007,24.86845722199996,13.111453999954392
498,689b1ce8-996c-46d3-896e-f39da53c5e66,202,,24.900715391000176,24.91400650000014,13.291108999965218
499,74a76204-6ec3-4c03-805b-9088ce5908ab,202,,24.95046038700002,24.968520634000015,18.06024699999398
500,becea2dd-7969-43b5-80be-b3bc70079ec4,202,,25.002268995000122,25.022049876999972,19.780881999849953
501,cc8d11ce-83bb-4084-af39-cf59071b4981,202,,25.05391853099991,25.068261652000274,14.3431210003655
502,a6580d21-298c-4821-879b-fd9ddf1b3cde,202,,25.100431369000034,25.117169079000178,16.737710000143124
503,b12e6b16-5891-4b78-ac60-d13245fa7777,202,,25.15529335500014,25.173666998000044,18.373642999904405
504,a51c9bfd-e9de-43ea-a3cc-55acf338ffd5,202,,25.201435468,25.218221924999852,16.786456999852817
505,c31cc08d-0736-43e8-9f66-04a8246cf6fc,202,,25.25117404799994,25.26541588500004,14.241837000099622
506,7f6b7a75-ece2-4125-9716-153bccad98e4,202,,25.30535870499989,25.32031886799996,14.96016300006886
507,85439999-cf37-4c9f-84a0-322234722050,202,,25.350436056000035,25.36495691500022,14.520859000185737
508,ee16bc6f-fb47-495c-bd1b-1b2f2aa350ee,202,,25.402606640000158,25.43784136000022,35.234720000062225
509,c004fb0c-7c56-430a-bc0e-f83b7926fae3,202,,25.45071424600019,25.482355248000204,31.64100200001485
510,a62eab73-9e38-46c4-9522-7c5b6e88214c,202,,25.500244965000093,25.517382731999987,17.137766999894666
511,233936a4-aa8c-474d-8d6d-256cfc4eb502,202,,25.550344229000075,25.56824215300003,17.89792399995349
512,022ed350-54e9-40fc-89bf-2c6ce9e653a5,202,,25.601278102999913,25.63062713399995,29.34903100003794
513,c2c835e4-faaa-4c21-a4e5-e2caa8d6982d,202,,25.650456802999997,25.668713661999845,18.25685899984819
514,f116e3b9-4df5-4d42-8d3c-a74ae8878b59,202,,25.704346645999976,25.718034560999968,13.687914999991335
515,a0b15616-5433-4189-a4ea-5970919f42a9,202,,25.750168778999978,25.765289180999844,15.120401999865862
516,1353f3c5-fed8-494b-9870-ae4feb1a9da3,202,,25.801590786999895,25.812634087999868,11.043300999972416
517,c0739eff-fd62-4520-89ed-076b86514680,202,,25.852264429000115,25.86547162600027,13.207197000156157
518,7c71ea8c-fcfb-4931-a0c7-3c660297628e,202,,25.901331636000123,25.92091136399995,19.57972799982599
519,31de8e90-50ec-409f-9ab6-bb3612ff15bf,202,,25.950433758000145,25.96482370900003,14.389950999884604
520,b2d58b69-f3b8-4fe1-ba82-3a3911af0a1c,202,,26.00276020499996,26.04376870399983,41.008498999872245
521,2b51a0bc-2c13-4343-8257-576097dad575,202,,26.05072215400014,26.064592473000175,13.870319000034215
522,acd46ef9-f366-4d16-ba52-be8f51457820,202,,26.100299077000273,26.119238847999895,18.93977099962285
523,4abcb61c-822c-4dc1-85fd-7db2ba64af82,202,,26.153237566999906,26.165759768000044,12.522201000138011
524,b8e2d87e-3e1a-4589-93d7-bdb7ee12fcf2,202,,26.203680432000056,26.21637207999993,12.691647999872657
525,5ee6fbf2-ded6-435b-a06b-faf3bdb98411,202,,26.253188109999883,26.26671728500014,13.529175000257965
526,f5a35152-f463-4b7a-9174-4018e36cfe71,202,,26.30529215500019,26.320886942000016,15.594786999827193
527,a6a32c9f-0c16-40e2-9321-5acb110ad4c5,202,,26.351777328000026,26.367045928000152,15.268600000126753
528,fe0a53fa-184f-4f1e-b5ae-2e0397377b2c,202,,26.400264491000144,26.41431396500002,14.049473999875772
529,8af3507c-6537-45f1-af9f-e6bacfaef389,202,,26.45083418100012,26.465938667000046,15.10448599992742
530,5402023c-2433-4edb-9a7e-60280ffcea62,202,,26.50033419300007,26.514010899999903,13.676706999831367
531,36283f20-737b-47cf-8d9e-7aef4be8d25c,202,,26.550165974000265,26.565427949999957,15.261975999692368
532,fb3ebf1b-dfe2-4af8-ba75-81a385d31ee2,202,,26.600254279000183,26.610335935999956,10.081656999773259
533,788adf4b-bcd4-4644-8a74-35ea4ec53fdb,202,,26.65021100900003,26.67086187299992,20.650863999890134
534,050b5f36-966a-480b-b478-f175ec9bbf56,202,,26.701202920000014,26.711106754999946,9.90383499993186
535,f3239875-596a-4b11-a35a-8b59e863cc55,202,,26.75372243699985,26.765409193999858,11.686757000006764
536,88ffa07f-b9ad-47e7-b12b-30f08ec354ae,202,,26.804657518000113,26.817193384999882,12.535866999769496
537,b81ce691-2dfe-47fd-8f4e-b7851620c207,202,,26.853863464999904,26.867110743000012,13.247278000108054
538,73d4b27c-f71b-4291-8e2a-0a4ffb442488,202,,26.900994093999998,26.91565523500003,14.66114100003324
539,237697af-b9f6-4ec7-97c9-1d16a8cc2bc2,202,,26.952112454000144,26.96845202400027,16.339570000127424
540,10042804-67f5-440b-9d8d-7c21b9af72cb,202,,27.004076008000084,27.022448317,18.37230899991482
541,31877dd5-4a38-45d9-8eb9-7fc0bfe1b820,202,,27.050894740999865,27.068901116000234,18.00637500036828
542,af300a08-0797-4fc8-bfde-2317abb79237,202,,27.102461862999917,27.11750531200005,15.043449000131659
543,2e5e06da-dc42-44f4-8b05-44bc779bb6c6,202,,27.150464974999977,27.16797029999998,17.505325000001903
544,81b46e45-a265-44b7-9be6-843e32aa41d2,202,,27.202161297000202,28.045534348000274,843.3730510000714
545,0643f00f-ba88-4c04-bc67-cc5c78f3cf65,202,,27.25074649399994,28.045857492999858,795.1109989999168
546,8099f430-77b2-4f82-9d5d-c2041f2da722,202,,27.300269211999876,28.06621621000022,765.946998000345
547,679896d2-e4b4-4d66-8e0b-2f325c5c9e3c,202,,27.350504840000212,28.077107604000048,726.6027639998356
548,a8c7ef7b-9df7-4a8e-b04d-218b52787891,202,,27.400309454999842,28.08154163900008,681.2321840002369
549,b837c30f-0de8-44b6-a45f-78210d714295,202,,27.450246936999974,28.097273958000187,647.0270210002127
550,85cd305a-ffa7-4e98-845b-60686ae29a76,202,,27.50183160000006,28.10252035600024,600.6887560001815
551,cf9940b5-62a9-4c56-9033-34a151dec491,202,,27.55037484200011,28.117829411000002,567.4545689998922
552,b6751fa9-316b-45c9-96c0-d8a4a73a9c2d,202,,27.60055763900027,28.13475260899986,534.1949699995894
553,d197c0b1-69da-4df2-9cfd-6fd2c86382b7,202,,27.65222050400007,28.147011077000116,494.7905730000457
554,09a39a98-3f5d-4e08-be50-be0a106c2302,202,,27.7002395720001,28.15606509400004,455.825521999941
555,5bed45c5-2d5f-4674-830f-3d2814db0eac,202,,27.752133921000222,28.17026055799988,418.12663699965924
556,75643e58-4e10-4e4c-9637-b6d2b7dba114,202,,27.801503106999917,28.189292404999833,387.789297999916
557,37d8695c-a991-4327-af7b-aa69c95928fe,202,,27.852563095000278,28.197152585999902,344.5894909996241
558,329e85df-8051-41c2-97d6-466ac716f3fe,202,,27.90552866500002,28.214737071999934,309.2084069999146
559,e44c2cfb-1443-4e9e-9258-4f0e4f0ea8fd,202,,27.950793126000008,28.246390447000067,295.5973210000593
560,16da3087-304e-4a0f-9045-faa8fc0fe15c,202,,28.001930608999828,28.245980683000198,244.05007400036993
561,a571ae97-112d-451e-be98-8b4eb826ea37,202,,28.050418894999893,28.266757746000167,216.33885100027328
562,9c5e68c1-ffe2-4bce-a27a-ac970e126b18,202,,28.10019834500008,28.266905153000152,166.70680800007176
563,19b171da-8c26-40eb-8c1a-bd910dfd0d2f,202,,28.15050234299997,28.279924529000255,129.42218600028355
564,923dea4b-2eb0-4b56-b650-9670f315d4ae,202,,28.200370744999873,28.297418646000096,97.04790100022365
565,e97e7600-1188-4a13-aa32-b66d69ca1d65,202,,28.250445591000243,28.322473546999845,72.02795599960155
566,b9770ac2-af6e-4b40-a98b-2726629f9567,202,,28.30054056200015,28.33110413500026,30.56357300010859
567,c9465b21-192f-43de-b7bc-85ab1aeb54cf,202,,28.350391047999892,28.377982570999848,27.591522999955487
568,a4a8bb9a-4b93-4db0-bab6-ca97f867b485,202,,28.400222869000117,28.42051334000007,20.29047099995296
569,ab7a3e6a-6aef-4f44-b5b1-9df8bc9576b5,202,,28.450221346000035,28.471505875000275,21.284529000240582
570,3283b116-9667-46a4-834d-e31f9d2d6a32,202,,28.500190449,28.516958156999863,16.76770799986116
571,4ed42c80-7af9-4c90-b0ad-074f7848d283,202,,28.551429801000268,28.5644567180002,13.026916999933746
572,35694660-19ed-4b9d-8725-23f0d1186942,202,,28.60103634500001,28.613249649999943,12.213304999932006
573,63856dba-634f-499a-847b-8825e9f1ae0c,202,,28.650288161999924,28.66490768099993,14.61951900000713
574,ad787e2e-07f3-41be-95e3-0b839ce189ce,202,,28.701734707000014,28.722457316000146,20.722609000131342
575,ebd92ff1-ac6f-4000-b1fd-1bee88b43470,202,,28.75148482500026,28.780289057000118,28.80423199985671
576,2bde5198-e3d7-496d-9959-82ca2467bc79,202,,28.80318893599997,28.82292640200012,19.73746600015147
577,539d3fdd-dce7-48a9-83d4-a52e68129adc,202,,28.85527673000024,28.871066960999997,15.790230999755295
578,ba07ab4c-c07c-4502-86ef-ab84a78016b9,202,,28.903229009999905,28.91921377000017,15.984760000264941
579,7fe9786b-db3b-4d61-bb1b-a134e953589c,202,,28.950945221999973,28.975474491000114,24.52926900014063
580,100f58c8-1913-4617-93ec-b811c7fb5286,202,,29.005234743000074,29.033611962000123,28.37721900004908
581,550704db-afe9-4f94-95e6-ed84e9b91764,202,,29.05247061199998,29.075480984000023,23.0103720000443
582,576e7c2b-fa6b-411f-928a-eac984b9d5b1,202,,29.104975212000227,29.116360988999986,11.3857769997594
583,c1b216ec-4b5e-4be4-8587-cca2e84d1888,202,,29.15058735699995,29.184445916000186,33.85855900023671
584,7246b9fa-6e9d-4e4c-b9b6-dcd11285e59f,202,,29.200480005999907,29.225789307000014,25.309301000106643
585,6a1533c2-9bf6-4453-8523-9e05b6806ced,202,,29.250186168000255,29.271309083000233,21.122914999978093
586,cfc3da34-c356-46d6-9be5-d3956d8bf408,202,,29.301049835999947,29.329922439000256,28.872603000309027
587,8cc69039-53ee-444d-a8da-3aad45431294,202,,29.35030752800003,29.368088625999917,17.781097999886697
588,97952a36-49ef-41ea-886d-11a9a4d9a4eb,202,,29.400430912000047,29.41456033800023,14.129426000181411
589,3c77f755-5ff1-4663-b26b-f2511a2e5d67,202,,29.45027273200003,29.462741394000204,12.468662000173936
590,7e543866-c055-4981-99b2-89cfe0c16a28,202,,29.500538938999853,29.515699838000273,15.160899000420613
591,f7c98c4b-5237-48b2-ae17-8eabc7772359,202,,29.555282970999997,29.566688539000097,11.405568000100175
592,2f2aa919-20fb-415a-9390-52b6c6542efb,202,,29.60097073599991,29.613877911000145,12.907175000236748
593,16a5afd0-8ee7-42a4-87c7-a572e1cda517,202,,29.652212336000048,29.670583267999973,18.370931999925233
594,7569f432-c6d5-453d-ac55-749f9263ffac,202,,29.70158718599987,29.716357902000254,14.77071600038471
595,0b0f5a4b-efa4-4e9a-9691-e0a15e47fafc,202,,29.75527478799995,29.767426429999887,12.151641999935237
596,12f1f6dd-f2f4-420d-994b-c93bc5c5f8bc,202,,29.80527501200004,29.81845221100002,13.177198999983375
597,4e077653-a080-45df-8aad-e54ce32a40cf,202,,29.854357299000185,29.86646706900001,12.109769999824493
598,860009ed-1aa6-41a1-b162-c46029778589,202,,29.902272121999886,29.92006538500027,17.793263000385195
599,95dbcdf3-fe5e-4cf2-b2c8-2e9f6a7c0ece,202,,29.950273398000263,29.966510474000188,16.237075999924855
600,7bc03bc1-a5f1-4b1a-93e3-1f057fdad705,202,,30.001946885000052,30.020871655000064,18.92477000001236
601,aeff7a93-463e-4609-b3ee-40c60388c7ac,202,,30.054358323000088,30.06991786100025,15.55953800016141
602,4ddc8765-e8f4-41c0-a516-40d4df257ae6,202,,30.101195010000083,30.122681941999872,21.486931999788794
603,ca04be5e-af5a-453a-b7c2-f47fe511d7f5,202,,30.155302334000226,30.170973323,15.670988999772817
604,fb27ee6f-62d8-4bad-b5eb-b9a3c4aa706a,202,,30.200760530000025,30.22573264499988,24.972114999854966
605,f18893b9-d1ae-45e4-989b-3167ed77ddc7,202,,30.250183169000138,30.26527352999983,15.090360999693075
606,4e889bcc-21ea-4b70-9fc9-932840b7600e,202,,30.300210183000218,30.318833640999856,18.62345799963805
607,3436584e-a544-4ff9-a96a-6ca01147a0a1,202,,30.351794967999922,30.37051733599992,18.722367999998824
608,46eba5eb-8fa3-44a4-9382-2b7757739ad8,202,,30.400147636999918,30.412889322999945,12.741686000026675
609,872d6b81-d757-4870-8c1f-37fc15ece317,202,,30.45339347700019,30.465783895000186,12.390417999995407
610,e445ff55-72d7-4249-ad7e-3a7f6635a248,202,,30.50149162100024,30.512550378000014,11.058756999773323
611,ecf94ae1-3659-4593-ad5f-de5b3201a63d,202,,30.55230891600013,30.563530495000123,11.221578999993653
612,e83a15c5-8f39-4523-b8c7-7535eaf30f6d,202,,30.600781575999918,30.61980600600009,19.024430000172288
613,417c4704-9aba-4450-8b5b-5908640c0bd5,202,,30.65024546099994,30.66442055000016,14.175089000218577
614,1e5946f4-3d9d-423f-ab47-5e4e468d77e4,202,,30.701208952999878,30.71397272100012,12.763768000240816
615,e1e6918b-c103-4354-b432-2740fa077854,202,,30.755278569999973,30.77472109700011,19.44252700013749
616,16993728-648b-465d-a6f2-c373dcfc89c3,202,,30.800140930999987,30.816677487000106,16.536556000119162
617,c3c29686-20d1-43cf-979f-5b321bd87c6f,202,,30.85522881299994,30.86770214199987,12.473328999931255
618,ef0251b2-b27a-4cf1-87e5-cd38a75d3c8d,202,,30.902725079999982,30.915889487000186,13.164407000203937
619,c942f947-1d12-4999-88fb-255a9ca2cca5,202,,30.955208221000248,30.9686082369999,13.40001599965035
620,1ceae8c8-342e-40b1-9afc-5cbbb8a26724,202,,31.004974043999937,31.021055629999864,16.081585999927483
621,a0ad73a4-9fa0-4fca-b8de-b390eab5e6c6,202,,31.050558022000132,31.064498961000027,13.94093899989457
622,c0ab7b9f-b4d6-4d9b-9557-da4f6aa67bdf,202,,31.105233391000183,31.120852383000056,15.618991999872378
623,1adef40e-0ccf-4d50-98da-55759447e7d9,202,,31.152334683999925,31.1673119699999,14.97728599997572
624,1b10f020-163c-4fdd-96e0-66a6f883db49,202,,31.204326733000016,31.22866322200025,24.336489000233996
625,d6391517-259d-4c13-baee-ca222cb560e5,202,,31.25018277700019,31.263129323000157,12.946545999966474
626,cc9dcd80-c883-4a61-8b20-99ad27b8e8aa,202,,31.300226664000093,31.313993363999998,13.76669999990554
627,0ae938a0-affd-45a1-8ecb-e9f0d98b9ccf,202,,31.35074593599984,31.43422532700015,83.47939100030999
628,a345dbfc-01b6-4cde-9788-a72ce2cf2681,202,,31.40156793799997,31.44998176900026,48.413831000289065
629,af30016c-e925-4080-a8e5-8096612a32cd,202,,31.45089391600004,31.481119260000014,30.22534399997312
630,1cf90c28-0ceb-43c3-91b5-f5b264bfd31a,202,,31.500988674999917,31.531342843999937,30.354169000020192
631,7e200ad8-582b-4e57-b91b-f4cb8b8f03f9,202,,31.550390896999943,31.579607141999986,29.216245000043273
632,592f9b34-85fd-4589-9169-abdd6089eeb2,202,,31.60160378899991,31.62242730600019,20.823517000280845
633,03bf6b0a-8530-4c46-9709-b919037da9d3,202,,31.651713754999946,31.66345463200014,11.740877000192995
634,c015080f-88f7-4cf5-b240-0e5c04001f93,202,,31.702214194000135,31.71744421199992,15.23001799978374
635,3c691820-aa85-4d25-b5dd-37039fb3fd5b,202,,31.753764729000068,31.76772070800007,13.955979000002117
636,1d9daf4d-0038-406c-a3c3-ee7d2816a3da,202,,31.801721630999964,31.81822289699994,16.501265999977477
637,19a416a3-5f8c-496b-9814-c7c9f37463d3,202,,31.853011684000194,31.872133732999828,19.12204899963399
638,7ef1d10b-85d3-452f-b560-10dead815c43,202,,31.906231732999913,31.94492792400024,38.69619100032651
639,68e9e239-a695-4a50-b8af-278563fd2535,202,,31.95054787900017,31.96337593399994,12.828054999772576
640,e3376b5e-b500-4638-85d7-462b3f261abf,202,,32.00188417900017,32.01329570400003,11.411524999857647
641,b80fe989-79dd-4991-835a-32d25fe15d5b,202,,32.05090271800009,32.06381897500023,12.91625700014265
642,52e5b9b2-3f2d-4959-89f6-a4f8d96f3d82,202,,32.10277044099985,32.11954152199996,16.771081000115373
643,15b3533d-4f0d-4c1a-b658-218d51a8e922,202,,32.151814019000085,32.16553722200024,13.723203000154172
644,37a3d696-a35a-4507-8443-bac98089cceb,202,,32.20119424199993,32.2240381659999,22.843923999971594
645,86d40e91-430d-4cf8-9944-f267af98bd1e,202,,32.250368437999896,32.300143258999924,49.77482100002817
646,fd0a2cfd-f18e-4de1-befb-2b9507eeec41,202,,32.30030174800004,32.3143560540002,14.054306000161887
647,2af69901-c512-4d03-9547-df902292a2b6,202,,32.350188936999984,32.36623065100002,16.041714000039065
648,578925d5-66f9-46da-adb4-1dedf2684891,202,,32.40051368000013,32.41617875200018,15.665072000047076
649,763d6aa5-c15e-4911-8c77-d62179060cf3,202,,32.45017688400003,32.46549093800013,15.314054000100441
650,af6bc5a0-e3a1-40f4-a784-5ca14a76c5eb,202,,32.50214693299995,32.51482503900024,12.678106000294065
651,c2a1114c-d513-4b0f-b320-b9cd9252d7e1,202,,32.55212599100014,32.56352526599994,11.39927499980331
652,e0c0092f-5943-4f58-825c-34fcb691c61a,202,,32.6008711720001,32.61494580999988,14.07463799978359
653,35e37d7b-a0ca-4a33-943b-fc8a45881625,202,,32.65339814100025,32.68217503999995,28.776898999694822
654,b9832f29-a9e2-4f43-8db4-5a1e16914f48,202,,32.70231718600007,32.71981775999984,17.500573999768676
655,e5834992-d6be-4df6-8824-00f95360db7e,202,,32.75520904699988,32.769616744999894,14.407698000013625
656,00655ea4-728c-4a47-902e-a05044e0f8a9,202,,32.805284848000156,32.83634413500022,31.059287000061886
657,08033eec-8ef5-4e0c-97f2-41e5d752b980,202,,32.850312570999904,32.86413501600009,13.822445000187145
658,68f852b9-8518-41ce-8504-ebf2c230d17a,202,,32.90519163099998,32.917150327999934,11.958696999954554
659,b051ccbc-1ff6-4d2b-bc9f-9ba8ab8a43b7,202,,32.95325419200026,32.973477708000246,20.223515999987285
660,74725327-6235-479c-a16f-9366a327ea4a,202,,33.001454076999835,34.08173694700008,1080.2828700002465
661,837337df-0c4a-42ea-b7d4-19c8e386189a,202,,33.05451571799995,34.29400996499999,1239.4942470000387
662,358b0b66-7a95-48a4-8296-243c19b512f0,202,,33.104642973999944,34.31257555000002,1207.9325760000756
663,908162f7-7086-4a33-8868-ea74310fa791,202,,33.150913945999946,34.32318346200009,1172.2695160001422
664,954c5aa3-4e12-418b-a93d-7ffce58cdd57,202,,33.20037370499995,34.37134693200005,1170.973227000104
665,0d655688-b239-43f1-ade2-080308c8bf18,202,,33.25114112500023,34.38700621199996,1135.865086999729
666,69baeeff-d0b0-43b2-8db6-e240c8e467fd,202,,33.30174155700024,34.42823506500008,1126.4935079998395
667,e037fe02-2d41-40c8-bb37-c552bb9e7c77,202,,33.35212062900018,34.43765455699986,1085.533927999677
668,f06b0170-ce58-4a56-aad1-1e4548f1cea4,202,,33.400666739999906,34.44869481400019,1048.0280740002854
669,65e659e8-0da5-4576-af0d-97dce37bd47b,202,,33.451741431999835,34.478764584000146,1027.0231520003108
670,37fc5ded-ad80-4a9b-8cf8-17338fd75900,202,,33.50048869700004,34.53433288899987,1033.8441919998331
671,0224cafc-8481-487d-93dc-a1262c2a497f,202,,33.55112908399997,34.54181576100018,990.6866770002125
672,6029dffc-83e9-4428-8a77-0de7a352b8d7,202,,33.600323192999895,34.57079347900026,970.4702860003636
673,4be16e1e-17a7-4400-8ba0-7086b29efe0d,202,,33.65284753600008,34.58436385799996,931.5163219998794
674,eb0b38ee-10a7-4434-ae10-4afca19005f8,202,,33.70228492000024,34.593847887000265,891.5629670000271
675,686fdc91-84bb-4ddd-98df-dff17ffebe80,202,,33.75151719299993,34.611446745000194,859.929552000267
676,ef3e2425-5f8c-43db-9efd-cd40a91c7bcf,202,,33.80435268200017,34.63360971200018,829.257030000008
677,aed53d61-617f-4257-89fc-b262b1d8fd39,202,,33.85160913000027,34.642916502999924,791.307372999654
678,b5828f3f-4e36-4bfb-90f3-5778b5113794,202,,33.90056979600013,34.66388026000004,763.3104639999146
679,6ec31962-5d61-47ca-b884-a3fbdde0973e,202,,33.950308076000056,34.691060932000255,740.7528560001992
680,60065312-b65a-4f76-a368-87eddfefb6bd,202,,34.00099654299993,34.70831498000007,707.31843700014
681,feb69885-0c54-4062-a9aa-81d580fcbf55,202,,34.05040426200003,34.728589199,678.1849369999691
682,7b6e63eb-956b-4dcb-a71f-319c7e02c7f9,202,,34.10536615000001,34.73824605000027,632.8799000002618
683,865e3654-d34f-4d4f-b4e6-e3850563a3ad,202,,34.15397325699996,34.76438508299998,610.4118260000178
684,05d7429d-794d-45b2-8146-60f943fa6549,202,,34.20703518900018,34.77285676400015,565.8215749999727
685,88dd425e-d93d-435f-a8f2-51cbe77ffda0,202,,34.2544213770002,34.777836594999826,523.4152179996272
686,550d5acd-3120-4444-aecc-fddde18ee0ce,202,,34.30031125000005,34.784399570999994,484.0883209999447
687,bab9417d-fe49-4ec8-960b-5957bf961d4c,202,,34.35068477999994,34.793030156999976,442.34537700003784
688,89a9b0bf-c8a8-4352-9662-5786ee1ecf17,202,,34.40106872500019,34.800396078000176,399.32735299998967
689,4778f99d-d9d4-475b-8bcc-d5f4e65ef4fc,202,,34.45357040299996,34.80838633199983,354.81592899986936
690,151d34dc-2ab6-40fb-b301-b12a627acef5,202,,34.5042228719999,34.81275249700002,308.52962500011927
691,02121e42-c462-49a1-b87f-aa6c47241964,202,,34.55019407300006,34.823079302000224,272.8852290001669
692,b30ae4eb-b0fb-453d-86bf-d1fa07f24fa4,202,,34.60025328900019,34.82868388399993,228.43059499973606
693,631b8887-2a9e-43f4-88a8-e49252df8cd4,202,,34.65881422600023,34.83282252200024,174.0082960000109
694,bf075e9d-4626-49b3-9c46-dff42a60df16,202,,34.701293202000215,34.837215059999835,135.92185799961953
695,312b744d-6010-4b6e-819b-a228bb716d12,202,,34.75071721099994,34.84094993400004,90.23272300009921
696,08f8d76a-6541-4e52-ba3e-d317af9d7968,202,,34.80204671699994,34.84355613400021,41.50941700027033
697,8dbdfa57-223a-4f46-a227-2f243342d727,202,,34.85027151500026,34.86408396100023,13.812445999974443
698,7547caed-daf0-4e1c-81b4-14b24aade264,202,,34.90522311099994,34.91595851400007,10.735403000126098
699,09f4c764-69f1-4d3a-ac08-26e24eb0d79b,202,,34.95070617700003,34.965446602000156,14.740425000127289
700,b7ba2565-fb39-4b18-bcb9-b1db00d2cc28,202,,35.00520967800003,35.017615218000174,12.405540000145265
701,b1fba672-c8f3-4408-b124-2f4fb348d23e,202,,35.050783278999916,35.06454472899986,13.761449999947217
702,a9915b43-48fe-41e8-b876-7142ee66cee4,202,,35.10268962100008,35.116344328000196,13.654707000114286
703,57482d4d-44e8-42ad-add3-838c2a4fc6d6,202,,35.151948849999826,35.17022199600024,18.273146000410634
704,aadc3f5c-a287-47a6-bd01-405c18228971,202,,35.200306805999844,35.224012711999876,23.705906000031973
705,1603f465-9193-49c2-9d1d-5e266fc57f1a,202,,35.25143753400016,35.26605005100009,14.612516999932268
706,1044e8b6-e4e0-473d-bef0-18ff110f721a,202,,35.30162865800003,35.315807163000045,14.178505000018049
707,43aced26-e22a-4d95-beef-82d76c9c2d71,202,,35.35456051500023,35.372693920000074,18.13340499984406
708,c3655860-fae4-4f51-8fdf-14eab943d787,202,,35.40059216899999,35.422065932999885,21.47376399989298
709,0ac7f3bd-e1d4-4b75-b98a-f391e1dadcf0,202,,35.451520617999904,35.47083848600005,19.31786800014379
710,9f1ead1d-6d68-4071-9ad8-4e430e6a5314,202,,35.50022421699987,35.51858839900024,18.3641820003686
711,3f2902a6-9d88-4fb2-bb88-0fe47e4e3e73,202,,35.550232812000104,35.56838196599983,18.149153999729606
712,323818e3-8c57-477d-945c-368eb7ff4fae,202,,35.60019707599986,35.611408196999946,11.211121000087587
713,189acb51-3dd7-49b9-87d2-729d6428b931,202,,35.65018858800022,35.66556922000018,15.380631999960315
714,343d0af8-46a1-4b20-b72e-c02fdb925b89,202,,35.70326589200022,35.72874313700004,25.47724499981996
715,b3e91d31-34fa-48d5-967a-a06a5f46a50e,202,,35.750531046000106,35.76665712800013,16.126082000027964
716,3f7e6306-d010-4974-a2cc-4f11e227f1b7,202,,35.80015645699996,35.81462310899997,14.466652000010072
717,0f9c9e79-3758-4acd-9550-168a092e8a57,202,,35.850332790000266,35.866335297000205,16.002506999939214
718,44cf0657-8ac1-4326-80f8-30402523b1aa,202,,35.90012714800014,35.91572347400006,15.596325999922556
719,5f4144ed-ad11-47d2-bd7d-51afbdbf1482,202,,35.95249633399999,35.96514294100007,12.646607000078802
720,d56a271a-bc0a-4868-9399-b050b6bec9cb,202,,36.00072796399991,36.01163798000016,10.910016000252654
721,0b292298-2df9-4319-95ca-a33bc004906a,202,,36.05387226399989,36.0664347930001,12.562529000206268
722,d28824a2-17f6-4350-b40a-71057b75fbe7,202,,36.10060224500012,36.11780696200003,17.204716999913217
723,a6cbf4ae-8985-49ab-9031-152cb99393b6,202,,36.15531947999989,36.171099252000204,15.779772000314551
724,756a6f11-f517-4464-92cf-3f004b5b2883,202,,36.206252220999886,36.24538858799997,39.13636700008283
725,7a3a2cc3-4a9a-4dba-a112-90f122ccf625,202,,36.25077122599987,36.28691821099983,36.146984999959386
726,d06f0548-4ff3-4a86-9a92-d102fd841ac5,202,,36.30084343999988,36.332334446999994,31.491007000113314
727,8b4c6329-d120-4f24-86f1-8a6c0fa7ac21,202,,36.35074854100003,36.38695127200026,36.202731000230415
728,c9492dcf-98f5-481a-a115-a7487283a385,202,,36.40129334899984,36.44432978700024,43.03643800039936
729,7d20c8c2-49da-4eeb-b61b-a63e337893b9,202,,36.450453542000105,36.469407517000036,18.953974999931233
730,11083baa-85ea-4adc-990a-381d250aaf1e,202,,36.50090877299999,36.53574863699987,34.83986399987771
731,aa7a0514-0d6c-42b4-91e5-e227a1f917ad,202,,36.55028124299997,36.57034443400016,20.063191000190272
732,d09f6c33-723f-4814-b883-927c1b1ebb08,202,,36.60032308400014,36.62751233800009,27.18925399994987
733,f4eab258-db3a-4c88-9dfb-565afbf064e0,202,,36.650314637000065,36.66672599100002,16.41135399995619
734,e62f02c4-1075-4096-8adb-a6ef8d2268c7,202,,36.70105747200023,36.71649614099988,15.438668999649963
735,ba830dc3-915a-4f09-b3ff-d34b52629d65,202,,36.75017066700002,36.764937006999844,14.766339999823686
736,1c04ee3a-8e80-49a4-89ee-545aa4ba8255,202,,36.80029354399994,36.81144383599985,11.150291999911133
737,d0d150e2-669f-45f0-9614-3c8a5f869a5c,202,,36.85348038200027,36.870582773000024,17.10239099975297
738,c74b850d-181b-4e01-8ab2-6bb3a3fef9f1,202,,36.902861225999914,36.91670008600022,13.83886000030543
739,273b2aae-519b-43ee-814f-6d401af33fd1,202,,36.95098565399985,36.96469781499991,13.712161000057677
740,6af0a130-e70a-4dd6-8d49-48c1cc7396a4,202,,37.005316623,37.024109899999985,18.79327699998612
741,ccf3374d-2147-4c71-b096-64abefc7c66c,202,,37.052642146999915,37.06798611400018,15.343967000262637
742,04b1546c-b705-4b12-9bbb-a5f65caaf901,202,,37.1002646500001,37.12265551900009,22.390868999991653
743,25ffa545-8790-4391-8089-39223b46b74d,202,,37.15531248800016,37.17593143400018,20.61894600001324
744,cd1e66e8-0df8-47c8-8154-41c6e6f43f71,202,,37.203360755000176,37.22559600800014,22.23525299996254
745,59718c9e-542b-443f-9e56-98205369889e,202,,37.25106837800013,37.270871586999874,19.803208999746857
746,cb65ae4a-02c3-444d-96cd-622563c71497,202,,37.30188425000006,37.323000871000204,21.11662100014655
747,526a73a3-57be-43ae-ab6c-e28ff639bf4a,202,,37.35064613500026,37.367477128000246,16.83099299998503
748,ad9ea2b6-5206-4e6e-b767-379eaa1e7ab8,202,,37.40159920699989,37.41885721200015,17.25800500025798
749,61fd1b71-af29-4892-a5ac-4ec21e79199a,202,,37.450270764999914,37.466932352000185,16.66158700027154
750,5e2dfa25-42d9-4d25-aa87-72ae2cdfdc33,202,,37.50151981599993,37.51507790400001,13.558088000081625
751,c65f8f76-f4bb-4262-acca-45b7b836fba4,202,,37.55420297899991,37.57792654900004,23.723570000129257
752,8bc3af7e-c7a2-4c6d-a801-d699873b6968,202,,37.600714931999846,37.62649811300025,25.78318100040633
753,9650e008-88f0-48b7-a75a-60ab47154f28,202,,37.65038963000006,37.673835469000096,23.44583900003272
754,bc4a8f87-81b9-4f02-9b70-8f548ed7cca6,202,,37.70017298799985,37.71562590600024,15.452918000391946
755,5aae42e0-8f08-464b-99f8-de1a8be944f7,202,,37.75020474500025,37.767143063000276,16.93831800002954
756,e75b2dd2-b29c-440e-9698-0bd775a27b10,202,,37.800233711000146,37.81641858000012,16.184868999971513
757,34632db6-6548-4f0e-baac-bdb3dc5b549e,202,,37.85129581599995,37.86288591099992,11.590094999974099
758,b9fa4692-8276-48fc-94e9-ce64f368354f,202,,37.902253053000095,37.920641523000086,18.388469999990775
759,0372f656-cec4-493e-8fd9-d80693d7c1d0,202,,37.955241986000146,37.96770148099995,12.4594949998027
760,6363bbc9-18fc-4604-a7bc-2ace5ee11863,202,,38.00389450300008,38.02010491200008,16.210408999995707
761,c2fb9f95-cc2e-4e22-8e41-b9a37faceb6a,202,,38.05212959000028,38.06682418399987,14.694593999593053
762,5d0c1e16-fcde-46df-9ed1-f3d78edaf4d7,202,,38.1052897200002,38.127699379000205,22.409659000004467
763,7fb813a1-3728-447e-9dd7-ea3bb9cbadb8,202,,38.153952695000044,38.168366141000206,14.413446000162367
764,b12f2bfc-3c5e-4350-b25c-44ca4815883d,202,,38.2021954060001,38.22362425500023,21.428849000130867
765,12f0daa8-ea4b-4178-a511-854f839361bf,202,,38.25051336200022,38.27143578699997,20.922424999753275
766,1fcea385-2edd-45de-9252-a2f9f9dc0d4f,202,,38.30418129200007,38.332536549999986,28.35525799991956
767,c2fb2c9b-73fc-42e0-a17c-a642a5915cc7,202,,38.35087660699992,38.362823844000104,11.94723700018585
768,62c43522-ed45-4b05-9ca0-331947be9766,202,,38.40049255900021,38.41390399000011,13.411430999894947
769,fd0a55e8-5ad0-4acf-9149-cc4aac23b1e2,202,,38.45099549299994,38.465434020999965,14.438528000027873
770,87101499-5e2f-4e4c-8a01-1358320a8555,202,,38.50271659500004,38.51844320300006,15.72660800002268
771,d249b4bf-6094-4d64-8c02-dc52a2095571,202,,38.55042484200021,38.565799724000044,15.374881999832724
772,35ecbf7a-89a4-4e20-a43f-df4e942f75b6,202,,38.600438809000025,38.61390236099987,13.463551999848278
773,0997d984-6b64-4d62-bbd2-37e449bdd386,202,,38.65020666600003,38.67022565200023,20.018986000195582
774,dde81f39-aa5e-486c-a6ab-cadb64a38107,202,,38.70018217699999,38.71414611199998,13.963934999992489
775,5e92154b-9ac9-496b-8d80-523a66e5d65b,202,,38.750260763999904,38.764408227999866,14.147463999961474
776,169305e7-cdf4-41ca-9245-5711f2d3e8b8,202,,38.800441343999864,38.81711717899998,16.675835000114603
777,74019e37-f878-4001-b7f4-68ce41331553,202,,38.85051259800002,38.86193578700022,11.423189000197453
778,4e8ee359-b8f5-47b3-a6f5-4c2e711552a3,202,,38.903717056999994,38.91608430799988,12.367250999886892
779,5572e177-772e-45c7-a669-113dcb0c44f1,202,,38.95167899499984,38.96641516999989,14.736175000052754
780,459833f2-1fad-41ab-9c51-56a3cd017a39,202,,39.00532350799995,39.023986335000245,18.66282700029842
781,07b6f8c7-6eba-4841-a68f-8afab004bf55,202,,39.05525181400026,39.06731825099996,12.066436999703
782,e983656c-edc3-4ded-bfe5-76a35f5a613c,202,,39.10230139600026,39.115366558000005,13.065161999747943
783,357679f6-6164-4329-9757-03a6ee48d706,202,,39.15223120100018,39.16574741600016,13.516214999981457
784,ff0cabd2-650c-4200-99d4-376b55c56251,202,,39.20147384400025,39.96024221300013,758.7683689998812
785,917787d0-5855-4bb1-880e-05e3a093ae03,202,,39.25110475300016,39.96073797100007,709.6332179999081
786,14c30acc-9702-427a-931a-7589a4ed2bf8,202,,39.300339438000265,39.970460150000235,670.1207119999708
787,eb13688c-8ab2-4ce8-afe9-7c09bcbd841f,202,,39.35108802200011,39.977178404999904,626.0903829997915
788,8d0517f0-7662-4e6e-a700-c36f536beb3f,202,,39.406239558999914,39.98270582500027,576.4662660003523
789,21487d7c-58a1-429b-8534-c116b786303c,202,,39.45055619999994,39.990657247999934,540.1010479999968
790,bdcef32f-215c-46eb-8620-a0a2d7c6c94a,202,,39.50028981000014,40.00018127300018,499.89146300003995
791,c07e0e27-2671-4b1f-a757-40e5c013eb2c,202,,39.55047301500008,40.00615720399992,455.68418899983953
792,fc325a0c-bee2-44d0-a051-383ec33551ff,202,,39.6004647740001,40.022411234000174,421.94646000007197
793,4b466588-ccc5-4235-96fd-f45b6c654bbe,202,,39.657291904999965,40.02858231900018,371.2904140002138
794,f90bcbc0-e888-4233-a2bb-03d0182dffd2,202,,39.70366107400014,40.04519486700019,341.53379300005327
795,72fe1e8d-670a-41d2-9fd3-e0d9ba96af7c,202,,39.750288143000034,40.064275999000074,313.98785600003976
796,555f0e2d-f48c-475a-b1e7-ed4ac1fb185f,202,,39.80122350400006,40.07307040600017,271.84690200010664
797,778f277a-2bf8-414f-ac2f-bec210ce4809,202,,39.85140304200013,40.07988082300017,228.4777810000378
798,3f354a44-0ce7-475f-acda-55a959911c19,202,,39.90205583900024,40.08707833800008,185.02249899984236
799,34f980bf-600c-4b62-8903-52697e28dba9,202,,39.950258717999986,40.09210608300009,141.8473650001033
800,ee8ce0a6-9b7e-4a77-86b2-2b089dfd91d4,202,,40.002261840999836,40.09804493299998,95.78309200014701
801,f76d6331-60c5-4986-8ec8-52de933624c5,202,,40.05516094599989,40.10009217000015,44.9312240002655
802,231b25d3-dbf9-4d61-8bac-3768592ab9c3,202,,40.10018937199993,40.11469681200015,14.507440000215865
803,23f2c556-2282-4946-8d60-da510097ca8d,202,,40.150569396000265,40.17749333300026,26.923936999992293
804,13f2d8cc-9f92-466b-8048-dc56355b1e16,202,,40.20018434600024,40.215907746000084,15.723399999842513
805,aff13c69-0f0c-491a-be4c-0599c5fc0f62,202,,40.25024793300008,40.26555681900027,15.30888600018443
806,28b17d8a-8b4e-406d-9f5f-5e1e12378ad8,202,,40.3002122769999,40.31466963699995,14.457360000051267
807,92af8a59-a72d-487b-a82b-390337e6254a,202,,40.35047897599998,40.36565978699991,15.180810999936512
808,983d709e-e1b5-48e4-a8ec-b37107005b1e,202,,40.402726707000056,40.41650257099991,13.775863999853755
809,58b2bdfd-b40b-44b2-bbbc-1d3e8c8372a5,202,,40.45241544400005,40.46820392300015,15.788479000093503
810,eeadf144-ef0b-4bcb-82ba-de08e3ca0934,202,,40.500862015000166,40.519198654999855,18.336639999688487
811,6158e03d-971f-4c7c-944e-c90d80195f9e,202,,40.55051133899997,40.564094423999904,13.583084999936546
812,5f2e6383-30a5-40da-af37-7a685a8c07c1,202,,40.60069791700016,40.90019045200006,299.49253499989936
813,0431b50d-d947-4050-bd99-16d6263bc9ec,202,,40.65097232200014,40.90887215900011,257.8998369999681
814,25006417-2475-4e4f-9052-c6b6e2897cc9,202,,40.70114869200006,40.88965107900003,188.50238699997135
815,150d54dc-f8e5-4dc9-89e5-786f28d3fac1,202,,40.75116886500018,40.90407664900022,152.90778400003546
816,048ece62-fe27-46ae-8313-2d46ab0e7ae0,202,,40.801942153000255,40.88582383599987,83.88168299961762
817,9398d14c-894c-4e77-a518-a01f4f74278b,202,,40.85507828200025,40.908808704999956,53.73042299970621
818,8a7e1db4-1f51-4f2e-acc1-f8a85a1d3d21,202,,40.900322567999865,40.91511065500026,14.788087000397354
819,2f0671cf-81c1-4853-8ffc-6bcaf33f74bf,202,,40.95028149500013,40.966649809000046,16.368313999919337
820,064a74c2-6b41-453d-a75e-0df6f7791017,202,,41.00162628599992,41.01280161700015,11.175331000231381
821,55632508-431d-44ec-8df7-6d2c3e5e6f1d,202,,41.050248345,41.10253219800006,52.28385300006266
822,f5336240-4a54-4797-8c53-c9de3b5428ab,202,,41.10060711899996,41.12426685900027,23.659740000312013
823,2b6a5706-8a8a-4d9b-b8f4-5960f19e1c34,202,,41.150507925000056,41.17423691000022,23.72898500016163
824,2b4baa83-177a-404e-83a7-0e511ed5275c,202,,41.20020278599986,41.21412701500003,13.924229000167543
825,d3d254a0-f8da-443b-b6d9-7cc9ff97df26,202,,41.250358657000106,41.269680148000134,19.32149100002789
826,f112917d-a9c5-4a8c-a396-487bb32b03c2,202,,41.300219174000176,41.31696775399996,16.74857999978485
827,7b7eb99f-65d9-457c-ab01-c5a01f31299c,202,,41.35017793399993,41.36557114700008,15.393213000152173
828,e7392d33-057e-476f-a58f-223f544272b6,202,,41.40393764600003,41.41473591900012,10.798273000091285
829,165d5e62-0aef-4780-80cd-7c677612138a,202,,41.45197274400016,41.463424055999894,11.45131199973548
830,db976628-4a49-4a1c-b8ce-b53a47ada3e2,202,,41.50522315700027,41.52038755300009,15.164395999818225
831,71377305-f6c8-42f3-b5eb-f01cdd5ab259,202,,41.55377588700003,41.56757612399997,13.800236999941262
832,764616ac-5bd6-4998-9369-487e96d22fe9,202,,41.60067193600025,41.618282916000226,17.610979999972187
833,5f3c4031-3e02-4ccd-9d29-26e90b33e221,202,,41.65069752399995,41.66506159800019,14.36407400024109
834,d8038c36-c686-4f73-951a-34394bdc71a3,202,,41.701637882999876,41.720938124999975,19.300242000099388
835,8358d4c0-ec3d-463c-a20d-ceadff022827,202,,41.75034793500026,41.76622190700027,15.873972000008507
836,1081dba6-406a-4d4e-b29c-255c60051b5d,202,,41.801435285000025,41.816409525999916,14.974240999890753
837,d650fd75-ce23-4113-852c-0d053aeb9f77,202,,41.851060524999866,41.86592027400002,14.859749000152078
838,21cdfc7c-e89a-4553-ac6e-2785196b4aae,202,,41.90243481400012,41.917726075000246,15.291261000129452
839,415ebedf-e7b2-4ce7-9f78-3b6f1dd41d43,202,,41.953934261000086,41.97077841700002,16.84415599993372
840,a8156f31-fdd9-4998-86ce-7ac574834dc7,202,,42.010438870000144,42.05194249099986,41.503620999719715
841,61a7758b-2076-453f-955e-74ad38530e6d,202,,42.0525323679999,42.06784487799996,15.312510000057955
842,a59b7b1d-c3e1-47a9-ae00-39ea8084c61f,202,,42.10530327100014,42.12875898199991,23.455710999769508
843,b6263636-e1a9-41fb-8f29-ab750e69b1e6,202,,42.150309072000255,42.16716260300018,16.85353099992426
844,6bac2f7e-5cb4-426c-bf99-942c86545fbd,202,,42.20068938600025,42.22196936899991,21.279982999658387
845,a5585ce8-bb23-4bce-82bb-a27a45d52e72,202,,42.25280112500013,42.29444040299995,41.63927799982048
846,3792c736-3f99-4557-afc7-892cc5e2c21b,202,,42.300231305000125,42.333974405999925,33.743100999799935
847,59522d86-5d1b-4ffb-a736-2a283e803a0c,202,,42.350162357000045,42.368128396999964,17.966039999919303
848,2b939b4c-84b5-4af9-9eb3-6794aff3dbdc,202,,42.40061237500004,42.417530527000054,16.918152000016562
849,5e3e7ec0-0ced-4cb3-a89b-86683170a45c,202,,42.453694007000195,42.469694595999954,16.000588999759202
850,27d6e614-49eb-475a-a772-00d906688092,202,,42.50436050999997,42.51987959000007,15.519080000103713
851,b8f8acb1-ed70-455d-a782-060430ec6cd7,202,,42.55527687099993,42.57147257199995,16.195701000015106
852,fd057e18-8298-4c06-b16b-b1ac33ca3c01,202,,42.60218521000024,42.623259956999846,21.074746999602212
853,eb33270d-8e18-4a51-9a6d-38aafb0ddad9,202,,42.65086501299993,42.66727344900028,16.408436000347137
854,de1574be-236c-45f8-98b1-52c8ba08dbd9,202,,42.701179331000276,42.71564414800014,14.464816999861796
855,6e3dc5bf-e437-4e6e-bc9b-2202a1e93e4d,202,,42.75163138900007,42.76604766799983,14.416278999760834
856,d96c8306-371c-44ed-9cdd-6caaae7aba07,202,,42.80161710399989,42.83007227000007,28.455166000185272
857,46b37862-fbcd-46d4-89bc-70637c1c2860,202,,42.85411706600007,42.87143427399997,17.31720799989489
858,af2901b7-1035-49f0-973d-d30731023723,202,,42.90096249299995,42.91301434700017,12.051854000219464
859,492073f2-5259-4b2d-9380-6f66a3aa42e2,202,,42.95529795599987,42.96906961100012,13.771655000255123
860,846898f2-ea16-4d6d-b5ae-cefb2edf3814,202,,43.002069054,43.02144579000014,19.376736000140227
861,cb68d85a-cf8d-4f55-b050-fda1e31e30ba,202,,43.052051269,43.06780949899985,15.758229999846662
862,12a8d08d-cfba-4763-b2f0-3d889b9e39c2,202,,43.104388366999956,43.12682493900002,22.43657200006055
863,fea290df-8b11-4d1f-91fa-11c555e41262,202,,43.15054225699987,43.20084903399993,50.30677700005981
864,50917361-47e1-4b2b-81ea-789c51bd5f60,202,,43.20018795299984,43.215435509000145,15.24755600030403
865,0063b4de-c268-4341-b283-af478b08a659,202,,43.25028049399998,43.278522674000214,28.24218000023393
866,78a4b748-9c4f-4a26-b737-35fb22cccde1,202,,43.30018808900013,43.32451740800025,24.32931900011681
867,b987734b-0dd5-4251-9309-37a3dc88e000,202,,43.35038637300022,43.37374700700002,23.360633999800484
868,1cb68c43-9486-4eba-bd4b-2729a82a334a,202,,43.40039212900001,43.41415586799985,13.763738999841735
869,c86a7f43-79a8-4868-a464-2c0e64595846,202,,43.45464684700028,43.4677189250001,13.072077999822795
870,a40bc3ca-5e15-4bd5-9fba-efbf41ad0fdf,202,,43.50061262500003,43.51589867800021,15.28605300018171
871,65379e08-56ec-437b-b9a0-39ffa3c73d58,202,,43.55051122099985,43.56635790200016,15.846681000311946
872,ff41e0ad-1df7-4fd8-92bb-1a6f70aa7dd4,202,,43.60083528699988,43.61465223000005,13.816943000165338
873,60f456bc-db7c-4dc7-86ea-2b47d418b5ca,202,,43.650280329,43.66599531100019,15.714982000190503
874,f4f0acc8-e034-4c12-accd-164a3e7c26ad,202,,43.70323463500017,43.71645540999998,13.220774999808782
875,4a15a504-ae8f-404a-80b8-755225f4a55d,202,,43.75087546500026,43.76321009200001,12.334626999745524
876,b95b487d-e8aa-467f-9efc-290a4e594bc4,202,,43.802281457999925,43.81969232700021,17.410869000286766
877,cdb0baaa-e335-46c8-a818-4c6d47f1745d,202,,43.85110645900022,43.86852953500011,17.42307599988635
878,055d34a7-611a-452d-8979-e78779de8032,202,,43.9052943480001,43.921176861000276,15.882513000178733
879,5bb91e98-1208-4aa5-984c-ab0c8f23411e,202,,43.951296247999835,43.964872831999855,13.576584000020375
880,03d170b9-3f37-4458-8c06-07c45ac8dcc1,202,,44.00404340000023,44.018737910000254,14.69451000002664
881,f1d5bf4c-e8b2-4e0a-bd64-0f7f486ee69b,202,,44.05235151900024,44.074787215000015,22.435695999774907
882,4bb52d8b-e95d-4bd7-862d-50570abd370c,202,,44.104440592000174,44.12010566100025,15.665069000078802
883,40149430-8b73-4d3f-bb3b-2543298060de,202,,44.15345657900025,44.168157921999864,14.701342999615008
884,c01c0b6c-3670-42e8-b8df-6d8d8e0992e0,202,,44.20457617500006,44.23786047300018,33.284298000126
885,82d0f0ae-bd29-4112-a3ae-d84587919b64,202,,44.25101271199992,44.26525954299996,14.246831000036764
886,141889f0-5d67-4614-a201-fc5b32ea504b,202,,44.30027422500007,44.31569239400005,15.418168999985937
887,ecfaad45-0b27-42fc-a4df-7ab0b6410bbf,202,,44.35433199799991,44.37358445000018,19.25245200027348
888,548dce70-1027-4340-a2cc-3dffe39ac305,202,,44.4002547770001,44.42018530899986,19.930531999762024
889,308a11aa-5061-47ec-b9e9-ed9ea35e17e8,202,,44.45024911600012,44.467834806000155,17.585690000032628
890,37d5b016-2ec0-49b0-9d60-b964992c5ee9,202,,44.503804673000104,44.51766782200002,13.86314899991703
891,4dc29f64-195e-4f46-89e6-8c79d6a25f1e,202,,44.55088183299995,44.56360643300013,12.724600000183273
892,4226dcda-935b-4d62-9317-e9463530e90a,202,,44.60239881799998,44.62215006999986,19.75125199987815
893,cd7d9596-8993-462c-80eb-8391e87e353e,202,,44.65222529199991,44.67379425399986,21.568961999946623
894,373462f1-33e1-40b2-a640-d4581fc37d58,202,,44.701450139999906,44.72618730500017,24.737165000260575
895,604e6dbc-fb11-4a2b-bcb6-05fed10dfe5b,202,,44.75074702500024,44.76973311900019,18.98609399995621
896,16bcc616-55eb-46fd-ad06-37b3d1b0e81d,202,,44.800616079000065,44.823423165999884,22.80708699981915
897,44cb33f4-5660-4b87-b2ca-22f4f6984d81,202,,44.85429129400018,44.86674266199998,12.451367999801732
898,989bb7ca-1253-4465-a18c-d6bc740ddf44,202,,44.90173701100002,44.91267239900026,10.935388000234525
899,4284bc8a-80de-4720-a396-20aea8af9913,202,,44.95294939199994,45.74010648600006,787.157094000122
900,9c5e69f9-e8e7-4a0e-b5e5-be2bdb10b9b2,202,,45.00194979700018,45.74230171299996,740.3519159997813
901,091abc67-b397-4ddd-aa5e-2b8a3463d7de,202,,45.05244526700017,45.75327334800022,700.8280810000542
902,9563ad27-74fd-4ce7-8f8f-29fd2c2c62e5,202,,45.10365831499985,45.772527341000114,668.8690260002659
903,53f60331-e10c-4396-b79b-b778a2e68aeb,202,,45.15227691200016,45.777354639999885,625.0777279997237
904,bcdd90af-81be-4886-a2d8-d88f22f9fc13,202,,45.201197113000035,45.78875324699993,587.5561339998967
905,47a3a1a4-bc80-4fd3-b71a-3fda5f7a2e3a,202,,45.25186828100004,45.795510666000155,543.642385000112
906,cf4480a6-9b78-4afa-b76d-1478c9452fbb,202,,45.300369261000014,45.83499991999997,534.6306589999585
907,ce770b45-a160-48d3-b3aa-52f1c87ca9ca,202,,45.35033368399991,45.84296288299993,492.6291990000209
908,df296649-9498-46b8-aa15-de6f32d4d2fa,202,,45.40053971499992,45.85390310299999,453.3633880000707
909,2ccd13fe-b9f4-47c9-a9b3-47d1dec14a9f,202,,45.45435121199989,45.864255779999894,409.90456800000175
910,927be9c2-7c4c-4538-bfb4-1a93e9e118fd,202,,45.5012773819999,45.87280262000013,371.5252380002312
911,062c93c5-b9d9-4716-aeab-345f1b728866,202,,45.55028636999987,45.8804938520002,330.2074820003327
912,4f6853db-d2f6-4207-8565-fdd45cdcaec9,202,,45.60094399499985,45.88821308100023,287.2690860003786
913,4dcdb590-183b-4087-9f89-b9853e1d6508,202,,45.650335539000025,45.902195887999824,251.8603489997986
914,69adaced-f7e1-437c-bb00-5f0297523e34,202,,45.70088083900009,45.900758902000234,199.878063000142
915,e9b0578a-00e1-413b-bda1-654d8c50d3d5,202,,45.75197835200015,45.90485970899999,152.88135699984196
916,f20683b4-9f0f-4692-8565-5d78d59a077e,202,,45.80074110500027,45.905272847000106,104.5317419998355
917,55cc2127-5b10-40d1-b8ff-a22dd70bf513,202,,45.85236570699999,45.905676029000006,53.31032200001573
918,0f258a60-36fb-43a5-bc07-a33eb40b7c07,202,,45.90117720700027,45.91909249900027,17.915291999997862
919,70e19a7e-57db-48aa-ade7-53032bcc6a80,202,,45.95038909699997,45.96217142700016,11.782330000187358
920,849c011a-dd1e-4756-9f32-384650a2f61c,202,,46.00293934499996,46.02816485199992,25.22550699995918
921,2e093ef4-6cff-43ff-af15-8e4313a827ef,202,,46.050331731999904,46.07525746800002,24.92573600011383
922,60760717-dbd9-4582-bb60-48ce39f28222,202,,46.10034798400011,46.130871383999875,30.523399999765388
923,189e2418-2c67-4a4f-9b18-036643502d01,202,,46.150199789,46.16365717300005,13.457384000048478
924,f2f5cec6-4604-4516-a98b-05fff07e59ec,202,,46.201629779000086,46.214235303999885,12.605524999798945
925,2e508f2f-2ba6-4c98-9748-ff9eeed27fc6,202,,46.25057064500015,46.2619241299999,11.353484999744978
926,13039c25-7692-416d-b8c8-8a57da38e3eb,202,,46.30095595600005,46.31444750499986,13.49154899980931
927,d2a35bd4-be32-41d7-8e2b-ec49018074ad,202,,46.35094512700016,46.364396553000006,13.451425999846833
928,1c4d71f9-454d-4f22-97d8-ae537f589071,202,,46.40092396499995,46.41534149200015,14.417527000205155
929,0217313e-1d52-44d4-beac-c8711a2f0b4a,202,,46.451471223000226,46.465315206000014,13.84398299978784
930,83c86989-e9bc-4878-9a14-407d2fe74516,202,,46.50144839399991,46.5181713500001,16.722956000194245
931,006a0406-a112-4674-8222-6477509d6f69,202,,46.55198527799985,46.56739382200021,15.40854400036551
932,c6619b14-727a-44d3-9a7a-2e64ab2ff5da,202,,46.6012732449999,46.61765259799995,16.37935300004756
933,1ba9e7ab-8f2d-4d8f-9162-80b595a99ff5,202,,46.650741241000105,46.67194506099986,21.20381999975507
934,175112b1-fc70-4602-a306-da5ab52ceaf1,202,,46.7004260990002,46.714716384999974,14.290285999777552
935,af6045e9-cf5f-4cb6-a78d-157cb7b58fd9,202,,46.75475189300005,46.77134685600004,16.59496299998864
936,a3429a52-7914-4892-b387-574ebe6f1c6f,202,,46.802538336,46.815878602999874,13.340266999875894
937,4a300a21-2001-4c5f-b35b-e8608ab6e3e7,202,,46.851286256000094,46.87512339800014,23.837142000047606
938,dd58520d-fba7-4f1d-aa0a-5ba458e0983e,202,,46.90015183500009,46.92076394500009,20.61211000000185
939,10c0ad9d-c9b7-4d3a-b87f-6781feff9430,202,,46.95018246100017,46.96828719799987,18.104736999703164
940,b36bd3fe-fb7b-442c-981c-f5728a99e8b7,202,,47.00019279600019,47.013632846999826,13.440050999633968
941,fbfab8e8-21da-415b-9c4e-385bbc518721,202,,47.050210421999964,47.06741117799993,17.200755999965622
942,8c19f42b-732b-4989-8535-cc51b0bcddbb,202,,47.10015201199985,47.11919768500002,19.045673000164243
943,9af53e5d-1e09-4e4e-8580-12131746421f,202,,47.15419190800003,47.16511758800016,10.925680000127613
944,90a09724-e902-4a85-8124-032b4db38087,202,,47.200311880999834,47.217715164999845,17.4032840000109
945,329eab28-c778-478e-a123-45078b1a001e,202,,47.252657349999936,47.26374835200022,11.091002000284789
946,e5959fef-e82c-4abe-95af-629a171b7ef9,202,,47.30144239299989,47.313855346999844,12.41295399995579
947,07c27acc-d0cb-49f9-9b94-ec6817a33672,202,,47.35066453099989,47.36377423000022,13.109699000324326
948,95018d59-68c0-49f9-95cf-c7a40ad24e34,202,,47.40242883100018,47.41884572400022,16.416893000041455
949,d4cefcec-e032-493d-9b1f-619533bd3f15,202,,47.45101701200019,47.469016381000074,17.99936899988097
950,9eceeb4b-057e-4a5c-9658-04195a305047,202,,47.50069403599991,47.51612999500003,15.435959000114963
951,ba0b0ea5-4cb9-4d0d-a72f-2f2453ace37b,202,,47.55058754599986,47.56399572500004,13.408179000180098
952,ad0dc322-74eb-49b7-990a-13f135961ee1,202,,47.60073287100022,47.6248115379999,24.078666999685083
953,f2004922-1229-4df2-9b49-65441abc852c,202,,47.65206415800003,47.668584335000105,16.52017700007491
954,977ac61f-b0d0-4665-889e-965a1998f992,202,,47.700793287000124,47.71859458600011,17.801298999984283
955,14b2f53a-9063-4155-bf27-2f3da84a58b7,202,,47.75258808399985,47.77048246000004,17.89437600018573
956,8ba0994e-ca72-4a30-bc9d-684ae37c0588,202,,47.801970711000195,47.821050299000035,19.07958799984044
957,5e99df6d-7ff0-4b8a-aca5-1a5468e56a52,202,,47.85265849999996,47.865768907000074,13.1104070001129
958,b7b696a4-1d3e-413d-930f-ee10ba068f19,202,,47.9002532049999,47.92544946399994,25.1962590000403
959,a9f44179-9878-48f2-91cf-c058bdce5f5d,202,,47.95019129399998,47.962646079000024,12.454785000045376
960,59fd7058-e13b-4151-86e5-eef1cfacfc4a,202,,48.00029703900009,48.02231405400016,22.017015000074025
961,eb0b2122-63db-4a1c-aa2e-db53c63b3866,202,,48.050193173000025,48.064850808999836,14.657635999810736
962,b2fde841-3f9c-4570-8b81-ffcb2cbf5f9a,202,,48.10114727700011,48.111876135999864,10.728858999755175
963,845e8bbd-2afc-4030-adef-cbc95f0418ee,202,,48.150693476000015,48.1642933080002,13.599832000181777
964,3990c840-829f-4691-aa77-28017fe55f15,202,,48.20057898499999,48.26356465200024,62.98566700024821
965,87968efb-c1ed-4a08-b939-4671eca5df3e,202,,48.251075203000255,48.28391744600003,32.84224299977723
966,cb76446e-e439-4a40-9d7a-68f4197e9c9e,202,,48.301422055999865,48.3229530210001,21.53096500023821
967,e9afb207-4c2b-4937-9079-6197386fe708,202,,48.350916676,48.370838623000054,19.921947000057116
968,1566f2fc-ff45-4e1d-8864-bd0bc02c80c3,202,,48.40068606800014,48.41299377899986,12.307710999721166
969,b99349d8-e09a-4831-80d8-912a5217465c,202,,48.45074364899983,48.463187600999845,12.44395200001236
970,dbc690f9-be1a-45bc-b7af-f1ecddf64d73,202,,48.50141647999999,48.51639326099985,14.97678099985933
971,9b7a28c3-89fa-4ddc-9732-8fb3e2e1692b,202,,48.552455994999946,48.56732515800013,14.869163000184926
972,4ccee951-ea60-400a-af37-108b5ca3d533,202,,48.60538946499992,48.625833544000216,20.444079000299098
973,3af5dcb6-3376-4133-acb4-b4570c1571df,202,,48.65289292600028,48.67062331299985,17.730386999573966
974,0474fc8b-2f92-4d89-b5ee-22f3519b71ac,202,,48.700242272000196,48.719204742999864,18.962470999667858
975,c59a0e60-958a-4320-83ec-35e36c24985c,202,,48.75275627000019,48.76893501199993,16.178741999738122
976,5b6d4026-bdf6-4251-9cae-b2d655baa687,202,,48.801679136000075,48.8178992080002,16.220072000123764
977,ea798dfe-0d3a-421a-a092-2a387395b034,202,,48.85311670600004,48.871078660999956,17.961954999918817
978,61f76c1f-82cc-4073-8d45-aa6395b1c0a9,202,,48.90069074600024,48.94011850200013,39.42775599989545
979,676dc97e-f7aa-4dcc-9823-561163a84af5,202,,48.95021352899994,48.969640343000265,19.426814000325976
980,f275a1d3-7475-4479-b561-aab5159ca3bd,202,,49.00029394100011,49.027453983000214,27.160042000105022
981,6f231978-92a2-4e64-8e71-fe011b3fb076,202,,49.050410142000146,49.068489380999836,18.07923899968955
982,7e278665-07d1-4a84-ac59-c3e626b4dc8e,202,,49.1002641529999,49.113562297000044,13.29814400014584
983,5671baa0-2523-443d-9d07-ff13bce24be1,202,,49.150216407000244,49.163543882999875,13.327475999631133
984,8d9b224a-3f9e-4512-8569-2aee0c8d0405,202,,49.20141028599983,49.21382378199996,12.413496000135638
985,fb2e6774-8979-4570-ab2d-3fcfa2fcb35e,202,,49.25113830500004,49.266331405000074,15.193100000033155
986,0cecbf6a-fe56-4648-83b9-4aa369ab466b,202,,49.30198891500004,49.31659238800012,14.603473000079248
987,aa68d359-cbb6-45c4-bcf5-5ea50785fac7,202,,49.35227068899985,49.37248324200027,20.212553000419575
988,b28cfe56-60b3-43f2-aab9-0576dbde8966,202,,49.40112055899999,49.41660409799988,15.48353899988797
989,39ca6e92-ed8b-473c-9198-01250b3b63dc,202,,49.45120493000013,49.46716951899998,15.964588999850093
990,33f9667f-9804-4111-8f2c-978f3fec8e5c,202,,49.505287987999964,49.52393398000004,18.64599200007433
991,3aace8f1-45b2-435a-a8bb-c85104718e26,202,,49.55223061200013,49.57017473399992,17.944121999789786
992,cbb98db5-768d-4751-814d-5870ec401695,202,,49.602250943999934,49.61878503700018,16.534093000245775
993,e79100bb-e5bb-4b24-8d5e-bdeaeb981269,202,,49.65133192300027,49.66559158600012,14.259662999847933
994,94615971-ecd9-4852-9d23-9c048d938747,202,,49.7009143260002,49.719612231000156,18.697904999953607
995,d716b224-f28e-4a23-9f51-e0e03d42d00f,202,,49.75074550499994,49.765857401000176,15.111896000234992
996,b3911455-a0ff-4d5d-9a9f-0fe4916ff088,202,,49.80107869099993,49.823915108000165,22.836417000235087
997,b011d9ba-70fb-4052-baf6-527a66a58ba2,202,,49.85114793599996,49.868616424000265,17.468488000304205
998,6238c0cf-86b2-451d-a945-a7392fdbee3b,202,,49.90171194000004,49.918313903000126,16.601963000084652
999,c93b2134-afa3-4e08-9c0c-a8ca2a979888,202,,49.9506253049999,49.98375577700017,33.13047200026631
1000,9fa58dcc-03aa-4f3c-90f0-6f059de75578,202,,50.00042748500027,50.016794838999886,16.367353999612533
1001,1efb71a6-f6c3-43ed-9e30-f39bc7f73ec8,202,,50.05021575000001,50.06522448700025,15.008737000243855
1002,0c01ac0d-b542-4c2e-960b-0b245ee00ec4,202,,50.10037153099984,50.116558564000115,16.18703300027846
1003,09c1be66-6315-4717-8da5-6574c2f8aec2,202,,50.15021158399986,50.16496396299999,14.752379000128713
1004,899754d1-1f4e-42b5-8411-38a252f11a56,202,,50.20123164000006,50.213680549999935,12.448909999875468
1005,b5a43e64-dd4c-4968-9b05-132d903eca91,202,,50.25528432500005,50.266705554000055,11.42122900000686
1006,069e61be-9556-4dcb-8137-a22018c49337,202,,50.30195992500012,50.318919738000204,16.959813000084978
1007,444be431-9ddd-4bb2-b6e2-95c88ee3ac2d,202,,50.35148095700015,50.36470014799988,13.219190999734565
1008,1c49488d-c35a-4ce8-b058-bc72eecf5289,202,,50.40049473199997,50.4154341819999,14.939449999928911
1009,8778a6be-f215-48e1-9ef1-86c95f349cf0,202,,50.452888279000035,50.46649115299988,13.602873999843723
1010,9e75a265-62b9-4b11-9233-166faedc78ee,202,,50.50121372600006,50.517072739000014,15.859012999953848
1011,fef305e5-9276-4696-bfbb-2a24ace8bd29,202,,50.55527720200007,50.5773550859999,22.077883999827463
1012,6ab56ddd-9ec1-406f-b37d-644ae804c78f,202,,50.60243847599986,50.61865929800024,16.220822000377666
1013,3c449366-acd4-49d3-971f-841dcaadc79b,202,,50.650272204999965,50.66383753900027,13.565334000304574
1014,852c3807-8984-4db3-a53f-8b4ca92e526c,202,,50.70218457500005,51.481635494999864,779.4509199998174
1015,58437e57-3fe7-4d81-b0a6-999e9606c6d9,202,,50.7511253130001,51.48513634200026,734.0110290001576
1016,a43914fe-41b4-4b38-a8ed-ae44ac28f5b3,202,,50.80104869200022,51.49478269100018,693.73399899996
1017,131864e9-e139-4677-8048-5891b61ee5c9,202,,50.85516228899996,51.5026771580001,647.5148690001333
1018,8cf6cfca-45d9-4972-b8b2-6b99f1dc326f,202,,50.901195181000276,51.50946057500005,608.2653939997726
1019,8d588e66-e6c6-4f50-a421-49723fa45e78,202,,50.95093219899991,51.52439748300003,573.4652840001218
1020,93f1177c-8005-4292-898f-675365d5a64b,202,,51.00151132600013,51.53847836600016,536.9670400000359
1021,b8ecec72-eb17-46ce-be71-f507a46cf07a,202,,51.05076870899984,51.57411491799985,523.3462090000103
1022,dcc7ac1c-0a1b-4660-aa62-6773609c0a1f,202,,51.101546364000114,51.57781454299993,476.2681789998169
1023,4d78734a-a7b2-4868-afea-f75a7d26f4b6,202,,51.15054251399988,51.586387338999884,435.84482500000377
1024,4b17aa4c-a835-49fb-b150-b84080d476ad,202,,51.20025886600024,51.593710095000006,393.4512289997656
1025,c9ea7306-6cda-4a73-92d0-184e5a4b89d9,202,,51.25026394899987,51.61719221700014,366.92826800026523
1026,142263f8-dc11-472a-9b7f-3e507fb94d48,202,,51.300659087999975,51.624748915000055,324.0898270000798
1027,a1b5683e-a55a-4002-a605-2ba4d410cdd5,202,,51.350865032,51.628948674000185,278.0836420001833
1028,af39b8f3-9091-411b-bf14-a6d3f625dcd9,202,,51.400754039000276,51.63817159200016,237.41755299988654
1029,625aba59-066f-45f7-9a40-40a306365dd6,202,,51.45056671800012,51.643320369999856,192.75365199973749
1030,a3fe0bf1-ccc6-4ebc-a6f9-1a3c7799e2c2,202,,51.50025877899998,51.646550152000145,146.29137300016737
1031,797e2afb-4722-4ddd-a531-410ab3798cd4,202,,51.55059975599988,51.650815863999924,100.21610800004055
1032,d6592b31-2535-459c-92bf-43aeaf06b2df,202,,51.6005971300001,51.64966198299999,49.06485299989072
1033,b513f454-1ae5-434d-808a-20001f19a732,202,,51.65086727700009,51.67493465200005,24.0673749999587
1034,c2dfc333-f034-47ff-a83f-5a48e9b01ea8,202,,51.70318145300007,51.7199716099999,16.790156999832107
1035,170b8481-5e48-40cd-9b12-52d1b2d3bb1d,202,,51.750626124000064,51.779157447000216,28.531323000152042
1036,56a409ad-b302-4ff1-8eea-7eee895748d9,202,,51.80020340100009,51.82218720799983,21.983806999742228
1037,445bd242-3299-4d78-bd8c-9a0bf44cf7eb,202,,51.850375846000134,51.86379477399987,13.418927999737207
1038,79509eed-1454-437c-84b9-d09b308dce22,202,,51.90059628900008,51.91761322299999,17.016933999912
1039,14f37879-fe11-490a-a1ea-e5afa4470f6b,202,,51.951669506000144,51.97084500300025,19.17549700010568
1040,32668d74-e282-47ec-a2b5-240f62dca4d5,202,,52.000514249999924,52.016858520999904,16.344270999979926
1041,7eba50a6-a7ec-4569-accf-3264c5b07ab2,202,,52.0512875710001,52.063474165000116,12.186594000013429
1042,3f20757c-4585-4c69-b0c9-429d23d1a1ee,202,,52.102149095000186,52.11805260400024,15.903509000054328
1043,e81665ea-dfa5-425d-b75a-f6c14df8bc31,202,,52.150881888000185,52.170645927999885,19.76403999969989
1044,625b395d-630d-4f04-a08b-997d685cf2be,202,,52.201107871000204,52.21323309399986,12.125222999657126
1045,d1b8f483-3c92-4a98-9a9a-c2fb444a789b,202,,52.25534008400018,52.2678166579999,12.47657399972013
1046,3a7a1cce-c7f6-4155-bac2-c7e0cfe924fa,202,,52.30382026899997,52.31946267100011,15.642402000139555
1047,9b62e2d8-5034-4867-bb62-6fcdca40732d,202,,52.350860925000234,52.363917584999854,13.056659999620024
1048,65f7306f-ecc3-471a-aacf-88d30098d166,202,,52.40156233500011,52.41874367499986,17.1813399997518
1049,e2bec18d-9d80-4554-a8c5-8297f5737c12,202,,52.451437592000275,52.48340151699995,31.9639249996726
1050,deeb5bd6-9235-4763-8689-892c0ce5fbad,202,,52.500725264000266,52.52063841900008,19.913154999812832
1051,e6a4586d-03a5-495d-94fb-22a71520ba13,202,,52.55033708100018,52.57676342100012,26.426339999943593
1052,ebcd85f3-c228-4119-b305-5441167adf6a,202,,52.600509109000086,52.62901205800017,28.50294900008521
1053,a92e3eed-5737-41dc-96cb-5d8caacf05da,202,,52.65028299699998,52.68599812599996,35.71512899998197
1054,b0c5599a-9a62-4742-b15e-de85ac902840,202,,52.70027303699999,52.721841205000146,21.56816800015804
1055,437e7658-b979-4ec3-98b7-d6773c39c79d,202,,52.750181040999905,52.76367058799997,13.489547000062885
1056,15412238-2c1c-43ff-b12d-b1f8346b02ec,202,,52.8003740260001,52.81479663500022,14.422609000121156
1057,0c1e6f63-210f-43cd-bdcf-3931974692f2,202,,52.85020849400007,52.86884681799984,18.638323999766726
1058,26968cbc-5a29-4959-85b0-fbf872c74829,202,,52.900163453000005,52.91635594299987,16.192489999866666
1059,0a2e6e22-b427-40bc-b0e2-08f885ff45ef,202,,52.952383758999986,52.965562911000234,13.179152000247996
1060,53395669-8d60-436a-aa5f-bf70855882a2,202,,53.000957062,53.020220510999934,19.263448999936372
1061,68bbdebf-1ccf-4f3a-a4de-2bb2d1911f06,202,,53.0510535530002,53.06271293300006,11.659379999855446
1062,f9b88408-f094-46b0-8472-d83dfe49f0b3,202,,53.10089056200013,53.113390468000034,12.499905999902694
1063,ffcad626-17e8-4ea6-bfe0-6eec5afa75e5,202,,53.15221284600011,53.16668611800014,14.473272000032011
1064,e61caa18-f786-4442-b8dd-362f43adbec6,202,,53.20379761200002,53.24254124500021,38.74363300019468
1065,8538d818-051f-45f1-92ae-3e3912eb3248,202,,53.250483124999846,53.27784990200007,27.36677700022483
1066,bd8e34f6-59cb-4c5a-a7f8-1f240dafd999,202,,53.30055820200005,53.31745918500019,16.900983000141423
1067,f3df03be-21fa-45b1-a498-e921fa7534d6,202,,53.35083109800007,53.364253524000105,13.422426000033738
1068,ec67237d-cd3e-41e2-a788-194cbf3aff23,202,,53.40357982700016,53.41999009300025,16.410266000093543
1069,b67bbb24-ed19-4fc5-8589-09c1cdf3ce89,202,,53.455275835000066,53.46861447599986,13.338640999791096
1070,65017bed-28fc-47a2-b693-1d67887795c9,202,,53.50252243600016,53.51704924600017,14.526810000006662
1071,9178e064-da01-4bd1-bf30-cb6442a4efb3,202,,53.550580355999955,53.56714732099999,16.56696500003818
1072,4397b6dc-435b-4295-a946-44b8a2ae1700,202,,53.60339258000022,53.63027497300027,26.882393000050797
1073,1456d294-53b5-4999-8ab4-a46c33ec7f91,202,,53.65025649800009,53.6663344120002,16.07791400010683
1074,8e060db1-b522-44a6-9af4-4359775fd878,202,,53.700691131999974,53.73235482700011,31.663695000133885
1075,09c0c8e1-2942-42a0-a4ed-5e21c28d27e9,202,,53.75054755600013,53.7848998190002,34.352263000073435
1076,d40086c9-47a3-466e-b7f7-c86f214b2af8,202,,53.80035127500014,53.82646051100028,26.10923600013848
1077,1232d036-5f5f-4c97-ab2e-f47f250a51c6,202,,53.85051246900002,53.8687463629999,18.233893999877182
1078,b2b98e1c-674c-4e38-ac2a-094ec280c204,202,,53.900306354999884,53.9448792610001,44.57290600021224
1079,9ba90fb7-5040-4ae6-96c6-c1e2b7eba26c,202,,53.950374139999894,53.964994194000155,14.620054000261007
1080,79453247-2e33-4c26-91fd-d1d35cabc551,202,,54.00164755100013,54.01659599899995,14.948447999813652
1081,a633d194-f5d3-4ffd-9812-154e89184d3f,202,,54.05035842699999,54.06616335900026,15.804932000264671
1082,7e4a9fab-69fe-4c38-8fd7-3edfbcb97e3a,202,,54.102186342000095,54.12435801099991,22.171668999817484
1083,274614d7-3136-4076-af8c-703fca1bfe85,202,,54.15177249299995,54.16550443999995,13.73194699999658
1084,a94569b3-0728-410b-a2e4-eab78acd16c7,202,,54.20412549699995,54.21687397000005,12.748473000101512
1085,e8217e53-20f9-4132-a920-d6709a78e7c5,202,,54.25531091499988,54.26935988200012,14.04896700023528
1086,457f2a73-013d-49cd-b033-f23c8a7194d2,202,,54.305053471000065,54.32271981900021,17.66634800014799
1087,ed5dc890-8fb3-41b0-ad07-23c86c00b7d6,202,,54.35056577100022,54.36425680499997,13.69103399974847
1088,75b2329c-b497-4c5e-8ed4-960acc0d9686,202,,54.40534311200008,54.42047863200014,15.135520000058023
1089,64054f54-635d-4e4e-84da-59541396129f,202,,54.453216127999895,54.47047292100024,17.25679300034244
1090,a23c135d-5994-4270-8009-7611a8e756df,202,,54.50528885999984,54.52538175300015,20.09289300031014
1091,2d06db85-638d-4beb-afc9-61d3a0b20c77,202,,54.55327024400003,54.570506538000245,17.236294000213093
1092,92dfde61-ff41-4f27-baff-8890feb2d3f7,202,,54.60038801900009,54.61561844800008,15.230428999984724
1093,4b7e4031-71c4-4871-89a5-4afd7dde590c,202,,54.65026981500023,54.70047225600001,50.20244099978299
1094,1cf6c087-b91c-462a-93a9-213a3226e0bb,202,,54.70057787399992,54.72054839900011,19.97052500018981
1095,b170e4f4-4520-490d-ad71-f5a47cb8fb38,202,,54.750185022000096,54.770465609999974,20.280587999877753
1096,b67d60c7-0f49-49c8-b766-62b12a06bb47,202,,54.800156270000116,54.82353064900008,23.374378999960754
1097,34182ed2-88fc-44a4-bfbc-fcf78ad43cb9,202,,54.850215470999956,54.86371560099997,13.500130000011268
1098,1c2c2c82-e0c2-4f8e-b120-3a70ae546c4f,202,,54.90018842800009,54.91268200000013,12.493572000039421
1099,cb72ccc9-c819-4c2a-8c52-2fe9e2565d2c,202,,54.95170148900024,54.96303730599993,11.335816999689996
1100,48645d22-d894-45ab-9f87-6aa472f2e9e7,202,,55.001724775000184,55.01385349700013,12.128721999943082
1101,c53cdb05-b1db-44d7-b12b-0a34cadb5838,202,,55.051047068000116,55.063846578000266,12.799510000149894
1102,4879a085-b6ec-4566-becc-97f26604b36e,202,,55.1003916919999,55.11749770200004,17.10601000013412
1103,b3d5c280-b127-4423-8f01-8120d872b667,202,,55.152196900000035,55.166403856000215,14.206956000180071
1104,a6816d46-8a06-4e1b-a1fd-2d6d54b83edd,202,,55.202970468999865,55.22193560400001,18.965135000144073
1105,1b42bda1-41c8-4686-b17c-b73d37460998,202,,55.250991473999875,55.26643863900017,15.447165000296081
1106,ff01a213-b97e-4f1f-94c4-c0d1f2d81f66,202,,55.30385556900001,55.31915591000006,15.300341000056505
1107,b19bb207-9bc1-46b7-9169-6bc51aed2f8f,202,,55.350316053999904,55.370286037999904,19.969983999999386
1108,205f0c1e-3a00-4a54-ad0d-7575de95f369,202,,55.40214938500003,55.469733027000075,67.58364200004507
1109,3987cde6-b2bb-4cdd-8f24-63c99d75738c,202,,55.45534604100021,55.51249026300002,57.14422199980618
1110,483de269-0b33-4eb0-a83c-4f5edb16c0f5,202,,55.50059323300002,55.6313925190002,130.7992860001832
1111,8550709d-520a-4098-b838-92503a9fce4b,202,,55.559485545999905,55.66660455600004,107.11901000013313
1112,20a41afc-82d1-46c8-b677-61e2ca763c05,202,,55.61127829499992,55.7114436920001,100.16539700018257
1113,d55c9388-b4d1-41e0-ba9b-e820b8312c5f,202,,55.652088620000086,55.72211763699988,70.02901699979702
1114,67ffdc42-7939-4597-95a9-d54e2f34486c,202,,55.70052118000012,55.75699748800025,56.47630800012848
1115,ac924e2f-8333-4024-b061-4d839ae0a2db,202,,55.75192062299993,55.77193110400003,20.01048100009939
1116,b80a679e-6977-45a7-aba9-283beae92ca9,202,,55.80020869300006,55.81457422199992,14.365528999860544
1117,5212fc2d-080b-408b-b4c5-77cfc2c59336,202,,55.85022893699988,55.86566043599987,15.431498999987525
1118,df9242ef-c4a0-4261-937e-77958cc10720,202,,55.90018526999984,55.91695896900001,16.773699000168563
1119,1272b761-f360-4b03-958a-870b8fd9dc19,202,,55.95028413399996,55.96291390500028,12.629771000320034
1120,321cc52d-f0e4-4bb5-9b09-77d4d0eda9bb,202,,56.00038758100027,56.011803934,11.416352999731316
1121,6893c90e-2857-49f9-a1bf-987f8685c86a,202,,56.05075150999983,56.06304484600014,12.293336000311683
1122,6694e6d4-5df5-40d1-9fe1-a57b5cca3779,202,,56.10535332000018,56.125795355000264,20.442035000087344
1123,ccc3356c-549c-4bdf-bebb-1934fb4fbd7e,202,,56.155359149000105,56.1703298450002,14.970696000091266
1124,b237bfb2-0c8d-4766-9ddd-44fcc14bad31,202,,56.205281274999834,56.220060442999966,14.779168000131904
1125,82c3c06d-94d7-451b-8cd9-d0b2642c2172,202,,56.25188324999999,56.267800591000196,15.917341000204033
1126,0021358d-c594-46a7-9b76-3531eb59a545,202,,56.30056537700011,56.314712253999915,14.146876999802771
1127,55662aa4-410d-476b-b2b1-6d7957acf3e5,202,,56.35026985100012,56.36093721299994,10.667361999821878
1128,4aa278df-26ac-40ab-bd49-0a0ac296f944,202,,56.40327568500015,56.41543428000023,12.158595000073547
1129,c17143f0-c599-4504-b400-b6c7a48b22db,202,,56.452247541999895,57.11908754900014,666.8400070002463
1130,bf9014de-74da-4888-bc41-024c3d672627,202,,56.50070968299997,57.12877601900027,628.0663360003018
1131,d85f8eb9-2cdf-41a4-a224-60b91fb5a564,202,,56.55188001700026,57.13866172600001,586.7817089997516
1132,28884093-3f1d-4b1a-97e1-0d17d0a23e60,202,,56.60279624099985,57.14392566200013,541.129421000278
1133,ff15965e-d28e-4df9-8e11-4e63a54b3f98,202,,56.65025174199991,57.14942295699984,499.171214999933
1134,c18afef4-5329-4797-912f-daec63cc3405,202,,56.70499491600003,57.16652450899983,461.52959299979557
1135,f026e6d5-205e-448f-b45b-c960bda2b8ac,202,,56.755213063000156,57.170964667000135,415.7516039999791
1136,5323ddb1-0453-42d1-848c-07d355b6a110,202,,56.80025443500017,57.18497738699989,384.72295199971995
1137,190df2b8-6f9e-4c26-ba26-af5e1b34e981,202,,56.8514574740002,57.19996491500024,348.50744100003794
1138,1991d0bf-194c-430a-a769-9e7c65199f9a,202,,56.903094692000195,57.21632493400011,313.2302419999178
1139,00fb806e-5c8d-4262-910c-1c818216da47,202,,56.95188126899984,57.21963071100026,267.7494420004223
1140,016dda97-0a24-419c-8c2b-0d8876736cd3,202,,57.001470042000165,57.225491606000105,224.02156399994055
1141,afceceaf-ebfa-4c7d-8df4-2e3c22f00cc1,202,,57.05269082899986,57.246285034000266,193.5942050004087
1142,ece98fe1-0aa8-4e94-b390-5d5491f7fb01,202,,57.10038064699984,57.24937686700014,148.99622000029922
1143,cac8c709-cb55-442d-b2f7-92b6f244d27b,202,,57.15035968500024,57.25546912200025,105.10943700001008
1144,d03bedcf-3d72-4ddb-9712-5784e4e4aac2,202,,57.200282144000084,57.27148366400024,71.20152000015878
1145,12922452-193b-40ba-8341-651e5392a864,202,,57.250248016000114,57.27942358600012,29.1755700000067
1146,108dd1c2-6cc3-4de3-b471-a46f3975572c,202,,57.30190914900004,57.33173080000006,29.82165100002021
1147,6e36b6c1-4645-41b5-b979-369d0c59c633,202,,57.350287004000165,57.37050276199989,20.215757999721973
1148,bfc0e6ae-15b2-498a-98f7-f2eb46beca11,202,,57.40018858900021,57.41635091299986,16.162323999651562
1149,1ae47c4d-cbf9-45a2-8853-f85ccc76c00c,202,,57.45027749400015,57.46908501500002,18.807520999871485
1150,7d55b006-29b4-436e-87d6-d3a62409aa1c,202,,57.50196420900011,57.52117582700021,19.211618000099406
1151,3846d4b9-b927-44ef-b8a2-709ae3bd3031,202,,57.55033997999999,57.56332531099997,12.98533099998167
1152,d03811df-b636-4e38-bcf0-afc3cf849104,202,,57.60076244599986,57.61719604300015,16.43359700028668
1153,c46d09f8-4583-44c1-8579-40f5236326ee,202,,57.650650739999946,57.665163799999846,14.51305999989927
1154,ae14f68a-251a-4ead-87b6-ea532a3a5d18,202,,57.700701564000155,57.71858364699983,17.88208299967664
1155,2f371587-d6a9-4443-9ffa-62733118e5b9,202,,57.75076822100027,57.7639396630002,13.171441999929812
1156,3980d3d2-7aaf-42f9-8274-30ab0f777951,202,,57.80043827899999,57.8127792360001,12.340957000105846
1157,d9437249-9c8a-4fc6-9272-095109dc3e13,202,,57.851181890000134,57.86375937299999,12.577482999859058
1158,a0008d82-f100-4bf2-9111-0e55fb229f72,202,,57.901148594999995,57.91684703300007,15.698438000072201
1159,e2cf9fe4-cad9-4e9f-b8dc-2f7c9af433d5,202,,57.95194016000005,57.96801203199993,16.071871999884024
1160,62e25623-95a1-45bf-8baf-29956e6ed7e4,202,,58.00148451899986,58.01579067700004,14.306158000181313
1161,77b5dfb7-1ccd-406c-86d7-78e903a113c1,202,,58.055267174000164,58.07268120500021,17.414031000043906
1162,5c27a197-5e6d-4d5d-8f6b-62d996101ac6,202,,58.102826667000045,58.119812851999995,16.986184999950638
1163,b9708509-ef7b-4578-bf60-37d1170b4075,202,,58.15528520299995,58.17219080999985,16.905606999898737
1164,8953e40b-118b-4196-bc25-8039efcee4bf,202,,58.200219623000066,58.2297866240001,29.567001000032178
1165,365573b6-dd92-4e36-930e-7c642fd005d8,202,,58.250179578999905,58.268712076000156,18.53249700025117
1166,99d4d9ec-53ae-4adc-be58-5ddc78a0cd49,202,,58.30044113900021,58.33611801799998,35.676878999765904
1167,54423803-cc56-4e7d-b815-277f5753c7e1,202,,58.3507491119999,58.374042121,23.29300900009912
1168,5f7e1673-8058-4a6b-beac-9f5895532405,202,,58.402111305999824,58.440524501000255,38.41319500043028
1169,15a51b30-632e-408e-aa3e-4d00d1f06915,202,,58.45040899900005,58.47828948899996,27.88048999991588
1170,939d05d2-500e-47b4-9d67-b0847dcd3f6d,202,,58.50021892299992,58.51604931100019,15.830388000267703
1171,59195e8e-ca30-49ef-9790-2b203ee6b0c3,202,,58.55023654100023,58.575397006,25.160464999771648
1172,cd784712-a8b0-4a02-9d16-d05cda526e6a,202,,58.601561029000095,58.61775730799991,16.19627899981424
1173,403f3e4d-5776-49f4-92ce-83067333d214,202,,58.65072978700027,58.66271943399988,11.98964699960925
1174,e037c7fb-554e-4b20-a9f7-f82875cb5b84,202,,58.701866078999956,58.71395926100013,12.09318200017151
1175,bab5c417-ed24-4c5c-8018-e74eff72052e,202,,58.750371048000034,58.76342858199996,13.057533999926818
1176,32cd12d5-938c-4841-b558-4a764e7e4024,202,,58.80038962400022,58.82446441299999,24.074788999769225
1177,ef181a20-a911-4546-ac38-933655df3767,202,,58.85037774400007,58.86939570699997,19.017962999896554
1178,b70cb7aa-be96-415b-b7fc-22c387202da1,202,,58.902323356000124,58.91630991000011,13.986553999984608
1179,f3af598c-60dc-44e2-a039-855cd14dbd05,202,,58.951429035000274,58.96474259300021,13.313557999936165
1180,47c37be0-9bc1-4493-946c-884a4cf99569,202,,59.00042684600021,59.01557111400007,15.14426799985813
1181,93db00c5-bfd2-445b-8ed3-58da78f9cc34,202,,59.05074594300004,59.0638856380001,13.139695000063512
1182,5b5c2f29-2b0f-4857-8254-ab57f2aa0a29,202,,59.10536983300017,59.12081570500004,15.445871999872907
1183,57ceb03e-333f-44c3-b215-cc55e2eefda0,202,,59.15493381399983,59.16872196500026,13.788151000426296
1184,1ed6b91f-0c3b-454c-9c36-cbec3ae0168f,202,,59.20227236300025,59.224881749999895,22.60938699964754
1185,83c88dc4-e4cc-4baa-9022-1a8bd4ca3d83,202,,59.250703753999915,59.29412148400024,43.41773000032845
1186,f35df568-c42e-426d-b600-7fd75522669f,202,,59.300327772999935,59.315109982000195,14.782209000259172
1187,067e4f6e-a7f4-4193-8b72-380f3778e5bc,202,,59.35017331900008,59.36601420600027,15.840887000194925
1188,ed9b7f62-ced5-4fd0-b3f5-390c6060b1d6,202,,59.4001573139999,59.414513009000075,14.355695000176638
1189,5aab95b3-1374-48d8-a697-61fe3594c774,202,,59.45028092400025,59.46373530600022,13.454381999963516
1190,56c96a8b-d6e4-45a0-ab26-cdbfa6e30f13,202,,59.50033278899991,59.543672316000084,43.339527000171074
1191,41aa3924-8d99-4550-96a5-2a2f022562eb,202,,59.55021820699994,59.57316569700015,22.947490000206017
1192,57906246-bc4b-4bff-ad16-f58e0994d3ae,202,,59.60033069200017,59.63115064900012,30.819956999948772
1193,86760d9f-8a5e-4782-a4ba-1452a2b645c4,202,,59.65052929700005,59.66326435200017,12.735055000121065
1194,200760ac-3921-43dd-b770-94075446ef0e,202,,59.703805526999986,59.719221816999834,15.416289999848232
1195,f2350116-b89e-4713-bec3-455653edc8cb,202,,59.750358418999895,59.763808385000175,13.449966000280256
1196,f4707959-c32a-4b0b-838e-28ed8d57f9d8,202,,59.8012449769999,59.81836444500004,17.1194680001463
1197,41b67510-4460-4e30-b41f-d54b98a2a8a1,202,,59.85153949200003,59.868758785999944,17.219293999914953
1198,d42451bc-9ba9-4981-a3b3-f17ff32ccaf7,202,,59.902181691999886,59.92277821500011,20.596523000222078
1199,44df7097-1cc5-4cd6-b377-9dad149a10e7,202,,59.951246872999945,59.96762447299989,16.377599999941594
1200,c0d5aa18-6784-4ac4-a09f-847adfbb5529,202,,60.00079260500024,60.02225902800001,21.4664229997652
1201,e7026e84-5cd0-46b2-9425-fafc9eee0172,202,,60.05097191899995,60.07110547399998,20.133555000029446
1202,4fdbee4f-97e8-4485-b51e-d8f8e1317710,202,,60.10020658900021,60.12189149699998,21.684907999770076
1203,1b77f354-ade1-4256-af41-9b54d7dc363e,202,,60.151076230999934,60.16901356000017,17.93732900023315
1204,0b6fa9a8-ba2d-4b0b-8762-cfd759efdb2a,202,,60.204500242999984,60.21930128300028,14.801040000293142
1205,e6e09b85-9a05-414c-a309-4b7bf66bf4f7,202,,60.25078631999986,60.26774229800003,16.955978000169125
1206,eab17aba-42ca-44a8-a6b9-caee0dfec3ea,202,,60.30048204200011,60.330737537000005,30.255494999892107
1207,e2e32d81-d55b-4f76-b9af-5c537599ebf6,202,,60.35025942499988,60.365454064000005,15.194639000128518
1208,59c90bae-790c-4763-8120-48d22f08db4f,202,,60.40018017300008,60.41425817900017,14.078006000090681
1209,7dd28090-71f4-4107-8ba9-246d0ef22d41,202,,60.45031399100026,60.46670300699998,16.38901599972087
1210,5f2ffa6a-edbd-42f8-b4a0-9bbb65ec4ccd,202,,60.500197408000076,60.51192315700018,11.725749000106589
1211,1c131c8f-7050-4d84-9c43-51c96db14818,202,,60.551164211000014,60.562319373000264,11.15516200025013
1212,399dc4f5-6d5e-46b9-bc3e-5b142f0d4495,202,,60.60431678099985,60.62256775500009,18.250974000238784
1213,e1093425-d965-4a32-89e6-0cbef9281fe2,202,,60.65510413699985,60.67544026099995,20.33612400009588
1214,58e147cc-d9c1-425a-85c1-9e0b75dcd410,202,,60.70065151400013,60.714385542999935,13.734028999806469
1215,a8c89c5b-3de9-43b8-a23c-188e68731a07,202,,60.75078807999989,60.76385965400004,13.071574000150576
1216,ce267281-ab41-4c3b-9432-540db152552b,202,,60.80058837800016,60.817242708999856,16.654330999699596
1217,b04e94fa-b385-4b3f-aae5-65baa4641ce1,202,,60.85179032999986,60.865318373000264,13.528043000405887
1218,e08786d8-2fef-4647-be47-52b1b4924899,202,,60.90215767300015,60.91605869000023,13.901017000080174
1219,84c79fab-453a-4c00-833c-8aa761678a0c,202,,60.95126818300014,60.964478581000094,13.210397999955603
1220,d6daab59-661c-4560-b674-947aaebed7a4,202,,61.00106064800002,61.01734096300015,16.28031500013094
1221,fd40d412-51ce-463c-8a75-625e93db375a,202,,61.05533310100009,61.074395687000106,19.0625860000182
1222,87327ad2-983c-49b2-beb4-3d8ff9de3663,202,,61.10533759300006,61.12225149100004,16.91389799998433
1223,ae68bd72-ffeb-46c8-8fdc-3e8e69b5925d,202,,61.15424599300013,61.169457171999966,15.211178999834374
1224,5b7c0e98-c4d8-49aa-940a-977a59e2a626,202,,61.20181594099995,61.22060054500025,18.784604000302352
1225,1cd60dcf-a437-4342-85dc-3d4d0084de1a,202,,61.25088603799986,61.27179104000015,20.90500200029055
1226,d623f402-7abb-4b99-acdb-7a470614fc89,202,,61.305331771000056,61.31755281899996,12.221047999901202
1227,b710af75-32b9-428e-96e6-2b0d58296e27,202,,61.350179319999825,61.38780677500017,37.627455000347254
1228,f8fa6279-af01-43e4-bf59-d6a1a9a4a92d,202,,61.40036621599984,61.414236402999904,13.870187000065926
1229,b3d122cf-d915-4bc7-befc-b0dab04046cf,202,,61.4503361269999,61.46527915800016,14.943031000257179
1230,b075baff-2a64-4b00-955c-bf81b9e0a872,202,,61.50029270599998,61.512440592000075,12.147886000093422
1231,328b6262-d889-4ead-b7be-912350682ddc,202,,61.55021391199989,61.561856373999944,11.642462000054365
1232,140f152b-2e9d-48a7-9a44-a2cf81c944a6,202,,61.60039180800004,61.61401226099997,13.620452999930421
1233,9328949a-99d3-4b59-8cf0-df422f29380a,202,,61.650423589000184,61.662490898000215,12.067309000030946
1234,a8f83dc4-5f87-4884-be1f-14c9d4b2c648,202,,61.70532666600002,61.721504863000064,16.178197000044747
1235,950a4a6f-96d7-4afa-9727-82299fdf22a3,202,,61.75524591300018,61.76688925000008,11.643336999895837
1236,8538d758-b8df-4738-9df3-7f0a3ae57707,202,,61.800541389000045,61.81552420900016,14.982820000113861
1237,12f37aa0-144c-4cd8-8845-6d8d313d95b0,202,,61.85511765499996,61.868673196000145,13.555541000187077
1238,f0876644-8202-4c73-b937-0e4b66be53f5,202,,61.901844658999835,61.91989647900027,18.051820000437147
1239,90b9f209-f556-4ce5-9b6a-6e483a04ec9a,202,,61.95388417999993,61.969560868999906,15.67668899997443
1240,2fcd5e4a-fbd8-4c23-b27b-9b98336fcbdc,202,,62.00292132000004,62.020147737000116,17.226417000074434
1241,2599021f-3f89-4bb3-9852-32ecc5c8a205,202,,62.051321336,62.06509607099997,13.77473499996995
1242,d0d0158c-073a-4a93-bc43-216f27343519,202,,62.10028264799985,62.79586961699988,695.5869690000327
1243,f63b06ad-9ceb-4a57-83c3-69bd34545e85,202,,62.151631714999894,62.83836315799999,686.7314430000988
1244,9071248a-704f-4a96-a12a-33fa72892601,202,,62.201972475000275,62.84754686899987,645.5743939995955
1245,c47b618c-a438-4527-ba53-8524ffee5987,202,,62.25080058799995,62.85417467100024,603.3740830002898
1246,9568e57c-35a1-4a9c-8658-fede0d91dbca,202,,62.30110872500018,62.87149220699985,570.38348199967
1247,51047fe3-fbf3-4adf-be6b-cfda8e277f40,202,,62.35057383599997,62.87603806600009,525.4642300001251
1248,db6cc7fa-1ba8-4174-ade8-d657b34f8342,202,,62.40200764700012,62.8928991329999,490.89148599978216
1249,a02d389e-cee7-41f7-a056-1c89cfa1d79f,202,,62.45107011900018,62.90445872600003,453.3886069998516
1250,00b10b02-5ae1-4895-b34d-8408b71a46c2,202,,62.501085568000235,62.91483319000008,413.74762199984616
1251,528deba8-abdb-46fc-8831-98e7ade37f04,202,,62.551430453000194,62.92388978600002,372.45933299982426
1252,84b3ce50-64eb-4d7b-b9eb-9294ae706b89,202,,62.60022881700024,62.92957606800019,329.34725099994466
1253,e13fe248-3f90-4f33-8f8d-eae5d0baf93f,202,,62.65460151200023,62.936618673999874,282.0171619996472
1254,50e2badb-4c9f-4295-98ab-d44efb6c4a54,202,,62.70532745399987,62.947924450999835,242.59699699996418
1255,d5aa7625-7374-40bf-88f3-1a54c2394505,202,,62.75099790400009,62.9619728749999,210.9749709998141
1256,c2e7a90c-0136-448b-8178-ae2b42d99f47,202,,62.801330789000076,62.96294055899989,161.60976999981358
1257,4e2867a3-571d-45d9-b257-4ac888463d30,202,,62.85042825800019,62.96535297900027,114.92472100007944
1258,a66fba64-7daf-4b75-90a5-9d6a428b0c2b,202,,62.9008402620002,62.96865671400019,67.8164519999882
1259,60f32d63-9708-472a-a656-e9a6c1572447,202,,62.950328788000206,62.97429520800006,23.966419999851496
1260,7ec3c2f7-ab1f-4593-b1e6-d9aa69674583,202,,63.00028394900028,63.02330076599992,23.016816999643197
1261,945126eb-6694-4b88-a2b8-51fdcebd6c1e,202,,63.05060816800005,63.07617835400015,25.57018600009542
1262,6fe14b2f-d862-4334-9c44-de5d87bc2e6d,202,,63.10129486200003,63.12881549900021,27.520637000179704
1263,f5a3f376-b7ce-49fd-9806-e978c61dc741,202,,63.150795845000175,63.16667693699992,15.881091999744967
1264,72f42a6d-1468-4a49-890f-4d8774b8b38a,202,,63.20088395499988,63.22593084300024,25.046888000360923
1265,d93c71cb-ad34-439d-a288-2012ecf498e1,202,,63.25067866800009,63.27321051800027,22.531850000177656
1266,5dd863ed-3942-4a97-96c2-ee9df79a6d33,202,,63.30099947100007,63.32056906300022,19.569592000152625
1267,cf36fed4-4194-45ab-9df2-fb0792e9a82c,202,,63.35117274100003,63.36879646499983,17.623723999804497
1268,0ebce2f4-97cc-4374-87d2-c2d39be2d8aa,202,,63.40176502600025,63.42146794200016,19.702915999914694
1269,a699bbf9-c79a-43b3-92d0-edb4f6bb683f,202,,63.4508429120001,63.465603829999964,14.760917999865342
1270,2eb77658-69c4-4240-a8f6-e66049cebc82,202,,63.500732868999876,63.520314251999935,19.58138300005885
1271,742b64ce-029c-438c-8116-25373509ac05,202,,63.5504019240002,63.569537712000056,19.135787999857712
1272,77d2b0f6-09ba-41f6-b952-524661b7d972,202,,63.60532603899992,63.62729555199985,21.969512999930885
1273,13e43fa6-7eae-4849-aae6-b4ccebd752ac,202,,63.65253755100002,63.66328257400028,10.74502300025415
1274,686ea5c4-0e2a-4993-968a-31c510602223,202,,63.70545101100015,63.72021684499987,14.76583399971787
1275,6248efb8-dc06-49dd-838c-8ab45d50ba38,202,,63.75093159900007,63.768419540000195,17.48794100012674
1276,df57b0f1-d61f-4ac1-9366-abc4653d2313,202,,63.80244598699983,63.82745021100027,25.004224000440445
1277,8379047c-407e-4dcd-9bf0-17a9ebbe94c7,202,,63.85266183700014,63.90074337399983,48.08153699968898
1278,4e034342-2a87-4b8b-b384-c8a0d0c0c688,202,,63.90131204399995,63.98415768599989,82.84564199993838
1279,3b58e74c-f118-4ef7-bc66-d698b27911ce,202,,63.950947267000174,64.00460042700024,53.653160000067146
1280,e184371a-845a-4690-8cd5-3bd4ea6ee1bd,202,,64.0007753939999,64.01986426800022,19.088874000317446
1281,2e4794ea-51fe-4216-b6d9-3b71e2337d63,202,,64.05086637800014,64.071957784,21.091405999868584
1282,b89cf789-6316-48ea-9d43-3144db179b26,202,,64.10025545100007,64.11994720200028,19.69175100020948
1283,a9a521aa-8142-48e9-a2b5-4fbfdfc41eff,202,,64.15016890600009,64.16478125000003,14.612343999942823
1284,da729a21-373d-471e-93b8-b5825db65376,202,,64.2005165810001,64.2195409179999,19.024336999791558
1285,068d49fb-8dc9-4375-967a-0f36e573d732,202,,64.251199025,64.28691623199984,35.71720699983416
1286,c515ac76-abfb-4f55-ac79-7c43af01fb61,202,,64.30043202500019,64.32900409100012,28.572065999924234
1287,dd3f22e3-a826-48e4-869b-891d8cac8310,202,,64.35022877900019,64.37331746600012,23.088686999926722
1288,e0c60f9c-7121-4096-b163-ab23d616758c,202,,64.40160438500016,64.41581817199994,14.21378699978959
1289,59846d95-93b0-4112-bb1c-cc85eae65ef5,202,,64.45048215899988,64.46370668100008,13.224522000200523
1290,c4f22d25-4ed8-4780-aef2-582779e29b6d,202,,64.50036986500027,64.517394255,17.024389999733103
1291,0c32746a-d009-4a03-870a-c2b9162f8eac,202,,64.55028931900006,64.5669151940001,16.6258750000452
1292,40d4f202-94f3-4142-89ef-7dbc5e05f0d8,202,,64.60339026600013,64.62974214799988,26.351881999744364
1293,5d924d4a-5369-4953-a79a-244d0a90e1b3,202,,64.65350674699994,64.66412781999998,10.62107300003845
1294,4f4dacdc-de2e-42f6-9214-6f4950d80dde,202,,64.70229619400016,64.71811970599992,15.823511999769835
1295,c704cb48-3df9-455c-a2b9-ee876138c631,202,,64.75316879100001,64.77314752200027,19.978731000264816
1296,d3c8d1e8-70c1-4154-887b-848d590e3360,202,,64.80453443800025,64.82541015000015,20.875711999906343
1297,49c52fd6-a252-4975-b3c7-550d602b646d,202,,64.85127052400003,64.86275212100009,11.481597000056354
1298,ade90393-6812-4908-bff2-e75845afa32d,202,,64.90375313699997,64.92363241600015,19.87927900017894
1299,f1c48a9d-3983-4164-a50e-38f69297c199,202,,64.95077482800025,64.96415654700013,13.381718999880832
1300,c5f8eb78-44c7-4d0d-8e3f-8760647d4ffe,202,,65.00445148500012,65.02054377100012,16.092286000002787
1301,1dc6ff0e-c3f3-45e7-8ce3-61f5767bae63,202,,65.05046349500026,65.06619826299993,15.73476799967466
1302,a240dbff-7c14-4508-aa21-2435fca3d41d,202,,65.10148070700006,65.11378604099991,12.30533399984779
1303,f033dd99-eb5b-451c-be1e-3f7553bf7ee6,202,,65.15022440700022,65.16145252200022,11.228114999994432
1304,bfc5f031-93dd-4301-be55-b57aeaa0ba9a,202,,65.20025485299993,65.21561852100012,15.363668000190955
1305,48457f24-ced6-4d9b-868e-38e3434eb31f,202,,65.2502225940002,65.26257813300026,12.355539000054705
1306,2c4158cd-5df2-4c56-a96d-2beb697b8f93,202,,65.30017579500009,65.32870403000015,28.52823500006707
1307,2ae9a0c7-f279-497e-a3eb-9b61a21fc60c,202,,65.35030344300003,65.36281976200007,12.516319000042131
1308,d6f57121-d26e-49e2-9eb2-a8d014d8d2e0,202,,65.40038580200007,65.41417424300016,13.788441000087914
1309,bcf6e76d-1556-4a71-8a8f-c4fc49f9b4e6,202,,65.45109420200015,65.46083250099991,9.738298999764083
1310,1ff5e800-0dac-4285-8615-911c9cb292cc,202,,65.50064130500004,65.5109280669999,10.286761999850569
1311,f4a5c491-3d99-4200-980c-08005bf57798,202,,65.55166914200026,65.5635736690001,11.904526999842346
1312,8aea9e27-a793-4eab-beea-56d5001c64b5,202,,65.60349079900016,65.61774450099983,14.253701999678015
1313,73afe8a5-b219-41e3-b6bf-ba49309860a8,202,,65.65103437100015,65.66100128000016,9.966909000013402
1314,34fa9db5-d0df-4607-b514-cd5e54e2a121,202,,65.7015252440001,65.713549263,12.024018999909458
1315,a86f2a6c-7a2e-461e-8bc9-a254b1dd8935,202,,65.75153710699988,65.76342105200001,11.88394500013601
1316,bc00268c-321f-488b-940b-2e3601a0814d,202,,65.80147010000019,65.81744676800008,15.976667999893834
1317,f7a59a1e-9bce-4968-941d-09bb14bbb7ac,202,,65.85214312700009,65.8624994249999,10.356297999805975
1318,d50e7c89-47af-4dea-81a1-24fcef705994,202,,65.90092411500018,65.92080510200003,19.880986999851302
1319,d573d853-c5ac-4e0b-a73b-43be0908ca98,202,,65.950390556,65.96162604600022,11.235490000217396
1320,5d5237df-3128-4387-8486-d4f2912f5eb9,202,,66.00039546200014,66.01271012799998,12.314665999838326
1321,79d0bc1a-262f-419f-8750-39d693a7cef8,202,,66.05036886900007,66.10059180100006,50.222931999996945
1322,707aa30a-011b-438d-ab70-51086350776b,202,,66.10027161500011,66.12066515000015,20.393535000039265
1323,7d98c53a-1570-404f-b525-bdfd98c8ec98,202,,66.15036309700008,66.16169037200007,11.327274999985093
1324,df713a62-c009-4d63-8cbb-4651986745cd,202,,66.20019651400025,66.21530899100026,15.1124770000024
1325,ad6ffd54-5fa4-403c-a332-4375e1692352,202,,66.25045298600025,66.26985000500008,19.397018999825377
1326,50592b0e-6fd1-469d-a3c7-56e709a7fc96,202,,66.30082178300017,66.3168333650001,16.011581999919144
1327,a394008c-306a-4492-aaf1-a69dfda8edbe,202,,66.35033876299985,66.36161245799985,11.273694999999861
1328,3beeed45-3293-4694-9e2f-a00e1974236f,202,,66.40051248999998,66.41112314600014,10.61065600015354
1329,3e04083c-b0b1-4ee0-bd9b-6a08480a2f25,202,,66.45281586500005,66.46611583899994,13.299973999892245
1330,7345a1aa-bb47-4fdb-b91b-e41af267aa01,202,,66.50017407399991,66.5193070700002,19.1329960002804
1331,403c6330-4c79-440d-8082-4e6ebc07e830,202,,66.5502581820001,66.5601392210001,9.881038999992597
1332,a252400f-24d4-4bd7-9468-fbd3e63eea49,202,,66.60185597899999,66.61317333700026,11.31735800026945
1333,71211bb3-953b-462e-8802-fb143f638088,202,,66.65180313700012,66.66282401599983,11.020878999715933
1334,cb34136d-500d-4ef1-95da-c4fa64a9f03e,202,,66.70176329500009,66.71695972399993,15.196428999843192
1335,0b117a9b-539b-4e36-8799-30b8e0a16341,202,,66.75122198700001,66.76309772400009,11.875737000082154
1336,13369caa-710e-468f-950d-334428d67ea8,202,,66.80083308400026,66.81810354000027,17.27045600000565
1337,c0bba108-7d63-4daa-b737-39b6e8be2a74,202,,66.85068658299997,66.86461726400012,13.93068100014716
1338,19c91642-4030-4539-92c2-6578db523b14,202,,66.90037567499985,66.92351714899996,23.141474000112794
1339,42745cfd-5f1f-488f-ba36-08132f29d96c,202,,66.95158337300018,66.96413277300007,12.549399999898014
1340,e4138760-8100-4ada-9d05-c37699a23b57,202,,67.00327145600022,67.01692948900018,13.658032999956049
1341,99f51889-9db5-464c-943b-8ed915f4b271,202,,67.0508846470002,67.06714608699986,16.261439999652794
1342,fbca03c8-f711-468f-99a3-b53c8e7e5421,202,,67.10170791300015,67.14336275799997,41.65484499981176
1343,0c6dad5b-ac36-43cd-b5e0-22e941b08bd4,202,,67.15065026399998,67.16998766300003,19.337399000050937
1344,9763128b-5694-4603-96eb-d6ea004d1833,202,,67.20031202600012,67.23071204999997,30.40002399984587
1345,24f03e96-be58-435a-8192-f47a232addb5,202,,67.25192486300011,67.27786010599993,25.93524299982164
1346,4061cd12-e0d6-4839-acac-bc3a983bd830,202,,67.30042849400024,67.33100021500013,30.571720999887475
1347,27c33823-d997-4599-9d5f-1cc5f37d3a83,202,,67.3583660700001,67.43565591800007,77.28984799996397
1348,f3331e91-79cf-43f7-95ee-4a30d7716347,202,,67.4020883170001,67.44716238799992,45.074070999817195
1349,be8e5881-1d82-4f4b-b778-04f41122fb6f,202,,67.4519482730002,67.47234372399998,20.39545099978568
1350,0879ed24-3049-424b-9a13-3166754c53e9,202,,67.500698887,67.53104920600026,30.35031900026297
1351,b80b01df-ae3e-4014-b959-b386547169fc,202,,67.55021990800014,67.58434592899994,34.12602099979267
1352,d129d1d1-c9ac-4e1e-b1a6-8f8e173c5280,202,,67.60031584700027,67.63973226000007,39.41641299979892
1353,b42f96e4-c535-4775-893c-a30b2a037679,202,,67.650881088,67.66806584100004,17.184753000037745
1354,ee04814b-7819-46b4-8bb7-f7105d1e40c2,202,,67.70433330000014,67.75708226799998,52.74896799983253
1355,14d9b1ea-17fb-4abd-8ad6-3b2b51589a49,202,,67.75885639800026,67.85541760600017,96.56120799991186
1356,b5db86ad-623b-41fb-9cc9-5aef40663acc,202,,67.80216146400016,71.07084012399991,3268.6786599997504
1357,241a85f9-a652-44d2-8760-e91c66d6c51e,202,,67.85412956800019,71.02878180900007,3174.652240999876
1358,83f0f043-cc8d-4c25-866d-b8bb30b6344f,202,,67.90233588599995,71.07635387500022,3174.0179890002764
1359,f57ebd86-f104-4863-a31e-b44f7a4fc464,202,,67.95340596799997,71.08548413200015,3132.078164000177
1360,60ba6188-5b32-4325-a80d-a38f5d15bcf1,202,,68.00074580199998,71.11468856900001,3113.942767000026
1361,3b9c8e75-9a00-40e0-93c1-de4fb71a54c3,202,,68.05750787299985,71.13086484699988,3073.356974000035
1362,def4df3f-b100-49cd-bb53-79c78b12d6e9,202,,68.1093925250002,71.15222519100007,3042.8326659998675
1363,1a3c88e4-02aa-428e-978f-159f201b89d1,202,,68.16327083299984,71.16940052600012,3006.1296930002754
1364,fb71601e-1ef0-42a9-8624-ea1223db9c45,202,,68.21010066000008,71.18193496799995,2971.8343079998704
1365,da0f6a92-432a-40da-80ca-7c34b955fbe8,202,,68.43061984499991,71.25633163400016,2825.711789000252
1366,703b80a8-56ac-45a9-a6cd-683efdce309b,202,,68.34975190700015,71.26284935900003,2913.0974519998745
1367,e91b4074-4929-4ae2-8e21-6f72b4916377,202,,68.528531295,71.24287479600025,2714.3435010002577
1368,83b73a73-1799-4a0f-b23f-764a8c4e0fe7,202,,68.525518208,71.2480993170002,2722.5811090002026
1369,1870d216-db74-4913-afdf-be4b53bec9db,202,,68.50429593699982,71.23076915799993,2726.4732210001057
1370,f4e2b0be-5c9b-4524-9fef-77097538f674,202,,68.51814908200004,71.28455384600011,2766.4047640000717
1371,5b2765ab-748b-4a5e-9d59-ff953283df47,202,,68.55914184699986,71.26794434600015,2708.802499000285
1372,bad87a18-d531-4cc1-bfaf-74686b673345,202,,68.61840345600012,71.27981583300016,2661.4123770000333
1373,6ae60930-b6de-429c-a638-e8bcf4b4d0c2,202,,68.65371302199992,71.29124568399993,2637.5326620000124
1374,ec6dee3c-8253-4b6d-b0b7-09e04d8f4603,202,,68.70428009499983,70.665582137,1961.3020420001703
1375,98434911-c143-4326-af5b-3d1825fdccc2,202,,68.75269468900024,70.73916614900008,1986.4714599998479
1376,b2fe6514-7f40-4cc3-9d97-edd5874b77c5,202,,68.80134993399997,70.72860928099999,1927.2593470000174
1377,72066098-8e37-4b03-8c3f-6f23017e255a,202,,68.85250209300011,70.76406862800013,1911.56653500002
1378,e3a963ed-45e0-4562-9014-63d19eebec75,202,,68.90052192300027,70.78295738899988,1882.435465999606
1379,1edc53d9-9e60-43c3-b965-f3895675b91c,202,,68.95096075499987,70.79862253500005,1847.6617800001804
1380,2327bbf3-4815-4221-a989-7977b82a72d2,202,,69.12764911500017,70.81219107400011,1684.5419589999437
1381,1c5dbfbf-784c-4d5d-a4ec-23ae9a71e635,202,,69.23573787399982,70.82171276200006,1585.9748880002371
1382,d4ecfe99-436b-4c8e-a1dc-aae139e37252,202,,69.24357830200006,70.84765108700003,1604.0727849999712
1383,f8cb2b64-311d-4d7d-a45f-d03c280b56d3,202,,69.27572829000019,70.83544058100006,1559.7122909998689
1384,1b4f62d3-57a9-433f-bbb4-2b266ed40411,202,,69.27832478000028,70.87028430300006,1591.9595229997867
1385,5d021618-98b2-403a-bed0-97442a442d63,202,,69.28810111800021,70.86594747200024,1577.8463540000303
1386,1442eaa3-5280-4c6c-981d-068fac783145,202,,69.30326079899987,70.919948019,1616.6872200001308
1387,eb0f5c97-b74f-44f8-ab7f-4bc271d8ba9a,202,,69.39295017999984,70.88348607399985,1490.5358940000042
1388,8d1da24b-f8cf-489f-b929-3092db87d82c,202,,69.41325092900024,70.89946444999987,1486.2135209996268
1389,4f17baee-d282-4f5a-901e-d32fa93b0548,202,,69.45234773799984,70.93026556999985,1477.9178320000028
1390,f05511e3-46cd-4502-9e9f-68e8cea6472d,202,,69.50192512900003,70.92514233400016,1423.2172050001282
1391,93d606b0-5661-41ea-8a88-a475c14e0515,202,,69.55527922200008,70.94410129900007,1388.8220769999862
1392,7a5a105b-aebd-4e20-aa57-af6e43b8d947,202,,69.60227149499997,70.96073383800012,1358.4623430001557
1393,d01329f5-9a92-4e48-848f-ceaef08a68ed,202,,69.65448533200015,70.96645299200009,1311.9676599999366
1394,2c2f0862-5b32-481a-a7de-01bdecda7ab5,202,,69.70096164000006,70.97822915200004,1277.2675119999803
1395,2919f51a-7b2e-4d91-8b32-e4bbcd132921,202,,69.75109907500018,70.98553115699997,1234.4320819997847
1396,2f14b691-d271-4384-a3fc-127783b4f7df,202,,69.80158640399986,70.99959349600022,1198.0070920003527
1397,3d913379-ca7c-43e4-b71f-3c7b82476fd8,202,,69.85249170399993,71.02723228900004,1174.7405850001087
1398,31d6c581-8039-4ff1-9b34-4ac9990eb454,202,,69.90422148900007,71.04765577900025,1143.4342900001866
1399,d6cfc093-1ce1-4177-8816-be60039879c2,202,,69.95119305600019,71.09566506600004,1144.4720099998449
1400,849b7f50-5400-46e2-8f11-c89865fe9396,202,,70.0031152030001,71.1024581480001,1099.3429449999894
1401,173546de-7740-462f-ad23-01d4766ce448,202,,70.05053465599985,71.12036451699987,1069.8298610000165
1402,2d7a2b8b-c840-4ce7-81b6-ab500ba20157,202,,70.10413543999994,71.13564623100001,1031.5107910000734
1403,03c1754b-3da1-4981-b7c1-bb5f95c5a0df,202,,70.15151972900003,71.14421077599991,992.6910469998802
1404,7dd9d2de-e907-4062-a11f-5c29d62a176e,202,,70.20062706699991,71.1770519239999,976.4248569999836
1405,4bc7cb6a-cc64-41a5-b439-7453a2938156,202,,70.25072600500016,71.18926405499997,938.5380499998064
1406,0877b74f-37bd-4895-b067-736b638e511b,202,,70.30074419899984,71.1951351990001,894.3910000002688
1407,fcb4c00e-2ac7-4363-8719-acee115690b3,202,,70.35094779600013,71.20250553200003,851.5577359999043
1408,1b10afae-e1f7-4bb3-b7bd-acafb704b63b,202,,70.40049889600004,71.20916362300022,808.6647270001777
1409,ff23d6fe-582e-4e15-b5a3-8398afe34926,202,,70.45054000500022,71.21640588199989,765.8658769996691
1410,26dddcb6-ddc0-42e2-9098-c4d688c42677,202,,70.5006512330001,71.22088795299987,720.2367199997752
1411,1c22560b-e199-4df0-9212-d252a07df614,202,,70.5503802799999,71.22605510299991,675.6748230000085
1412,73024f44-0946-4ff7-b8d8-d128b3f23bc7,202,,70.60105984400025,71.2387101610002,637.6503169999523
1413,92488819-3fdf-4a19-bac4-edf308f83620,202,,70.65381193500025,71.27246858099988,618.6566459996357
1414,b274c3f8-60d3-4b38-ad43-4efc27bf89a9,202,,70.70188059300017,71.2965922379999,594.7116449997338
1415,a7de747d-b132-4d2b-8d92-d1e459ae7c4f,202,,70.750572293,71.3107248209999,560.1525279998896
1416,0a502e6c-0825-4bf6-9386-cce048368f50,202,,70.80027550700015,71.31578939500014,515.5138879999868
1417,27f97630-75cf-4926-bda1-36a430c394f2,202,,70.85143666400018,71.32277433800027,471.33767400009674
1418,376b9026-1aa1-4136-b7f3-8c5ae1406686,202,,70.90071361499986,71.33463919999986,433.9255849999972
1419,378000a9-5f0e-4131-bc58-45deb1de4475,202,,70.95041878700022,71.34526523000022,394.8464430000058
1420,2fd2c349-e6d0-413a-af92-618c517d5cc9,202,,71.000549847,71.35473767099984,354.18782399983684
1421,fa6f8675-1e2e-44bb-a437-3a87c69a5dbd,202,,71.05088210199983,71.36151042100028,310.6283190004433
1422,8d856541-44a8-44ff-86ea-fedea6d25a17,202,,71.1002231739999,71.36968165799999,269.4584840000971
1423,d05e014b-c4e9-4a1f-a8b0-693582b38bd9,202,,71.15025628300009,71.37376050700004,223.50422399995296
1424,07328889-473e-46bf-8358-b3686d6f030c,202,,71.20047866999994,71.38060829300002,180.1296230000844
1425,955509a4-49b2-4b1e-b13d-2a49c5bca299,202,,71.25041178499987,71.3790517729999,128.63998800003174
1426,f0d8af56-9234-4cd6-a5b3-8ec5965f3bda,202,,71.30049030700002,71.38388673700001,83.39642999999342
1427,de53d7f4-dfd7-44d0-9511-81b89026b51e,202,,71.35043258799988,71.38653914099996,36.106553000081476
1428,05c5b814-8ca3-4460-9a96-c8d1b56b0174,202,,71.40054785800021,71.41570412200008,15.156263999870134
1429,db07208b-2614-447a-a9bb-1cc86f7161d9,202,,71.4509761889999,71.46144260500023,10.466416000326717
1430,c3bc2840-6664-4d6e-a202-2f263ae43757,202,,71.50147639099987,71.5126545080002,11.178117000326893
1431,1e775421-806e-47f5-9e00-7b6dbac7301d,202,,71.55013346800024,71.56651889800014,16.385429999900225
1432,1c67645a-a59a-4cff-92da-49a8777e0989,202,,71.6002127390002,71.61587646899989,15.663729999687348
1433,84ee1a2d-5454-4683-be5c-00f048e434c1,202,,71.65122490500016,71.66876863300013,17.543727999964176
1434,8709966d-afa8-4dc5-a40e-2fd0122e66d9,202,,71.70021616700024,71.75079286300024,50.57669600000736
1435,cdab2698-24aa-4d80-8d24-67014f7f71f1,202,,71.75030231300025,71.77099090999991,20.688596999661968
1436,017c295b-4b8b-4fbf-b810-06c3837213cf,202,,71.80035271099996,71.81954132700002,19.18861600006494
1437,7ac43a69-f0b8-40db-a22d-1b6858188249,202,,71.85020391499984,71.86454135900021,14.337444000375399
1438,0f0e2a57-31d4-4fb1-a8e8-c0aa8b6d7d8a,202,,71.90031372600015,71.91600141200024,15.687686000092071
1439,03281816-2270-43e8-8a35-41ffd6a21b68,202,,71.95030821099999,71.964678112,14.369901000009122
1440,85ab7f8d-d84c-4e31-8282-0225881c3a2b,202,,72.00032107000015,72.0203196729999,19.998602999748982
1441,dbd71b84-4afe-460c-8f0a-93fbc631890f,202,,72.05016644099987,72.07445950200008,24.293061000207672
1442,c04d1717-65bc-40d0-a28f-598ab2028ff2,202,,72.14775528200016,72.4231120720001,275.3567899999325
1443,cac95170-6179-4318-bf69-1a6108462419,202,,72.15736996399983,72.39145275999999,234.08279600016613
1444,90d3793f-c8dc-4b0c-b244-1482568c7923,202,,72.20283725599984,72.43916802500007,236.33076900023298
1445,ee656fa2-bd56-48a3-abb0-8f6419d3f1f3,202,,72.25469324000005,72.45138898799996,196.69574799991096
1446,fa6a23f3-be52-4a05-bd88-faf76a808132,202,,72.30298767400018,72.45951347900018,156.52580500000113
1447,de62e2e9-2fba-499c-8674-4fdbebb8b45f,202,,72.350875094,72.46083201400006,109.95692000005874
1448,9a69015d-a145-4523-9c2a-ad8231119b84,202,,72.40033540800005,72.46906062300013,68.72521500008588
1449,9a6a0636-837a-4a6d-a832-8ba7d939aced,202,,72.45050492300015,72.47728614900007,26.78122599991184
1450,784b507f-de8f-4a7d-a4ce-b15455e6e343,202,,72.50157950199991,72.52130187300008,19.722371000170824
1451,34df1d44-7856-471f-bdea-3054fc8e3570,202,,72.550388526,72.56450052699984,14.112000999830343
1452,37fffecb-3caf-4dd7-aa7d-2b01b317fb29,202,,72.60049537800023,72.6268183430002,26.322964999963006
1453,9631a53e-4bbb-4531-be2a-5c726061929a,202,,72.65030845799993,72.6900033500001,39.69489200017051
1454,1c49feea-396a-4de0-b40a-f60a7a05aa50,202,,72.70064183700015,72.7192339090002,18.592072000046755
1455,0479eaa7-1335-4418-aeff-1fe455017057,202,,72.75023284899999,72.77776460699988,27.53175799989549
1456,d0030ba2-6de6-46f9-b9e4-160b6d16e499,202,,72.80023841599996,72.84143424800004,41.19583200008492
1457,c96353ef-4093-4bf7-857e-4ec926d17ad1,202,,72.85026177400005,72.86341804799986,13.156273999811674
1458,57f45ede-280c-4cd4-97fa-0dcce8b7edd0,202,,72.90043978799986,72.91317288300024,12.73309500038522
1459,0e2d5341-6ec4-453d-86c5-a65ca76c56a4,202,,72.95020803800026,72.96776563899994,17.55760099968029
1460,3db89ce8-1292-4cfe-b445-6f2ce72cd3c7,202,,73.00019027400003,73.01207580100026,11.885527000231377
1461,cc481a28-3f47-4c8f-8f4e-b6e309a81e50,202,,73.0505593580001,73.06454578500006,13.986426999963442
1462,ece930e4-b5a8-4aba-863e-44bf7219f20b,202,,73.10063429599995,73.14135907599984,40.724779999891325
1463,bf3b580f-719b-4a2e-aac5-94b7e251961a,202,,73.15032459300028,73.17817412100021,27.849527999933343
1464,ab47797a-201d-4569-b901-a5e59f7d94ac,202,,73.20032799399996,73.21941019999986,19.08220599989363
1465,91c4b866-d8b0-44ac-964b-f16a57df7317,202,,73.25050721600019,73.28630620500007,35.798988999886205
1466,eee51a11-9b26-4185-8cc6-49ade6df9aa1,202,,73.30070731200021,73.32377762199985,23.070309999638994
1467,5ff899b1-f981-4c0d-b39e-8bc23378ebd7,202,,73.3528186110002,73.38557997299995,32.76136199974644
1468,f95bcdcf-9850-4e8d-b419-fc4f5514d17c,202,,73.40225550900004,73.42051960400022,18.264095000176894
1469,56e9e10c-547b-4ec4-8798-1c513d613895,202,,73.45214487600015,73.46597289600004,13.828019999891694
1470,f9973b6a-d892-45ff-8165-1b4a1e17e9d7,202,,73.5010882229999,73.52274887900012,21.660656000221934
1471,3a3b78aa-e874-4665-a044-56fcbfcf85ad,202,,73.55062336399988,73.56325654900002,12.633185000140656
1472,38290438-aa92-4f20-b54e-9c50e146697e,202,,73.60074821499984,73.61932253800023,18.574323000393633
1473,d969a8d5-fd80-4f87-a474-3c80ed7ed2b6,202,,73.65432762199998,73.67213037300007,17.80275100009021
1474,b93b03c7-56fe-497d-a49e-bf185cc8551e,202,,73.70178186200019,73.72088814900007,19.106286999885924
1475,7e83acec-edf9-42ff-885c-ed66d15a1c66,202,,73.75514215900012,73.77610211299998,20.9599539998635
1476,01c544e1-37da-42d6-b11c-156fe4f68028,202,,73.8003353439999,73.8129877780002,12.652434000301582
1477,79f41935-3cd5-451c-9d7f-e3c2ed0c186d,202,,73.85071855200022,73.87624740399997,25.528851999752078
1478,27f83fdc-9f36-4707-bddd-39baafdfc2cc,202,,73.90262528099993,73.9216393669999,19.01408599997012
1479,b2b8eecc-2714-4363-b46a-938bded07054,202,,73.95090225700005,73.97256749600001,21.665238999958092
1480,70148ced-bf74-43d2-9f9c-7ebb644bbd45,202,,74.00023112000008,74.01851554599989,18.284425999809173
1481,68e9f702-c29b-459f-beb7-a473d7ac35e8,202,,74.05069265500015,74.07936479399996,28.67213899980925
1482,54df7f86-06fa-4d97-8efe-4addbc479500,202,,74.10024833600028,74.11771927600012,17.470939999839175
1483,cb538452-0004-40ce-b2a4-c365e86fef2a,202,,74.15037651900002,74.16451489400015,14.1383750001296
1484,b877aaca-03d2-4607-898c-7daf0422e052,202,,74.20053528400013,74.21917164500019,18.636361000062607
1485,dfe2e7c3-dbd9-4389-8c36-4a423cfd22de,202,,74.25165377500025,74.26483917299993,13.185397999677662
1486,6a44276f-b2f2-4b25-811c-12fbef10256f,202,,74.30084452200026,74.31356170100025,12.71717899999203
1487,210008ee-0db9-4cae-8a5e-248468dba118,202,,74.35088204500016,74.36611884500007,15.236799999911455
1488,8e7f1c9a-5cc9-471e-9cd1-ba0a3f9f713b,202,,74.40269836400012,74.41809236200015,15.393998000035936
1489,1ba6acfb-d240-432f-a37b-a1e58ef4bcc8,202,,74.4553005050002,74.47194316800005,16.64266299985684
1490,92582dc5-c7dc-488e-8af8-d77df8f185c2,202,,74.50120555800004,74.51501466299987,13.809104999836563
1491,bd0f8b42-27fd-4390-8004-48f36079dc07,202,,74.5503002280002,74.5724159360002,22.115708000001177
1492,a08db90e-0596-43bd-a924-809cf6f68034,202,,74.60040541199987,74.62556316400014,25.157752000268374
1493,daf24086-b682-4705-a6e6-d31e8d766833,202,,74.65067766899983,74.66316048899989,12.482820000059291
1494,1670e902-01e2-4e1d-8a76-c1caed6ab159,202,,74.70099379700014,74.7137095600001,12.715762999960134
1495,55b89472-94f7-4842-b2ce-f2d937019612,202,,74.75080820999983,74.764460117,13.65190700016683
1496,d2b54f5a-a80c-47e4-98f2-f5acb53db2e8,202,,74.80037322199996,74.82370797300018,23.33475100022042
1497,26d55c5a-9a0f-4b05-8829-4c00a3341a0e,202,,74.85149967100006,74.86891236400015,17.412693000096624
1498,5b1635b7-e055-4018-9193-5b451c37f4f9,202,,74.90109568100024,74.91866544799996,17.569766999713465
1499,797f40f0-2d1c-4b21-a3ed-d94d3db9a842,202,,74.95021939000026,74.96789102499997,17.671634999715025
1500,dba000a1-2ca0-4037-9bfa-ac3243a49711,202,,75.00123872099994,75.01749066000002,16.251939000085258
1501,577e5e38-fc4d-46c5-8e53-5eff776ac070,202,,75.05018085900019,75.07027820400026,20.097345000067435
1502,05967cb4-4c0d-40c9-86a2-00166462da22,202,,75.10023146399999,75.12022448300013,19.99301900013961
1503,24fadd7f-1ab3-4aa6-96b5-2000e62e4b32,202,,75.15311037699985,75.17357978000018,20.46940300033384
1504,07415254-9a59-4233-b488-8442ed1169b9,202,,75.20529321200002,75.21619222300023,10.899011000219616
1505,b34f749e-2a7d-4cb3-9c0c-d9aa7b18c1ce,202,,75.25313367499984,75.26455594200024,11.422267000398278
1506,1298e464-a8af-4a22-b04a-1b61645e106e,202,,75.30521168399991,75.324041115,18.829431000085606
1507,eeb9f861-eaef-48d2-85ef-1fb4c5de5c4e,202,,75.3518623519999,75.3646680249999,12.805673000002571
1508,cee34bcc-464d-470c-8766-c3166ec33712,202,,75.40098635300001,75.41598300299984,14.99664999982997
1509,d970fea6-26c9-4396-9c1f-c18a55b91f5e,202,,75.45083126400004,76.18352905200027,732.6977880002232
1510,6db8e5b5-3af9-466f-8dde-811b50b0155d,202,,75.50138887599996,76.18587755899989,684.4886829999268
1511,e77c906b-0ea4-4660-a5f4-382293abceea,202,,75.55156192999993,76.19450118199984,642.9392519999055
1512,b773014f-a40d-446a-ae59-108d0e9b7846,202,,75.60069230499994,76.20174852399987,601.0562189999291
1513,86002272-2f54-482c-8e06-9c87b73898ca,202,,75.65153614700012,76.21064658700016,559.1104400000404
1514,ef9a8de4-1242-4233-b3a8-a4faeaec7ea9,202,,75.7089471270001,76.217582408,508.6352809998971
1515,953e9d70-5aca-414b-9350-8aaf1019e3b8,202,,75.75027528100009,76.22234150199984,472.06622099974993
1516,5021c404-2e5a-4460-803b-dd9dca67cb73,202,,75.80056253600014,76.22736311900007,426.80058299993107
1517,012a88ee-8e9d-42be-9539-e5e631d317d2,202,,75.85125201300025,76.24263229200005,391.38027899980443
1518,ba6f9263-cf9d-46db-8759-077f8b8a175b,202,,75.90077486100017,76.25720467800011,356.4298169999347
1519,817ef2b9-463a-4721-9db0-1a648c790ab2,202,,75.95054190100018,76.27830362099985,327.7617199996712
1520,181df856-387b-4254-beea-06d853a0a52c,202,,76.00070774799997,76.28805850100025,287.35075300028257
1521,11f78718-188e-4369-ae92-b5fbc82931db,202,,76.05294941200009,76.29836063599987,245.4112239997812
1522,d6daa154-ffc7-49db-a9df-3145791c694a,202,,76.10052947500026,76.30926772900011,208.73825399985435
1523,be65f541-339c-444c-964a-a90b4d7a5ba9,202,,76.15039334199992,76.31205541500003,161.66207300011592
1524,cc3b822d-fff7-4260-aa0f-0d11877e28bb,202,,76.20023012699994,76.31513024800006,114.90012100011882
1525,ea94a065-9967-41af-ae58-b5ac79125b14,202,,76.25265865300025,76.31634291499995,63.6842619996969
1526,cc019ec7-38fe-4654-8325-bbf9f6e8795e,202,,76.30046016000006,76.32671000400023,26.24984400017638
1527,3b43e8fc-6ec0-4250-8ea5-137014227c48,202,,76.35026798900026,76.38172993700027,31.461948000014672
1528,0e9bb32a-ab68-4532-9514-793d31e7ec4f,202,,76.40044762600019,76.41981222799996,19.364601999768638
1529,52bb7e5e-00a7-4cf5-8545-b1ba9d625885,202,,76.45024216399997,76.47020872600024,19.966562000263366
1530,f3a4ad3c-b1f7-45c5-ba7a-6818a2575b64,202,,76.50044579899986,76.52235014600001,21.904347000145208
1531,de75c5ee-1e1a-4081-90ea-1d23f4241e80,202,,76.55186268600028,76.56872779100013,16.86510499985161
1532,de68c0f3-f35a-4cd3-9caa-a14f727cbd60,202,,76.60287305700012,76.62564072099985,22.767663999729848
1533,e6aa464f-8c94-49cb-baf2-fbf1efd1e3ad,202,,76.65030221400002,76.67072003600015,20.417822000126762
1534,e7ecefe0-69a6-4f1a-95d3-dae288234f6d,202,,76.70147869899984,76.71954651500027,18.067816000439052
1535,8ab6923b-4184-4c28-8d67-009b80c9b9b1,202,,76.75060636499984,76.78207127199994,31.46490700009963
1536,31b9bd11-22d1-43ec-bbbb-b0b5c2e2d1f0,202,,76.80194954800027,76.81410093100021,12.151382999945781
1537,1d370cfd-d728-410d-9eef-32e51b16aa62,202,,76.850433049,76.86190093799996,11.467888999959541
1538,f499b528-0044-4486-a258-a242b7e89a57,202,,76.90122472700023,76.91708785900028,15.863132000049518
1539,e8ef188b-7a4c-49b8-808a-ddf29f4ad691,202,,76.95118729500018,76.96804573400004,16.85843899986139
1540,f186c140-416a-4754-a468-ec3c36716e5d,202,,77.00165586999992,77.01494480200017,13.288932000250497
1541,fd839303-44b6-4b39-99f1-04456c4d4462,202,,77.05062896300024,77.06811398499985,17.485021999618766
1542,afd90576-2239-44e7-928e-a2fff60216e7,202,,77.10259785300013,77.12060279800016,18.004945000029693
1543,70d159ec-c504-41f3-b840-38fc17c7b08e,202,,77.15047977099994,77.16533292900021,14.8531580002782
1544,5ae04034-7c23-43fc-be40-ee3033207fca,202,,77.20264985499989,77.21988593600008,17.236081000191916
1545,e42d2077-b4fc-4142-83cf-8a8f609b52b4,202,,77.25365660199986,77.26976809200005,16.111490000184858
1546,78a7f61b-4351-4e5b-9382-dd3cf756a52a,202,,77.30125874700025,77.31894192200025,17.68317500000194
1547,378737b6-80d3-4270-82eb-1c2664cfae4e,202,,77.35083609100002,77.37364300199988,22.80691099986143
1548,5c61f34a-f609-44ac-b4d6-4ad497a4cfb7,202,,77.40019461600014,77.41689377500006,16.699158999927022
1549,f8a036d4-c9ba-4f3b-9003-88038ecfebe3,202,,77.45018872399987,77.46417206600017,13.98334200030149
1550,b6d2c525-8f5e-4200-be32-09f9856a5566,202,,77.5001805400002,77.51290205099986,12.721510999654129
1551,ee08cdd0-0804-4ad8-a734-3fb5e5ed75a0,202,,77.5502423920002,77.56053081900018,10.288426999977673
1552,983bdcc5-8766-4876-be18-2ce144a6bb12,202,,77.60092061900014,77.61748870300016,16.56808400002774
1553,772bb74e-168d-4551-9deb-ccc09b6123df,202,,77.65078423500017,77.66270313399991,11.918898999738303
1554,ab30c0b3-bb80-4d57-a32c-1c43cd16ad8f,202,,77.70084229500026,77.71349897800019,12.656682999931945
1555,b08d4f6e-507d-47f9-9bff-4216b53fc130,202,,77.75154760399982,77.76534241800027,13.794814000448241
1556,9cae7312-26d2-4e37-9e23-0e1283529952,202,,77.80092971100021,77.81824520200007,17.31549099986296
1557,4467af87-903b-4ec2-8a31-88b8341023d0,202,,77.85060308899983,77.86612345200001,15.520363000177895
1558,807600fa-3a2a-4c5f-8c09-459edcb8627b,202,,77.90053386699992,77.91574908400025,15.215217000331904
1559,2ecfcdd1-6003-40cf-aa55-365597850f00,202,,77.95130821200019,77.97410678999995,22.798577999765257
1560,8cbd53dd-ff74-461c-91d9-44f24fb13992,202,,78.0013510660001,78.22722356800023,225.87250200012932
1561,6af5f75c-3428-44b4-8eec-534f50a36c2d,202,,78.06139865700015,78.24145889400006,180.06023699990692
1562,57b8f1ab-7de5-4ff9-92cc-e374250c2124,202,,78.10107858799984,78.22813175600004,127.05316800020228
1563,e9e1265d-eb98-4325-8629-c4df8600ee63,202,,78.15219528499983,78.2494182700002,97.22298500037141
1564,2f38658c-1e94-44fc-9b30-e35eb5b0abb7,202,,78.20172142399997,78.25275796000005,51.03653600008329
1565,752b4e38-f7d1-4ba6-8c40-6a58df087224,202,,78.25030271000014,78.2841854520002,33.88274200005981
1566,3352d6f3-3355-4c95-a269-89ba03ae6f9f,202,,78.30364200600025,78.3473134589999,43.67145299966069
1567,f9487937-0997-4f95-8c3a-52cb41ef9e25,202,,78.35394817499991,78.44206306900014,88.11489400022765
1568,55be51bc-6209-446c-9d8b-46b6c4a54f39,202,,78.40290310199998,78.45040533700012,47.50223500013817
1569,bf59ff18-bb35-48d1-bbee-d2d17c117683,202,,78.45118515900003,78.47472331100016,23.53815200012832
1570,7bd20156-3871-480f-8796-be39bbbbdac4,202,,78.50079929100002,78.51994586699993,19.146575999911875
1571,e6352a64-49ac-4e32-b049-13679804785d,202,,78.55047216999992,78.56874609600027,18.273926000347274
1572,5dae0b55-e838-425c-8e20-e1cd85d13abd,202,,78.60032220199992,78.61964522400012,19.323022000207857
1573,2d2ca35c-761d-4809-ad15-ba34c89dbd4d,202,,78.65032522399997,78.66776683199987,17.441607999899134
1574,3943b11d-2291-47cd-b23a-02cade101752,202,,78.70071026200003,78.71662297400007,15.912712000044849
1575,a71ad13b-8fe4-4665-8a49-e6778e7c0962,202,,78.751623139,78.76305623799999,11.433098999987124
1576,324e983c-9753-4b7a-a372-9777bbaa3cb3,202,,78.8012255640001,78.81617354900027,14.94798500016259
1577,1f36c4eb-9e6b-44b8-ae09-fc146b92cc67,202,,78.85110963600027,78.86522967700012,14.120040999841876
1578,349feb45-75ac-412d-92df-388cf5cef371,202,,78.90084575900028,78.91753512600008,16.68936699979895
1579,0ddb9e12-16c2-45c5-b8b5-97b3cc26f011,202,,78.950563676,78.96726529199987,16.70161599986386
1580,c497930d-9e7f-4d62-a8b3-65c629a2c802,202,,79.00039050199985,79.01620821999995,15.817718000107561
1581,9ebb425b-0c8c-402c-b961-b3e2298126e4,202,,79.05464073500025,79.07903807899993,24.397343999680743
1582,e7db926c-b8a5-4f0e-9971-c8766da9f91c,202,,79.10139397800003,79.11893728699988,17.543308999847795
1583,33b42898-ae8a-462d-9440-05c4682113d8,202,,79.15226594100022,79.16985399700025,17.588056000022334
1584,97960938-28c0-4180-a8f1-388e782f72a9,202,,79.2027952200001,79.21701246300017,14.217243000075541
1585,0dd691a6-1c0a-4647-919e-4cc86345622f,202,,79.25257600700024,79.26762994299997,15.053935999731038
1586,02adba2a-e72f-4594-b4b2-e19cc1d6d28d,202,,79.30164642599993,79.33685270200021,35.20627600028092
1587,560cddd7-5ce4-4cde-b63c-7c816edfbda5,202,,79.35077413199997,79.36463698299985,13.862850999885268
1588,cd58a7cd-ddc5-47b0-946b-98f69e904027,202,,79.40069320200018,79.41561631400009,14.923111999905814
1589,0aa0370e-de60-4ed4-8227-114a1c3aba2d,202,,79.45029700099985,79.47988395099992,29.58695000006628
1590,ad939b8a-ad96-45dd-b124-7082221b5748,202,,79.50024352699984,79.51739194599986,17.14841900002284
1591,1f6703f7-3119-4e5f-9d83-bde2b21c7515,202,,79.55023675800021,79.56600106299993,15.76430499972048
1592,cee4dd31-93fc-47f7-84f3-e46a4f8cc480,202,,79.60022619700021,79.61924707300022,19.02087600001323
1593,e743b288-0fbc-4f5e-8f05-3a362f47cbc0,202,,79.65041733099997,79.67805374699992,27.63641599995026
1594,8ce58f0b-f9d0-4770-b926-87fa68496543,202,,79.70104068599994,79.72240206900005,21.361383000112255
1595,b4804072-2558-4e85-8b1f-3a1cd2ed8b81,202,,79.75424553199991,79.77312737500006,18.881843000144727
1596,338e71d2-b928-40a6-bc1a-4271cab2dbb2,202,,79.80219277600008,79.81748277999986,15.29000399978031
1597,143de0a8-76eb-48a3-b6ea-b9ca931e44f2,202,,79.85525383999993,79.86667423100016,11.420391000228847
1598,486f46ef-3a87-4403-bd89-870f1bb33b58,202,,79.90411335599993,79.9160767100002,11.963354000272375
1599,ad4c95cc-4b2e-4184-a069-2f8de686f722,202,,79.95089176300007,79.96310430899985,12.212545999773283
1600,7aa8807e-d512-437d-9141-407e8373df49,202,,80.00170293800011,80.01700494099987,15.302002999760589
1601,8254aa39-d827-46f2-8b21-93284aa8f269,202,,80.05059540999991,80.06813980200013,17.544392000218068
1602,6d201462-00ad-45d4-a789-ac580952103a,202,,80.100268787,80.11529276700003,15.023980000023585
1603,d3144b5c-ffe9-426e-bc48-387592051291,202,,80.15469121700016,80.17106585600004,16.37463899987779
1604,3feb9aa3-d168-4442-8d75-f3c1b34000fe,202,,80.2015792000002,80.21907955400002,17.500353999821527
1605,429f94b0-e841-434a-b14d-72f61027f99d,202,,80.25533859200004,80.27148924499988,16.15065299984053
1606,3b1e3047-1331-4c50-a61f-96206d2703fd,202,,80.30170044399983,80.323167861,21.46741700016719
1607,b96d29d3-1ec9-4d89-8362-33a041890003,202,,80.35188245400013,80.37410848599984,22.22603199970763
1608,f988164b-f9f9-4c57-9df1-d9235375fbb5,202,,80.40178931499986,80.41652548100001,14.736166000147932
1609,e662ba51-5d53-460e-a8b3-7db65e8b10cd,202,,80.45124512400025,80.46611311400011,14.867989999856945
1610,90e8da9b-6311-4d31-8604-4072b984bb91,202,,80.50047240599997,80.53509134700016,34.61894100018981
1611,aeac55df-d4d8-409f-8182-743f480d92a3,202,,80.55044813799987,80.57874088300014,28.29274500027168
1612,ffae4e51-9495-454e-a948-7a5e9e888a4e,202,,80.60033070899999,80.63146138699994,31.13067799995406
1613,ba1c7569-6ce7-4030-aab8-edafcbcf3498,202,,80.6502186130001,80.66451593300008,14.29731999996875
1614,838ab106-195b-492c-b576-d5f2c8cf5e78,202,,80.70028796299994,80.7145812839999,14.293320999968273
1615,67cce7e9-fa36-4e97-b4f9-46de9789b1f3,202,,80.75029906600003,80.76440064999997,14.101583999945433
1616,d9ec692e-5e20-4000-a126-5313447766dd,202,,80.80444155600026,80.81595431599999,11.512759999732225
1617,64a086d1-9102-4757-b071-c2e5749847ca,202,,80.85257803700006,80.86528063300011,12.702596000053745
1618,6b2cb922-07da-49be-ad42-f3f73cd1ba75,202,,80.90316256000006,80.91754970800002,14.387147999968875
1619,013a3b51-38fd-4e61-b094-abcd73ae4b07,202,,80.9553033950001,80.96884705799994,13.54366299983667
1620,193f009a-a40c-46b2-9043-c8639a9e26d6,202,,81.00239653000017,81.01756054199996,15.164011999786453
1621,3b85a924-6301-4cda-8908-2662a32404ee,202,,81.05152423500022,81.06776717399998,16.24293899976692
1622,84c7fd3e-887f-49bc-ae55-e1b2684e3717,202,,81.10100616699992,81.11893224100004,17.926074000115477
1623,b2ae666f-cdc2-4d59-b850-04b1305e1d70,202,,81.15297534599995,82.47296090400005,1319.9855580000985
1624,31ba09a0-cb52-4c77-bf0d-57069a960443,202,,81.20304165400012,82.52826173099993,1325.2200769998126
1625,589543a1-6d56-4500-96bb-189ded21eb92,202,,81.2516638940001,82.53899096099985,1287.327066999751
1626,f8c123f3-4bd8-4c70-a50d-c34e06d837b8,202,,81.30085692800003,82.55444328600015,1253.5863580001205
1627,866dc903-30b9-45de-946b-f724c8f2d759,202,,81.35067758700006,82.56825518100004,1217.5775939999767
1628,8cc3ed98-11d5-4190-8d5e-4bfe9aa026ac,202,,81.4015337159999,82.58741200500026,1185.8782890003567
1629,302f96c4-6b62-4fad-976c-be48bcec7bc7,202,,81.45064609000019,82.61532510899997,1164.6790189997773
1630,f54e2900-82b9-4428-9610-49a6161849c8,202,,81.50244465500009,82.6210771760002,1118.6325210001087
1631,06117609-fc95-4de4-a4bf-cafa21575920,202,,81.55027432399993,82.67633313099986,1126.0588069999358
1632,c464dcd3-2775-47eb-80df-aefd10193cf5,202,,81.60073689599994,82.69846096099991,1097.7240649999658
1633,63d1934c-bd46-486c-9c54-f4c3c31f14da,202,,81.65147753300016,82.7262234079999,1074.745874999735
1634,19e8db71-e97b-4bab-84ac-e9c0d3f579f5,202,,81.70036413000025,82.73768937900013,1037.3252489998777
1635,ba3a3023-0cfd-46ac-94f5-1778e136d546,202,,81.75032002800026,82.75367541800006,1003.3553899997969
1636,0e38cf51-d49c-4f5e-9e01-cbbdc25e7d10,202,,81.8002258890001,82.76816380900027,967.9379200001677
1637,cdd24a74-45d5-4e00-bb26-c3d782d252bc,202,,81.85114638799996,82.7809924789999,929.8460909999449
1638,0acb2920-c498-43ae-8395-cf3684936476,202,,81.9048881130002,82.78834839599995,883.4602829997493
1639,8209b8a3-920b-49c3-8927-69e856557c31,202,,81.95876562000012,82.79453222600023,835.7666060001065
1640,7b7b4275-5ace-4519-a784-b6ea397679fb,202,,82.00312331600026,82.80243106499984,799.3077489995812
1641,35d532cb-47b7-41dd-8662-7f67285f73e9,202,,82.05158923199997,82.81651060800004,764.9213760000748
1642,0d1ac457-650e-4b83-a38a-930ada839a6a,202,,82.10226404000014,82.82329677200005,721.0327319999124
1643,3ff998fc-9812-456e-8dfe-073b8638675d,202,,82.154230052,82.82936773500023,675.13768300023
1644,e51d4e35-31b1-4440-bea1-a0925d237447,202,,82.2035637429999,82.84349894200022,639.9351990003197
1645,913c01d4-30cc-4556-8597-7074eea9061c,202,,82.25309321299983,82.85274564700012,599.6524340002907
1646,96202ea6-9b0f-4ebf-9c9e-268051e29872,202,,82.30034617000001,82.86351399900013,563.1678290001219
1647,c86e4f3c-eb39-4479-84f8-1e78cb9e7ba2,202,,82.35085444800006,82.87135092400013,520.4964760000621
1648,e1d85edc-25ad-489d-a744-7d24eee714c2,202,,82.40149650800004,82.88147265399994,479.976145999899
1649,0ae56d32-68a8-4a20-87e7-36fac5362674,202,,82.4512616689999,82.93904382600022,487.7821570003107
1650,63a8cc8e-b692-4592-9aca-3e269e3106af,202,,82.50054698900021,82.94117455600008,440.62756699986494
1651,2786afc4-32b7-4fd2-b3af-9db55ce495aa,202,,82.55084419700006,82.93784590699988,387.0017099998222
1652,a7f31c96-2fd0-4157-9c45-0eed1317f604,202,,82.60077447200001,82.97058364199984,369.8091699998258
1653,d5659b84-cecb-4d59-b5ad-92cb710a0fac,202,,82.65213623299996,82.97364509999989,321.50886699992043
1654,8bc8f6c3-cbd6-424a-a24b-af82e7b4d0ac,202,,82.70153875200003,82.98341485299989,281.8761009998525
1655,51bebda1-a5d5-4e67-83ab-534c02af3d19,202,,82.75025744200002,82.99143251700025,241.1750750002284
1656,b2a484ee-6aea-44e6-ba89-c34cc7510044,202,,82.80079805100013,82.99690877000012,196.11071899998933
1657,9a423fc8-6881-4362-8858-da492ab28618,202,,82.8503819739999,82.99953396699993,149.15199300003223
1658,48e4811a-66d3-4918-bab5-7374fb895dfd,202,,82.90620193199993,83.00296223399982,96.76030199989327
1659,223ddb18-590b-416d-a221-925e5940b816,202,,82.95045538400018,83.00634721200004,55.891827999857924
1660,b9b92006-5ea9-467d-bec9-a4be4acaa7d1,202,,83.00024246000021,83.01290264199997,12.660181999763154
1661,090344a7-f503-44a5-8ef9-df7f0c041540,202,,83.05029360200024,83.06676802399988,16.474421999646438
1662,a7208f24-7a59-4e0b-8415-34836e4502da,202,,83.1006411809999,83.11928720600008,18.64602500018009
1663,2bfcee82-2991-41ae-94a0-ded63b741617,202,,83.1522921310002,83.17201587399995,19.723742999758542
1664,c4559fca-3401-4d78-8150-b53e53f945d9,202,,83.20550030799996,83.22036129900016,14.860991000205104
1665,754ab3d8-0209-4e90-b4f3-6d82147f3c09,202,,83.25244507700017,83.27983575799999,27.39068099981523
1666,5125783a-4d15-4cf8-8c3d-a1a859fd528d,202,,83.30288840100002,83.32423911700016,21.35071600014271
1667,274ab108-5be3-4f4b-9338-52f2c193affc,202,,83.35031055399986,83.38463843,34.32787600013398
1668,2865b6c4-70f7-497b-890b-042104cf259a,202,,83.40180405599995,83.43675034900025,34.94629300030283
1669,41fcdb54-6bbd-4b58-a476-87b42a4202d8,202,,83.4506794859999,83.46822958500024,17.550099000345654
1670,166f71cc-fc8b-4b77-8031-0edad859aec7,202,,83.50108031199989,83.5201533909999,19.073079000008875
1671,8f300173-66da-4f82-a097-0db5c8468252,202,,83.55030838399989,83.57933095399994,29.022570000051928
1672,d3526243-2c76-4070-aa75-7d65bffee87d,202,,83.6009384859999,83.61424966499999,13.31117900008394
1673,c98ad663-cac2-41e9-9f41-3e5b1b273074,202,,83.65232095300007,83.71966150300022,67.3405500001536
1674,a84d5e14-291e-44ad-91d5-fc2fbd155981,202,,83.70135241300022,83.78848920100017,87.1367879999525
1675,07b3c114-01f2-4c4b-bfdd-7b003616b709,202,,83.75164924599994,83.80891231399983,57.26306799988379
1676,c07dc8ed-1074-43eb-bfe8-0baf56778b0a,202,,83.80221601899984,83.83346839500018,31.2523760003387
1677,6a1f2a80-3415-4b36-9c1f-899b4b0caf3e,202,,83.85163770200006,83.89351977300021,41.882071000145515
1678,c470a4f1-acd8-4646-b871-442e44e2bc8b,202,,83.90056116999995,83.91751414300006,16.95297300011589
1679,9cfee02b-f5a1-40ca-af14-f566fbf67cc8,202,,83.95031483100001,83.97553640900014,25.22157800012792
1680,020a016b-a889-4b68-9460-8545cd0cd808,202,,84.0001698189999,84.01465296000015,14.483141000255273
1681,f4832e38-d2f5-45f4-81fb-365166329c46,202,,84.05072963400016,84.07873673099994,28.00709699977233
1682,f799a7e1-db6c-4ff1-9e96-e88753e557b0,202,,84.10036372000013,84.12092865600016,20.564936000027956
1683,7565ab2e-7755-4cc9-8722-3bf54e421b2c,202,,84.15029732699986,84.17129269199995,20.995365000089805
1684,ecb48848-19f8-4dad-a777-cbda0e721d19,202,,84.20026418199996,84.21597169799998,15.707516000020405
1685,21d1aa3c-d39c-4d8a-8632-ba0c1eda98ef,202,,84.25023028700025,84.26781550900023,17.585221999979694
1686,87413171-7371-4004-a2d2-3a0fea518b54,202,,84.30104166799993,84.31793002099994,16.888353000013012
1687,072acb6d-241f-41c1-a3b0-cf9be65fe9de,202,,84.35282231700012,84.38178430700009,28.961989999970683
1688,2e1466cb-ca60-4a16-9246-80bdcabb36fc,202,,84.40232612,84.41972172900023,17.39560900023207
1689,8e224821-354c-40dc-a535-8a8f28021969,202,,84.45096781500024,84.46703443100023,16.066615999989153
1690,fdabc8b0-48ed-447a-8d2c-8813466e4e26,202,,84.50098024999988,84.51617484300004,15.19459300016024
1691,50afbb30-3ca6-4d14-9081-7d5813ed3cd0,202,,84.55081857200003,84.56819964099986,17.381068999839044
1692,862a5df3-5d25-43e0-82ea-a41beb3d39ae,202,,84.60051848600006,84.77683442099988,176.31593499982046
1693,a6ad1ca1-7182-4291-bdac-aee0241042d0,202,,84.65047146699999,85.05165828700001,401.1868200000208
1694,fbfa79bb-f4f2-411a-ae2a-906fe9914b20,202,,84.70089058199983,85.10547229700023,404.5817150004041
1695,d7d11ed9-0852-4e80-ab3b-9f4363d22641,202,,84.75643101600008,85.13712906199999,380.69804599990675
1696,99bed89d-567e-4622-bc45-589297848e9b,202,,84.80973472699998,85.17700031100003,367.2655840000516
1697,51456aea-d73c-4fdf-adcd-78bdb692dfdb,202,,84.8849040770001,85.23596372100019,351.05964400008816
1698,c39166e5-b555-49fb-b9be-1a5e93456ad5,202,,84.90245701000003,85.25014109099993,347.68408099989756
1699,8b6d9d54-153d-4953-8f89-e295eaa739c6,202,,84.95085759599988,85.32929050400026,378.4329080003772
1700,9be83ec5-5f27-4e69-a5fe-40501c86203f,202,,85.00112163799986,85.34908265900003,347.9610210001738
1701,072b9a5a-6c6b-45fc-8807-a13ec6ae9eb7,202,,85.06781406400023,85.31813630399984,250.3222399996048
1702,dd5cf57e-7e74-4eca-abbf-7539005e02cb,202,,85.1033549409999,85.40756280999994,304.20786900003804
1703,577a2d93-a441-47ff-a7db-7dc8e9dff855,202,,85.15126043500004,85.42531393699983,274.05350199978784
1704,bcb72c69-a1fb-4da8-a134-99958b874a4e,202,,85.20448769299992,85.42662413900007,222.1364460001496
1705,8680b87e-cd57-4e74-bac4-6b57570675d9,202,,85.2503219539999,85.43950634700013,189.18439300023238
1706,bcd62610-77ff-4a87-b7ba-7d1bb8495167,202,,85.30134623599997,85.44956649699998,148.22026100000585
1707,3a556ae0-3fed-48f4-a1ee-e34ad6b41ddf,202,,85.35045444100024,85.464760673,114.30623199976253
1708,07e15a31-ae80-4d57-bf0a-0b15964586ff,202,,85.40770546700014,85.47383688900027,66.1314220001259
1709,5cb37886-265a-4637-bd23-234dd72ba1d0,202,,85.45023811800002,85.48911739300001,38.879274999999325
1710,e0d98caa-db03-49a4-84a1-19c2dc4fed5f,202,,85.5004965359999,85.51767686899984,17.18033299994204
1711,9c9c7c21-771a-4b70-b31f-1862b1416f20,202,,85.55108243199993,85.60194843299996,50.86600100003125
1712,15975e38-ea2c-4fff-8016-4abb31de549c,202,,85.60134951500004,85.63690755700009,35.55804200004786
1713,47d8e26b-cde0-45aa-a1f5-f89e69af6651,202,,85.65043617899983,85.67844802499985,28.011846000026708
1714,b0e98619-6771-469a-ba02-997749a74bc7,202,,85.7006437670002,85.72023531000013,19.591542999933154
1715,9e23bda5-2119-40f7-9ada-ddb57f339e97,202,,85.75026593600023,85.76555610500009,15.290168999854359
1716,b6dab223-a6b6-4f5a-94b4-9890756072c2,202,,85.80056430900004,85.81812111499994,17.55680599990228
1717,6c88ea0b-3f54-4b8d-91f0-d7964a3fd800,202,,85.8503768810001,85.86744717900001,17.07029799990778
1718,a0920a66-cd9a-4767-93a9-848dee73979e,202,,85.90442366600018,85.91764851700009,13.224850999904447
1719,95431f02-5c19-4a36-9286-2a3fe478bcf1,202,,85.9506578569999,85.96713369600002,16.475839000122505
1720,8dde2b5d-01a0-40ea-be02-25787a6c4cc0,202,,86.00073607900003,86.01968570700001,18.949627999973018
1721,5ac94c41-19ff-445f-8e32-ed5c8089ee2d,202,,86.05216958300025,86.07242553900005,20.25595599980079
1722,71bb9942-18ab-47bf-b441-9d41a0a0022d,202,,86.10535930100014,86.12168814899997,16.32884799983003
1723,c3e3f7d5-b782-40e2-ae2d-52c1054e3b43,202,,86.15523395299988,86.17361386999983,18.379916999947454
1724,6a1785e2-1d4e-4821-a93a-0ee91a3a69f7,202,,86.2023274600001,86.22314304600013,20.815586000026087
1725,65333c00-557d-4550-b481-fd38afb24007,202,,86.25270732800027,86.29840726300017,45.699934999902325
1726,71d7b353-1cdc-4edb-b478-6bf1233cc01e,202,,86.30090417700012,86.33152001300004,30.615835999924457
1727,3d2a8aae-0b58-459b-81e2-d1f43e725849,202,,86.35266707500023,86.38824532399985,35.57824899962725
1728,03884361-7387-4ad0-95b0-c6f2f9c24c96,202,,86.40076589,86.42292221700018,22.156327000175224
1729,f3269060-e9ee-45b7-9deb-d272ce638f6b,202,,86.45022632000018,86.46619381800019,15.967498000009073
1730,93398ceb-3ddf-4fbb-a272-7c16d2c0eec9,202,,86.50083217200017,86.56345649900004,62.62432699986675
1731,d2c0181c-7f31-4c27-8fdf-f2cf51d7ada0,202,,86.55101646899993,86.5709226580002,19.90618900026675
1732,e0dc9339-752a-4033-8ba5-48859dff95c1,202,,86.60045585800026,86.670932859,70.47700099974463
1733,27b19f6e-171c-42c3-a229-faa81c343c2a,202,,86.65334276300018,86.70294414099999,49.60137799980657
1734,0c0cfbc0-b4e5-4087-aede-00a9e186cfaa,202,,86.70020674399984,86.727358482,27.15173800015691
1735,6d1089fc-d0ad-4361-bcbc-acbbca1cad7c,202,,86.75024271800021,86.77683624300016,26.593524999952933
1736,8521844a-15a9-4294-ad69-5115c45e5937,202,,86.80022627800008,86.81957050500023,19.34422700014693
1737,ce46d49b-3c65-4c42-a43c-504f254f669c,202,,86.86406281400014,86.94907691000026,85.01409600012266
1738,0585151a-c530-47aa-afad-03afa9821ab7,202,,86.91163732999985,86.95419572799983,42.558397999982844
1739,9835ad1b-cf0e-49f1-afeb-164728b57167,202,,86.95026662100008,86.9663601100001,16.093489000013506
1740,d1a2a868-8cc6-4efa-81ce-ba111a5a4ab1,202,,87.00020864199996,87.01348328199992,13.274639999963256
1741,e935f205-f1f0-40ec-9556-0f87f75d008a,202,,87.05081245200017,87.0747845310002,23.972079000031954
1742,7e31ae6d-44fc-49d1-aca9-acb771507146,202,,87.10230153600014,87.12512340100011,22.821864999968966
1743,3d087dd4-b1c1-4074-aeeb-b4ae02c8b5f0,202,,87.15156360299989,87.17497638700024,23.412784000356623
1744,f51550c0-b010-46af-a406-86e66d406534,202,,87.20129409799983,87.22279534500012,21.50124700028755
1745,d24872f8-f9d0-42f8-a209-449758470d90,202,,87.25095355500025,87.30251834199998,51.56478699973377
1746,23133b39-a4b3-4e33-8c59-e62bcb077801,202,,87.30025387100022,87.32644721499992,26.193343999693752
1747,62b6f42b-fc9e-48c3-b302-9ea5f99696b9,202,,87.35077989399997,87.37114196899984,20.36207499986631
1748,e3b8949a-51eb-4992-9c37-5a65e20c6ccc,202,,87.402202149,87.45345353999983,51.25139099982334
1749,a9c4d761-a59a-4dbf-9a81-ad4e878bbe02,202,,87.45041762100027,88.62297623299992,1172.5586119996478
1750,09a68795-99d4-4a9d-9d71-3cbca8982088,202,,87.50048600900027,88.63945373800016,1138.9677289998872
1751,b046e164-2b0e-4e81-9571-73c6d434e89e,202,,87.55033157900016,88.68137288700018,1131.0413080000217
1752,cc743419-7f24-46b8-aea7-15316431aea3,202,,87.60213305700017,88.68973140200023,1087.5983450000604
1753,1ce172cb-68ef-466e-ba71-c92c8a3e7dac,202,,87.65130800599991,88.71247389700011,1061.1658910002006
1754,fb4e1358-4d85-470d-b870-c10731e8f2cd,202,,87.70059515499997,88.74505905600017,1044.4639010001993
1755,9e9a0a23-aa01-43ee-aceb-c0127f9b449d,202,,87.75236263499983,88.75271941100027,1000.3567760004444
1756,279dfb73-71fb-42b2-bcd5-bfafc7bc0c4c,202,,87.80313093299992,88.7716465819999,968.5156489999827
1757,9e183b52-8c23-4d78-bf10-3de4544a7b77,202,,87.85220938800012,88.78911522699991,936.9058389997917
1758,fa70fd78-4bc3-4c30-99c0-6acdd1365410,202,,87.90061593000019,88.81621800899984,915.6020789996546
1759,3610d725-5434-484f-8152-d40a0580a369,202,,87.95103966900024,88.82555062500023,874.5109559999946
1760,27f46eb4-3bfd-475e-8aff-f0a385abdfe6,202,,88.00277435899989,88.83263860099987,829.8642419999851
1761,dbc13b30-145a-41a7-af4d-154f3977e1d2,202,,88.05029696200017,88.85114005100013,800.8430889999545
1762,90c20a05-27cb-4f8c-8e69-9ecc69313cfc,202,,88.10087848100011,88.88764894399992,786.7704629998116
1763,a1eaafe5-6956-48d0-ba62-a1a278fc060f,202,,88.15412927700027,88.90942550399996,755.2962269996897
1764,0dd10582-0600-4348-a659-b795f570e1b7,202,,88.20210455699998,88.93263117600009,730.5266190001021
1765,9a29c4e6-c0f5-4b15-8082-ddfc05aa767c,202,,88.25209978300018,88.94338627800016,691.2864949999857
1766,d6de6a5c-1d82-43a7-bbe8-a2abc2ef7005,202,,88.30773141700001,88.95173591899993,644.0045019999161
1767,581afa53-ccfb-4ac8-b533-8c8586db3c71,202,,88.35126629100023,88.9652218770002,613.9555859999746
1768,0a667120-66ad-4a7b-b62a-4d47d5f5f9dc,202,,88.40070817900005,88.97221581800022,571.5076390001741
1769,35131737-936b-42bf-b41a-7f111129b609,202,,88.45046204600021,88.97995112499984,529.4890789996316
1770,4e7a6352-376f-43bf-a302-9f526dd69373,202,,88.50069508900015,88.9896642560002,488.9691670000502
1771,fe26d797-e38f-4006-a176-ae82a6f2cc9b,202,,88.55138085199997,88.99334729800012,441.96644600015134
1772,fef7fb12-40aa-490a-9982-7a3904191618,202,,88.60273802600022,89.00449362300014,401.75559699991936
1773,5b650662-bace-44d9-9a60-52826a9d8812,202,,88.65072709600008,89.023799435,373.07233899991843
1774,934be856-0eb8-45b4-ad9e-c342b464152e,202,,88.70074936099991,89.03766378399996,336.9144230000529
1775,e9a6fe0e-d956-426c-9e72-23d5c8101529,202,,88.75116239099998,89.04980424999985,298.64185899987206
1776,d0b47989-a772-46cf-9676-f91cace2153a,202,,88.80231124700003,89.06482822899989,262.51698199985185
1777,b3a48150-afe8-4c55-9a79-9ad3d3f2be9f,202,,88.85392907000005,89.06538810700022,211.45903700016788
1778,c9f57539-fb13-4b29-bfc6-86d1421c9afd,202,,88.90160770300008,89.07094343800009,169.3357350000042
1779,8703085c-44e5-4368-af67-3da93c6307e2,202,,88.95133561300008,89.07680441399998,125.46880099989721
1780,08acdede-840f-470f-b32b-50383e11ecc3,202,,89.00032457299994,89.07796533500004,77.64076200010095
1781,c222e1a7-5f35-4e7f-a774-84ce9a4d98d6,202,,89.05018343300026,89.08114620200013,30.962768999870605
1782,1572611c-b935-4eea-8ea7-f9b0cf1d96ad,202,,89.10037935299988,89.11432128000024,13.94192700036001
1783,199afba1-8e05-46ed-8d20-9c3883b0f475,202,,89.15045128100019,89.16331549000006,12.864208999872062
1784,7908665b-680f-4fce-8912-5de24f2b0be0,202,,89.20239349900021,89.22042244000022,18.0289410000114
1785,714a2cfb-6ed9-48eb-9edb-38933896c2ee,202,,89.25126055100009,89.26380532300027,12.544772000183002
1786,8b0719c7-b0ac-45ba-9470-4d2b8b102a26,202,,89.30182990399999,89.32286347399986,21.03356999987227
1787,d369f89c-b3cd-4d68-bfd3-2d9ba35cb1bb,202,,89.35067904100015,89.38585702299997,35.177981999822805
1788,e79b85ab-bb58-456d-ae0f-dbca3dc347d7,202,,89.40039561799995,89.41586806600026,15.472448000309669
1789,3136297b-d574-44e4-8b36-95f201135581,202,,89.45029951600009,89.46335417,13.0546539999159
1790,1674fab0-2e65-4871-92a4-8d3a53a1ae4f,202,,89.50329570400027,89.51768235100008,14.386646999810182
1791,7c13f571-10be-441a-8223-d9acf8757eab,202,,89.55099504400005,89.60232580299999,51.33075899993855
1792,5a492202-4de9-450d-809c-b8310fefa1b3,202,,89.60110709399987,89.6320685300002,30.961436000325193
1793,a5ab1c72-cb50-4343-aced-d1397e5528e2,202,,89.65046636199986,89.67127703000006,20.81066800019471
1794,84b9933b-360a-443c-b1dd-498d773b2c6c,202,,89.70068944600007,89.72652931399989,25.839867999820854
1795,23b63526-51bb-47c4-84cb-66ce98f58bd7,202,,89.75024982600007,89.781903048,31.653221999931702
1796,c288053c-fe3f-41a7-891a-27d5e27dd9e7,202,,89.80034200199998,90.11101078999991,310.6687879999299
1797,e7144e4b-b6a0-4d57-986a-4393e6841ccb,202,,89.85204311100006,90.26044800099999,408.40488999992886
1798,e93e3342-ac0b-412f-b42d-23885e4a1136,202,,89.94219889600026,90.28185167099991,339.6527749996494
1799,158f4c54-99f0-4adf-a7af-59cb5e55ee8a,202,,89.95026576400005,90.30222095199997,351.9551879999199
1800,ca1eb8bc-7744-440a-9ab2-6519143ec626,202,,90.00049734799995,90.32989302800024,329.39568000028885
1801,ee43fae7-4de5-4397-849d-4b87f5a7b580,202,,90.05205234100004,90.33866580699987,286.61346599983517
1802,011fe6ad-98b0-4cb5-890e-cea73bb98938,202,,90.10889284999985,90.36857006399987,259.6772140000212
1803,bbbc417a-0784-4c34-bb01-626f0a87ed35,202,,90.17493131699985,90.37903701899995,204.10570200010625
1804,7ad8357c-eb96-4cc1-a2c2-48e4547268c4,202,,90.20416616200009,90.3730933820002,168.92722000011418
1805,a8ba74c7-7fa1-45a0-8196-351c7e3b8686,202,,90.25317357899985,90.38360895799997,130.4353790001187
1806,a069ed20-2ced-4379-834f-c59bb532bf67,202,,90.3013924249999,90.3864629310001,85.07050600019284
1807,a94876c2-e7ef-4f73-926e-c8a668256b53,202,,90.350642075,90.39517000500018,44.527930000185734
1808,5514ba9f-c11e-4780-af9f-4e774a586ff2,202,,90.40111810100007,90.43384591699987,32.7278159998059
1809,a601abeb-413d-4eb2-96ee-4b4dfd5c21e1,202,,90.45533432999991,90.49836686200024,43.03253200032486
1810,852d34da-ede9-4381-841e-df3c5b756b26,202,,90.50022481899987,90.52767261899999,27.44780000011815
1811,f0f93f20-bc9f-4454-8cd1-3d662f393d61,202,,90.55042602899994,90.58051389899993,30.08786999998847
1812,5438615d-aacc-4b59-bfae-dcdceee6c638,202,,90.60071523399984,90.6370922179999,36.37698400007139
1813,12d71bb1-e6c7-42fb-84ff-26f2d1067eec,202,,90.65042331099994,91.16666394499998,516.2406340000416
1814,c60d2322-42e2-45ea-8360-6af11eb1ecda,202,,90.70124643700001,91.17216882000002,470.92238300001554
1815,9f8c0016-ae5a-4f76-85d4-06b07e7f185c,202,,90.75116920800019,91.16851502700001,417.34581899982004
1816,94a9af93-dab9-448f-a5b3-479a89ba1db8,202,,90.88257610200026,91.38125259800017,498.67649599991637
1817,e214c568-baa3-4f73-93ef-e47c7261c996,202,,90.88063498400015,91.38809250800023,507.45752400007405
1818,759b9c8a-f051-4079-9498-76979aaf8845,202,,90.91133668800012,91.44415298600006,532.8162979999433
1819,e2bdf21a-8edb-4e54-88fb-74778af93587,202,,90.95818629299993,91.43090122100011,472.7149280001868
1820,5f0428e3-94ff-4711-b279-850210830414,202,,91.00062328100012,91.45696728099983,456.3439999997172
1821,bbb78857-8dd3-403b-b835-08332d51b917,202,,91.05234884599986,91.40668536800013,354.336522000267
1822,16f7bc62-0116-4abe-974c-f2b26c1f70c4,202,,91.10147758699986,91.47751846600022,376.04087900035665
1823,54f15ecb-d23f-4703-887b-3027bbbc3814,202,,91.15460405700014,91.47144233800009,316.8382809999457
1824,74e8d1a2-fcc4-4d68-8aed-74f88ee8abb6,202,,91.20681163000017,91.49315127799991,286.3396479997391
1825,1f5c3d5a-f444-4e48-b003-66a3afb4ba0e,202,,91.25937572200019,91.48384145299997,224.46573099978195
1826,7ffa7714-0db4-4569-8da2-2ebbadc039d9,202,,91.30138269700001,91.4977387570002,196.35606000019834
1827,18ab784c-dc2b-440e-acb1-06702ca0022b,202,,91.3530744730001,91.50738193500001,154.30746199990608
1828,9a68641d-a1cb-48dd-abeb-69415aadb262,202,,91.40200976899996,91.50817475600024,106.16498700028387
1829,f5177065-cf45-46cf-886e-f0aec2c5b8e4,202,,91.45659897299993,91.50799510100023,51.39612800030591
1830,a7c42827-681f-4b3a-901d-62a62139989e,202,,91.50031979000005,91.51983779600005,19.518005999998422
1831,7e7e6bff-2c1a-450d-8b23-51a4b77f03ea,202,,91.55030209899996,91.57666676300005,26.364664000084304
1832,5318296f-b979-4214-b29d-a0d4172a2e48,202,,91.60065396500022,91.62506742899996,24.41346399973554
1833,da7e468a-b1ce-4f18-9aaa-949272eb49c0,202,,91.65034975000026,91.67766414200014,27.314391999880172
1834,bf4512cb-7a2e-4dfd-8574-d643b2529552,202,,91.70039309599997,91.71478678299991,14.393686999937927
1835,beb9c121-54cc-4e16-9c2c-baea79823b06,202,,91.75058572299986,91.76627478,15.689057000145112
1836,cf867df2-60c8-4763-9d83-9b18cee953c2,202,,91.80036191999989,91.83623997899986,35.87805899996965
1837,6a480b58-d767-48c7-ac77-42c3a2b5b3e3,202,,91.85028081500013,91.87028241300004,20.001597999907972
1838,fd26c962-54d7-4f2d-b915-bb1e294c1a28,202,,91.9003128280001,91.92237399399983,22.061165999730292
1839,f13e8ffe-b563-493c-8e33-da8f8ff4f20e,202,,91.95025734699993,91.96613493299992,15.877585999987787
1840,c99bd9a8-00e7-48d4-a450-eba85f10c067,202,,92.00020223999991,92.02328204500009,23.079805000179476
1841,3de5eb75-0cab-40ed-8e49-e84c89d79c4c,202,,92.05119022999997,92.06564824599991,14.458015999935014
1842,261251fc-c69c-4907-957b-ed56d5dbb051,202,,92.1002182279999,92.11918410399994,18.965876000038406
1843,0045bdc1-9090-49f7-87a1-70a81a67fc98,202,,92.15424071899997,92.17219228900012,17.95157000015024
1844,b0a7ac5a-aea4-48dd-9336-ddf52dc82bdc,202,,92.20532007700012,92.21777723000014,12.457153000013932
1845,49c17815-af89-4d2c-bbcf-08231df58ba1,202,,92.25277601500011,92.26796185700005,15.18584199993711
1846,60ccdeea-da39-43aa-9cac-2c1b4b876677,202,,92.30089057500027,92.31575364699984,14.86307199957082
1847,78eec53a-9b63-482c-b171-879f3806dd3d,202,,92.35284004100004,92.37076448800008,17.924447000041255
1848,0dc6b261-b35a-445a-b082-7d5456078664,202,,92.40342839100003,92.42673313900013,23.304748000100517
1849,7b0442dc-ddf3-423b-904b-fd6aa34419a2,202,,92.45446812699993,92.52280331100019,68.3351840002615
1850,533180f9-df19-4f65-aedd-2b01b6c4b63c,202,,92.50198093600011,92.53609690700023,34.115971000119316
1851,950d309a-d57c-47ff-8504-682064744ed9,202,,92.552948302,92.57208758300021,19.13928100020712
1852,a19ff282-af9a-4388-af12-4c7e11fd399a,202,,92.60141792100012,92.64024715300002,38.829231999898184
1853,fee71f11-b9d7-4bd8-99b2-672ead71229a,202,,92.65070377500024,92.71059003400023,59.886258999995334
1854,252ab408-2c7c-461a-85a8-d0cc556759b7,202,,92.70464818800019,92.76208578000023,57.43759200004206
1855,139c492b-5596-40d5-9b36-67796ec714e5,202,,92.75039449199994,92.772191217,21.79672500005836
1856,864687c5-1233-43f7-b0c3-3e2903d68d4e,202,,92.80057486900023,92.82024894699998,19.674077999752626
1857,505059eb-f5c0-4186-bf96-bd1c5d89e181,202,,92.85045818300023,92.93963640699985,89.1782239996246
1858,8c33327d-22ad-487b-a84b-c42fa456d35f,202,,92.90061822799998,92.94071483300013,40.096605000144336
1859,25c43c72-fd49-47ef-8d74-a215f1ce7946,202,,92.95035292800003,93.04218926200019,91.83633400016333
1860,c71b8aea-cdad-4b9f-aa3e-beee94decab7,202,,93.00523106799983,93.05975223399992,54.52116600008594
1861,b2d0cc31-4f28-4a8f-9df4-dcb8eece94ba,202,,93.05053519400008,93.09845822499983,47.9230309997547
1862,3240c513-25dc-4962-a8f8-9a13ee925445,202,,93.10053874999994,93.13730237300024,36.76362300029723
1863,7fa531c5-d242-4cb5-9890-5cfb5f158921,202,,93.15027857399991,93.18284564900023,32.567075000315526
1864,a00bd135-54ae-442e-a60b-f1d99d92fb9f,202,,93.20022725800027,93.22623723900006,26.00998099978824
1865,7aaf0d5e-8f84-4289-bf8b-2e24bfa3e3d2,202,,93.25047142299991,93.28722525500007,36.75383200015858
1866,869d3877-2347-4f7b-b5c4-ed3a74db95ac,202,,93.30042169099988,93.35371739799984,53.29570699996111
1867,e1e3416c-7468-48bf-ba0c-44b8c79983a0,202,,93.35046491100002,93.38129893799987,30.83402699985527
1868,82ca1209-a0d8-4e53-b482-d3e2322eb56b,202,,93.4007535300002,93.43047217499998,29.71864499977528
1869,2a23728a-b3ed-4cd0-8938-880aca3548a7,202,,93.45062347000021,93.4616554700001,11.031999999886466
1870,b1e2ae73-7e51-400a-aabd-efeb8b608259,202,,93.50124331799998,93.51441146300022,13.168145000236109
1871,b082d4a2-1f30-442a-82cf-50d2e5f0066e,202,,93.55068670299988,94.82593178900015,1275.2450860002682
1872,f2e4e3bc-0c57-4a06-9580-f018ae52934d,202,,93.60328820699988,94.86155553100025,1258.2673240003714
1873,33e1e553-9bf8-4b59-9fd3-e7b12672cd6d,202,,93.65123973500022,94.87544758500007,1224.207849999857
1874,572a0054-6f69-4c62-b7f1-d81081433f07,202,,93.70080319599992,94.88721811799996,1186.41492200004
1875,89f4edab-91f6-4826-be5e-07056d96c554,202,,93.75311430200009,94.90557086800027,1152.4565660001826
1876,5dc9dcef-e19d-48f7-b7e8-36182cf1ee4c,202,,93.80050903500023,94.91774928899986,1117.2402539996256
1877,eba35a61-d137-4652-abbd-6ab504249e6a,202,,93.85170925900002,94.942047344,1090.3380849999849
1878,6ee36e4f-3231-4b1f-bfe1-4e19a34e3401,202,,93.90035411500003,94.949338764,1048.9846489999763
1879,96a148e4-cc46-432b-97f1-e9e6af991801,202,,93.95085938600005,94.99634644000025,1045.4870540002048
1880,d4871008-1f01-46c5-a328-4b9f2aae54d6,202,,94.00053033899985,95.0271838409999,1026.6535020000447
1881,2ecc419c-9db9-42e2-949b-f7c8501ff4d2,202,,94.05097932299986,95.04729122200024,996.311899000375
1882,45d12df3-26db-49c9-a6aa-03a21975e0df,202,,94.1005362840001,95.10877149599992,1008.2352119998177
1883,850540c8-fba1-46b8-8195-bd4b950b9037,202,,94.15255520200026,95.14209464399983,989.5394419995682
1884,7931abc3-af46-4010-88f8-1e37ef806cf7,202,,94.2016707759999,95.15968927999984,958.0185039999378
1885,5f661081-f873-4bf0-a9cf-bc1f43de0396,202,,94.25326026499988,95.18641829399985,933.1580289999692
1886,3e159e72-9b15-4c4f-9089-11641f6c95da,202,,94.30468401500002,95.21095470699993,906.2706919999073
1887,bd1f2c19-3d92-477c-8dbe-d3a2e967aa1b,202,,94.35145570700024,95.21961490900003,868.1592019997879
1888,093cd57c-2f0e-4ad8-bb40-f0b629613b84,202,,94.40108966300022,95.23187744999996,830.7877869997355
1889,b14e4bf0-eec7-4666-9760-e199cfdb09f2,202,,94.45310453999991,95.24276545900011,789.6609190001982
1890,2d5e7737-56bb-4e10-88a3-8f80e14e59e2,202,,94.50462049199996,95.25396111300006,749.3406210001012
1891,da2223f8-97b5-4588-a571-ec1b3a54730a,202,,94.55515246999994,95.26738765800019,712.2351880002498
1892,294c161b-b686-4345-ad2a-7ebb811426ec,202,,94.60051179899983,95.29724379200024,696.7319930004123
1893,5464a032-40b1-4b3d-aacd-62a17babb727,202,,94.65047244000016,95.32117982999989,670.707389999734
1894,8272fbeb-3777-4d14-97a7-3c2abb28eecb,202,,94.70070477099989,95.34432392100007,643.6191500001769
1895,5b2b3596-a40f-4327-81f2-06ccef92062a,202,,94.75073078300011,95.3755317969999,624.8010139997859
1896,cc94e148-23d0-4281-8d75-2a77d49225aa,202,,94.80037682000011,95.38988994500005,589.5131249999395
1897,e5980147-878b-4c92-8967-b3019b2d1d45,202,,94.85170715999993,95.43214002700006,580.4328670001269
1898,7def1ec9-d8e1-4914-9f92-ba1f52a07e25,202,,94.90091093599995,95.44649313399987,545.58219799992
1899,8b74c666-dc4b-4760-8324-6e5dffba7cb6,202,,94.95032173900017,95.47603254000023,525.7108010000593
1900,e33a36a5-3b90-4af5-980b-d41a82df6e66,202,,95.00169590899986,95.51280732800024,511.1114190003718
1901,6dd9d34d-dc0e-40f9-b5ba-1b88a4e8600f,202,,95.05833867799993,95.51684567800021,458.50700000028155
1902,4507a179-836d-4c22-8b47-a6d29fe3cf69,202,,95.10609409500012,95.52713293700026,421.03884200014363
1903,5f7b19fc-33ae-4aa4-8d79-41ddea15b133,202,,95.15169140800026,95.54279166200013,391.10025399986625
1904,279b57c7-2d16-4124-8152-c1b1a47e64f0,202,,95.20084914500012,95.55831827200018,357.4691270000585
1905,7c2bdcbd-5d2b-4344-ba3d-19e41423ba54,202,,95.2502823220002,95.56427278299998,313.9904609997757
1906,a6846c94-4977-4e15-8d86-517e0e574cff,202,,95.30028879300016,95.57249538999986,272.20659699969474
1907,920dde1f-6665-4343-990d-87febb68c007,202,,95.35313823800016,95.58080169999994,227.66346199978216
1908,9e0b9579-0213-4595-b136-2bd626a4f0e8,202,,95.40079995199994,95.58713206099992,186.3321089999772
1909,e37fdf92-a60f-43a6-a2c6-2b1cec94d2f7,202,,95.45033237200005,95.5939127659999,143.580393999855
1910,cfcad2d1-548a-4e83-87fc-9910db28a262,202,,95.50033767700006,95.60251484699984,102.1771699997771
1911,f7b0bb7f-35fb-4d2b-bbcc-b5ea474f775b,202,,95.55062625400024,95.60256142700018,51.9351729999471
1912,1c677915-715c-4bcb-99ca-49de81d98997,202,,95.6002534170002,95.61748561900004,17.232201999831886
1913,376aa81a-3567-49a1-9eb9-8439c909451f,202,,95.65349379300005,95.67161710100027,18.123308000213
1914,828ce9d3-9178-4936-9508-f865fa63d92d,202,,95.70036260200004,95.71604624300016,15.683641000123316
1915,7fde63f9-795f-4881-bb87-0eada42e2ae7,202,,95.75251013600018,95.76863595500026,16.12581900008081
1916,4794e329-5d37-4d75-84b5-5de11c249478,202,,95.80180394699983,95.81717698300008,15.373036000255524
1917,bc6ec1eb-4605-4c50-82e9-43268273eb14,202,,95.85133257500001,95.86721191100014,15.879336000125477
1918,deefabbd-0cd8-4e83-87a5-33d067f2eab8,202,,95.9018722589999,95.92130039499989,19.428135999987717
1919,940ae89b-d9fe-43ad-a004-e4960a9cde78,202,,95.9553377860002,95.97362812500023,18.290339000031963
1920,4609fbbb-6467-4e2f-bdb1-b2e9458071af,202,,96.00392068700012,96.02785218300005,23.93149599993194
1921,d8353669-21d3-4152-8232-fe7acaf5c57a,202,,96.05095469400021,96.09553861699987,44.58392299966363
1922,351b266c-9e6b-469f-8b85-fc0aa0ac1aba,202,,96.10106407400008,96.128245849,27.181774999917252
1923,f5a3a0d6-8f90-4f70-95c7-86eb9cb5dab2,202,,96.15027455800009,96.1779457990001,27.671241000007285
1924,1e28cb8f-baeb-41b4-82db-88c773bfbc61,202,,96.20022494900013,96.22304476999989,22.819820999757212
1925,be1983cc-aefb-4fc7-9a03-ffd2fcf8815d,202,,96.25043907200006,96.27332397300006,22.884900999997626
1926,c295eeb6-05c8-4073-91e8-de79ee36c675,202,,96.30045037599984,96.31496401300001,14.513637000163726
1927,b650e1b1-8279-4665-8a7d-78e56ff1adcb,202,,96.3504638039999,96.36958708600014,19.12328200023694
1928,51ca5304-9ee1-4de5-a679-8dbe86eb3cbb,202,,96.40023599999995,96.42917615399983,28.940153999883478
1929,dd92ec98-0bfc-45b9-b176-d7f5c3fa2d97,202,,96.45043837399999,96.46666926900025,16.230895000262535
1930,8813c25b-df63-4a66-b83a-e612670ec7f0,202,,96.50024089999988,96.5222063629999,21.965463000015006
1931,369bd34a-3d03-4f9a-8bb5-6399c46b7c4f,202,,96.55078966700012,96.57749572400007,26.706056999955763
1932,403650fc-577d-4c25-be9e-b74e05034c67,202,,96.60042224600011,96.61860163300025,18.179387000145653
1933,914c953b-e508-46bf-892a-81f18162a30e,202,,96.65046271400024,96.69313601700014,42.67330299990135
1934,54c3cf06-4909-48a3-843e-6c5f9a1905dc,202,,96.70043881099991,96.72022571400021,19.786903000294842
1935,63a3a4d2-bf4a-4a7d-bce4-1afd820dc5e9,202,,96.75023013000009,96.78063676800002,30.406637999931263
1936,fb28c036-3216-451f-94c6-03dad41c18fb,202,,96.80040246399994,96.81650682500003,16.10436100008883
1937,8cb2b95e-ddb5-4466-984e-e74136e81da6,202,,96.85158039599992,96.86635522300003,14.774827000110236
1938,8fd78d14-1cc1-4e4b-8652-7d20f61e535c,202,,96.90118018500016,96.91536188600003,14.181700999870372
1939,b2142f7f-aca7-413d-9482-77ffaadefb5e,202,,96.95082384700027,96.96649357200022,15.66972499995245
1940,eb38aa33-7590-431d-9f1a-1ac672e4316d,202,,97.0015678499999,97.01181277800015,10.244928000247455
1941,74b3caff-6afe-4445-81f5-a48bbccdcab2,202,,97.0506742990001,97.06120899799998,10.53469899989068
1942,f943ccbe-fb31-4857-8e31-3e3e035d118d,202,,97.10524937399987,97.1538138599999,48.56448600003205
1943,af2b21ed-f7d8-485f-8957-505262655410,202,,97.16700312800003,97.1954366089999,28.433480999865424
1944,d74e02c2-4198-400c-b8d8-f62ca4032038,202,,97.20939511699999,97.22846377699989,19.068659999902593
1945,10e8e92e-100e-48e0-9066-d806abfcf622,202,,97.25037074400007,97.2699759090001,19.605165000029956
1946,bcfbbc51-7252-4231-905a-7ece3db4f8c3,202,,97.30360257800021,97.32932532599989,25.722747999679996
1947,5dd1854c-d9b2-4f7e-a716-f65a0cda4536,202,,97.35029319000023,97.3642778630001,13.984672999868053
1948,212b78de-13ad-4995-9e65-bbdf68348b50,202,,97.40056318400002,97.42645321300006,25.89002900003834
1949,1a724b18-b491-4152-abea-e62d03c1b010,202,,97.45054465600015,97.47411350999982,23.56885399967723
1950,32c15be9-8781-429b-af88-bcda513503e9,202,,97.50045763300022,97.51734081699988,16.88318399965283
1951,859b19b6-a2ca-4ed2-867e-8ccd44fab704,202,,97.5507849149999,97.57272258700004,21.937672000149178
1952,39dd5ee4-aa66-4d8c-a9fb-9d9bb9d184a4,202,,97.60042770100017,97.61556600299991,15.138301999741088
1953,a6ecd7bf-2ad1-4c8c-adff-4e6f47a9b88c,202,,97.65288442000019,97.67560299800016,22.718577999967238
1954,f8102c23-f605-4189-9531-d79760c78b1f,202,,97.70410230800007,97.71863673400003,14.534425999954692
1955,734cbb7d-9701-4c8e-b1e2-e6a437666884,202,,97.75092661899998,97.76372483100022,12.798212000234344
1956,4975faaf-446a-4957-ab46-ce2bfb3ff6a4,202,,97.80119782100019,97.81300868300013,11.81086199994752
1957,d2bdace6-3a40-4d7b-a3f9-84c375f81557,202,,97.85214168499988,97.87863588100026,26.494196000385273
1958,23b0fa48-c8b4-48b5-9be8-b96becc8ebb0,202,,97.90047518500023,97.9181605230001,17.685337999864714
1959,0db5018e-30ae-483a-8da3-1c698b9535cc,202,,97.95305131299983,97.97072565100007,17.674338000233547
1960,cb97cda8-757e-4dff-af65-919ab246fef3,202,,98.00228308600026,98.02246646100002,20.183374999760417
1961,47a45f82-9b0b-44d6-b623-15bf909900fd,202,,98.0513664099999,98.06770592200019,16.33951200028605
1962,c176c384-9d00-44ff-b023-5b8a04cf7fd0,202,,98.10053039500008,98.11346672299987,12.936327999796049
1963,2687dab3-69d7-4051-853a-0d357556f288,202,,98.15045249600007,98.19778435599983,47.33185999975831
1964,abe28cd4-5f19-4b91-859e-6aae5e4ad629,202,,98.20036030600022,98.21936501200025,19.004706000032456
1965,e2fcd42b-420c-4864-974d-779879a7de68,202,,98.25021236900011,98.2778548199999,27.642450999792345
1966,66a5cb7f-4493-4e28-9c80-14e4cdfbe518,202,,98.3004976530001,98.33397833200024,33.480679000149394
1967,1c5fa97c-92f1-4073-b3aa-d049095e4375,202,,98.35027988799993,98.37687949400015,26.599606000218046
1968,88e599bb-5086-4710-bd24-3d53c2813d83,202,,98.40022677900015,98.41356853700017,13.341758000024129
1969,a33545f3-fb90-469b-89f7-1f2d806cbbb8,202,,98.45055576799996,98.4919135350001,41.35776700013594
1970,0fb4bc00-4e25-4eba-9719-ca3d26eee1fa,202,,98.5004340800001,98.51822632699987,17.79224699976112
1971,b158d979-bf8a-4c1f-9bcf-a8dcdf60dbe2,202,,98.55032539100011,98.56976044200019,19.435051000073145
1972,15e08dea-0bf3-4b40-a2b8-5383884cbaae,202,,98.6024570489999,98.61475637800004,12.299329000143189
1973,8d377a02-7936-4033-9b1d-28baf0dd6773,202,,98.65156195400004,98.66531964200021,13.757688000168855
1974,4024c858-40d2-4c6f-8276-b39ac40f697a,202,,98.70143684899995,98.71375463499999,12.317786000039632
1975,f03218ec-a9bc-42f3-8829-19e3595ce830,202,,98.75077928000019,98.76688168400005,16.10240399986651
1976,799d50a3-54f3-4154-b6cf-d2932a487365,202,,98.80308188500021,98.8181610659999,15.079180999691744
1977,d6d2a1f1-4d58-4292-bf60-7c4c8ec01d35,202,,98.85113907000004,98.86894439900016,17.80532900011167
1978,61afb1e3-c22c-4a84-905c-be81790eeb52,202,,98.90051262399993,98.91596069700017,15.448073000243312
1979,cb2085dd-d4ac-4261-838d-e84518a32332,202,,98.95350418199996,98.97223211500022,18.727933000263874
1980,4e07b232-5f59-4fcb-b006-2ba6c7e12aff,202,,99.00736609700016,99.0301925419999,22.82644499973685
1981,078a4134-65f7-42ff-b8ce-552146c58b6a,202,,99.05342241800008,99.07050413000024,17.081712000162952
1982,bf2a7953-e3da-4e69-9b3d-0a73c554a6e0,202,,99.10535050699991,99.12292281000009,17.57230300017909
1983,2800d5a6-8334-41fb-8899-78bc175273cb,202,,99.15585952499987,99.19897017199992,43.11064700004863
1984,9d0aca1f-af3b-4c63-b096-193dd3cad0ef,202,,99.20028516599996,99.24470926499998,44.42409900002531
1985,55d1c8c3-2119-46bd-a507-a5b0d1cf7c5e,202,,99.25032634099989,99.29462557399984,44.29923299994698
1986,289bfb71-1ff3-4c68-9b12-24a509c36759,202,,99.30059079300008,99.33968583800015,39.09504500006733
1987,e20811e3-3542-4d12-b4e0-6bc54cf2d20c,202,,99.35027445100013,99.38455865700007,34.28420599993842
1988,0cf4e0a6-727f-47d2-a637-5e676369636c,202,,99.40062227199996,99.42856528499988,27.943012999912753
1989,fd903d58-c04e-4807-9d12-8cf484a5f678,202,,99.45025110000006,99.47839384999997,28.142749999915395
1990,d7da169a-f4e5-4ced-a8e6-f8e86daa69bb,202,,99.50052163400005,99.51954021400024,19.018580000192742
1991,5bc309c6-958c-4cba-a385-d93712b922f0,202,,99.55024074799985,99.577413772,27.17302400014887
1992,a1daa7bb-c82d-43f2-9f07-19dc461c434f,202,,99.60085563400025,99.61544376500024,14.58813099998224
1993,5d35d63a-d018-4655-89bd-2a0cbd9e8e73,202,,99.65107525500025,99.66617772600011,15.102470999863726
1994,ede13b78-a747-4ec0-bcbc-2967f5a3c5b9,202,,99.7006859170001,99.71190023600002,11.21431899991876
1995,78c61afa-626b-4864-a30a-72f71418495a,202,,99.75197992299991,99.76608112900021,14.101206000304956
1996,6f0d5c9b-0ec3-444b-a203-37e077653e52,202,,99.80159958500008,99.82901405099983,27.41446599975461
1997,c5962efd-3ebe-4e8f-8033-4ec9fa774958,202,,99.85115100099983,102.72794446499984,2876.793464000002
1998,d39059e8-bfa8-4ba7-8e55-52ca563ea7a8,202,,99.90439295800024,102.69896381499984,2794.5708569995986
1999,cd3f48e1-1177-436e-bf2e-59fe088f24f2,202,,99.95186322400014,102.68801427000017,2736.151046000032
2000,da63a1e5-fc52-41a1-bef3-ad10dabbe760,202,,100.00220104500022,102.74846744200022,2746.2663969999994
2001,6f8ef28d-a5d0-4908-a34a-0ca56c07ad8a,202,,100.05513373099984,102.76046095799984,2705.327226999998
2002,f5dc8c03-b34a-4dd4-98e3-fd1e52fa177d,202,,100.1006763790001,102.78231721800012,2681.6408390000106
2003,f4908b8f-e94d-4cee-a6b9-0babf53ec015,202,,100.15918601900012,102.7943844790002,2635.1984600000833
2004,93f49aee-33d1-4583-bf00-61e7237d4868,202,,100.2008151,102.83030478199998,2629.489681999985
2005,b822ecb3-5dd1-4e31-8c24-2ab24a72c1de,202,,100.25300212799993,102.82591578900019,2572.913661000257
2006,3598cf95-c9cc-4c0b-b45e-abd5fd83ebaf,202,,100.30149070000016,102.86282198200024,2561.331282000083
2007,75674599-4687-4b0b-a8c2-327db6446c0b,202,,100.35446242499984,102.31349416500007,1959.0317400002277
2008,89155d49-7439-4b99-bfab-83a1523977e2,202,,100.40738086200008,102.36210601899984,1954.725156999757
2009,ca22c8e8-efee-4a19-8c43-3c3b10b53ea4,202,,100.45236979799984,102.35405181800024,1901.6820200004076
2010,0d3134a1-220c-4b00-a15c-489242785c13,202,,100.51660125599983,102.3842172210002,1867.6159650003683
2011,fc88ee76-799e-48c7-95f9-73ee3f16c525,202,,100.576167532,102.34561381000003,1769.4462780000322
2012,9f6cc428-a690-4d48-9556-318c63855f97,202,,100.6062893960002,102.36959313399984,1763.3037379996495
2013,835cda3c-9813-4531-ad43-09fe5515e1d1,202,,100.65772135099996,102.39662533399996,1738.9039830000002
2014,79804412-0796-43e3-a154-f3df61d4a0aa,202,,100.71031705899986,102.38950044400008,1679.183385000215
2015,689a26b8-8685-473b-970f-9a52c99223e3,202,,100.75537632299984,102.44072982900025,1685.3535060004106
2016,9dbff392-b7b6-4f4c-b06a-f5e801ba63a0,202,,100.80568539500018,102.45117615900017,1645.4907639999874
2017,701a2978-bfe2-413f-9b19-3e7320fd5f74,202,,100.90909739200015,102.45956667000019,1550.4692780000369
2018,03bf4738-63b3-43ac-bddf-e6d8da0c8de3,202,,100.90080808099992,102.43881312600024,1538.0050450003182
2019,ca3223dd-dfd1-4c4d-bad4-d6f9756b89e1,202,,100.95242098200015,102.5018043340001,1549.3833519999498
2020,ea6306f8-1eb4-4f44-bb21-2f57b9abed2b,202,,101.00967441500006,102.47472463800023,1465.050223000162
2021,4100ebdb-7265-4a44-b5bd-631e0e8fe1e5,202,,101.05613595800014,102.51493402300002,1458.7980649998826
2022,10929e30-c066-4bde-ad08-ac759fdd4c5c,202,,101.10078745700002,102.48480174299993,1384.0142859999105
2023,95b2b780-0d1a-4688-b649-bb857ac86885,202,,101.15721682100002,102.49297460200023,1335.7577810002113
2024,ab8c9e8c-7f00-4780-9a5f-efbfc84aea56,202,,101.20655871000008,102.52149403400017,1314.9353240000892
2025,b6affef5-e805-4f88-beb6-2da22c8c8f96,202,,101.25179817000026,102.52919730099984,1277.3991309995836
2026,4ad8a7ad-dda7-4096-8598-45e261eb90f2,202,,101.37614061500017,102.54077072100017,1164.6301060000042
2027,65e9a646-6420-4399-aa0d-caa584888ac9,202,,101.37164054699997,102.54236423700013,1170.723690000159
2028,f91ee87d-0295-4b51-a9fa-164bb3e707cd,202,,101.40414358199996,102.55023082600019,1146.0872440002277
2029,ed184f8a-5eef-424e-8fdd-d31993e6c796,202,,101.45058612699995,102.56357012499984,1112.9839979998906
2030,c529dfe5-9bd3-426b-8f7e-d789085cf498,202,,101.50080387200023,102.57575329500014,1074.9494229999073
2031,babf7591-7526-4710-b22a-3e3df8ab6505,202,,101.55716119899989,102.58220781399996,1025.0466150000648
2032,475f31ed-90ce-4702-9eda-362c678f3f33,202,,101.60051345400007,102.59280850799996,992.2950539998965
2033,f10d1916-28e8-4d7f-9920-0baa8137da69,202,,101.65386777699996,102.60305643499987,949.1886579999118
2034,ac5a2b82-c65b-44b7-9459-511ceb1db256,202,,101.70039993899991,102.62071718900006,920.3172500001529
2035,93d73db9-567f-48e0-9464-87097126efe7,202,,101.75147246000006,102.63032970099994,878.8572409998778
2036,2f0b098b-44f5-4af5-9025-6f4bc2b4c01c,202,,101.800914466,102.64217793499984,841.2634689998413
2037,a081881d-8905-464a-bc4e-7bbfcd5e02a1,202,,101.85061124599997,102.65267122000023,802.0599740002581
2038,803b1561-e324-4425-a609-62d38a916c1a,202,,101.90060088200016,102.68052765499988,779.9267729997155
2039,214e3288-03b3-4158-aa14-fb0ee1584fb0,202,,101.95406757199999,102.70792541299988,753.857840999899
2040,5c544fb4-9cdb-4e89-ae38-dd4fe45462f9,202,,102.0009594600001,102.71824887599996,717.2894159998577
2041,92facc52-2bcf-4445-9b6f-25cbe6858850,202,,102.05211614100017,102.73203543699992,679.9192959997526
2042,e93fe1a9-e078-4f22-85c5-02fa7140937c,202,,102.100461472,102.77017604599996,669.7145739999542
2043,51a7de54-b112-4c3b-a25a-f301b4e83a81,202,,102.15529398599983,102.79188102499984,636.5870390000055
2044,3b530dae-f679-424d-89de-1359c76cf800,202,,102.20080705100008,102.80105385800016,600.2468070000759
2045,38098c39-98d6-42bd-bbb6-8e64330ea327,202,,102.25027768100017,102.81704730999991,566.7696289997366
2046,7c4fbc6f-fe07-42e9-bebf-6d39ace2538a,202,,102.30050575799987,102.82037912500027,519.8733670004003
2047,f3aded77-f6ef-47b9-ab5c-a1249c985b0e,202,,102.35074541799986,102.84220101300025,491.4555950003887
2048,994ccd9a-b642-44e8-ad3e-baf49e10cf60,202,,102.40217583100002,102.85177548499996,449.5996539999396
2049,e56e1740-1ec9-480d-9ee7-66abf4b65048,202,,102.45025284700023,102.86792367599992,417.67082899968955
2050,4e54950a-f1f6-4c12-9ad4-ab9f00aee3a4,202,,102.50026364699988,102.87565148300018,375.3878360003
2051,c62db92d-a116-4c91-b0b8-5b0d34352b70,202,,102.55071600100018,102.88139517499985,330.67917399966973
2052,d914b04a-130c-4f21-97c4-232d41d18c95,202,,102.60018125499982,102.88963369700014,289.45244200031084
2053,621b684d-325f-458a-8a05-15d75f70c257,202,,102.65334038299989,102.89776597599985,244.42559299995992
2054,e11b8373-903b-45c7-a8c5-1af3862ecc8e,202,,102.7008963090002,102.90063590499994,199.73959599974478
2055,d9742bed-58ab-4768-a4c0-fa5c347dba02,202,,102.75029077599993,102.90849457800005,158.2038020001164
2056,8789dd2c-6798-4c18-b4de-8c7ca7502a18,202,,102.80027549499982,102.90770296500023,107.42747000040254
2057,c909c7c0-743d-4722-a9ee-d215fa0cbe2b,202,,102.85025583900006,102.90942751500006,59.17167600000539
2058,e9705423-8a1c-465b-b8f1-cf03f9fd0d08,202,,102.90031001099987,102.91371076399992,13.400753000041732
2059,ce0959db-098f-4121-add5-84491a0725f0,202,,102.95069424400026,102.96300848800001,12.314243999753671
2060,cf99cc87-f9eb-42e6-a083-3abcdf806c9a,202,,103.00071666800022,103.01509868799985,14.382019999629847
2061,b7904320-b180-4e8a-9a59-623f22a32558,202,,103.05533832099991,103.0713973930001,16.05907200018919
2062,68fec567-7ec5-4d70-8a29-f81c0fefea34,202,,103.10093042300014,103.11436821500001,13.437791999876936
2063,dee33e5b-40b3-49cf-8efb-0d7fcd8a6d26,202,,103.15526559499995,103.17470347800008,19.437883000136935
2064,27fec334-64bc-4e00-a523-73f8c7ea4d41,202,,103.20343826999988,103.22713694699996,23.69867700008399
2065,7b51c291-6bb0-4277-a04a-745cce1a5830,202,,103.2502768280001,103.26430874700009,14.031918999990012
2066,34bfd1e6-f46d-4a1c-9b61-3b40f8b53f4a,202,,103.30134605600006,103.31667167900014,15.325623000080668
2067,251f62d3-4425-4b4c-bfe7-62a0bf51d1b4,202,,103.35023455800001,103.38812147599992,37.88691799991284
2068,2bcba816-5232-42f1-8fe9-7499b1bbe05a,202,,103.40017394699998,103.415314373,15.140426000016305
2069,e0a1090e-8e0c-4b8a-b1a8-29f463813154,202,,103.45042781400025,103.4724557290001,22.027914999853238
2070,c38a8f8f-654b-46d4-8cd9-8f691566d079,202,,103.50050136000027,103.51703806600017,16.536705999897094
2071,8febe8b7-fe78-4a5e-8099-d5a1ea308e9e,202,,103.5505228259999,103.56849289299998,17.970067000078416
2072,efb64e75-9a57-427c-ac0d-2490d9ac811e,202,,103.6002095230001,103.61576367099997,15.554147999864654
2073,7e81e766-edf2-4606-9c0b-38c1364e6b12,202,,103.65023132199985,103.68326377899984,33.032456999990245
2074,840759e1-84a2-4890-a496-3260fd4b094d,202,,103.70052710200025,103.73070483699985,30.177734999597305
2075,4a95246b-4cee-4076-ace7-77e5d7f444c1,202,,103.75036466400024,103.76929424799982,18.929583999579336
2076,5a3e2191-7f9b-41c4-86b8-a452975d73fd,202,,103.8004165440002,103.82109084300009,20.674298999892926
2077,a0630688-ffdd-481c-8f07-36f48a905242,202,,103.85087427100007,103.87080987099989,19.93559999982608
2078,ba0d9d1a-0db4-4c45-9031-4243634d2de2,202,,103.90093635899984,103.94631135000009,45.374991000244336
2079,dea33a1e-ba43-41d2-b128-86745c4ac6b6,202,,103.95310013700009,103.97712229199988,24.022154999784107
2080,07341555-07fb-4046-9fbe-e10be201a8de,202,,104.00040778799985,104.01794342599987,17.535638000026665
2081,21a3ec61-a0b1-4c51-9d6c-48f2032238ee,202,,104.05025784899999,104.06562430099984,15.36645199985287
2082,6af98f0d-18d9-466d-b8f2-6b89b9c16326,202,,104.10068945300009,104.12697395299983,26.284499999746913
2083,b836ea1b-75a2-49fe-bbe3-f31ef13d914e,202,,104.15042068899993,104.17770362100009,27.282932000161964
2084,bcfb4d1c-3b9a-4a0f-a740-461275fe8d9d,202,,104.20166636300019,104.25718257900007,55.51621599988721
2085,cd4c275b-ca9a-4418-823e-59b1a950d5a6,202,,104.25304831899984,104.43800742099984,184.95910199999344
2086,511cdc76-6737-4f4c-b4bf-ffa3043f6496,202,,104.30069802900016,104.44128957200019,140.59154300002774
2087,be4eb8ac-ca27-44b7-a02a-0f522cbfcdcf,202,,104.3507894899999,104.44108504399992,90.2955540000221
2088,0f4ebabd-902d-43a1-a73a-91a8f818048e,202,,104.40146145300014,104.51132621499983,109.8647619996882
2089,fca6acd1-e213-414d-a16e-c4ba0c7af721,202,,104.45073988600006,104.529634343,78.89445699993303
2090,825cb6a8-9074-4829-9d02-d27d44a6ba28,202,,104.50094475600008,104.53736768999988,36.4229339998019
2091,b687c93c-60b6-462c-a27a-5cf668ed2d00,202,,104.55025585400017,104.582879005,32.62315099982516
2092,de35ad15-0b60-48b4-b4ed-3fc1f9719e34,202,,104.60036681300016,104.62214053700018,21.773724000013317
2093,cdf71f8d-dd2f-4468-ac07-c5e77aeb23e9,202,,104.65021141499983,104.67692955200027,26.718137000443676
2094,2a0aec1f-9839-4409-a9d0-639a6c5dba63,202,,104.70035520500005,105.03468666500021,334.3314600001577
2095,0c129f5b-95e9-4712-b2b3-d512a674807e,202,,104.75035529700017,105.05382306899992,303.46777199974895
2096,4015a044-44b1-4c24-ae35-8331c946ad7e,202,,104.80036692900012,105.02172038200024,221.35345300011977
2097,cc04b131-0faa-476b-954f-c50f926cd889,202,,104.8510442249999,105.06915927299997,218.11504800007242
2098,163c526c-868e-4c57-b4aa-bbc8c4bad2da,202,,104.90178514099989,105.06817763200024,166.39249100035158
2099,5c737000-3478-4f04-9645-8e51aa0bce03,202,,104.95077030199991,105.06925089200013,118.48059000021749
2100,cac33b00-8021-4b97-8507-28b2dfb38e17,202,,105.00029471800008,105.07939399199995,79.09927399987282
2101,4ff4fd22-0f4b-448a-a9b1-64031336e914,202,,105.0514063999999,105.08333468199999,31.9282820000808
2102,1a6e13af-ed13-440c-8777-718ff0e58f9e,202,,105.10048734600014,105.12337766100018,22.890315000040573
2103,8bfd5237-a733-4cb2-83cf-a662e699dd97,202,,105.15042073399991,105.166514345,16.09361100008755
2104,a380896c-df39-45c0-b59b-e80f9e8e050e,202,,105.20118802300021,105.21724326200001,16.05523899979744
2105,3cecb803-cdaf-4b66-9c9f-841668965ed6,202,,105.25204447299984,105.26817399899983,16.129525999986072
2106,50a12d10-0ffc-4701-be2e-0c1dd308457b,202,,105.30312069999991,105.31852077500025,15.40007500034335
2107,c2db3174-bf46-4de8-9982-c5753bb96734,202,,105.35120488099983,105.36632201700013,15.11713600029907
2108,4d6a6660-4e3a-4653-82c2-8d9757c28e6b,202,,105.40268658000014,105.41900642600012,16.319845999987592
2109,20ca7ed8-ddda-4456-8ed0-494df0c91474,202,,105.45238452500007,105.4747832070002,22.398682000130066
2110,ed009884-65c0-4c9c-86d8-9e57bb312989,202,,105.50146847099995,105.58476920900011,83.3007380001618
2111,7ff29233-7e18-4609-bce3-8b03cd0e4993,202,,105.56241973299984,105.833980677,271.5609440001572
2112,a2865eda-8fb0-499b-b727-893314546493,202,,105.61362274200019,105.83913615900019,225.51341700000194
2113,cbafa902-589f-427e-9a29-be1dac404d5a,202,,105.65364709699998,105.84757529199987,193.92819499989855
2114,6fac4c4b-8e19-49fc-97c0-f6e8560d2eba,202,,105.708119549,105.87301189100026,164.89234200025749
2115,6be31055-5f62-44cb-a642-09392c760492,202,,105.75196010199988,105.87458299199989,122.62289000000237
2116,24ccc7e7-7622-4cdc-86fe-507460084631,202,,105.81108311300022,105.88401539100005,72.9322779998256
2117,35fde675-55be-490d-902d-37820676a222,202,,105.85146602700024,105.89046615899997,39.00013199972818
2118,cdaa7b55-9a25-465b-863c-5f2599750261,202,,105.90045764500019,105.91817897800001,17.7213329998267
2119,1617b70f-854f-4292-be32-db6001c3222d,202,,105.95054339700027,105.98824932600019,37.70592899991243
2120,3d062e7b-760a-41c4-af67-59690db2b75b,202,,106.00033250200022,106.03239735800025,32.064856000033615
2121,f2ca502e-c989-4ced-b8ec-c0ac241adba8,202,,106.0503219279999,106.07156668800008,21.24476000017239
2122,f385eccd-4fdf-4016-af25-063659deb1d2,202,,106.10031856100022,106.12071608699989,20.397525999669597
2123,0b693a6e-7e0b-4fd5-b243-e21f1994638f,202,,106.15041376999989,106.172205201,21.791431000110606
2124,da591b1c-6275-4fe7-b661-87dd55bb885b,202,,106.20055156099988,106.22022117799997,19.66961700009051
2125,c470abf4-d260-4737-8288-b19e332a1eaa,202,,106.25232282300021,106.27787899700024,25.556174000030296
2126,7898c9fd-ceac-49ba-a629-a382b207fc28,202,,106.30045933300016,106.33779062099984,37.33128799967744
2127,b3ab69ef-4055-41bb-8b56-4d559ac05f2e,202,,106.35085577200016,106.435516,84.66022799984785
2128,d26fd8f5-8c7e-4401-ad8f-213f94db8ae1,202,,106.40064433599991,106.47340829099994,72.76395500002764
2129,7293220c-10a6-4106-918a-4badfbaf26e3,202,,106.45386724900027,106.48258479100014,28.717541999867535
2130,455f761e-0727-4965-8298-3a27e66bac86,202,,106.50034874599987,106.52090284499991,20.55409900003724
2131,be7b6cee-3c4b-4386-9339-97643c7f1b06,202,,106.55028950799988,106.56974118200014,19.451674000265484
2132,0d68babf-6223-4b3c-9def-56d30df4fade,202,,106.60142256300014,106.61600519400008,14.582630999939283
2133,2874b5c1-37a4-4cbd-9999-760e091b85c5,202,,106.651590768,106.6737386740001,22.147906000100193
2134,9da879de-5322-4e0a-920b-a127d1b4e0a4,202,,106.7013899970002,106.71997248000025,18.582483000045613
2135,81403eb2-f554-43d1-b149-c7e7c77601ec,202,,106.7522345299999,106.77491252500022,22.67799500032197
2136,b7abb31e-6e70-4ac9-93a9-4e744c01f2c3,202,,106.80122885599985,106.81537397500006,14.145119000204431
2137,0d6062df-015d-44a6-8be7-8376585b4cde,202,,106.85071935699989,106.86968139700002,18.96204000013313
2138,d06597df-9d78-413d-9d00-0acdf330e3fa,202,,106.90149693600006,106.94990259399992,48.40565799986507
2139,aad6b627-4de7-4355-80ef-d05f55ea079d,202,,106.95077045100015,106.97143391700001,20.66346599985991
2140,823ef182-1fa1-4125-b4d9-3c56b84eb1e5,202,,107.00020883000025,107.02258584599986,22.377015999609284
2141,2a39107a-b524-41a3-9a42-665e984a0e31,202,,107.05060464400003,107.06978712699993,19.182482999895
2142,d77926b9-5f55-41ad-a0d6-b9c5eb3c27c2,202,,107.10056223699985,107.11960023100028,19.037994000427716
2143,59c9347b-949e-4ef5-9581-ef1bfbf735a6,202,,107.15022630900012,107.17146469499994,21.23838599982264
2144,6af675c5-0f65-4717-bfca-8276de4e151e,202,,107.20041230400011,108.74854648000019,1548.134176000076
2145,74f32648-bf15-4e91-ac21-ee7a6292e8ca,202,,107.25299517700023,108.75114834399983,1498.1531669996002
2146,cd92ea9d-c8ee-4c3e-9168-0ab8f1d9684b,202,,107.30401569800006,108.77034403500011,1466.32833700005
2147,0b9148af-35b0-4fcb-b68f-462292885c54,202,,107.38329258400017,108.78453764999995,1401.245065999774
2148,38805730-12d3-408a-9523-c6b2bbe6a61c,202,,107.40226345700012,108.79740077199995,1395.137314999829
2149,6e7dea50-2718-4ba9-80fc-aa2983029ebb,202,,107.4505294999999,108.80972522399998,1359.1957240000738
2150,e824ae44-6449-4709-bf2d-fd177686d88c,202,,107.50256457600017,108.82055981800022,1317.9952420000518
2151,d4ab3659-a801-4ccf-a634-33c5acf29e72,202,,107.55053305599995,108.836602932,1286.069876000056
2152,53491861-f152-408f-a2c3-0156dcd96564,202,,107.60269383200011,108.84228087800011,1239.587045999997
2153,5ed46cf8-642d-45b0-8ed8-f37a9873bd9f,202,,107.65085388099988,108.85944679100021,1208.592910000334
2154,ab9fa3aa-1828-4079-b650-0fbd55a19749,202,,107.70148038700017,108.86525564400017,1163.7752569999975
2155,1f001962-8cd0-4198-b605-657c9de6bb62,202,,107.75061974400023,108.87263834900023,1122.0186049999938
2156,2a93ce52-7e83-48b5-8a14-1e0a099b222e,202,,107.80127553900002,108.88012754700003,1078.8520080000126
2157,749eb828-db21-4b4d-9a69-6d192e7f6d5a,202,,107.85089836399993,108.88478014600014,1033.8817820002077
2158,f76d7d8f-29ef-40c0-a011-dae3cc2b1abf,202,,107.90192959200022,108.9051283419999,1003.1987499996831
2159,b6ef83b0-0fdf-419e-8ee3-71f64135e8a2,202,,107.95659340600014,108.91964243500024,963.0490290001035
2160,cdebb104-8710-4e76-ae4c-215b8c1d2bc1,202,,108.00626201900013,108.94511090600008,938.8488869999492
2161,9a622156-4f73-49c9-ad39-4cdbe3344767,202,,108.05039788400018,108.96100694699999,910.6090629998107
2162,0251288a-557e-4d79-9339-f50973e9dff8,202,,108.10068920399999,108.97668691900026,875.9977150002669
2163,0e43a548-6688-4876-908c-4ab3072f83d1,202,,108.15132445900008,108.98905890900005,837.7344499999708
2164,c2d5d1c8-dc35-4b96-ab80-ad3a8bb0c88c,202,,108.2003344499999,108.99329891100024,792.9644610003379
2165,cce386eb-b12e-47f1-8cda-801195d6bebc,202,,108.25045157400018,109.00092318299994,750.4716089997601
2166,c87c9b99-c260-480b-856e-618e49f6a299,202,,108.30324164100011,109.0162215979999,712.9799569997886
2167,68961d13-7c85-4eb1-8c1b-dcca8ac80489,202,,108.35517580800024,109.02758586400023,672.4100559999897
2168,1c8e8255-4d73-48a0-9d66-fdc1d88daadf,202,,108.40062079200015,109.0348977409999,634.2769489997409
2169,c8306ce9-2b2c-4104-b646-ecc0f142c8aa,202,,108.45209340700012,109.04714073900004,595.0473319999219
2170,46f7187d-bb6c-4619-b092-e540ff87f6cc,202,,108.50045439999985,109.06803064699989,567.5762470000336
2171,f4645f18-84dd-4db8-bf0f-7b074ea67329,202,,108.55117223300022,109.07198575300026,520.813520000047
2172,c328bc52-e169-42be-8202-4353b2559025,202,,108.60155242200017,109.08417821300009,482.62579099991854
2173,ff0ddb55-1199-44ee-bb35-8c741e911030,202,,108.65071011100008,109.09576288100016,445.0527700000748
2174,e033572f-7165-4443-875a-bfa55e9fc7b4,202,,108.70180841699994,109.10704627799987,405.2378609999323
2175,8f61bb00-9a35-4439-bbe0-2071fb7e91b4,202,,108.75051105400007,109.11938472800011,368.87367400004223
2176,0e8140e2-e896-468e-ac35-264487d99e93,202,,108.8002454120001,109.13016565999988,329.92024799978026
2177,5fb52574-0deb-46d1-827f-bb5c671912e2,202,,108.85025466800016,109.13868170400019,288.42703600003006
2178,dcf06953-fe1e-44f0-abba-037a3f0201e7,202,,108.90050811499987,109.1479393640002,247.43124900032853
2179,95a97136-0019-4f5c-bac1-40fb086d1bf6,202,,108.95040962800022,109.16188612099995,211.47649299973637
2180,aa1c6741-e06e-48fa-929e-88224391e957,202,,109.0002159390001,109.16323282099984,163.01688199973796
2181,70b3783c-4fbc-4c6b-8130-2c962bc7e7a1,202,,109.05194832799998,109.16671970800007,114.7713800000929
2182,8b17d95a-85d1-481f-b350-1d8b1e302dce,202,,109.10031065400017,109.17753484500008,77.22419099991384
2183,afe4fe15-6fba-44ed-90bd-1ec90654934d,202,,109.15176322800016,109.18672338500028,34.96015700011412
2184,84fe0961-ea17-4a0f-b73c-06a277342cd0,202,,109.20045786499986,109.23704045300019,36.58258800032854
2185,39e4be6a-4e10-4ad8-9828-d9315d939964,202,,109.25041304100023,109.27597150600013,25.558464999903663
2186,a079a530-f05d-4c96-81c9-de2ec03fe492,202,,109.30054749700003,109.32440032800014,23.85283100011293
2187,5b1a9d5c-4474-4ba7-8c57-7f6b99d65f9f,202,,109.35050138099996,109.37009175399999,19.590373000028194
2188,89c8b150-ae55-40ee-8c58-0fe43a9bbf71,202,,109.40034923199983,109.42449033499997,24.141103000147268
2189,a20c7e94-139a-4e88-adcd-ad03a3146d2c,202,,109.45066475800013,109.47356190500022,22.897147000094265
2190,34e86713-40bb-4880-89e5-8417082c2ebb,202,,109.50221786700013,109.51786355000013,15.645683000002464
2191,2de93a76-e77a-44ea-844b-96e48942f81c,202,,109.55211013100006,109.56577165699991,13.66152599985071
2192,2a7c0d45-cd99-4d9d-b192-821ff8218ab9,202,,109.60124411200013,109.61647832300014,15.234211000006326
2193,814e3e6a-913a-4612-ade7-004c172a8198,202,,109.65052658400009,109.66675114400005,16.22455999995509
2194,0d1dc2a4-ddbb-463b-b8ba-5ef4f712f4a4,202,,109.700606418,109.72160302700013,20.99660900012168
2195,08f57214-9feb-439b-abb9-f8e86fb7fabe,202,,109.750811118,109.76470887799996,13.897759999963455
2196,e7524d54-9e22-46c1-a96c-e0133fa36744,202,,109.80241430600017,109.82072476600024,18.310460000066087
2197,64fe3417-6268-43d1-aac6-1339dad69e09,202,,109.85134371899994,109.86379178600009,12.448067000150331
2198,ae3981a1-1625-426d-8b3a-4af12b9f424a,202,,109.90050532299983,109.91525069299996,14.745370000127878
2199,11c84934-4697-4042-ad74-0999f7db5058,202,,109.9516230449999,109.98029808899992,28.67504400001053
2200,3605120e-bd00-414a-b3ba-8d2f0d51676d,202,,110.00061153600018,110.03869148100011,38.07994499993583
2201,2c011a5c-b0cd-460f-9bdc-e6c9a663deb8,202,,110.05057867000005,110.07219211200027,21.61344200021631
2202,1714d726-f67e-4032-9dbb-e69eebfe7733,202,,110.10028744500005,110.11526892400025,14.981479000198306
2203,aa5e2789-4ad8-45f1-9a9b-5a0d0b3555df,202,,110.15019587400002,110.16879718900009,18.601315000069008
2204,7c916948-9a88-4fab-9cbf-b4394ebda6e3,202,,110.20023887700017,110.22340767200012,23.16879499994684
2205,155f59c2-9f76-4440-8346-2bcec8d00d8f,202,,110.2502747970002,110.2654456790001,15.170881999893027
2206,58fdd730-a3f2-42b6-b261-3c944a739435,202,,110.3007185649999,110.32075424000004,20.035675000144693
2207,14ed9d9f-c1ef-4ad0-a8e3-28bb57d0147c,202,,110.35044754799992,110.3707025409999,20.25499299998046
2208,051f5b6a-8e9a-4332-8433-03a2fa358e9e,202,,110.40023415099995,110.41776991400002,17.535763000068982
2209,eb1f984d-37b9-4232-88d2-7536b8ee6d3f,202,,110.45100531300022,110.463578289,12.572975999773917
2210,bc7f7d49-0496-4d43-a967-13f6e05437da,202,,110.50100015299995,110.51420408500007,13.203932000124041
2211,1f319fb3-ae86-40cd-9820-78d6d6471ebb,202,,110.55083521200004,110.56386465600008,13.029444000039803
2212,42ff62ea-9532-4030-9552-ca8c4c5daaee,202,,110.60380264000014,110.62162613200007,17.82349199993405
2213,a872e3de-265d-4fb9-b91a-5292b690d269,202,,110.65354503800017,110.66969468600018,16.14964800000962
2214,2c847a1a-7009-4a5f-a945-f56bd61e7775,202,,110.70226813,110.7171326990001,14.86456900011035
2215,9420dc55-a9b2-45b9-ad0a-4db437a72be8,202,,110.75215472699983,110.76935551199995,17.200785000113683
2216,871aef3a-5d03-4522-9f96-030ce4964568,202,,110.80188854200014,110.8222801930001,20.391650999954436
2217,4542563a-e8a5-4a12-ba7d-5084507e5069,202,,110.85532593800008,110.87435172300002,19.025784999939788
2218,73ad381d-8a7b-4c7f-b683-d1d01f88ee49,202,,110.90056206000008,110.91937102700012,18.808967000040866
2219,fd791486-6b23-4ef8-872c-6ffee05be047,202,,110.95531095000024,110.97331930500013,18.008354999892617
2220,46ba0448-017c-4c51-b417-6c697b524727,202,,111.00076064099994,111.02089380899997,20.1331680000294
2221,9c03e46c-f174-44c7-9c74-8f70e8162fd9,202,,111.05089434599995,111.08492156600005,34.02722000009817
2222,63ee5dc3-51d2-420c-8993-40f8d2256205,202,,111.1002912670001,111.12622903900001,25.937771999906545
2223,39e076f3-1b5d-4ff9-971e-7ec9b17eecf0,202,,111.1503608930002,111.17130733900012,20.946445999925345
2224,c629faa9-292d-4825-a144-6adcf66f2a7c,202,,111.20025190600018,111.21722554000007,16.973633999896265
2225,6253e2fb-7091-42f4-ae05-e9b67d02696d,202,,111.25020795599994,111.27607373299998,25.86577700003545
2226,da78d333-b58b-4e05-977d-3d8a2c7e7e52,202,,111.30034178599999,111.32045841299987,20.116626999879372
2227,44fc064d-cd01-4bea-9695-66ad476cc81c,202,,111.35117281800012,111.36329757400017,12.124756000048365
2228,6922c695-76ef-4863-a771-e68df51718dd,202,,111.40536178799994,111.4206650770002,15.303289000257791
2229,37a44ce4-3e1c-415b-b378-392604704ddd,202,,111.45059390999995,111.46798393200015,17.39002200019968
2230,9c9329f2-0683-4177-b58c-2663dfe12254,202,,111.50058183300007,111.5237133380001,23.131505000037578
2231,adcaf641-4cff-4fdb-9ccf-e50abdaa16e5,202,,111.55129708100003,111.5630111989999,11.714117999872542
2232,66d8ffa1-13d7-427b-965d-ae0506e1f221,202,,111.60192920999998,111.61354758400012,11.6183740001361
2233,abd4209a-3bcf-479f-857f-9894a66d5cf9,202,,111.65029182700027,111.66724283700023,16.951009999957023
2234,1fdc8fbb-506e-44a4-824c-cf07d477d969,202,,111.70340224400024,111.73075262800012,27.350383999873884
2235,63e08c96-e4bf-46f4-aad9-5cd075fddd60,202,,111.753004401,111.76557866800022,12.574267000218242
2236,0113207d-f740-4da2-8569-ab6715fc27f1,202,,111.80212592499993,111.81528673499997,13.160810000044876
2237,5bb08449-890f-401e-abea-6da261234f38,202,,111.85533896100014,111.87179704600021,16.458085000067513
2238,ece80e88-c793-4dc6-9a99-5ccceebebc89,202,,111.90108204800026,111.91660757199998,15.525523999713187
2239,3210500f-6673-4632-bf62-f585afbc3187,202,,111.95534413699988,111.97322291699993,17.87878000004639
2240,0f5d1cd3-1e03-4694-98d0-9aea35fe85fe,202,,112.0017027240001,112.01810877100024,16.406047000145918
2241,068ada73-d8a9-4878-874f-8b459145c9c8,202,,112.05040181699997,112.07062735399995,20.225536999987526
2242,9f0b49e5-4cfc-4876-99e8-cbd8aaed42fe,202,,112.10043065399987,112.15216766499998,51.73701100011385
2243,01b0d6b9-da9d-42ea-8cbc-f28428424450,202,,112.15065322700002,112.16677741800004,16.124191000017163
2244,c12e7812-b565-4316-bf05-849d81363053,202,,112.20025584199993,112.22349784000016,23.241998000230524
2245,d0ef393d-9d05-4474-a683-84013d98a433,202,,112.25021318400013,112.26425655899993,14.043374999801017
2246,5512b1c3-115f-491b-a86f-a663d746c597,202,,112.30018177400007,112.31740168299984,17.219908999777545
2247,786fbbc2-02e7-45af-b096-80e356ab5b53,202,,112.35028456400005,112.37230610300003,22.021538999979384
2248,a51c488d-db50-4166-82bf-1c6125d46450,202,,112.40177405099985,112.41514301300003,13.368962000186002
2249,4fd1e478-9775-4ac7-8cd6-ec66b13723a3,202,,112.45113364100007,112.46268526899985,11.551627999779157
2250,11ae0f25-a5e3-45e6-94cb-804c107ae40a,202,,112.50227577600026,112.519838661,17.562884999733797
2251,8ccb9fc2-27ee-414f-b974-aedc7c28525c,202,,112.5503786610002,112.57194018900009,21.56152799989286
2252,b93c6d5b-5b2e-4e06-8f8c-e3ab316f3bb4,202,,112.60238765299982,112.61870820600006,16.32055300024149
2253,f1f91a1c-e2f2-42d0-a2e4-c0ea1d0f5b25,202,,112.65159904500024,112.66958465100015,17.98560599991106
2254,a2b71dc6-204f-4065-b332-ac686fdcd8df,202,,112.70291104299986,112.72633869499987,23.427652000009402
2255,b089e3fe-4e7a-4c11-ba79-692e6b9a5ff3,202,,112.7521353090001,112.78655225200009,34.416942999996536
2256,37f82cd2-0a72-4ff9-8e8e-522797981d03,202,,112.80340372699993,112.82049689399992,17.093166999984533
2257,4fc09dc2-6f41-4a22-90cc-190e182c8afd,202,,112.85168539100005,112.86605645200007,14.371061000019836
2258,bc2a4e92-2a8f-40c5-a820-62fe0ea90efd,202,,112.9052731920001,112.9187568970001,13.483704999998736
2259,769ba7f8-d2a1-4605-aeba-4185ac04f57a,202,,112.95320858800005,112.96519247800006,11.983890000010433
2260,7920fce6-16db-4941-9c09-152e8c8f285a,202,,113.00530024099999,113.02107745600006,15.77721500007101
2261,eda27438-efad-43a3-93c4-90c11f953c57,202,,113.05201080300003,113.06746779000014,15.456987000106892
2262,89e90ebb-7f9f-4c7e-ae6e-fa38e128fadf,202,,113.10906116000024,113.14248758700023,33.426426999994874
2263,f3dfacfe-eabb-4edc-a696-36af86d0acde,202,,113.15014943899996,113.21515029500006,65.00085600009697
2264,b2f31c15-59e5-46f5-ba47-e6cfe3ea9ae0,202,,113.20080506600016,113.2336638239999,32.85875799974747
2265,c29da53f-28c4-4163-a90d-b48c45d17817,202,,113.25027327299995,113.27635149400021,26.078221000261692
2266,c4f3af5a-06a7-485b-96ea-45c8acf5c546,202,,113.30073349700024,113.36922432300025,68.49082600001566
2267,a6e08d47-13f2-434e-84dc-02ae0acc4432,202,,113.3522319409999,113.37741647200028,25.18453100037732
2268,d036fae3-6712-4991-8fa4-cbca5ec9534b,202,,113.40055293500018,113.42489006599999,24.337130999811052
2269,c3bdfabf-b23a-4407-ad03-8976a33059ea,202,,113.45330658500006,113.47715658200013,23.84999700007029
2270,fbb4cecf-b6f6-4a1b-a282-e2ea4b0f7013,202,,113.50034991600023,113.51541059700003,15.060680999795295
2271,e541ac2f-2029-4cb9-8405-25bf02f90690,202,,113.55021805500019,113.57290917299997,22.691117999784183
2272,80a2b053-01bf-4fa9-85ff-d0554bb82323,202,,113.6045536380002,113.61692854300009,12.374904999887804
2273,0e975d14-f93b-429e-b0cc-eb73af49bd5c,202,,113.65271710100023,113.6701774510002,17.46034999996482
2274,cc6095c0-c486-4ff5-9ae9-1ca741239c3a,202,,113.70490666400019,114.50249114400003,797.5844799998413
2275,43d6d8e6-90c8-4324-b9a3-ccffd542af58,202,,113.75032956299992,114.51021545000003,759.8858870001095
2276,1bd1ff22-00bc-40e6-a036-61813f6e4d79,202,,113.80086144799998,114.51809157900016,717.2301310001785
2277,b5f87565-9734-4151-94a9-ac957fd05115,202,,113.85032340499993,114.54643277000014,696.1093650002113
2278,406ef00a-4a48-46b9-9d4e-a32e38f9810e,202,,113.90060755700006,114.57006453199983,669.4569749997754
2279,6fbb3544-0ab5-4237-ad95-faba1a76bd24,202,,113.95188259899987,114.58218616300019,630.3035640003145
2280,43dfe7dd-3b74-4e64-8984-331422dc252e,202,,114.00060889799988,114.59435391499983,593.7450169999465
2281,f7f3353d-1d0e-4b74-a8a5-914d61ab49d3,202,,114.05247627500012,114.60158137999997,549.1051049998532
2282,bd5dc0fc-7f2f-48b3-9827-01f2f1dc11f3,202,,114.10041675299999,114.61611601300001,515.6992600000194
2283,ccf25546-847c-4748-a57d-39669c84fdf2,202,,114.15024160199982,114.62909791899983,478.85631700000886
2284,869f5f39-21c1-482b-a6d7-6522734fcc13,202,,114.20097668100016,114.63954662200013,438.5699409999688
2285,e6ec79c5-ae27-43f5-8959-36b00022354c,202,,114.25105255500011,114.66649874099994,415.4461859998264
2286,798af002-d0cb-4332-9c96-6bab3ea78ff0,202,,114.30406527000014,114.68093008899996,376.8648189998203
2287,0e132480-3212-4327-8c2e-f54f554b4bda,202,,114.35094086200024,114.69437212999992,343.4312679996765
2288,bf5d1bdb-341e-45e8-ac91-388a51b7d75f,202,,114.40061126399996,114.70439444600015,303.7831820001884
2289,204e6ce5-b3de-412e-973e-02caf58af66f,202,,114.4506798880002,114.71828641399998,267.6065259997813
2290,3200fd8b-50fe-4035-886c-eba35378cb5b,202,,114.50042057700011,114.73216921599987,231.74863899976117
2291,6ac69224-ad1c-4659-9250-0f09a10d4bf0,202,,114.55131747799987,114.7400335960001,188.71611800022947
2292,d2c25427-af29-4a59-baf2-4297182d4f05,202,,114.60162483600016,114.75550649800016,153.88166200000342
2293,a1425ea1-86e1-46b2-bcd1-d7ba87a3b1fa,202,,114.65029168000001,114.76544944499983,115.15776499982167
2294,56365413-0110-4967-927d-652390ed1bb3,202,,114.70030622500008,114.76662498899987,66.31876399978864
2295,d013a004-dc6a-4e2b-b134-58ec867f529d,202,,114.7528800529999,114.77230193500009,19.421882000187907
2296,487022c9-887c-4d00-a65f-f4b430f44208,202,,114.8022804719999,114.83309941000016,30.818938000265916
2297,744381cc-fdd9-4a98-94c1-fa0dc1c8e3f4,202,,114.85105026800011,114.94589716900009,94.84690099998261
2298,902b063c-6d56-48ec-ab63-d03d35c3c015,202,,114.90022699500014,114.9954896170002,95.26262200006386
2299,c9870854-45be-4541-9f1e-b750be217bf5,202,,114.95039890299995,115.02980806599999,79.40916300003664
2300,6baa900f-e20a-4518-93c6-8e24a26f1e3a,202,,115.00043873799996,115.07122561400001,70.78687600005651
2301,4a38d30b-0f6f-4eef-9b65-f619011db04f,202,,115.05406924299996,115.13290319599992,78.83395299995755
2302,fe1f4b62-0af7-4b15-bbef-7f563877dc8c,202,,115.10111907300006,115.14283410100006,41.71502799999871
2303,86913c15-8183-4095-9960-5fbc8ea28629,202,,115.15255585400018,115.17867119599987,26.11534199968446
2304,46a889d2-4cdb-43e2-a018-78fe0df43cdb,202,,115.20025268200015,115.2235970050001,23.3443229999466
2305,97dc2b86-8b27-48d5-ac9b-9c445e7ecd4b,202,,115.25050604299986,115.28067235900016,30.166316000304505
2306,b580bcb9-ce0d-468f-ada6-0ba621aba828,202,,115.30156718199987,115.32932291299994,27.755731000070227
2307,c55f7f2d-c0b5-4eda-8d06-65c7e7c3bb15,202,,115.35045242900014,115.37179126399997,21.33883499982403
2308,27c5a9c6-3e69-4eee-8e4d-55f627873a51,202,,115.4019597460001,115.41560469000024,13.644944000134274
2309,a0dc2ea4-ced3-4c26-81a4-db8c9ce92612,202,,115.45203795299994,115.47010705299999,18.06910000004791
2310,14c6affc-b0fb-4d80-acf9-b768eed4cadb,202,,115.50171922800018,115.51813635799999,16.41712999980882
2311,4bfbe111-643e-4474-a349-c32338453d1a,202,,115.55169090100026,115.56452519100003,12.834289999773318
2312,64f8b9ac-2f40-4e02-beee-054ec171daae,202,,115.60531107299994,115.62748980900005,22.17873600011444
2313,7fbbfe60-d369-444b-8675-a8cb52cc1f68,202,,115.65089058700005,115.67373698500023,22.8463980001834
2314,e8e46d05-660f-43ab-9b81-211a3ee1d382,202,,115.70071481000014,115.72515655799998,24.441747999844665
2315,fd35ef24-91ae-4083-b03c-b1af19944b03,202,,115.75030555000012,115.76990925300015,19.603703000029782
2316,36dc611f-bf92-40c5-a173-a9bba32e2eec,202,,115.80018256099993,115.81618350999997,16.000949000044784
2317,0c204711-77d2-49f4-91a6-3f3867995558,202,,115.85032434599998,115.87680970500014,26.485359000162134
2318,d1e0b120-0a6c-47a2-b363-5b3e9e3f8488,202,,115.90139298500026,115.91822854400016,16.835558999900968
2319,9f358f1b-bc22-4b9c-a64b-974f74abee66,202,,115.95026814799985,115.96794523300014,17.677085000286752
2320,774e6197-5bbe-4bac-afbe-69efeb5f0e49,202,,116.00024648599992,116.01890804599998,18.661560000055033
2321,4b81ed0b-2bb2-49ad-934a-b57dc6106615,202,,116.05336327700024,116.06514988900017,11.78661199992348
2322,0737af08-88f8-4ab5-831d-db0c7b937c99,202,,116.10038694100012,116.11355337600025,13.16643500013015
2323,2310d4ca-f902-4526-a495-a87afe6b4db7,202,,116.15043331600009,116.16660779599988,16.174479999790492
2324,e2dd8f37-812f-4149-8893-c171d8bad42a,202,,116.20207470800005,116.21745407400022,15.379366000161099
2325,c7f0d54f-3e16-48d3-96bf-1b9c41b62ceb,202,,116.25244814400003,116.26962084600018,17.17270200015264
2326,fd824c3b-b29b-4ea4-8bfa-91defb720319,202,,116.30125377000013,116.3139318210001,12.678050999966217
2327,2ec1fc0b-7aea-47c1-b7db-3b6bcc926027,202,,116.35085930000014,116.36797659000013,17.117289999987406
2328,4850f99a-9cb9-4bd2-994e-ddac6e3abd08,202,,116.40275154900019,116.41682721300003,14.075663999847166
2329,18eff15f-74a1-41db-836b-01aedbe29297,202,,116.45399313400003,116.47096430900001,16.971174999980576
2330,e5a086c8-0f5a-41b5-8224-586fd0247bce,202,,116.5018531589999,116.51764616399987,15.793004999977711
2331,2f592bf2-25ac-4f3d-9818-c5420faecbc4,202,,116.55055633400025,116.56849539999985,17.939065999598824
2332,97fdbfd7-5d09-4123-a7c5-588ff71d59b1,202,,116.60043446999998,116.61288303599986,12.448565999875427
2333,3f233b1e-0709-41f0-88b6-8a2a4ad86a9b,202,,116.65138424099996,116.6657961320002,14.41189100023621
2334,6b500b8a-1ddb-4962-8c4b-36ad41a02afd,202,,116.70129970800008,116.71320418699997,11.904478999895218
2335,ee27ca31-d3d8-4503-a909-95ab484fcdde,202,,116.75028161299997,116.76500273300007,14.721120000103838
2336,2da5444e-468c-4576-a228-0a3eecde7a55,202,,116.80310108999993,116.83303508800009,29.9339980001605
2337,e57f4c18-5dc4-416d-a0b9-974ba5de1cbc,202,,116.85035403099982,116.87298915200017,22.63512100034859
2338,8ee680bb-86b9-48e7-a849-c38daab79f20,202,,116.90030166199995,116.91294834000018,12.646678000237443
2339,daaa2858-d275-46e4-9616-0c00d6b12903,202,,116.95090624800014,116.96135799300009,10.451744999954826
2340,9ce06aef-4b79-4c13-ad78-48ca92f28cc5,202,,117.00396262599997,117.0165097690001,12.547143000119831
2341,77bf8c8b-4c61-44e7-8463-1a45f98c917f,202,,117.05129326899987,117.06361755299986,12.324283999987529
2342,d07a6d5a-8479-4881-a6f9-23828c15ef10,202,,117.10413382800016,117.13332162699999,29.187798999828374
2343,217dae22-b6cf-4001-86bb-843dedac0640,202,,117.15080864099991,117.16536098100005,14.55234000013661
2344,52f41f15-1406-4f25-b5b5-e7c6249e12b4,202,,117.20117749400015,117.21580353699983,14.626042999680067
2345,5ba71688-1ce7-44e0-bea7-8c2d36b4d181,202,,117.25077023199992,117.26688250699999,16.11227500006862
2346,7f1fbd39-979d-4291-a64a-69eaaa0b6c2d,202,,117.3031702799999,117.32292672199992,19.75644200001625
2347,fae0f299-440d-42dc-90a5-77472bda1d8c,202,,117.35520660200018,117.36975748299983,14.550880999649962
2348,19a2855c-5dcd-443c-aab6-d1754c7ac3c7,202,,117.40416267599994,117.42395653299991,19.79385699996783
2349,7caa6122-dba4-4512-9d27-605ec182542b,202,,117.45156506400008,117.46547415600025,13.909092000176315
2350,0f46f273-fa2a-45e1-b2af-ce96fe164f84,202,,117.505238233,117.51839387600012,13.155643000118289
2351,7aca42be-a0dd-46c7-ab70-61dc6e45c0f7,202,,117.55327487000022,117.5729002789999,19.6254089996728
2352,b88e8997-7fe4-4d3d-94ce-cb212ba341aa,202,,117.60525207,117.62658503000011,21.33296000010887
2353,c4fec363-489c-40c0-9abe-3a977986b6e6,202,,117.65357902000005,117.67386438499989,20.28536499983602
2354,2df1ee50-cff3-4c1e-aa84-6959e3d68fa8,202,,117.70307305699998,117.71694502599985,13.871968999865203
2355,57164398-e029-4f4f-9ba7-13969b1b6cb1,202,,117.75044957199998,117.78948478099983,39.03520899984869
2356,09f2d5f4-098e-477f-a711-0ce791fbefa1,202,,117.80043957499993,117.81652664300009,16.087068000160798
2357,cf1b56a0-5f4f-4a2c-a477-c742fb46c7a3,202,,117.85040945399987,117.87032992700006,19.920473000183847
2358,289960e7-480a-4b23-8b8b-ca7b5f813e96,202,,117.90021896899998,117.91596247799998,15.743509000003542
2359,ff66fd59-9e17-4670-9e58-c9a3ded9852b,202,,117.95019784800024,117.96386908100021,13.671232999968197
2360,752bc62d-64fd-448c-894c-0a9b066377ab,202,,118.00522771500027,118.01638770299996,11.159987999690202
2361,31341a0d-046a-4a18-a8b7-70b1f156c6c6,202,,118.05318531600005,118.06791076800027,14.725452000220685
2362,fea88cc7-01f9-455f-805f-e7b462a3b178,202,,118.10301299599996,118.11830257700012,15.289581000160979
2363,4b16d9c6-32ec-4e57-b871-36847aa885fa,202,,118.15045034000013,118.19188601099995,41.435670999817376
2364,ab847328-5a45-4a7e-bece-6fc019245965,202,,118.2003278090001,118.22205699200003,21.729182999933983
2365,94b35160-5689-43c4-8e26-1c668223cf8b,202,,118.25064249800016,118.27085807599997,20.215577999806555
2366,9f72fc37-7788-4527-8536-03d52a592da1,202,,118.30089552500021,118.32106352300025,20.16799800003355
2367,283d0f60-92b3-49e9-ba88-112b7c370267,202,,118.35101676900013,118.36738265199983,16.365882999707537
2368,f9dfdea9-6b73-4554-90b0-31ae2648e219,202,,118.40454153100018,118.41584488399985,11.303352999675553
2369,fc67b21c-3879-4e57-a40f-ea89402505d8,202,,118.45030761399994,118.46721554299984,16.907928999899013
2370,bab26348-e586-4628-bc0d-314edb4605c2,202,,118.50351389700018,118.51592963300027,12.415736000093602
2371,1ce3df6e-907c-410b-9081-56b83ea11ae5,202,,118.55192267500024,118.56438486500019,12.462189999951079
2372,9ab0496e-5e6a-4f71-86b4-fa65dacaae57,202,,118.60099715700017,118.62497531100007,23.97815399990577
2373,6ecc6833-fe7c-4edc-b71e-47b87b077f1f,202,,118.65497167900003,118.66963692699983,14.665247999801068
2374,7e03abf6-b236-4c6f-8295-79b5dc502d39,202,,118.70106586400016,118.71309237600008,12.02651199992033
2375,6cd3aecf-3af0-479f-b508-5fd96b31c606,202,,118.75179994100017,118.77110341400021,19.30347300003632
2376,59abb6a5-781d-4966-afa3-5f111b8992e4,202,,118.800273672,118.82682106699986,26.54739499985226
2377,eaaf6326-e693-45f1-a104-43b2d24e0c9e,202,,118.85037820800017,118.8635930559999,13.214847999734047
2378,c1adf8ba-1fe7-4a1b-8033-e03d7b2c802b,202,,118.90021034700021,118.91773390000026,17.523553000046377
2379,ba3e89a1-a079-43f7-8c3d-833d9e77dad1,202,,118.9501874749999,118.96238430899984,12.196833999951195
2380,e6e4400a-5877-471a-b8e9-48e7fd352828,202,,119.00024384800008,119.01398845099993,13.74460299985003
2381,03b85d29-98d1-41a4-a19e-747e6f2f6ad5,202,,119.05021210199993,119.0669733740001,16.761272000167082
2382,ed38a3c1-a5ea-44f3-830e-d5b1f0d5ebae,202,,119.10030043100005,119.11218520300008,11.884772000030353
2383,c2f077c1-a38d-481c-8e4d-f72aa91d74fc,202,,119.15445664900017,119.16603585800021,11.57920900004683
2384,75c324f7-8373-4d94-a3f9-d46b47d757a8,202,,119.2015139770001,119.22180342499996,20.289447999857657
2385,aa8ffabe-57f4-4573-bff4-6977bdd2e711,202,,119.25325906800026,119.26878738300002,15.528314999755821
2386,869006ec-e1c5-434b-87da-a0a1b5a8f1f8,202,,119.30321299000025,119.31623868399993,13.025693999679788
2387,93cf2f97-0a74-4053-8b9c-5573c9d3c29c,202,,119.35294821800017,119.37192338000023,18.975162000060664
2388,0a86a7d4-da06-4bbc-a3b6-2aed8e42ddc0,202,,119.40216864800004,119.41783782799985,15.669179999804328
2389,fd90a2ae-a4b3-4325-9224-9c1220cefabe,202,,119.45143370000005,119.46762017799983,16.186477999781346
2390,6dd25819-17b0-46ee-aa71-803c6665a404,202,,119.50107022700013,120.18834686699984,687.276639999709
2391,3e2b8a4a-baa5-4709-9e44-39211addbad4,202,,119.55078262300003,120.19056521499988,639.7825919998468
2392,301e4d06-6aba-4f90-92f4-d53bff92c561,202,,119.60025703600013,120.20132348000016,601.0664440000255
2393,1659b2d1-d954-4ec3-b9b8-3a4967114800,202,,119.65137646099993,120.20862531500006,557.2488540001359
2394,317d3bf5-5d5f-4009-8726-d5efc4d1cf78,202,,119.70106377499997,120.2137395069999,512.6757319999342
2395,20ed2dbd-a01b-4e6b-9d61-e87334d77a43,202,,119.75025049900023,120.231106404,480.85590499977116
2396,21695e95-0aa1-48b0-b6e1-2e94bad82caa,202,,119.80259392400012,120.23831137000025,435.7174460001261
2397,7a0e1893-c031-4e65-85cd-3818e02755f1,202,,119.85046382100018,120.25457480100022,404.1109800000413
2398,b34ce950-a79d-4115-ad3f-f4a790cb9a01,202,,119.90105011500009,120.27442169599999,373.3715809999012
2399,2bb7d857-8718-4092-9c53-a426e552e92a,202,,119.95123606200013,120.277378494,326.1424319998696
2400,f788ac90-8645-4ca1-b13c-5a0504581de6,202,,120.0053127440001,120.28805618100023,282.7434370001356
2401,697548c0-b83b-4cca-a750-2862385f5cf0,202,,120.05468691299984,120.29091665199985,236.22973900000943
2402,20681d44-4972-43db-b886-1c877bb17ff2,202,,120.10279366900022,120.30470225199997,201.90858299974934
2403,b16260be-95ad-426e-9cf3-3c87c01788d4,202,,120.15035329500006,120.31217011700028,161.81682200021896
2404,0123b6a6-40ef-4983-b876-7e29afade429,202,,120.20020926500001,120.32216255999992,121.95329499991203
2405,a4303e39-f168-40ab-8eee-35e868d7f984,202,,120.25173220399984,120.31901185800007,67.27965400023095
2406,015949aa-8bab-423c-81c4-b12534e4c565,202,,120.30033313400008,120.33083838399989,30.505249999805528
2407,6d0b792b-6b72-49e5-b1c2-46a5d0797a21,202,,120.35063390699997,120.3693304630001,18.696556000122655
2408,f4de0dbb-9086-4efd-84e9-f456c261cc1e,202,,120.40025301700007,120.41438734400026,14.13432700019257
2409,81b96d03-be52-4b95-b99c-1a90504ede56,202,,120.45023543700017,120.46242606199985,12.190624999675492
2410,91bbcf8d-d05e-4faf-9f4f-12abfc1c559e,202,,120.50140519200022,120.51347190900015,12.06671699992512
2411,be40e333-d41c-475e-a544-4550ecd72031,202,,120.55172479600014,120.56417561199987,12.450815999727638
2412,43cf75cf-5104-47ed-938f-6dbe9b9bc479,202,,120.60054125299985,120.61199488700004,11.453634000190505
2413,1250d7fe-8491-4cec-b461-434875cab1e9,202,,120.65307153899994,120.66961661799996,16.545079000024998
2414,623eb40d-6b39-4a8e-a99b-ff6951f25cd7,202,,120.70067249600015,120.71978768999998,19.115193999823532
2415,4aa41d20-dd16-45bd-bf4d-c904216eceec,202,,120.75108059400009,120.76778428599982,16.703691999737202
2416,2873c073-bf94-4652-bd3c-f57924bc45ed,202,,120.80067391500006,120.81230732799986,11.633412999799475
2417,34433ad5-57fe-4bbd-ae5d-339918fab0df,202,,120.85214181499987,120.86448347199985,12.341656999979023
2418,6ff55e9c-0069-4c35-93f2-b77cc840d904,202,,120.90048763799996,120.91365403000009,13.166392000130145
2419,c08effc2-60b9-41bd-98d8-7bb910f843af,202,,120.95073487199988,120.96862677499985,17.89190299996335
2420,6db712e2-2f9c-42d6-9039-9f1fe0af8322,202,,121.00152731900016,121.01646821500026,14.940896000098292
2421,123a2ffc-afb3-4e84-b67a-a0353ba30aed,202,,121.05542951100006,121.0707570059999,15.327494999837654
2422,442254fa-3bcc-4fd4-bcdf-3aed6836d0ce,202,,121.10146399199994,121.11518226299995,13.718271000016102
2423,ab6b8a9d-1a19-4861-9871-b37d7e4bd687,202,,121.151072269,121.1774523009999,26.38003199990635
2424,3c394ab4-6bad-4bc7-b803-a08caa2daafa,202,,121.20062046800012,121.21799973899988,17.379270999754226
2425,2963ae62-b94e-479f-b461-ea56d7c7657d,202,,121.25057809700002,121.28037360300004,29.79550600002767
2426,db2952fb-fa26-4359-a1dc-708c7f6bcf08,202,,121.30019424900001,121.31975332999991,19.55908099989756
2427,76714701-3dc5-4ec5-98fb-3354edfa332d,202,,121.35059038999998,121.36710234500015,16.51195500016911
2428,006d9f95-6ec3-4c9d-a376-a6f0fad9daa6,202,,121.40020512499996,121.42410770100014,23.902576000182307
2429,bd0339f6-aea9-426f-b5fb-62bba5db1818,202,,121.45042357000011,121.50116706200015,50.743492000037804
2430,10795fd2-80f4-437b-9f5a-6b72aed75024,202,,121.50138258900006,121.53498012699993,33.5975379998672
2431,82812e9b-d0e5-4578-a408-0a319653d637,202,,121.55025545800027,121.57007797899996,19.82252099969628
2432,bda547d3-82fd-4522-9cd1-46d019e5bab6,202,,121.600287707,121.63541351499998,35.12580799997522
2433,6aea36c9-0314-4642-b89b-824759c2f2f7,202,,121.65029778999997,121.69229329600012,41.99550600014845
2434,2529dd82-0d75-4001-84a4-71705e6a3206,202,,121.70036536899988,121.71161314200026,11.247773000377492
2435,1c3c6200-9c0c-4589-8168-cdf118b2b157,202,,121.75029399999994,121.76490454299983,14.61054299988973
2436,6b844b01-6b9e-447a-9aea-727a90e11bdc,202,,121.800735928,121.81635252800015,15.616600000157632
2437,e565d5a1-3bb8-4c0b-b37c-2360b40cf6ef,202,,121.85094324800002,121.87157600499995,20.63275699993028
2438,111c5978-e039-4941-8a21-94b7e2502f1a,202,,121.90036866299988,121.91430116899983,13.932505999946443
2439,1ef7033e-d024-4cd9-af29-b9dec4d073da,202,,121.95236015199998,121.9643446670002,11.984515000222018
2440,d2e34112-b986-4eb1-a0f8-64be789c5ab8,202,,122.00174765300017,122.01391011399983,12.162460999661562
2441,9aca518e-eaae-44df-9b80-2bf4d8252f2b,202,,122.05146767299993,122.06575540499989,14.287731999957032
2442,edb06ce5-00bc-46b1-9616-8287dfaef170,202,,122.10050778100003,122.11543913600008,14.931355000044277
2443,3b5907bc-6fca-46ee-aa2b-cedfca4ffc06,202,,122.15062456500027,122.16519011199989,14.565546999619983
2444,1144e754-0547-43ee-8bec-644f12287d33,202,,122.20300819400018,122.21644327600006,13.435081999887188
2445,35a20140-1d5b-470c-85d6-09618dac8bcf,202,,122.25176290499985,122.27001099200015,18.248087000301894
2446,1af4d0c1-b0a6-4539-8a7e-d512fa699483,202,,122.30023534300017,122.34889685200005,48.66150899988497
2447,df38d788-0311-45a8-af55-bdc5abd9817f,202,,122.35042616400005,122.36695903500004,16.53287099998124
2448,fba4b08b-c1b3-44a0-a006-4b07298f1eb2,202,,122.40024296899992,122.41594414600013,15.70117700021001
2449,121ef447-3d8d-4663-9019-1cc12f8acf1f,202,,122.45023647000016,122.46216623800001,11.929767999845353
2450,df84f593-9b09-4a66-9b22-bfd24de7d17d,202,,122.50021443000014,122.51625854300028,16.04411300013453
2451,f01a3fcf-817a-4439-a392-2a521a258e72,202,,122.55132827199986,122.56685246100005,15.524189000188926
2452,09bc7f3f-6ada-4599-a27c-5c6349d24468,202,,122.60041266799999,122.62378631999991,23.373651999918366
2453,565ad907-6f35-4d1e-8a5f-ac53eb3c3008,202,,122.65076156099985,122.66220831999999,11.446759000136808
2454,07c1c16f-ac9d-4498-b767-2d0f099a4ac0,202,,122.70044316600024,122.71333765999998,12.894493999738188
2455,18d1493d-7212-41e7-a6e4-7a87eab6ac3d,202,,122.75039462799987,122.76494830000001,14.553672000147344
2456,f1aa75b8-18ad-4564-bbc1-9172d320ae05,202,,122.80032275800022,122.81393803599985,13.61527799963369
2457,41af44e7-1211-4495-adb1-c98d4211fa7d,202,,122.85031017500023,122.87424449799983,23.93432299959386
2458,1354a22f-cab0-4ccd-8342-31c823a4dd7c,202,,122.90109453900004,122.91689604200019,15.801503000147932
2459,b6001b86-d515-482d-bef3-7dfc7e9df255,202,,122.95030350900015,122.96784001900005,17.536509999899863
2460,8432f71e-42c7-4477-a688-966b14e0e481,202,,123.00469675100021,123.02792241399993,23.225662999720953
2461,ab42e8ef-2fed-4ca2-ae0f-ad0b28c63592,202,,123.05040333600027,123.06492767700001,14.52434099974198
2462,969061f0-e253-4a10-a210-e720c09b2639,202,,123.10138768600018,123.11744442200006,16.05673599988222
2463,fa15fd74-16b7-4f39-b01a-6219145b2f88,202,,123.15025430500009,123.1666513099999,16.397004999817
2464,cb2cc46d-49c5-4b02-b625-087eaca81b75,202,,123.20134073100007,123.21530169400012,13.960963000045012
2465,06bb08d3-e716-4abc-ad0e-1f4ce11b9a08,202,,123.2537629819999,123.27190282599986,18.13984399996116
2466,e64ae71f-75b3-4cce-9540-1a9ecd2f180c,202,,123.30157225699986,123.32450977300005,22.937516000183678
2467,24a0527a-bcca-44de-9aaa-99187fcfb300,202,,123.35509009999987,123.39161652099983,36.52642099996228
2468,31cd83ba-2f6b-434f-bb35-6700c32f8fc5,202,,123.40022239100017,123.42063387200005,20.41148099988277
2469,3fe26b47-a47a-4f19-8e76-d639266f545a,202,,123.45017322800004,123.46977738900023,19.60416100018847
2470,c262bfd9-ab7e-45df-8f8c-d8fb21b8f0ec,202,,123.50021689200003,123.52345413800003,23.23724600000787
2471,000aaf3c-16ba-4015-8d9a-1fa89867024b,202,,123.5502852630002,123.56666055999995,16.375296999740385
2472,054bf963-04f8-4b3e-9e9b-f18bff74e336,202,,123.600719733,123.61166844299987,10.948709999865969
2473,d3ac2cb7-3bb3-43fd-8d41-ee78ef1efbf4,202,,123.65129860900015,123.66528061200006,13.982002999910037
2474,ae77b37e-7f6a-4f1f-9cab-83a8b40a5e56,202,,123.70094763299994,123.71446912600004,13.521493000098417
2475,7d0d1deb-2a0b-4a59-a9df-4a9d63269409,202,,123.75048687300023,123.76493063599992,14.44376299969008
2476,d5acc92c-fa21-4460-838a-807cd70ae004,202,,123.80149242900006,123.81353439700024,12.041968000175984
2477,89db3efc-d2fe-4d2c-b5ae-a86102332c5c,202,,123.85209501200006,123.868300696,16.205683999942266
2478,20894a48-b222-4290-8a72-5ccc4ca84d6b,202,,123.90377335599987,123.91749870900003,13.725353000154428
2479,7ee14571-810e-48c9-a068-8c17c5a1d273,202,,123.95033809000006,123.96791401400014,17.575924000084342
2480,7a8ccb8c-55b3-485b-b28a-807641b15f94,202,,124.00208547000011,124.01813587400011,16.050403999997798
2481,558f8c86-9853-47bd-a0b7-5fe2b3a24731,202,,124.05175215999998,124.06656018900003,14.808029000050738
2482,79b2278a-d86d-40ad-b415-bf99b79bd0b9,202,,124.10300973999983,124.11609101300019,13.081273000352667
2483,5675ef79-90bd-4529-b355-93bd99fbd934,202,,124.1510132100002,124.17248724199999,21.474031999787258
2484,7fc6b9c0-ec57-429b-9e75-c84459bd76aa,202,,124.20033917199999,124.2173656330001,17.026461000114068
2485,559b6f24-e796-49a4-ab8d-788a537ea0a3,202,,124.25082718000021,124.2687727450002,17.945564999990893
2486,d190b022-2b99-4e5c-a41f-2d14c8913e65,202,,124.30412562099991,124.31890665299989,14.781031999973493
2487,8ae032cc-672c-4eeb-b12f-508d6292b1f4,202,,124.35086771800025,124.36708069399992,16.212975999678747
2488,119bf2ba-b7f3-4fef-b8ba-0588cad8f4c9,202,,124.40048603600007,124.43963348600028,39.14745000020048
2489,d905b8f7-7920-402a-afe2-7e6fb6ee3511,202,,124.45024063600022,124.46124621699983,11.005580999608355
2490,4d1af126-be29-4259-8723-091277efc703,202,,124.50017197299985,124.51487605200009,14.70407900023929
2491,9bf0a8b7-c2c8-41c5-a843-6d272d185e95,202,,124.55017043199996,124.56362538700023,13.454955000270274
2492,e4a50280-efbe-499b-ad8e-b0cb442226b8,202,,124.60526554099988,124.61996670300005,14.701162000164913
2493,8ee5434e-7a2c-496a-a62a-a8c864a64cec,202,,124.65106974399987,124.66467081400015,13.601070000277105
2494,41a93143-4ba5-4e33-abc5-e69460563b5f,202,,124.7039384640002,124.72382173000005,19.883265999851574
2495,02dd07d9-2d17-4d62-a467-4694e22b8cc9,202,,124.7527567940001,124.76844234700002,15.685552999912034
2496,6cc80556-c065-4396-b4a9-067ad0f12e81,202,,124.8003047520001,124.81303896500003,12.734212999930605
2497,2d8b22fc-1cc3-491a-b9b8-b2d34b37f996,202,,124.85167494999996,124.86377304000007,12.098090000108641
2498,e036ad3a-f9e9-4100-8a7f-78b8ed01c3fb,202,,124.90268642199999,124.91586322900002,13.176807000036206
2499,6b2ba88c-eb58-4e65-bba5-327e5477808c,202,,124.95028062700021,124.96710322699982,16.822599999613885
2500,9eadae78-cc9e-4361-928a-353d580dc927,202,,125.00305968600014,125.02824296500012,25.1832789999753
2501,97fc9018-7fca-495f-9cdf-e4ba2b025f04,202,,125.05479881700012,125.06700010800023,12.20129100011036
2502,b77b3939-1a2e-4901-a49c-102f57874f7a,202,,125.10275078899986,125.116275073,13.524284000141051
2503,580c7c18-60e8-49fa-a04e-b403499a26df,202,,125.15126934799991,125.17081838700005,19.5490390001396
2504,0386cb5f-30f3-456b-a421-8ccf6fe00435,202,,125.20175573100005,126.01849877999985,816.7430489997969
2505,19bd0d66-3e0e-4c16-bedc-a15d972a4411,202,,125.25186651400008,126.01833833299997,766.4718189998894
2506,08c2df94-fce8-4384-a3c2-87a3cba1636f,202,,125.30128263699999,126.02626849900025,724.9858620002669
2507,6c71f04a-4139-497c-8635-6cb3d595326f,202,,125.35071967500016,126.03921936400002,688.4996889998547
2508,9fc691ca-fd10-44b4-b58b-8567d5f26f13,202,,125.40147720599998,126.04791864400022,646.4414380002381
2509,23a613f7-a838-45fc-9c88-8acc0e04d5b6,202,,125.45032145100004,126.07127938099984,620.957929999804
2510,feac96db-73af-4cc3-a91b-1b5b9ebc35b7,202,,125.5002607460001,126.08928152499993,589.0207789998385
2511,76de403d-3e59-4ebf-bdef-f03748de9835,202,,125.55387766500007,126.09524286800024,541.3652030001685
2512,8d87923d-8b02-429e-920d-11f1b0c81d8b,202,,125.60075208499984,126.11122956700001,510.4774820001694
2513,ff04bea7-d739-42db-a921-faa5ff2181db,202,,125.65432979800016,126.11544606999996,461.1162719997992
2514,5e0d0008-059f-455f-b27f-cd8f9f89d062,202,,125.70125342400024,126.12623595700006,424.98253299982025
2515,834ca1ce-627b-48e1-8140-7bf57d8968df,202,,125.75206115900028,126.13380052399998,381.73936499970296
2516,432ef14e-2141-4b33-b300-c9cf813bc0f3,202,,125.80050626399998,126.13871864600014,338.21238200016523
2517,5e04b80d-eebe-4923-9f23-be4e3b50f938,202,,125.85056105100011,126.14667639400022,296.11534300011044
2518,52148e74-0315-4b05-bdee-7453092ec4d9,202,,125.90050484599988,126.16117881900027,260.67397300039374
2519,196ee8b3-53e4-4740-a2b1-ee553ad3358d,202,,125.95128920800016,126.16215875199987,210.86954399970637
2520,2783c51e-7860-4036-88bd-ce4fd2042f0a,202,,126.00127366600009,126.16703462700025,165.76096100016002
2521,c3ca0a85-cd3e-4004-aa1a-c03a2ed08fc0,202,,126.0505349240002,126.170589759,120.05483499979164
2522,8b09d588-4e88-4d47-9a15-a1cf61031c16,202,,126.10033714400015,126.17204949200004,71.71234799989179
2523,fc5c827c-dc57-46bd-a393-482d14321638,202,,126.15024135800013,126.17897285300023,28.73149500010186
2524,402c77a0-0157-4bd2-b7ac-1b5e62abee03,202,,126.2002651050002,126.21652745200026,16.262347000065347
2525,d0e1e4a6-935d-44f8-8c10-e43bcff95721,202,,126.25098530500009,126.27216323199991,21.177926999826013
2526,500b83a2-1906-47c4-b3d7-977efc61ce1c,202,,126.30029739300016,126.32008458200016,19.78718899999876
2527,7e857a08-ce08-4ebb-941e-ddda3044a10d,202,,126.35020044000021,126.37430754200022,24.10710200001631
2528,61527d19-759c-4102-b209-73f0cb31af51,202,,126.40059691199986,126.41567800600023,15.08109400037938
2529,2dd930ae-d87c-4dbe-8931-b8b5f4d0783f,202,,126.45248786499997,126.46468565600026,12.197791000289726
2530,3ca33a38-58cd-4fc8-97b0-337b623b6ec3,202,,126.50151663799988,126.51919838799995,17.68175000006522
2531,f8c59925-f4a9-4bd9-ab3c-6116f128e15e,202,,126.55140697800016,126.56510062500001,13.693646999854536
2532,cf6dbf54-176a-4eb1-b981-52a2a5928d55,202,,126.60163633599996,126.61305351400006,11.417178000101558
2533,848bd7cd-1d09-4411-8fde-c639028c1d57,202,,126.65048878800008,126.6717162949999,21.227506999821344
2534,f5f17159-eb6f-45db-88ac-dcf51db8b291,202,,126.700277551,126.7229456680002,22.668117000193888
2535,198ebbe2-b1dc-4715-8565-d4ec296cee13,202,,126.75025896700026,126.77171924999993,21.46028299966929
2536,186d7661-ffb0-44da-8c65-d9943f1720f3,202,,126.80072509999991,126.82023059999983,19.505499999922904
2537,7f15d093-4d05-4ab7-b40a-0ca7d5c4b530,202,,126.85081042599995,126.8643320440001,13.521618000140734
2538,89460cfd-486c-45bd-aa55-dbd173b2a893,202,,126.90127839300021,126.91856292000011,17.284526999901573
2539,02896513-71fc-459c-b082-dac93c449a1d,202,,126.95534394700007,126.97454721700024,19.203270000161865
2540,7bca6c7e-1f2b-4dcc-84a7-d5f97803c32d,202,,127.00026387600019,127.01693440300005,16.670526999860158
2541,2ce9381e-0326-443d-9111-f2e5d51a14c9,202,,127.05088037399992,127.06727250299991,16.392128999996203
2542,38927c43-2025-4da4-8fb5-13a37b02a7d3,202,,127.10027803899993,127.12199509599986,21.717056999932538
2543,6af7681e-cf89-4aa1-b7c9-106409d6ae20,202,,127.15027882899994,127.1678790420001,17.60021300015069
2544,0588d694-3065-461f-909f-19706c35e531,202,,127.20034174000011,127.21266481400016,12.323074000050838
2545,9a67999b-83c1-474b-a766-427e9a8bc28c,202,,127.25016854100022,127.27001160200007,19.843060999846784
2546,9ac2c300-0cce-4399-9591-2f6f5f3716df,202,,127.30022270300014,127.31510697700014,14.884273999996367
2547,a92ae14d-9299-4146-bec8-ed4ac866e74f,202,,127.35019266200015,127.36479224699997,14.599584999814397
2548,62728fa4-3d22-42b9-9c32-ec74a8e0670a,202,,127.4018890440002,127.41656804100012,14.678996999919036
2549,65447021-d765-4569-bd48-9f7f555a16cd,202,,127.45034731500027,127.46401554700014,13.66823199987266
2550,ab92a76e-240d-4de2-8555-92f5242e0f14,202,,127.50039805999995,127.51147938600025,11.081326000294212
2551,7824149d-69e3-4701-afb7-8a3cb093882f,202,,127.550976644,127.56284208299985,11.865438999848266
2552,9b5d8f87-4028-4018-89f7-492dd126ee87,202,,127.60047146800025,127.61164987099983,11.178402999576065
2553,89c23263-8b6d-410e-9e4e-c965a44fd7ca,202,,127.65070107600013,127.66564459500023,14.943519000098604
2554,a53aca2e-7059-4a5a-af8b-fcc7f17f992e,202,,127.70108425599983,127.7172683990002,16.184143000373297
2555,18b03d36-4f1b-4cc7-9b19-cd37944d3f1d,202,,127.75127124100027,127.76497222099988,13.700979999612173
2556,09966415-c01b-4560-a21f-fb594f66854b,202,,127.80297091500006,127.81758195700013,14.611042000069574
2557,ca5487e9-dfe8-4215-8f29-ab2f25b14f8b,202,,127.85109399900011,127.86814358399988,17.04958499976783
2558,317dff3e-2ae1-4f92-bc8d-8db51e323d70,202,,127.90124907000018,127.91636820300027,15.119133000098373
2559,719ad679-4f18-4840-b59f-e209aee687d4,202,,127.95052915899987,127.96784555800014,17.316399000264937
2560,de677cf1-845e-4a7b-9ba9-d4c66219be15,202,,128.00040774900026,128.02067986300017,20.27211399990847
2561,106f467e-5d20-4d1c-b91d-1a1301fc28bf,202,,128.05350466000027,128.07524667400003,21.742013999755727
2562,2a282c87-af66-45d9-a988-53c51d1e7e41,202,,128.10445309299985,128.1279115729999,23.4584800000448
2563,db8447ed-2c58-4557-b347-27b3d45f72ce,202,,128.15021633900005,128.17421882300005,24.002483999993274
2564,88b7f5a7-d89c-47ce-8e22-c905edbd18a3,202,,128.20023492000018,128.22206634400027,21.831424000083643
2565,893ac339-dcf0-4313-a2a1-e2b00e3e0aed,202,,128.2504515280002,128.27467103900017,24.219510999955673
2566,554e718a-1d13-47a7-b43c-3921ec1bff9e,202,,128.30070863299989,128.32935259199985,28.643958999964525
2567,460dee51-bb21-424a-b758-01939d843262,202,,128.35026082900004,128.37498792999986,24.72710099982578
2568,3b43b7ec-c484-4e77-b7ab-24efc65b8052,202,,128.40041465000013,128.41986986099982,19.455210999694827
2569,cd827fb0-2c6b-49f7-adca-e2e07a5601d9,202,,128.45067792100008,128.46321827200018,12.540351000097871
2570,7e7d43a7-5375-480d-9fdf-042073b25553,202,,128.50420076199998,128.5223383550001,18.137593000119523
2571,18f71b67-bfaa-4e53-ae67-a0c68c05a0cc,202,,128.55061983799988,128.56568801599997,15.068178000092303
2572,4ebda14f-8401-4683-9d9d-18fb9eed450f,202,,128.60197103500013,128.61345841599996,11.487380999824381
2573,639fbeff-03d2-48b1-8860-db28bd56f082,202,,128.65459418699993,128.66966619799996,15.072011000029306
2574,2b9e6ade-4a3f-40e5-bedf-0a8dd6183b44,202,,128.70407042900024,128.71654445100012,12.47402199987846
2575,d8c8542e-30c5-477f-b468-4b3f414b5445,202,,128.75237737499992,128.76885974800007,16.482373000144435
2576,4ffdcdd7-b3f8-418f-9627-74e2d709da52,202,,128.80026539200026,128.81459470400023,14.32931199997256
2577,456bd4ff-86b1-4d3f-a61b-9afd8043d92d,202,,128.8508047700002,128.8660359370001,15.231166999910783
2578,4d6c0103-dc74-4d5d-893e-e7a9fd75b4da,202,,128.90151284400008,128.91773402699982,16.221182999743178
2579,cc1e64ab-3ae6-4b83-aa3c-9dc4cca27ec9,202,,128.95246027700023,128.97029001600004,17.829738999807887
2580,76284f3d-c9df-4e18-abd0-1aa43aea19cf,202,,129.00041708100025,129.0181491190001,17.732037999849126
2581,f2da13b1-d5f6-459d-8bec-b0475eb191e2,202,,129.05133934900005,129.066373613,15.034263999950781
2582,bfb4e872-2e70-4954-96e6-c97944826183,202,,129.10275854100018,129.1140351869999,11.276645999714674
2583,d7fefbd1-fe6e-47d1-bb14-ca207acbcd24,202,,129.15050340100015,129.19497706899983,44.47366799968222
2584,2db9ee10-1d81-4ca0-af12-942298c7048e,202,,129.2002031699999,129.21854329100006,18.3401210001648
2585,510853a5-ef10-46a9-a83c-780f3113c7f8,202,,129.25088037100022,129.27323800900012,22.35763799990309
2586,782bf231-2d77-4b79-84b2-36e44ec12220,202,,129.30018679100021,129.31671057799986,16.523786999641743
2587,121836ed-2d9c-4adc-bdf0-f6ef099e1f26,202,,129.35018537199994,129.3630907810002,12.905409000268264
2588,c6220bbf-730b-4514-b18b-f20cdaa19f02,202,,129.401727681,129.41531962699992,13.591945999905874
2589,0b74a90c-c8e2-4da1-ae9f-8ae407be9573,202,,129.45033731600006,129.4665258340001,16.1885180000354
2590,1a746302-d1f2-4b6d-ab2d-2dede7c98160,202,,129.50146656900006,129.5171567880002,15.690219000134675
2591,171bec22-a325-4fbc-8ffc-16d85d1c155d,202,,129.55141794500014,129.563984419,12.566473999868322
2592,f6f07e21-43ec-43b3-b59b-62430c8d25de,202,,129.60155726599987,129.61710153700005,15.544271000180743
2593,39078d7a-68b6-4f94-8f4f-0af09399670a,202,,129.65319961000023,129.67015957500007,16.95996499984176
2594,66e3cc6d-4ae8-48f4-a8b0-c834e621fd28,202,,129.7052590080002,129.7202073190001,14.94831099989824
2595,78d04b70-ca26-46ae-9cd4-08a53c8c7370,202,,129.755295294,129.78767974599987,32.384451999860175
2596,c52a5a81-4624-4b2e-8923-eed99ac41833,202,,129.80065694199993,129.81734959200003,16.692650000095455
2597,a3aec222-b9f1-4643-a6ac-601a9cb14856,202,,129.85453717400014,129.86960622700008,15.069052999933774
2598,b8b38297-eaaa-4a89-814b-31de937b696a,202,,129.90324892599983,129.91537197200023,12.123046000397153
2599,c13a64a7-c5d4-493a-b54b-99e3da21b6ae,202,,129.9505794810002,129.96753815400007,16.958672999862756
2600,0ded0a06-b3a2-43e2-89ab-e6e1c9140419,202,,130.00071596899988,130.02055398699986,19.83801799997309
2601,4cab2767-7bec-4f01-802b-80cb93997f7b,202,,130.050416778,130.06576827000026,15.351492000263534
2602,68984d48-79be-4384-825e-bd0c2ceca0bb,202,,130.10527690100025,130.11907429099983,13.797389999581355
2603,ffd8eaff-8e9c-42b0-8bb8-6e763a7bd592,202,,130.1506270499999,130.1661069910001,15.47994100019423
2604,d72b8fa3-f8ee-4c9b-a2c3-c225117f540d,202,,130.20071862400027,130.25355251100018,52.8338869999061
2605,aae6e057-cb64-48de-88e8-05b34c6bf42e,202,,130.25025207,130.26851569600012,18.263626000134536
2606,f0534864-1bda-4b8c-9cac-64a76cc97290,202,,130.300219278,130.31400704299995,13.787764999960928
2607,90b5a978-178f-4e0b-801f-1eeb8db86dd9,202,,130.35024760700026,130.38266659800001,32.418990999758535
2608,ef7b1283-9150-4e2d-87a8-e37b56b33775,202,,130.40044021599988,130.4149713050001,14.531089000229258
2609,2b6b95a3-4e82-48ab-8e82-1f7e99ccec96,202,,130.45031792999998,130.46477802400022,14.460094000241952
2610,0c500834-d758-44b0-bd90-a5da467d1229,202,,130.502693765,130.52136540399988,18.67163899987645
2611,cf432657-8f8b-4db1-931a-27a5c7f0ad6e,202,,130.55056969899988,130.56505158300024,14.481884000360878
2612,2e42f2c5-174f-4ae9-a6bb-cbe1815071e7,202,,130.60147779999988,130.6137611270001,12.283327000204736
2613,6192915b-b8d9-41b2-89e6-51058ed5b6c3,202,,130.65533274200016,130.67142451600012,16.091773999960424
2614,381efb9f-3dd2-4eee-8fe7-1eb544c9b1b5,202,,130.70133563699983,130.71476880199998,13.433165000151348
2615,43e6f2b1-2421-4b8f-b57e-802a985a8e3d,202,,130.75106144400024,130.77178460999994,20.723165999697812
2616,33089d73-3a2e-4877-8a32-f1bd0947f7ce,202,,130.80353143899993,130.81751294100013,13.981502000206092
2617,e85a528a-61e7-4113-8e90-099de822c8bc,202,,130.8553643099999,130.86963112600006,14.2668160001449
2618,b5398aba-cbf0-4453-a7cc-215ab1e337a0,202,,130.90135358199996,130.919054038,17.700456000056874
2619,f351d6b3-d930-4a73-90bb-61878aecb414,202,,130.95256012100026,130.97201120699992,19.45108599966261
2620,196fa5c8-f066-49c5-bcf0-b08f7ec63ae7,202,,131.00035505999995,131.8570800030002,856.7249430002448
2621,7b722314-da1c-4cee-84c8-73e91566abe5,202,,131.05170446500006,131.85988481100003,808.1803459999719
2622,dd885a97-9c6f-47d5-b6a6-736981c4aaa9,202,,131.10075086000006,131.87016877399992,769.4179139998596
2623,1b98671d-f92b-4b15-bab4-062619af0938,202,,131.1516263389999,131.87658950200012,724.9631630002114
2624,85c83a31-d6a8-4087-8908-b0220ebd5804,202,,131.20064448599987,131.88784448200022,687.199996000345
2625,9bda2e1f-b7c1-41ef-91ed-98d472e10603,202,,131.25139330699994,131.89472117800005,643.3278710001105
2626,6e8af337-089b-4cab-b2b4-479fc17b1b90,202,,131.30044132700004,131.91122617400015,610.7848470001045
2627,419eb1ca-9ae3-46aa-8713-2ac7b8bffd7d,202,,131.35027133599988,131.92276205200005,572.4907160001749
2628,fb9ff865-01b2-4313-a65c-417dad1d0cb5,202,,131.40135175900014,131.93600164600002,534.6498869998868
2629,120efb4d-8580-4f24-a470-2cbff6d50e0b,202,,131.45233835499994,131.94101130299987,488.67294799993033
2630,6ff21061-75e3-4e14-944e-b25a308ec623,202,,131.5053203980001,131.9505607750002,445.2403770001183
2631,4f830ffa-e730-4327-8ce3-25c6b319fcf3,202,,131.55164343800016,131.96247250199986,410.82906399969943
2632,00626c06-78c0-4b9f-9909-30b7806bde0c,202,,131.60060083899998,131.9672165940001,366.6157550001117
2633,f564fb21-9cc1-4d48-9a33-9375627652d0,202,,131.6531244130001,131.97227674800024,319.1523350001262
2634,e7bc4a3a-e72e-4446-b9c1-bf6a8fe63033,202,,131.70166588400025,131.97777924699994,276.1133629996948
2635,a1881eff-678e-47df-a816-04b18bc29a8b,202,,131.75139352399992,131.98599951799997,234.60599400004867
2636,0294e084-3535-4047-a446-975e4bb025eb,202,,131.80031867700018,131.98950973599995,189.19105899976785
2637,63180a81-ca52-4d57-9ccb-1539c82f6bec,202,,131.85263709900028,131.99459718000026,141.96008099997925
2638,b1a4d457-660e-4321-abec-6b4840d2c90e,202,,131.90046441000004,131.9952028470002,94.73843700016005
2639,a4d9643d-294f-4f91-8e79-593f3a0755da,202,,131.95025446299996,131.9966865780002,46.43211500024336
2640,b8f0b958-e810-43f2-8943-8b480220b824,202,,132.00026295899988,132.01386161200026,13.598653000371996
2641,6c529572-fa0b-4fd8-823c-a5e47f5d3d9c,202,,132.05019971000002,132.06325190000007,13.052190000053088
2642,587bf5f5-ac07-43bd-b06a-f3b9653fbada,202,,132.10021816300014,132.1151044369999,14.886273999763944
2643,c9819ccc-4f9d-46b1-aee3-4beeef3bb3d7,202,,132.150841742,132.16618206800013,15.340326000114146
2644,73650d66-0f63-4b7e-9d55-06e6643cd8dc,202,,132.20072566299996,132.21417532600026,13.44966300030137
2645,2287761c-1457-481d-85cd-04e6c79b5806,202,,132.25132111899984,132.26394733799998,12.626219000139827
2646,5bcecb3a-88e8-44b0-9ea6-4f72492eb11b,202,,132.30217339,132.31472215700023,12.54876700022578
2647,7446ecd4-8ae0-42ba-bd5b-ee0bfde88f28,202,,132.3503080559999,132.36938200099985,19.073944999945525
2648,fd84e8b2-e39a-473e-93cd-443db86e2331,202,,132.40529246200003,132.4382867879999,32.99432599987995
2649,263d08a2-6b73-4004-9648-647147d6f5a6,202,,132.45271788399987,132.47374240399995,21.024520000082703
2650,e7748748-151b-498a-98a4-1015385531a3,202,,132.5003632920002,132.51645510800017,16.091815999971004
2651,620f996d-db31-44c5-b3c0-c13637913e1b,202,,132.55288869900005,132.57316310299984,20.274403999792412
2652,b953ad28-109a-4fd8-9968-f73ed43a2a12,202,,132.60077775599984,132.63104214400028,30.26438800043252
2653,09239a1e-5c3b-4f80-9d6e-21ff5c3222cc,202,,132.6512241380001,132.6669032320001,15.679094000006444
2654,76b6ef49-b56b-43a0-8b80-768e0f2564a0,202,,132.70098273400026,132.7134673800001,12.484645999847999
2655,eae10873-832c-48dc-a94f-df9212caacd8,202,,132.75532197500024,132.769941475,14.619499999753316
2656,feded6b4-bab5-4aa9-a491-b295dcc5b525,202,,132.80065720699986,132.8236594660002,23.002259000350023
2657,7e80dd47-c941-4d10-9231-5cb2974225f8,202,,132.8552893860001,132.87639190100026,21.102515000166022
2658,8e23853c-6adf-492f-981c-1bf580d15254,202,,132.90081168799998,132.92384003000006,23.02834200008874
2659,281bbb7e-e9b3-4eb6-98fb-fdc4227b7d8e,202,,132.9506492370001,132.96807992000004,17.43068299992956
2660,e8aa11d6-5e84-4795-a44e-3bc2b06f177d,202,,133.00040587500007,133.02001419999988,19.608324999808247
2661,8bb357a2-c918-4e42-84ff-4dcb90bc7582,202,,133.05031333600027,133.06831085400017,17.997517999901902
2662,64a747e5-d5ca-47ac-904f-12b5eed17cd0,202,,133.10032837200015,133.11918816600019,18.859794000036345
2663,302e0b06-577f-45b4-91a9-644abf5c19f0,202,,133.15031303600017,133.1646626380002,14.34960200003843
2664,8f220acf-f28e-43d1-8b35-93d0998b666b,202,,133.200313199,133.22080388099994,20.49068199994508
2665,c68fda52-1777-440b-9e97-db63e0b5c49a,202,,133.25023128400017,133.28806490399984,37.83361999967383
2666,28c03a04-4e01-4e16-a745-7431127b0c89,202,,133.30133982899997,133.3539129410001,52.57311200011827
2667,0f33ce0f-8fff-4a59-810f-eff0371a1cc7,202,,133.35357871399992,133.38632218200019,32.74346800026251
2668,2fd3e900-4700-484f-b6c8-c3c88fbdb7e7,202,,133.40377303000014,133.42410976400015,20.336734000011347
2669,e88df4bc-7153-48a1-ae84-771db1027fb2,202,,133.45120391,133.4953403489999,44.136438999885286
2670,57576ebe-1524-4e98-a290-4e7f80148f15,202,,133.50047753900026,133.52788712200027,27.409583000007842
2671,0d82605a-ef4c-4f4b-85f0-15981444ab67,202,,133.55184285899986,133.60039186999984,48.54901099997733
2672,76213bdf-964a-4e86-a677-61a35f58087d,202,,133.601236771,133.63587490100008,34.63813000007576
2673,c9627b3f-77f5-4a08-9cda-3e7ff22a43c6,202,,133.6503069549999,133.70392499499985,53.61803999994663
2674,7c3e0aa5-1403-4136-9ac4-32f479c50c5c,202,,133.7004961040002,133.74103608099995,40.53997699975298
2675,db583b85-e791-469d-b836-16e2f692bca2,202,,133.75094057000024,133.7672079150002,16.267344999960187
2676,3478a817-e353-40cb-9aab-2fad92f776cf,202,,133.80185150299985,133.83312028,31.268777000150294
2677,034fa492-1231-4d2b-8258-482d9574ffa3,202,,133.8545955190002,133.90348529899984,48.889779999626626
2678,71b85e86-dc38-4cab-bec2-55a82fc4bed0,202,,133.90172346200006,133.93348712199986,31.7636599997968
2679,c1044c4d-4043-4be6-a7e6-a833fb13224e,202,,133.9511961180001,134.04864207599985,97.44595799975286
2680,39d8af8f-3866-4e47-8022-60db9004f337,202,,134.00278004700021,134.18310391800014,180.32387099992775
2681,17ce425f-bf0f-433c-98b9-1ecbc1ca1591,202,,134.05123752400004,134.63523477399985,583.9972499998112
2682,dbb921b0-84a0-4ddb-bf8b-dd2a8a444409,202,,134.10558588799995,134.634616025,529.0301370000634
2683,0c73981a-3f93-4f31-a9d4-11053476488a,202,,134.15063268099993,134.65357352,502.94083900007536
2684,2e894bdc-c2bf-423f-8fe4-07342a7158d2,202,,134.2003469880001,134.67566234100013,475.3153530000418
2685,7fc459fa-199b-403e-a2a1-fa98fedc51a3,202,,134.25075716399988,134.69107124499988,440.3140809999968
2686,ef33c564-d656-41f9-a534-d8c722f98a6a,202,,134.3047515530002,134.71553190500026,410.78035200007434
2687,42b02cd4-3c9f-4cec-8d3c-aab78386de95,202,,134.35345009599996,134.72030941100002,366.8593150000561
2688,5f93aa24-5a9c-4342-94d6-d02cd2317752,202,,134.40353216999983,134.7315777240001,328.0455540002549
2689,6c434d8c-c2f4-4022-a182-eead94bd28b8,202,,134.46748946100024,134.76122844500014,293.7389839999014
2690,3d775dd9-7837-4f45-ad50-c3bf0940d4fa,202,,134.54340064200005,134.74164815999984,198.24751799978912
2691,2434e96c-1e7d-4d17-abde-b616ae76664e,202,,134.55215900099984,134.75253028999987,200.37128900003154
2692,460b4ec8-a7e2-4356-908e-bc1756a783c4,202,,134.600575896,134.768421536,167.8456399999959
2693,55f38472-535f-49dc-94af-a708ad56e30a,202,,134.65087449600014,134.77210449199993,121.22999599978357
2694,d2cd574b-7ea7-4053-a4cd-376adc6122ab,202,,134.70058738599982,134.78088922400002,80.30183800019586
2695,f0a86ed8-2a8d-4836-b9cd-da71c0fda103,202,,134.75088261100018,134.79315821799992,42.27560699973765
2696,184d88dd-8006-490e-a86b-d063a7e3b410,202,,134.80092926999987,134.8304735820002,29.54431200032559
2697,15c747f5-3c7b-4ad9-acaf-fc20bedc02af,202,,134.850754735,134.88839207699993,37.63734199992541
2698,46d05acf-4bcf-4f68-af8f-a5a0409ed034,202,,134.9048242859999,135.03827077899996,133.44649300006495
2699,add61850-9d6c-42d1-93a2-82b26cbabd31,202,,134.95053540800018,135.06042530500008,109.8898969999027
2700,aa587f90-a208-409a-87c5-b397cd933608,202,,135.00033670799985,135.06530267900007,64.96597100021972
2701,f8cd5959-94f7-4b71-a805-42d4421e9eae,202,,135.05100536600003,135.08319428899995,32.18892299992149
2702,e98de300-9bdf-4a40-a7ff-fbd3c41dd8f8,202,,135.10188380099999,135.12913101999993,27.2472189999462
2703,dacfc5b1-f994-418b-95c2-fb9e3913d606,202,,135.15094377800006,135.1870685560002,36.124778000157676
2704,1090a663-abe6-4b80-880c-dc0e383fea9d,202,,135.20045676500013,135.21889567000017,18.438905000039085
2705,cdf7a3e4-8091-4386-b563-547539b8a0dc,202,,135.25033197699986,135.26395308600013,13.621109000268916
2706,f94d894e-a3e4-4f7a-a1db-da427b692880,202,,135.303252231,135.33735052200018,34.09829100019124
2707,16249d6c-a628-48af-9f25-43735d27f5f8,202,,135.35021026699997,135.36271045400008,12.500187000114238
2708,d0a50674-e1da-4bc1-93f8-6a2d6edfa3d8,202,,135.40119477899998,135.43511383299983,33.91905399985262
2709,b34ae123-24f4-4ab3-9d6c-77e843b7a8f5,202,,135.4502275069999,135.46732287900022,17.095372000312636
2710,d784d5ee-a19c-4810-84a2-ceeab841b4c7,202,,135.50017600599995,135.51742511700013,17.249111000182893
2711,0e5fd5f5-3cde-43a7-b9be-5684e02c7cb4,202,,135.55031395000015,135.56268252000018,12.368570000035106
2712,0b7d0d3b-6f76-4e58-8e00-03b67991a6c0,202,,135.60164993700027,135.6121497600002,10.499822999918251
2713,61656f3d-2ff5-4f67-8cf6-85986bdb67df,202,,135.6505182169999,135.66680322799994,16.28501100003632
2714,6c6284bf-2496-4644-a2de-beb5325d6dcb,202,,135.700972223,135.71424385599994,13.271632999931171
2715,8311242b-99f0-4ef7-af38-edcb3953011d,202,,135.75248178099991,135.76766082599988,15.179044999968028
2716,7dddbe57-e874-4008-a047-65f08ffae9d0,202,,135.80227083199998,135.81510320400002,12.832372000048053
2717,ad330d16-3123-4bc1-abc7-a18e6124e47f,202,,135.85235469600002,135.87139651799998,19.04182199996285
2718,80b964ee-8bd9-4fd5-af8d-5e61b5849148,202,,135.90271804099984,135.917223465,14.505424000162748
2719,8020d77a-c46d-40d2-8006-8d15975782af,202,,135.95409377600026,135.9748430220002,20.749245999923005
2720,8d407daa-569f-473d-bf42-a9d2803824d3,202,,136.0009069470002,136.01867081499995,17.763867999747163
2721,967f58d6-7cb0-4bc3-9897-d3e4ac06a626,202,,136.05065729199987,136.0698915590001,19.23426700022901
2722,36163be1-ae8f-4b66-8b00-dd3e287c11d6,202,,136.10042855300026,136.11821329400027,17.784741000014037
2723,0d83d1e3-0f92-4e24-a506-3e06f96e45d8,202,,136.15083851999998,136.1706970770001,19.85855700013417
2724,480ad335-d730-4107-b596-c4c244d9b629,202,,136.20131839800024,136.21338411399984,12.06571599959716
2725,4620fd74-422f-46e3-8938-65cc0e3825a5,202,,136.25033771000017,136.26440703900016,14.069328999994468
2726,197e616f-c5da-4067-ac70-4f41d14a0442,202,,136.30181047999986,136.3169932320002,15.182752000328037
2727,a5456ed3-5eeb-420d-bce9-6785cba8bee0,202,,136.35049144000004,136.36636826999984,15.876829999797337
2728,5e60d7a7-33f1-4a5f-b830-5275370aaad5,202,,136.40039402499997,136.42287332000024,22.479295000266575
2729,adc82c89-8d24-46e5-9053-5db079f96bd9,202,,136.45021694800016,136.46435614700022,14.139199000055669
2730,aea00004-f52e-488d-a0bb-6679e539309d,202,,136.50046488499993,136.51856335399998,18.09846900005141
2731,00e87ea0-b5d5-42fd-a7bf-88a051d29d0a,202,,136.55040534199998,136.58375547600008,33.350134000102116
2732,66b03f43-7205-48bc-9e39-a553fa5c4606,202,,136.60164262700027,136.61813170699997,16.48907999970106
2733,51e9f00d-9c33-4eea-bfc9-8039a4edb5aa,202,,136.65042666299996,136.66389361600022,13.466953000261128
2734,39eb1f6d-a614-4ca1-b0c8-e64fd2be99a5,202,,136.70166873900007,136.7134502660001,11.781527000039205
2735,93367d5a-ad11-4c9b-a678-fbe50ee85706,202,,136.75447854100003,136.77059810499986,16.119563999836828
2736,44750f53-a678-4a28-97c6-b7fd0adf9cb3,202,,136.80035798500012,136.81296028899988,12.60230399975626
2737,b685c750-73f7-4dad-89cf-83ba92a37287,202,,136.85052117600026,137.66490393699996,814.3827609997061
2738,52649703-d150-4e88-acaa-4835d9c6f29e,202,,136.9036670810001,137.66881354499992,765.1464639998267
2739,a0f8422c-da1a-48ce-aa7b-f7e4d14a228f,202,,136.95170616799987,137.67724555099994,725.5393830000685
2740,df6b14d3-bf62-43b8-b2d9-29e3c28f4732,202,,137.00052978400026,137.68374964700024,683.2198629999766
2741,7087286d-b26a-48be-9a62-5444b4b38e02,202,,137.050497448,137.6931518370002,642.6543890001994
2742,718f4271-bacf-42ff-b888-752b89d258a1,202,,137.10113289900028,137.69892785799993,597.794958999657
2743,81fa8d6c-83af-4827-b867-6a2358236614,202,,137.1514804110002,137.71339628500027,561.9158740000785
2744,b6eb5d98-c4da-4b96-b38c-11c23ace66d0,202,,137.2002319080002,137.72365420699998,523.4222989997761
2745,568778cf-b5ab-48c4-8c46-d24e3e018cb6,202,,137.25029235700003,137.7328293710002,482.53701400017235
2746,b46c9b74-84be-4bc2-a1de-9fa9014b25f9,202,,137.30226330000005,137.74756007099995,445.29677099990295
2747,a9a1f857-a73b-4a80-bfed-c64d822415f0,202,,137.3504412520001,137.75231811999993,401.8768679998175
2748,0430fbd8-cb16-4c7e-b0dc-7b5f5d743071,202,,137.40531441300027,137.77223459000015,366.92017699988355
2749,a961e819-55f4-41cf-9b3c-9a12f3d8ae5b,202,,137.45126581000022,137.7803802829999,329.1144729996631
2750,745053a9-b8a3-450e-a459-349400622f97,202,,137.50122414099997,137.790045705,288.8215640000453
2751,6b0862ca-765f-469d-8055-76c29aad4eef,202,,137.55416768400028,137.8018491050002,247.68142099992474
2752,79421c76-6226-476c-be5d-a21a0eacad79,202,,137.60348380799996,137.81072524699994,207.24143899997216
2753,24b5014d-9027-4033-995d-86b73cef0aa1,202,,137.65072774100008,137.8191382959999,168.4105549998094
2754,239d636b-0c65-467c-927e-677bedf43df1,202,,137.70040692400016,137.81793050399983,117.52357999966989
2755,e8fc9ee7-8384-4488-8479-9c3e6a0a1d1a,202,,137.75234436900018,137.8218109889999,69.46661999973003
2756,8017fe6c-8c7b-4e57-8538-9e322bab4393,202,,137.80021713299993,137.8290348270002,28.817694000281335
2757,150afc39-434c-42cf-9cdf-d350bad80089,202,,137.85020821099988,137.86353959100006,13.331380000181525
2758,f00691a4-fcbf-43dc-a2c3-456f7b091bf7,202,,137.90039273499997,137.915581362,15.188627000043198
2759,e1c7ca3d-375a-40c0-a396-f9949e86d056,202,,137.95025898799986,137.97685016800006,26.59118000019589
2760,82e47488-b32f-4f44-bc4a-df124842f81c,202,,138.00067066200018,138.01347578600007,12.80512399989675
2761,ea374dfb-62b8-4366-a59f-5098c1ddc423,202,,138.05033801299987,138.0615544110001,11.216398000215122
2762,c14370fc-10a1-486e-896e-bf3e634a58b2,202,,138.10117732400022,138.1158373620001,14.660037999874476
2763,423b32c3-0189-44da-981b-bfc99609fa11,202,,138.15027338000027,138.1676460660001,17.372685999816895
2764,2225ac86-43cc-4007-a92a-6c0a05901932,202,,138.20052102399995,138.214507358,13.98633400003746
2765,0a1c9a7d-2895-461e-8911-f085d2c4d7af,202,,138.25536581200004,138.27392949900013,18.56368700009625
2766,a8bf48e4-6b5b-4dfe-bb67-d3a9569b9d55,202,,138.30410847500025,138.32825490599998,24.146430999735458
2767,069df71b-bf3e-4030-8e03-bba51caceeda,202,,138.35114154700022,138.36833224600014,17.190698999911547
2768,dc0ed721-fd68-4f30-8bc3-0b0e72e07489,202,,138.40103946499994,138.4168270099999,15.787544999966485
2769,12047479-2f5e-4481-9825-3afbee45672e,202,,138.45048695600008,138.46336469900007,12.877742999990005
2770,6dd82220-fde6-4dd3-a700-0052e14dc82f,202,,138.50479065499985,138.51736283599985,12.572180999995908
2771,28f9286f-64d4-4436-a4ff-34a1b87f3bad,202,,138.55043132299988,138.56951476599988,19.083442999999534
2772,69486753-19c1-46c8-8594-61c7f9d52c27,202,,138.6017508509999,138.61621890200013,14.468051000221749
2773,e48fa472-dcfa-48cf-b880-b406a13e4122,202,,138.65539272100023,138.67007192400024,14.67920300001424
2774,86435655-a8b5-40a6-aed9-3b62f6bd76db,202,,138.70106930200018,138.71547260800025,14.403306000076554
2775,38a56a7e-1706-4846-a444-b209af318c5e,202,,138.7546410509999,138.7715243120001,16.883261000202765
2776,bc0fa73e-4b51-4ebc-973e-32fb218a09ba,202,,138.80018610000025,138.81646602699993,16.279926999686722
2777,3145f619-4289-4cf1-a584-80959e369e80,202,,138.85019021900007,138.86759386099993,17.403641999862884
2778,d23fbdf1-13a0-4b46-b1b3-bce1be06fa7c,202,,138.90017654700023,138.9149699919999,14.793444999668282
2779,5b2951ab-4908-437b-b032-987013501bc6,202,,138.95021816300005,138.963091823,12.873659999968368
2780,464ac3ef-5c7c-4dfc-8ee3-cb3c8d366b7f,202,,139.00060888000007,139.0164531700002,15.844290000131878
2781,20869166-58e8-46c5-8c63-c9b3ac4a4d6b,202,,139.05230784100013,139.06279220600027,10.484365000138496
2782,7ccd8674-f9ac-4fce-8a75-e8ce3537b15c,202,,139.10045058600008,139.11366180699997,13.211220999892248
2783,8d6780ec-b8fe-465e-aa5e-8a5ae3f2964d,202,,139.15336063099994,139.16556754500016,12.206914000216784
2784,e13a01f1-7010-483a-bd86-b4dd621c8f2b,202,,139.20531436600004,139.2220438459999,16.72947999986718
2785,2b845306-a4fe-4ebf-b83d-351e05bf95a3,202,,139.25523649000024,139.27005843400002,14.821943999777432
2786,bb592b09-c3e7-49f6-8bdf-840b3678dd08,202,,139.3049112560002,139.32414481500018,19.23355899998569
2787,4f22e870-7bc7-4324-8421-b8c2af0f6352,202,,139.35532588800015,139.36969315500028,14.367267000125139
2788,bd077c35-b42b-4916-a1ea-eaf6f1aa6d9e,202,,139.40365145500027,139.42246425099984,18.812795999565424
2789,14a48321-561f-4436-8281-bf0b940be3f0,202,,139.45069577599998,139.46812291700007,17.427141000098345
2790,d3f92c6b-cc2c-43fc-97f8-76f419cd73ca,202,,139.50164357999984,139.52203985100005,20.3962710002088
2791,679023f2-b114-48a0-846f-ae7c1452aa50,202,,139.55139388299995,139.56793845799984,16.544574999898032
2792,d158ab06-24ae-4f71-b9d4-8edc2578d345,202,,139.60427609499993,139.6217319000002,17.455805000281543
2793,e45e8a1e-81b9-4f16-83bc-b41b1b828af1,202,,139.65533626600018,139.67264708099992,17.31081499974607
2794,0b40ccdb-897e-4a1a-9a62-5ae66fe41b28,202,,139.70027093999988,139.72197761999996,21.70668000007936
2795,249d8629-cdc0-4202-8545-fb704d0a6762,202,,139.7511192500001,139.7686827560001,17.563505999987683
2796,22bdd1ed-cd27-4949-bbcd-c3c7b89df1d3,202,,139.80106208100005,139.83097507499997,29.91299399991476
2797,00d6a647-f29e-44c1-b13c-e29062a2f3df,202,,139.85032495799987,139.8735871570002,23.26219900032811
2798,c237696e-5912-40bd-8881-ce7169a451cb,202,,139.90024937299995,139.92909014899988,28.840775999924517
2799,eb2f15ee-1d06-4ff4-be0e-0b6ebcb1f29d,202,,139.9503201540001,139.96444801999996,14.127865999853384
2800,d10ae165-d89a-482d-80c1-cc25e771856c,202,,140.00020932100006,140.0162453480002,16.036027000154718
2801,da0cb0d1-176d-494c-87aa-eb82cf8a6e7f,202,,140.05094684699998,140.06090029100005,9.953444000075251
2802,d1964183-6cfc-477e-b317-d990855ddefc,202,,140.1023706599999,140.11407423399987,11.703573999966466
2803,a84b1b61-1718-4f5d-9a3a-859056d209e5,202,,140.15231832400013,140.16408976799994,11.771443999805342
2804,b0775184-91c8-4159-9d7f-f0dd9b148997,202,,140.200277207,140.21563044699997,15.353239999967627
2805,83c11307-18a2-45a3-b650-d0c246657f0a,202,,140.25231606099987,140.26911182799995,16.79576700007601
2806,5398ad2c-2903-40d0-aa93-34f9c66539f0,202,,140.30046063999998,140.32431071500014,23.850075000154902
2807,75db1bdb-c2a9-4981-8c0f-b581a60ca760,202,,140.3506580359999,140.36220941200008,11.551376000170421
2808,ffa4cdaf-2f41-41ca-8438-85a336ec2ccc,202,,140.40323481099995,140.41533352499982,12.098713999876054
2809,360ce8ae-7f86-408d-9c28-8dbaf1ca0729,202,,140.45117932099993,140.46305950700025,11.88018600032592
2810,3aae827d-445f-460b-ae65-06fddc5117f6,202,,140.5016047019999,140.51382044899992,12.215747000027477
2811,13436165-7373-4b7c-b950-56f9851425de,202,,140.5518150140001,140.56828888600012,16.47387200000594
2812,aebb0fd0-81f3-43e0-9f6a-d57970b4fdf0,202,,140.6002918610002,140.61964666099993,19.35479999974632
2813,4d88aff7-f47c-4e32-918f-912c412c34df,202,,140.65224884500003,140.67389661300012,21.647768000093492
2814,ff5072fc-b59b-4a44-8c3d-5442c7b5e39d,202,,140.70025314199984,140.7190830190002,18.829877000371198
2815,78766ff4-0498-4e06-95c1-b8881fff19db,202,,140.75431285700006,140.76833393800007,14.021081000009872
2816,4120da18-d996-46b8-9960-cb5c1e49eaa2,202,,140.80106644700027,140.82158866700001,20.522219999747904
2817,77faa790-0235-449f-90c0-7ad400d6d7e8,202,,140.85051177000014,140.8752506589999,24.73888899976373
2818,c2ae2fc7-dd44-4e29-b6d5-91bc3ff575e2,202,,140.90055175999987,140.91598866100003,15.436901000157377
2819,99ce969f-f600-4576-a045-67b69c40f25b,202,,140.9501731119999,140.96262309300027,12.449981000372645
2820,5c9ed25d-a872-412c-9747-55ee1012c1f9,202,,141.00020902000006,141.01095903399982,10.75001399976827
2821,2999a0ae-1529-4c7e-ab22-3dd326f7bc25,202,,141.05034321199992,141.05995422000024,9.611008000319998
2822,84cbc33c-1c9e-4bb2-af1a-fa5e8a689c37,202,,141.1019655519999,141.11478075800005,12.815206000141188
2823,7944a0db-c680-4d60-8b53-62408a14c73e,202,,141.15521765599988,141.16797374099997,12.756085000091844
2824,47bd551e-1407-4943-b27b-c2fd1262735e,202,,141.20317170599992,141.21656566399997,13.393958000051498
2825,0b9f7492-ed4a-4a0b-9219-f4957b544f45,202,,141.2502937710001,141.26334633499982,13.052563999735867
2826,92985e4a-8a29-4ff3-8162-86245e7112c6,202,,141.30177662100004,141.3181514160001,16.374795000047015
2827,5bc2c6f6-ceb3-44c6-a2df-b1235fd7625a,202,,141.35177448900004,141.36853525800007,16.76076900002954
2828,4cfdd429-f242-4182-8518-7862ee140615,202,,141.40228228000024,141.43266215899985,30.37987899961081
2829,abac2c57-c955-4bc7-b570-cb31d93327eb,202,,141.45239951500025,141.46571876999997,13.319254999714758
2830,c7b7f197-08ba-4557-98ec-d84c01a3d361,202,,141.5014080760002,141.51513634499997,13.728268999784632
2831,5cbe8ee3-b0f9-4069-9aa9-4ec124a55a76,202,,141.551657427,141.56894761800004,17.290191000029154
2832,ad56ab8b-46f1-4b33-93cb-ddcc6b74bea9,202,,141.6046635890002,141.6223702100001,17.7066209998884
2833,1a79dd9a-7457-474b-97b8-5009d0fd9679,202,,141.65223124800013,141.6718185740001,19.587325999964378
2834,bd8f18aa-85ba-4c6f-aba4-86fd21aa2c17,202,,141.7015556209999,141.7188998910001,17.34427000019423
2835,d9c86144-9d1b-4568-bed9-13010afa0eba,202,,141.75504354099985,141.77148337400013,16.43983300027685
2836,1e4c28f1-e1d7-4a11-ad3e-f2d1347a9606,202,,141.80098360400007,141.81378522700015,12.801623000086693
2837,d83956b1-f10a-4f14-bb17-61f35342c687,202,,141.8507705689999,141.86609156199984,15.32099299993206
2838,caf3baeb-7512-470d-b347-16c0cdfbe57e,202,,141.90020530899983,141.9301756320001,29.970323000270582
2839,129814ab-86d0-46cb-b35f-7fc5d4ec34ae,202,,141.95092125300016,141.97244002900015,21.518775999993522
2840,ef67b82e-11e9-481d-a502-a0513ef2b5ab,202,,142.000190879,142.0117500870001,11.559208000107901
2841,427e0616-ce5e-4e71-9d49-cc997b2fcbd9,202,,142.0501743310001,142.06558714999983,15.412818999720912
2842,dec0c189-daba-40d5-8bab-917d22ac439f,202,,142.10021023800027,142.10986811800012,9.657879999849683
2843,3238ce77-02f1-43e3-a2d8-55eb5081dd6c,202,,142.15352312799996,142.16609051800015,12.567390000185696
2844,3e884648-b2b9-4ebb-ad7b-e45bcac58e0f,202,,142.200455873,142.21558037900013,15.124506000120164
2845,d6fc042f-be97-4329-906c-e33b2fedca82,202,,142.25247397700014,142.26668883699995,14.21485999981087
2846,08407412-f48a-4326-a5b2-2daec7ce6d52,202,,142.30024933100003,142.3131303240002,12.880993000180752
2847,630b3c14-85ee-4acb-bd0c-2318a8c0653b,202,,142.35081428500007,142.36462588099994,13.811595999868587
2848,4e3affa7-ab0c-4a7f-88f2-0f05a3166069,202,,142.40533680099998,142.42690107399994,21.564272999967216
2849,0f1d8a0b-429c-43ca-ab9d-5ba15ed7adc7,202,,142.45043804600027,142.46964418900006,19.206142999792064
2850,8074f6fb-8433-4d0a-9d82-383b5c5cedf0,202,,142.50140288900002,142.51967101299988,18.26812399986011
2851,f349e4a2-ee02-4325-b05f-bb7ff9e5ccd1,202,,142.55077759100004,142.57694900700017,26.171416000124736
2852,e53a39e7-a71a-436e-9684-06d0c1145d73,202,,142.60393790900025,142.62082904399995,16.891134999696078
2853,dbf47887-c4d8-4452-a959-a7052e055450,202,,142.65030260799995,143.35650115999988,706.1985519999325
2854,18266a8a-09e4-415a-85bc-c9425139bed3,202,,142.70115970899997,143.36063216899993,659.4724599999608
2855,488bce3f-e18d-46b9-b58e-6ca4c5b3a6c0,202,,142.7502870940002,143.37429744100018,624.0103469999667
2856,f957d8fa-97c4-426e-a32e-5751fa8a2111,202,,142.8003055019999,143.38731963200007,587.0141300001706
2857,7f7e1530-eb93-490f-aeba-5e824664b02e,202,,142.85027895400026,143.40048714700015,550.2081929998894
2858,b062e229-f1a3-4d45-9b6a-3486648b1da7,202,,142.90038260600022,143.40966435200016,509.28174599994236
2859,efa61119-69e4-4d4a-9522-4375add61e6b,202,,142.9519711150001,143.43343776600022,481.4666510001189
2860,d0b4dfa5-241a-459c-a714-102dbd69afe3,202,,143.00030917899994,143.4438570100001,443.54783100015993
2861,c310deb3-76d2-4dca-8488-ea20a3bcfd62,202,,143.05459267000015,143.45206494800004,397.4722779998956
2862,dd941039-5548-439b-aced-79835b7f9091,202,,143.10422893700024,143.46287029199993,358.6413549996905
2863,e27c97ce-7607-4269-b80e-9abdf3a51e53,202,,143.1525718759999,143.469253063,316.68118700008563
2864,77fd939c-99a6-4243-af3f-326398acf00c,202,,143.2033672309999,143.48017035700013,276.8031260002317
2865,893124de-f3e7-4859-9334-206e4017dd93,202,,143.25240991400005,143.49308772199993,240.67780799987304
2866,59db72cc-8c51-42ad-a354-888e664a2415,202,,143.3010924549999,143.4961629700001,195.070515000225
2867,d1bc4f51-d40a-4998-8de7-75dfbf1a7393,202,,143.35085663000018,143.49716061000026,146.30398000008427
2868,8f42bfb7-79a7-4b8f-ae6d-547c69a72755,202,,143.4006914669999,143.5071784239999,106.48695700001554
2869,2a5d95af-e192-47b7-a3b7-a00a3d82d55b,202,,143.45155885800023,143.50708668000016,55.52782199993089
2870,32b036bb-5e5c-435c-9162-5baba0750c86,202,,143.50335351900003,143.51990909300002,16.55557399999452
2871,e15e477d-f053-4d09-a909-6f5bca0f67df,202,,143.55022118399984,143.56345748600006,13.236302000223077
2872,948707be-5c52-45bb-b248-6dda089681eb,202,,143.6002058439999,143.61347080999985,13.264965999951528
2873,1572901d-b767-46b2-9fbc-bd67b3290e81,202,,143.65053656300006,143.68429166800024,33.755105000182084
2874,80d7a4eb-b1f7-4444-903b-bab0d51d158d,202,,143.70037589899994,143.72884095000018,28.465051000239328
2875,38e5fa7e-eea3-4051-9e5a-75ec9afa712c,202,,143.7520634010002,143.77762656699997,25.563165999756166
2876,5164c759-c30a-454b-981e-d62af7640b5c,202,,143.8013679820001,143.8212497039999,19.881721999809088
2877,49d3034f-416e-4caf-b0cb-2a473a080dc9,202,,143.85085605099994,143.86637669599986,15.520644999924116
2878,a35a7d64-5ee4-474c-b6d6-8fe1b3bc6a9c,202,,143.9006080600002,143.91499653300025,14.388473000053636
2879,7db64497-9b24-4b8b-82ca-b67042aac129,202,,143.9514409950002,143.96293483199997,11.493836999761697
2880,aa979d3c-7a7d-42b3-9252-be4c545e9dce,202,,144.0008629009999,144.0162644709999,15.401569999994535
2881,071e27ac-34d5-4685-9e69-0e1b184fac9e,202,,144.051913238,144.06669897500024,14.785737000238441
2882,cb169e82-3d5d-41b8-b8d8-4cf7dfe26509,202,,144.10527000000002,144.12086101500017,15.591015000154584
2883,b2befd2c-53f0-4c5c-b3f1-f31a39ef605c,202,,144.151434505,144.16554133,14.106824999998935
2884,9fd042eb-c23b-4881-9eb9-f864512d2030,202,,144.2020666200001,144.21762884600003,15.562225999929069
2885,82e3bd8d-6589-442a-b777-de400107e3cc,202,,144.25049280300027,144.26518021399988,14.687410999613348
2886,6b08626b-4875-4009-bdaf-f92a7a1aec73,202,,144.30529309099984,144.31766778500014,12.374694000300224
2887,d6831a0d-b9b3-48c2-848e-4158cb71c105,202,,144.35122336199993,144.36432400600006,13.100644000132888
2888,2b143134-aa4a-43ec-8bf3-4357187322db,202,,144.40525736900008,144.42014676600002,14.889396999933524
2889,c557cc61-db59-47bb-a7a5-47f7d9ee9484,202,,144.45028182700025,144.4624468269999,12.164999999640713
2890,382ba5f2-625f-4c88-95d7-7a3eff860b12,202,,144.50026840300006,144.51657099500017,16.302592000101868
2891,9b268486-743c-4f69-9e4c-8ce10336a33b,202,,144.55047429800015,144.5761749960002,25.700698000036937
2892,94b2ab0d-0506-4e0f-a1b1-30d5a51e929d,202,,144.60252423200018,144.6349060560001,32.38182399991274
2893,013f9dcc-b244-455c-b002-304c6ac773a2,202,,144.65268654600004,144.69285450300004,40.1679569999942
2894,7f566aa5-a0cc-45a6-8653-5cb4f769c556,202,,144.70020112500015,144.72940358300002,29.202457999872422
2895,fc85ddec-51cb-4b9a-95f0-9dea5505bb7e,202,,144.75022740600025,144.773935574,23.70816799975728
2896,c366c020-ffeb-4ad6-a9fa-d3ca7ff708f8,202,,144.80036434700014,144.81304293599987,12.67858899973362
2897,679f73ea-e325-4f9f-aadd-950218e1f977,202,,144.85176853400026,144.86381687499988,12.048340999626816
2898,30de69a9-d9a6-420e-8558-588072458c69,202,,144.90033895700026,144.91422675500007,13.887797999814211
2899,d027704a-e18f-4aad-a13a-24bddd8992b1,202,,144.95295922700006,144.96879210099996,15.832873999897856
2900,10f8944f-0141-4b5e-83af-783fefcf4ac8,202,,145.00124704400014,145.023432899,22.185854999861476
2901,504087bb-aed9-4b6a-976f-0c98a9eb9e6e,202,,145.05151597600025,145.07332068999995,21.804713999699743
2902,917a436a-8b5c-4086-a920-55ad2804fd20,202,,145.10155059,145.11475539399999,13.204803999997239
2903,aa7cbd32-6e93-40b6-811c-4756a16415e0,202,,145.15150012699996,145.16719588500018,15.69575800021994
2904,ccfa90be-533a-4ea4-8c11-fb61f6e72077,202,,145.2039149530001,145.221065403,17.150449999917328
2905,d5a17139-2e4d-457b-8f85-d18380f85886,202,,145.25034068900004,145.266658946,16.318256999966252
2906,4a5a9885-7398-4dd6-a684-ead332233191,202,,145.30178716499995,145.32094668599984,19.159520999892266
2907,8d38435c-1c80-4e70-90b0-8ff3a198bebd,202,,145.35055815800024,145.375250133,24.691974999768718
2908,4355942b-0328-48b5-abad-b8b8844aabb9,202,,145.40523887000018,145.41807032499992,12.831454999741254
2909,dc706953-48ef-4cae-a8a1-2eb777b0b142,202,,145.45327120499996,145.47556638600008,22.295181000117736
2910,15678e4f-c95c-4083-ab4f-99d3caecafae,202,,145.50283676800018,145.53075256400007,27.91579599988836
2911,c57ab6e7-ae3d-4ad7-bd33-5bbb4ab7b3ce,202,,145.55020989800005,145.5849781410002,34.76824300014414
2912,ea1ef3a9-ae8a-4c94-af01-f44e12654f94,202,,145.60041870800023,145.61682658400014,16.4078759999029
2913,1bd5bcf0-3d82-4d82-8207-f711e626f368,202,,145.65044157300008,145.67050982299997,20.06824999989476
2914,0b8ce84b-9697-49b1-af54-af1dd404fc61,202,,145.70070554599988,145.7223335640001,21.62801800022862
2915,f306cab7-a7e7-4837-ac1c-0ac02939bcc8,202,,145.75037226799986,145.7613233520001,10.95108400022582
2916,0668a7d1-3cfe-48b5-84c5-9defdc489159,202,,145.80159700900003,145.8174170090001,15.820000000076107
2917,fcf6d62f-7467-4a1e-9ff8-fa21f46994ff,202,,145.85451117599996,145.8685768370001,14.065661000131513
2918,94132ec9-821f-48a8-8aac-6bfecd948c69,202,,145.90116997899986,145.9139723520002,12.802373000340594
2919,f23a2e0b-ac0b-44c1-83dd-53ffa07bb402,202,,145.95144203500013,145.96793311400006,16.49107899993396
2920,91612ae5-aef5-4bd7-9d08-efbb6ee6573e,202,,146.00220655700014,146.01858839299985,16.381835999709438
2921,d9d2fe86-f36c-4a82-b1fa-2b82365f1eb5,202,,146.0521533860001,146.07006145000014,17.908064000039303
2922,aaf782b5-131c-40f3-bf6a-3a2b79e5815d,202,,146.10544952600003,146.12004831800004,14.598792000015237
2923,41ff24d8-f3eb-48c5-9536-0aeef892b351,202,,146.15527123799984,146.17010513800005,14.833900000212452
2924,4311d1db-ca16-4fcd-a493-5f94310a8730,202,,146.20534768200014,146.22935424600018,24.006564000046637
2925,837eb0f2-233b-4a02-817c-67814c5e72f1,202,,146.2503918880002,146.2677326580001,17.340769999918848
2926,f8d3971c-7da0-427e-8059-b60ce1ab6fb2,202,,146.3052957929999,146.3191626769999,13.866883999980928
2927,7cc9113a-45d9-4f74-a245-55d9dbdab339,202,,146.35158970500015,146.36706285299988,15.473147999728099
2928,13ecadfe-5024-4566-9bf4-88d635f7ec54,202,,146.40320016900023,146.42326491999984,20.064750999608805
2929,bdf08b71-51b4-4916-9cd0-e7c2271c0d72,202,,146.45082728099987,146.49151391099986,40.68662999998196
2930,78e4ed26-1daf-4170-92be-52eaa0e92055,202,,146.50217605499984,146.53241127599995,30.23522100011178
2931,9f640320-289e-4842-bfbf-41734cff3904,202,,146.550229597,146.56835243800015,18.122841000149492
2932,47922138-724f-4de4-a5a8-a35ace4e8104,202,,146.6002293370002,146.6192087039999,18.979366999701597
2933,5b41476c-5d69-49e0-9887-0056c282924e,202,,146.65038273400023,146.672853778,22.471043999757967
2934,4e4af4f9-8ea0-414c-93cf-f671054ee384,202,,146.7004345549999,146.712374404,11.939849000100367
2935,24400116-b0eb-4401-be49-3349f431a96d,202,,146.7511615379999,146.76667764100011,15.516103000209114
2936,9f8f86ef-701c-4960-88ea-be36c97b3727,202,,146.80099020700027,146.81807491200016,17.084704999888345
2937,24ca2c7a-5d17-4f55-a7ea-22c926b1fffe,202,,146.8553644819999,146.87575504300003,20.39056100011294
2938,65276213-d455-4b83-aa27-756e6fe428c5,202,,146.90261066099993,146.91491944300014,12.308782000218343
2939,9ae3f47c-2989-4790-b57a-a3abe3fcd6d2,202,,146.95305520500006,146.9706188350001,17.563630000040575
2940,922b006a-fad2-469c-a0d9-922d326492db,202,,147.00040166899998,147.016717427,16.315758000018832
2941,3e126381-9a77-4544-99b0-5b1edf8484c2,202,,147.05044336599985,147.0614537780002,11.010412000359793
2942,da8c21a9-e2ab-44b6-b679-26df0b3bcd8a,202,,147.1025702940001,147.114643592,12.073297999904753
2943,eea3fb0a-5b4e-4f45-a3f6-0219e36a25ad,202,,147.15409163899994,147.17596597400006,21.87433500012048
2944,34804612-fbc5-41dd-8a29-674a71103327,202,,147.20504406500004,147.21700662000012,11.96255500008192
2945,c811514e-f220-4e94-b8ed-93984d2f75b6,202,,147.25292157600006,147.26548400699994,12.562430999878416
2946,8d3730ba-cf92-4f95-a1dd-9811a5028ee7,202,,147.30038457399996,147.31553612000016,15.151546000197413
2947,08489f8b-201e-493f-b158-ef4176053081,202,,147.3508321180002,147.367554639,16.722520999792323
2948,8c289d83-3793-4053-9622-3a60f47ac483,202,,147.40527772099995,147.43097254400027,25.694823000321776
2949,041efecb-2c7a-47cd-ad6a-da448cc49283,202,,147.45062594699993,147.46483359900003,14.20765200009555
2950,59284448-e9e6-4915-a77f-2b3008cf05e9,202,,147.50280591399996,147.5294370470001,26.631133000137197
2951,e4d61c27-89e9-48ca-a1d3-deca842a2d33,202,,147.55029678500023,147.5703046220001,20.007836999866413
2952,3276a48a-d2c2-42f0-b496-6c7bc207d707,202,,147.6002647780001,147.61721336600021,16.94858800010479
2953,c98f0447-3928-4e43-87e7-c4c62f383742,202,,147.6503925930001,147.67194932400025,21.5567310001461
2954,cca5c6e0-a2b5-46dc-b4ce-1dec61b930b2,202,,147.70023013599985,147.714452703,14.22256700016078
2955,0b19902b-5945-408b-99ae-72f4e3adf722,202,,147.75033445300005,147.7816299330002,31.295480000153475
2956,63c197c4-bcb5-40f9-b025-c6574cc84258,202,,147.80049201600013,147.82258154400006,22.08952799992403
2957,b4ac971b-596f-42c8-9e42-6075a9064452,202,,147.8504663829999,147.86515766799994,14.691285000026255
2958,406a1a3d-21db-4044-9522-775c42911185,202,,147.9044977640001,147.91573020299984,11.232438999741134
2959,64a111ce-ad84-4d96-aa81-6a2d4385dbac,202,,147.95526553499985,147.96855454100023,13.289006000377412
2960,44bf158f-6039-408f-9317-09d7587dc7a2,202,,148.00222844200016,148.01457672100014,12.348278999979811
2961,21c164f3-f2fc-4056-af0b-d59ecca7fab7,202,,148.053008546,148.07175371999983,18.745173999832332
2962,9db79499-36f9-4d7a-9160-b7984d6669a5,202,,148.10030413899995,148.11947332499994,19.169185999999172
2963,91c6635e-bcc0-4e94-b2c3-90fc6d21b61a,202,,148.15078234600014,148.16692111600014,16.13876999999775
2964,7e64d888-8b19-4d7e-94a5-2129adc995c2,202,,148.20108452500017,148.21406784300007,12.983317999896826
2965,758e6a86-eb47-4479-9fd7-0c367127bd0b,202,,148.2505074300002,148.27701623800021,26.50880800001687
2966,7b4fca0d-9406-4831-ab0c-1e47445b5b4b,202,,148.30218926299995,148.33285149599988,30.662232999929984
2967,b95bccf4-41be-498f-9b87-829545f29e34,202,,148.35035854599982,149.76467704000015,1414.3184940003266
2968,0b07c1ba-2ec4-4950-86d7-28bc10019a5a,202,,148.40084250300015,149.77035094300027,1369.5084400001178
2969,c9b0912c-712a-433e-80a3-e803979be322,202,,148.45349118700005,149.78285287800009,1329.361691000031
2970,fdcb7a7e-735a-4a28-9710-d713e6b7ce55,202,,148.50027468999997,149.80307753399984,1302.8028439998707
2971,f29e73e7-94a0-4077-b5c5-86356d02cc74,202,,148.55056207799998,149.8169468750002,1266.384797000228
2972,7446d15c-82eb-4f4f-abc6-d19db764c64a,202,,148.6110167679999,149.83680655499984,1225.7897869999397
2973,3067017e-6379-4845-b930-1c6677dcd118,202,,148.65224036000018,149.85085963400024,1198.619274000066
2974,e71e57ad-ff28-4888-9f30-9735d5ba55ab,202,,148.70505186599985,149.88577807399997,1180.7262080001237
2975,43647089-051e-40d9-be44-8e57fe4e0920,202,,148.75131273700026,149.88922342100022,1137.9106839999622
2976,0e8a1e2f-d31e-4cb4-b9b2-b2c332ceb3fe,202,,148.8049278960002,149.90005192900026,1095.1240330000473
2977,48c917e7-d3c7-4e77-ad22-56046b8d0a9a,202,,148.850746006,149.91563681900016,1064.8908130001473
2978,8a34e580-c6e9-4717-8efe-88d36ef53538,202,,148.90941902700024,149.93149189899987,1022.0728719996259
2979,77b2ed44-5cbf-44f4-9010-e3574e5ad973,202,,148.95744094400015,149.94073359899994,983.2926549997865
2980,56faba23-3593-4556-9e08-04a6d9e66ae2,202,,149.00191368800006,149.94904736299986,947.1336749998045
2981,ed4681db-808a-476a-80f2-d75f51834322,202,,149.0513302190002,149.96631467899988,914.9844599996868
2982,0c2ffc8f-108d-46f7-8b12-cc34e29b72e4,202,,149.10271582199994,149.97490100699997,872.1851850000348
2983,be6de948-dd01-4034-996d-cdea7221e7f5,202,,149.15150364600004,149.98423286800016,832.7292220001254
2984,9a90cb52-a7d2-435f-a935-db189e63058e,202,,149.20073043899993,149.99246238700016,791.7319480002334
2985,c91b4643-efae-484e-9a69-225e72e42805,202,,149.2510296999999,150.005098396,754.068696000104
2986,9d781800-6903-4fb5-8908-62f0a1b9d642,202,,149.30533235400026,150.02015348900022,714.8211349999656
2987,b7edb248-5357-4656-94b1-c189520d36c0,202,,149.35100772399983,150.0311123219999,680.1045980000708
2988,b9fe96dc-34a0-4e47-9f1f-7ce030c6d6dd,202,,149.40625331299998,150.05752788600012,651.274573000137
2989,607d80a9-49d4-4600-9e23-af31b73f08c0,202,,149.45027592099996,150.094721337,644.4454160000532
2990,da1aa760-f795-4107-a9e7-965899171dcd,202,,149.50024557999996,150.12453166900013,624.2860890001793
2991,4e4c1f49-3563-4be3-8d12-62af12bcfd6c,202,,149.55030494099992,150.13537384300025,585.0689020003301
2992,6af6a024-2148-4b90-8601-c6a4a7b3418f,202,,149.60060974299995,150.14782419799985,547.214454999903
2993,cb7d2090-a578-4719-9e33-844db89af3e5,202,,149.6522783270002,150.16434518999995,512.0668629997454
2994,4d424039-274e-4f4a-a2c2-02cf0ee1cf94,202,,149.70040727800006,150.1759809340001,475.5736560000514
2995,ff6bfdff-acb9-4659-919e-c97d5552931a,202,,149.75090048499987,150.1823119589999,431.411474000015
2996,37e3f718-2d02-49b3-a5ae-b3cd8787c8fd,202,,149.801060838,150.19899527400003,397.9344360000141
2997,4bd6dbaa-1763-4841-a15e-05e7f36889b2,202,,149.85051228300017,150.20366766200004,353.1553789998725
2998,8fa94a1b-216c-406a-8e59-afcb7532e430,202,,149.90045198500002,150.21282445099996,312.3724659999425
2999,9518493a-1362-40ad-a9d9-a51cc85e8479,202,,149.95029252699987,150.22892451400003,278.63198700015346
3000,23a21c0d-fc21-4c3e-9316-628be7becab0,202,,150.0030662019999,150.23484344200006,231.77724000015587
3001,fe67eff4-558a-4a27-87e2-9e07994540dc,202,,150.05267713500007,150.24223285200014,189.55571700007567
3002,2c4a5d16-1ca4-4632-9884-80338c2c2569,202,,150.1152847190001,150.2434846000001,128.19988100000046
3003,9ea89aef-b7ce-4bae-a79a-9831e5fa9d48,202,,150.1503101940002,150.2473655419999,97.05534799968518
3004,946e32cd-4639-4c6f-b8dd-adf2e91dbe35,202,,150.200210899,150.24817536199998,47.96446299997115
3005,aaa61781-8542-4e25-ab74-1c9d6a54ea16,202,,150.25021747200026,150.2741965780001,23.97910599984243
3006,b00b1ced-638e-4830-867a-41d3072e7202,202,,150.3004139059999,150.32542769200018,25.013786000272376
3007,2fef65d2-2bc5-40f7-8840-ec2376e1663e,202,,150.3512185489999,150.36264389100006,11.425342000165983
3008,e49a96c1-7d90-430e-a241-8e63146e02b5,202,,150.4008223159999,150.41251089000025,11.688574000345398
3009,84d71728-14c0-4020-a615-5ac7f4dd1840,202,,150.45087646899992,150.46672842399994,15.85195500001646
3010,28281c1e-3314-4138-8c9e-ecc6993c811a,202,,150.50118264599996,150.51777313399998,16.590488000019832
3011,7195c539-dd31-460f-b74d-252387d6348b,202,,150.55101477300013,150.56708921300014,16.074440000011236
3012,c64ceda5-a20e-42bd-8fef-f5b640608ff4,202,,150.60082410899986,150.612449062,11.624953000136884
3013,0bca0c31-8591-403e-a1ff-bc812ad6e2ab,202,,150.65101575200015,150.68276745000003,31.75169799987998
3014,4c11bf9b-469c-440b-a324-2c1cf6727eb0,202,,150.7007996729999,150.72196563900025,21.165966000353365
3015,eb6e37f2-c610-4b26-8980-61977e3a7f02,202,,150.75077995499987,150.7658098830002,15.029928000330983
3016,33d99824-2596-4e10-aadf-fd758bd24d30,202,,150.80158001500013,150.8212511669999,19.67115199977343
3017,05c4516a-70ee-4cd7-aac5-a467f6099810,202,,150.85526908500015,150.87410625200027,18.83716700012883
3018,b55ed735-0be1-40cf-87e1-81eeb79d66c0,202,,150.90049423500022,150.950819702,50.32546699976592
3019,6eb05ad7-3325-45dd-92e8-a8f7ec0033ac,202,,150.95094236100022,150.99149128999989,40.54892899966944
3020,48edf2bf-8c62-4521-8d0c-5411ec885649,202,,151.00086518900025,151.03376939200007,32.904202999816334
3021,7c1b5ff4-9a6e-4d4b-91de-6dd9abf164d9,202,,151.05035817099997,151.07048191700005,20.123746000081155
3022,6803207c-fbd3-41ca-b9a7-598ba4529dbe,202,,151.10055114800025,151.11664233600004,16.091187999791146
3023,53a3801c-1540-4fad-ab9b-adbb68b4bc51,202,,151.1502244510002,151.1782200319999,27.995580999686354
3024,b7731aba-3e64-4332-a451-1d7f2d43e210,202,,151.2005650010001,151.21414969499983,13.584693999746378
3025,ed7901ef-03dd-487e-9f1e-cbbea977299a,202,,151.25084580400016,151.29562773499993,44.781930999761244
3026,07a5e4ae-fa72-4c2a-a70a-5f8ce6f561d6,202,,151.3018100190002,151.3728036120001,70.99359299991193
3027,ccc2907d-2cb9-4a59-9d09-18f78291a2e9,202,,151.3585018419999,151.47704479999993,118.54295800003456
3028,571456d6-b3d6-4d8b-a75c-87f26fd08daa,202,,151.40239495800006,151.4831538389999,80.75888099983786
3029,976751d2-0e3c-4aef-a317-64465765f720,202,,151.45039104299985,151.5017694799999,51.37843700003941
3030,09f25231-04f8-464f-9ad6-43794ad2b606,202,,151.502305943,151.52064622800026,18.340285000249423
3031,47aeebe9-0db6-4e09-a0ae-aa74c970a6cd,202,,151.5507803710002,151.58095855200008,30.178180999882898
3032,70e4112a-7f2a-441c-8f67-1eb3eef24c18,202,,151.60037213800024,151.62106322,20.691081999757444
3033,28d85aca-acca-43d7-9392-10450530dc3e,202,,151.6506549830001,151.6648395100001,14.184526999997615
3034,fac48a82-fd6b-4da7-b0ab-cf794413858b,202,,151.7016060320002,151.71345297000016,11.846937999962392
3035,3fbb8cbb-306e-48f7-af1c-f42501ae1f6b,202,,151.75461977299983,151.7716414810002,17.02170800035674
3036,49bc93cb-4526-4ddb-8e91-54a89559f8cb,202,,151.80046300499998,151.81800892699994,17.545921999953862
3037,535c5d1e-acae-4cbf-a610-a865de22d5ae,202,,151.85529916299993,151.8689998069999,13.700643999982276
3038,6f129592-5ccd-4abc-b4ba-3a0c528ff912,202,,151.90111739700023,151.91820372600023,17.086328999994294
3039,5f4128c4-55e7-4852-bffb-2a83a84b8b89,202,,151.95097385400004,151.97567195300007,24.698099000033835
3040,d0c5fa3f-040b-4864-9a83-9ec82007be64,202,,152.0041067950001,152.03163186700021,27.52507200011678
3041,0d25743d-e723-4f3f-8e7d-648e3cb65800,202,,152.05027446400027,152.0740452089999,23.770744999637827
3042,4ce8f940-0a55-4815-ba08-00b8c399fca5,202,,152.10019395900008,152.12076704799983,20.573088999753963
3043,f07bc8d0-9295-4213-a0d1-c6ccf050d496,202,,152.15037822700015,152.17423146700003,23.853239999880316
3044,ef158c36-e32e-4ff7-ab99-23ee31083223,202,,152.2004490029999,152.2147802290001,14.331226000194874
3045,a39bbd83-3e8f-4f47-b207-30348ee5dc6b,202,,152.25031641800024,152.26986561900003,19.549200999790628
3046,c1990d2b-059f-4b9d-95e7-dee44e495cd0,202,,152.30320920900022,152.3166985339999,13.48932499968214
3047,1e3c66bf-8a5e-4d24-8759-4d57c8db1f73,202,,152.35264794500017,152.37119384000016,18.545894999988377
3048,be1ec3d3-1795-4c1b-8c5e-5a24faa57e6a,202,,152.40026330599994,152.4162955820002,16.032276000260026
3049,c455213b-8543-4bd9-a4b6-79586dcf9f1d,202,,152.45093337400021,152.46539038299989,14.457008999670506
3050,a626d72a-f7b6-4948-ab91-a83a2a6236c7,202,,152.50335873799986,152.516882978,13.524240000151622
3051,8ededc5e-c471-4ec9-999e-bdaa42e1a8f8,202,,152.55046675899985,152.56551339399994,15.046635000089736
3052,6c7132f8-0efa-45c0-a617-7a468c139982,202,,152.6005336600001,152.61454453299984,14.010872999733692
3053,e58748e2-627a-4477-9852-61d68313ff42,202,,152.65312484600008,152.6746529950001,21.528149000005214
3054,e3505a97-e847-4b9c-a927-38f73f71dc1e,202,,152.7011460130002,152.71443372700014,13.287713999943662
3055,88d34abb-ef11-4cd8-9cca-75cb5eb75b46,202,,152.7514115250001,152.76529486500021,13.88334000012037
3056,e8926e89-688e-4f64-b9ee-a430bc2b41fd,202,,152.80126681499996,152.81427579799993,13.008982999963337
3057,9aa1b678-81ae-4a8f-bd6c-ea7770e11b8e,202,,152.8527276210002,152.87278174599987,20.054124999660417
3058,ee223412-d954-4715-8ee3-892d5bcfea81,202,,152.900938107,152.91525924999996,14.321142999961012
3059,1aacccc5-27fc-44b6-b5a7-5f29b050afde,202,,152.95172487499985,152.96708123899998,15.356364000126632
3060,421e8d4a-1247-4028-9f17-4a9fa7626845,202,,153.00387721700008,153.02725707199988,23.379854999802774
3061,488f91d5-3ceb-46c0-a8d5-de05b89bf7ea,202,,153.05043244199987,153.06487491000007,14.44246800019755
3062,493f9d0a-1a9a-4036-8e0e-68dc4f5d19dd,202,,153.1002439849999,153.12382182700003,23.577842000122473
3063,3a141b71-45da-480b-a1dd-c56695b18e52,202,,153.15035405000026,153.16362730599985,13.273255999592948
3064,1b2f6be3-9903-48e2-8383-1812584aff3f,202,,153.20326688100022,153.21985136900003,16.584487999807607
3065,8844940b-0677-452b-881f-efdd79d3e744,202,,153.2502472430001,153.27248180200013,22.23455900002591
3066,9690475d-690f-44cd-95e7-3f989a6b3db4,202,,153.30049788099996,153.32389902700015,23.401146000196604
3067,5f031dda-7481-4be2-b430-5acb247bf25b,202,,153.35057103200006,153.36971330300003,19.14227099996424
3068,afeff56a-3158-4f13-a012-5854079b48a8,202,,153.40023962700025,153.4136734140002,13.433786999939912
3069,59899135-c8e9-43fa-b12d-c6aea3057402,202,,153.45188608599983,153.46437122999987,12.485144000038417
3070,5144d23a-f511-422a-9ddf-4a19360c6c46,202,,153.50335218300006,153.51561271699984,12.260533999779
3071,8ae55938-1c6b-450a-8f1d-b3da89e00d8c,202,,153.552379363,153.56792817199994,15.548808999938046
3072,301d7449-d50b-4d73-ac4b-72ad951caabb,202,,153.60041111200007,153.61424937099991,13.838258999840036
3073,393173d3-03eb-454b-9b90-57398491b3b0,202,,153.6516092679999,153.6681942979999,16.585029999987455
3074,e80d4427-d3dc-49a9-89f2-dafca700ee40,202,,153.70185432300013,153.7191785099999,17.32418699975824
3075,fa73f930-3839-4a39-a7e1-0e57b9f32701,202,,153.75539894400026,153.77982472700023,24.42578299996967
3076,4d285a1c-ebd2-4fdf-ac6c-64162f43b535,202,,153.80424263600025,153.84778790100017,43.54526499992062
3077,eee7aeb6-8b85-48ab-84a8-e6772d6e6516,202,,153.85039980500005,153.87568615500004,25.28634999998758
3078,ad16ea8a-babf-4c1b-b548-c8a15b824785,202,,153.9009260910002,153.9132043740001,12.27828299988687
3079,8fb4e247-5efa-45a0-abe5-8517e45cdaca,202,,153.95052302400018,153.96543570899985,14.91268499967191
3080,6e8ab77d-16a9-4020-a9d8-2289468f03ce,202,,154.0035646790002,154.01788953000005,14.324850999855698
3081,d9bf7f1c-589c-4184-acb7-7e0bd581dc23,202,,154.05027172600012,154.07467255300025,24.400827000135905
3082,ec46f36e-62fa-4310-8170-8f28b8e0af7e,202,,154.10336175300017,154.12147363600025,18.111883000074158
3083,dc49b5ad-af6a-4aba-a2da-a29fcb2fb513,202,,154.15033990700022,154.16543103899994,15.091131999724894
3084,8e92ac73-740c-475d-90cf-5c185dcc006a,202,,154.20037710099996,154.217194156,16.81705500004682
3085,752094fe-2c89-42d0-baef-2cabeae396b6,202,,154.25065086299992,154.27351129499993,22.860432000015862
3086,4f2d9072-1435-4509-aa7b-95b0b6984c6b,202,,154.3002939170001,154.31909746100018,18.803544000093098
3087,f7a531c4-fbe6-45eb-9bd5-b75e853f3ca5,202,,154.35035419299993,154.36207418100003,11.719988000095327
3088,908ae867-0db3-409f-a744-81db62e23a56,202,,154.40049367200027,154.41632029499988,15.826622999611573
3089,15709d18-e7fe-480d-b07d-290be1bf2d86,202,,154.45468991500002,154.46844868000017,13.758765000147832
3090,ea6c9810-0ad4-46c7-b85c-9687704fe953,202,,154.50042348700026,154.5145775169999,14.15402999964499
3091,8224765e-1f91-4217-8a73-ec4d754cd758,202,,154.55306937800015,154.56757625799992,14.506879999771627
3092,4e558e49-d291-45a4-8769-a4c1fbb3c244,202,,154.60113266500002,154.61910639100006,17.97372600003655
3093,265a461e-654d-449e-be6a-0fa331755983,202,,154.65553322699998,154.68250996000006,26.976733000083186
3094,591c94d7-67e9-4528-817d-402f71fe1f82,202,,154.70145899399995,154.720399112,18.940118000045914
3095,15262295-32ff-4c0e-9c2d-87079d51560d,202,,154.75124458100026,155.6742557890002,923.0112079999344
3096,6207d4a6-3515-4070-b4fd-2aa50fe2e529,202,,154.80611961000022,155.6788933050002,872.773694999978
3097,1473bb14-7a27-41ab-8c38-6a30393ca937,202,,154.85069821900015,155.692692567,841.9943479998437
3098,711a553f-b6ec-4482-bce6-65fc2e11560c,202,,154.9007668280001,155.69970441900023,798.93759100014
3099,f69e3e73-8621-455e-b7af-b04eeba0c33b,202,,154.95178553799997,155.71440236900025,762.6168310002868
3100,5d1e3047-22ce-4ff1-a64d-bbd46da8bd80,202,,155.0005361530002,155.72862285300016,728.0866999999489
3101,ba3662a3-8c9c-408c-8e6a-faf61d059639,202,,155.05366400999992,155.74636342800022,692.6994180003021
3102,84a541d4-33c0-4816-b67c-2fef1b5ef9c4,202,,155.1005112570001,155.75639086499996,655.8796079998501
3103,6291a844-b8eb-4fb1-9f91-d57dae1cf86a,202,,155.15164562500013,155.78185420199998,630.2085769998484
3104,753a1884-1f5d-4463-8f22-554bd429e426,202,,155.20033387000012,155.80087589799996,600.5420279998361
3105,43bcd90e-d321-4d8e-ae57-95c50c81c4dd,202,,155.25406047800016,155.8025859049999,548.5254269997313
3106,adfff878-783e-42a0-a3c6-ec0f2b632623,202,,155.30151318200024,155.8171109509999,515.5977689996689
3107,5e6e95c0-bd74-4438-ba05-5e51cef04b50,202,,155.3508742140002,155.828263978,477.3897639997813
3108,0ce97571-c7f5-44dc-b486-716a96d41bef,202,,155.4061269670001,155.84511390599982,438.98693899973296
3109,fab5e9d0-76d0-4094-af4f-2b7a23c105fa,202,,155.4601705529999,155.86637461400005,406.20406100015316
3110,bb35327d-0a57-48a8-ae89-03dc45dd0a84,202,,155.50286237599994,155.87009215099988,367.2297749999416
3111,856eea9d-f2e7-4e64-85e7-44dfed162b6b,202,,155.55400803500015,155.878198762,324.1907269998592
3112,2ae5cb9f-10a2-456d-945e-7f6dcfe9924c,202,,155.60040293700013,155.88563595999995,285.2330229998188
3113,e4f77ed4-bb2c-4642-8b93-271d55d6e854,202,,155.650680406,155.89159496799994,240.91456199994354
3114,4b40c271-62da-4ba2-acde-f6524f562855,202,,155.70032312700005,155.89867456599995,198.35143899990726
3115,abb4e6c6-84d5-4504-b10e-5a0f10097c73,202,,155.75122801099997,155.90155736799989,150.32935699991867
3116,d72328f2-a4a3-41e9-a354-f9bfadbd0e18,202,,155.80058966700017,155.9075803300002,106.99066300003324
3117,07baf073-a4b1-467e-92bb-1d82903eeab0,202,,155.850412709,155.90787747700006,57.4647680000453
3118,5ed20792-d502-436d-b2dd-5bdc284991ad,202,,155.90046494299986,155.9197088740002,19.243931000346493
3119,c593e2dc-1b05-49c2-8f2e-cfd10dc3dd39,202,,155.95037352100007,155.96606890300018,15.695382000103564
3120,1c04879f-ddf3-4d0b-92f9-eba7cacbc779,202,,156.0003029300001,156.020660659,20.357728999897517
3121,e7a80a01-8c21-4d05-8465-94d20d5d6381,202,,156.05022138200002,156.06627182300008,16.050441000061255
3122,d34d6eb2-85ce-46ae-821f-ce1f598b730d,202,,156.10089899000013,156.11391876400012,13.019773999985773
3123,865ffaa8-5e86-4219-b325-d851479e468c,202,,156.15095709900015,156.16571771200006,14.760612999907607
3124,31b7bb16-6c19-49af-b9b2-a30e976b1530,202,,156.20203505400013,156.2194376530001,17.40259899997909
3125,dc7ae70b-5063-4935-835a-139cc0b981bb,202,,156.25168881599984,156.26598054399983,14.291727999989234
3126,37039b3d-d66c-46f5-9dff-a1876e654f6a,202,,156.30120846199998,156.3162679709999,15.059508999911486
3127,140a3a47-0b61-4c77-bf98-fa7408ef504e,202,,156.35087480599987,156.36824923899985,17.37443299998631
3128,a2daebd1-cd59-494d-a5b9-48481deb92aa,202,,156.40128222400017,156.41684657299993,15.564348999760114
3129,da0c3e5c-0799-4737-89a2-f14d76e261ce,202,,156.45069012800013,156.465800383,15.110254999854078
3130,abaa4eb7-1f2c-4b61-8e8e-357ca57e1018,202,,156.50059108000005,156.52441590499984,23.824824999792327
3131,8c29567a-5f1c-43a3-8291-4804e1cba709,202,,156.55042066299984,156.5657278220001,15.307159000258252
3132,1fdf9974-b5e3-4264-bf3a-fa9e5d89ef27,202,,156.60107610600016,156.61450001899993,13.423912999769527
3133,098440cf-ac1f-4587-ad3f-ed3f50d600a5,202,,156.6514623590001,156.68272138200018,31.259023000075103
3134,0f64e8e4-9d81-4e2b-9aaf-3532b430e88c,202,,156.70112241100014,156.71572182699992,14.59941599978265
3135,2c477146-95ae-4f21-b46f-7475d3f259f4,202,,156.7529167759999,156.76741736400027,14.500588000373682
3136,5b48d115-cfbe-4f5d-93ee-6db4755bfc2d,202,,156.80024911300006,156.8195259160002,19.276803000138898
3137,9265908a-743c-49c6-8d70-9ccb72e6cd47,202,,156.85070094399998,156.8658274899999,15.126545999919472
3138,864de780-2099-4880-9101-bd4886121386,202,,156.90048152999998,156.91988569900013,19.40416900015407
3139,06d194cd-8885-43f1-b9f4-44b5d5817163,202,,156.95018728800005,156.96527358699996,15.086298999904102
3140,cdaa5fd6-b1bb-4c8e-b573-96f5b5944538,202,,157.00019385799988,157.01519595399986,15.002095999989251
3141,139280ca-bd39-4e5a-910f-c822d5c36923,202,,157.05022676,157.06461314900025,14.386389000264899
3142,e1272d07-3b3b-4bf1-abed-1f52f72a87f5,202,,157.10063313699993,157.11209205900013,11.45892200020171
3143,a2a65c3b-2216-42ec-bdb3-530c3b4cfe45,202,,157.1504611360001,157.1732869450002,22.825809000096342
3144,fe40b94c-ecb7-4110-bab9-6a6901d5f612,202,,157.2002299310002,157.21345977400006,13.22984299986274
3145,16dafbb4-05b0-453c-ac6e-b908e74cc843,202,,157.25269999900001,157.26668599799996,13.98599899994224
3146,f942708f-95de-4294-95f8-9af21d9eedb7,202,,157.30319961900022,157.3150677220001,11.868102999869734
3147,d846c104-ded5-4081-bdea-dd131aeda3e5,202,,157.35103192199995,157.3625389240001,11.507002000143984
3148,09c0fad0-c0d7-406c-91dc-2d47c207e564,202,,157.40294098699997,157.41961346800008,16.672481000114203
3149,719ab54e-cfd0-4623-8474-8a60b05597aa,202,,157.45026657400012,157.47462606999989,24.35949599976084
3150,dd251f0b-a450-4e7d-8082-7d015494acea,202,,157.50197598600016,157.51642270399998,14.446717999817338
3151,16c657ec-bb57-4aa7-8e76-9b3be9b06b5c,202,,157.55330859100013,157.56818311200004,14.874520999910601
3152,e8105f28-01ab-4278-8322-17f3707cc17a,202,,157.605213197,157.6227742430001,17.56104600008257
3153,14c04d1a-39a3-48a8-8691-1c9a08cdd094,202,,157.65532309399987,157.6811716960001,25.848602000223764
3154,65101bd4-491b-4814-95f4-3a9d4ec41ccd,202,,157.70192798000016,157.71885015299995,16.92217299978438
3155,0b07372d-d1df-4101-83e0-96c6b167156c,202,,157.75530881900022,157.76723416799996,11.925348999739072
3156,2764b477-f97e-4149-922c-458ab2b0592b,202,,157.80256141100017,157.81467516400016,12.113752999994176
3157,3afe2d4d-2ae0-4e58-9ed2-091536991ba9,202,,157.85104662799995,157.88818749700022,37.14086900026814
3158,7f4ae252-1880-417c-9deb-b15c40de9bf0,202,,157.90029754099987,157.92539598600024,25.098445000367064
3159,517a1771-0e97-443f-8e76-3dd0df6e4657,202,,157.9523308470002,157.97603592999985,23.70508299964058
3160,41dbd3a7-f148-4883-8c08-9cb0d689b0d4,202,,158.00034197100013,158.03646015999993,36.1181889998079
3161,08c4a1b4-ef39-4ea6-9789-885b85bef499,202,,158.05027546300016,158.06593322200024,15.657759000077931
3162,d42e000b-d187-4068-b993-ccb4d312aceb,202,,158.10015516600015,158.11745097999983,17.29581399968083
3163,74805933-37cc-44ec-b60d-93bc74b136e1,202,,158.15219338899988,158.16493409800023,12.7407090003544
3164,fb76091f-4df8-4db3-aff6-1919fb22b9c8,202,,158.2003879580002,158.21188662800023,11.498670000037237
3165,e99034b4-5f85-4cd4-9000-5bc0d158d982,202,,158.25057639099987,158.26427695099983,13.700559999961115
3166,4946d7b4-3691-4424-b51b-cfec1d947d0d,202,,158.3014851070002,158.31833432700023,16.849220000040077
3167,3f0c1957-e570-4189-958c-128ff0343c9c,202,,158.35187502600002,158.372491654,20.61662799997066
3168,24acf574-3b52-4bdb-84ee-df6ddd3f4289,202,,158.40474073299993,158.42273779100015,17.997058000219113
3169,2a3c4c6c-6192-4e93-8ac7-c69e33ce3b40,202,,158.45543654799985,158.47167293400025,16.23638600040067
3170,3e5e5596-7f64-4e14-8e56-208cbc688ff6,202,,158.50060565800004,158.53462678300002,34.02112499998111
3171,61982405-7ed4-4d0a-b468-9b432f83802c,202,,158.55132617900017,158.5766385679999,25.312388999736868
3172,1d364595-76df-4552-a324-c17b00806b15,202,,158.60307587900024,158.62429484099994,21.21896199969342
3173,f7a6f10e-c6d0-4558-a3cb-d803de820bea,202,,158.65424907700026,158.6680519219999,13.802844999645458
3174,515e99ed-e960-4952-8fcc-9a5593a13e66,202,,158.70185601999992,158.72377318300005,21.917163000125583
3175,cafac784-c7fe-4e3e-bdcb-81f8eee43eec,202,,158.7535205180002,158.7684754500001,14.954931999909604
3176,bcf1e517-7516-41e4-a402-c3f7dab4e6d8,202,,158.80101063500024,158.81488505900006,13.874423999823193
3177,90d29e67-f21d-4925-818e-01723faba8d9,202,,158.8513232260002,158.86448132299984,13.158096999632107
3178,f0dab2f1-15d7-4ab5-96f8-b99bc70dd3d0,202,,158.90030665699987,158.921265511,20.958854000127758
3179,9cc11629-5517-480e-8565-5b950d3829fa,202,,158.95033572600005,158.96489176900013,14.556043000084173
3180,48643c10-4c81-458f-bf5d-606231251dd1,202,,159.00035104500012,159.01841505599987,18.06401099975119
3181,63cc96cd-c18e-4958-b417-9d958e40676a,202,,159.05023728900005,159.066777946,16.540656999950443
3182,d7cf2749-0b40-4fbb-9d1a-2a4c8ee19cf3,202,,159.10089785599985,159.11353648900013,12.638633000278787
3183,e55940f2-406c-4807-a3de-d62703840130,202,,159.15152396700023,159.18229602200017,30.772054999943066
3184,8f7f5b27-6be1-445a-af38-99a14d38fc93,202,,159.20067530300003,159.22922738600028,28.552083000249695
3185,4a33ee4e-6d4b-443d-8fbf-a60428b0bc9a,202,,159.25037793599995,159.26613773000008,15.759794000132388
3186,4e87502a-6e15-4c92-bfa0-58c4fef8c45d,202,,159.30168829100012,159.3650750259999,63.386734999767214
3187,7b432dcf-13ed-4d57-b486-923ad2f793ec,202,,159.3568892960002,159.3935151589999,36.625862999699166
3188,96be5c26-90d4-4d9b-a911-e8128c191690,202,,159.4010686820002,159.43025084700002,29.182164999838278
3189,1cac30fd-08d7-4394-bef3-bf09c2349005,202,,159.45099400800018,159.53748611599985,86.49210799967477
3190,98523a5f-0736-44ed-b595-e8f56fd1a3c4,202,,159.50065814200025,159.56617064800002,65.5125059997772
3191,da680fc6-2963-4bd0-8f02-433697e41116,202,,159.55065758799992,159.65558143099997,104.92384300005142
3192,ae84ffbf-851e-4455-bf07-fe61b09b31f2,202,,159.601841701,159.7168504780002,115.00877700018464
3193,5bd0f875-9d1e-4441-818b-b1e94dfd9e23,202,,159.6597475210001,159.71971132399995,59.96380299984594
3194,efc48f29-7e92-4726-b134-9fbf49e2ead8,202,,159.70060030100012,159.739144657,38.544355999874824
3195,519dd1ca-d3fb-4a0b-a301-05b72bfd9c70,202,,159.75594575500008,159.8691668209999,113.22106599982362
3196,fcbdce40-2d3f-4355-8b76-eaf83a6cbd64,202,,159.80273946099987,159.94360542200002,140.86596100014503
3197,e4269875-b4b8-4ee6-b13b-82461ebbbe23,202,,159.87374800599991,159.9483752199999,74.62721399997463
3198,f05c2642-be3f-49d3-b1d6-6871ccff58ed,202,,159.90492045100018,159.96263194999983,57.71149899965167
3199,d2f4da4c-bddb-4c63-8501-1c8c89f1abb2,202,,159.95435268500023,159.97675231499989,22.39962999965428
3200,26d76ca0-7fb7-4bf4-8ad3-11fb1a87af2a,202,,160.000915824,160.0357350600002,34.81923600020309
3201,94203c10-3c73-4793-aba5-1ea420881374,202,,160.0505924580002,160.07376199300006,23.16953499985175
3202,166ed29d-8f45-4634-ac37-3e92ed8892c3,202,,160.10052294900015,160.1208963429999,20.373393999761902
3203,487f0641-3933-49a7-9c4f-47cbff00e71a,202,,160.15143016499997,160.20158659900017,50.156434000200534
3204,6ca906c4-1963-433f-afa3-cdb12d90cda0,202,,160.20247403800022,160.22535905199993,22.8850139997121
3205,724e5272-b1b0-405c-95cd-abfa91f0764a,202,,160.25050291000025,160.26692224199996,16.419331999713904
3206,75d1c91f-00d4-4d37-8096-08a274da9fd8,202,,160.30020941700013,160.31877618499993,18.566767999800504
3207,4319c0ec-2703-4719-9aa1-8229f372a7b2,202,,160.35024740100016,160.37201444899983,21.767047999674105
3208,8f8e3968-f1b8-4b7e-9509-4c9d6ba08335,202,,160.40435018900007,160.41667434400006,12.324154999987513
3209,fe8a0aa5-a708-4ece-828b-14586022ab98,202,,160.45055943600028,160.46555815700003,14.998720999756188
3210,a9e0ce39-0534-478f-99e9-056a146b72f0,202,,160.50040701599983,160.5241986760002,23.79166000037003
3211,a2021e2c-f900-4e75-8a31-00a9f34942ea,202,,160.5522565430001,160.5728225480002,20.566005000091536
3212,01de0768-49f6-4234-b8a6-9084452eafa8,202,,160.6012228909999,160.623598356,22.375465000095573
3213,d72a8db8-f268-4c89-92e6-8c051347f6f3,202,,160.65033502200004,162.18343116799997,1533.0961459999344
3214,babce1c2-8a07-4974-9a3f-4ec085b0470a,202,,160.72201656200014,162.26569448200007,1543.6779199999364
3215,1064db25-13c9-4ab7-bcf6-be3520f8ff84,202,,160.7513049700001,162.35616577400015,1604.8608040000545
3216,15642f26-ff30-4115-ad8e-794ef0decba8,202,,160.80254316299988,162.44525507800017,1642.711915000291
3217,cdd3107b-46f9-4103-8e23-0b8df2fe3c67,202,,160.85204880799984,162.46882658599998,1616.7777780001416
3218,11ffe25f-4786-4e2b-a243-64a380c55757,202,,160.90137000699997,162.50139801800015,1600.0280110001768
3219,bf92eb21-64e8-468d-a384-661bd29a9156,202,,160.95073207899986,162.54559323500007,1594.8611560002064
3220,e072c867-5e35-4410-aa61-bac825935258,202,,161.00748747700027,162.62741037100022,1619.9228939999557
3221,a6cfab85-e401-4d8d-999f-2c953153650c,202,,161.06045171799997,162.7024701370001,1642.0184190001237
3222,bfb29afa-163f-4278-9fb5-988d283e7cb7,202,,161.10431425000024,162.744150902,1639.836651999758
3223,0a00e90e-d9e4-4216-b242-60da64579a35,202,,161.15423045099988,162.77616524699988,1621.934796000005
3224,a7cf3d0f-4a65-42b4-8429-02496c558cf4,202,,161.20307789100025,162.79040281100015,1587.3249199999009
3225,92dd1a35-65f1-44a4-88b4-2c7626ec4c2f,202,,161.25149619400008,162.81947056699983,1567.9743729997426
3226,ef3e0a09-c783-4b7c-8d89-9bc18e7206cc,202,,161.3003911310002,162.83945123700005,1539.0601059998517
3227,6b93b3d7-bdcd-4dc2-a9bd-9c1e693c2228,202,,161.35344886600024,162.86693876800018,1513.4899019999466
3228,7ca73e84-c217-4925-8f0e-aa2425516655,202,,161.4010378920002,162.87734322000006,1476.305327999853
3229,3f3cf73a-bc4e-4cd7-8c05-9d64a1c6be2f,202,,161.45140268700015,162.8914361279999,1440.0334409997413
3230,4e7f53e1-4df6-450f-bfe7-594eeeaee65f,202,,161.5018009790001,162.90620998900022,1404.4090100001085
3231,b9b78cb8-17d3-4a83-8956-e8c8cf06e2d0,202,,161.55128387600007,162.9217660889999,1370.482212999832
3232,b3a869bc-a4e7-4058-ba32-32ead93dd62f,202,,161.6004875829999,162.933665647,1333.1780640000943
3233,d0579c11-eebe-43a4-9cd0-b09c47e80fe2,202,,161.650914457,162.94423900499987,1293.3245479998732
3234,2bb25936-b14c-4e63-8a71-99c594c51880,202,,161.70220322900013,162.960500056,1258.2968269998673
3235,7f795cb1-1073-4c90-9bbb-d489fdf733d3,202,,161.75207176599997,162.97428602599985,1222.2142599998733
3236,4cc2f8dc-eb17-4c95-a39a-e77d3d22d3fc,202,,161.80033591200026,162.98579352800016,1185.4576159998942
3237,df3d0969-ec70-4ec7-9e48-47efd2dc0eed,202,,161.8506470020002,162.9977304590002,1147.083457000008
3238,398437de-b64c-4e04-9f35-3c25331befe4,202,,161.90054291200022,163.019004666,1118.4617539997816
3239,c8376c39-8556-4780-a482-fe4e55b51e24,202,,161.9503716180002,163.02765094799997,1077.279329999783
3240,a940d1ba-288b-44dd-b5ca-bfa7cc6ca6ad,202,,162.00072295500013,163.04820891200006,1047.4859569999353
3241,88eb4d28-2c62-43eb-96c4-73c82d1e107c,202,,162.0515327180001,163.053129033,1001.5963149999152
3242,45164309-6212-48b2-b2c5-c4f737cc61d3,202,,162.1019874650001,163.0676657439999,965.6782789998033
3243,d5b5b81f-c87a-4f6f-85a0-0d7201d8a0bb,202,,162.17120200699992,163.07988598800011,908.6839810001948
3244,9ee82b9b-68df-4550-ae10-18af74e79780,202,,162.20701155000006,163.08956961500007,882.558065000012
3245,a1a1717e-b5ab-423b-b40f-a8e22db74e77,202,,162.25066209700026,163.0997818310002,849.1197339999417
3246,2885363f-e38f-4561-95ef-83c3d209122d,202,,162.3033294830002,163.10941233699987,806.0828539996692
3247,f491ab2e-b4fe-4562-9fa8-2aac3df59b29,202,,162.3552639200002,163.12048757699995,765.2236569997513
3248,890a2137-3a23-4c75-b3f9-63bdb0b27526,202,,162.40235935500004,163.13647818800018,734.1188330001387
3249,ccb6ea8c-2ee1-4457-bfe2-b2c5cca1796e,202,,162.45026948400027,163.14841974399997,698.1502599996929
3250,4305da48-f60a-48e7-986b-feee934e91df,202,,162.50030425900013,163.159890248,659.5859889998792
3251,5a572380-a517-4365-8671-dd0bfb4f70bb,202,,162.55060701599996,163.16721412100014,616.6071050001847
3252,ba8d39cc-0ef5-419c-8e81-72cab7129ffb,202,,162.60239675399998,163.17338990500002,570.9931510000388
3253,4a071247-1293-4577-bfef-5add00230352,202,,162.65730873600023,163.18070936100003,523.4006249997947
3254,d3d42515-7f60-4398-a029-21963acaab27,202,,162.70072604799998,163.18583692599987,485.1108779998867
3255,435562cc-bf60-447a-bc1e-93bae1259389,202,,162.75323098699982,163.19045123500018,437.22024800035797
3256,0443f0ac-a29a-4b40-a79d-4acc6e87a3ef,202,,162.8005629889999,163.19771473599985,397.1517469999526
3257,aa21faaa-43a2-439c-9e19-faed76c40816,202,,162.85051277000002,163.20489057700024,354.37780700021904
3258,d4984a35-8aaf-4a2d-a754-47c48cf6f926,202,,162.90088656299986,163.21075059199984,309.8640289999821
3259,949d2a60-49eb-4f27-a491-6e34107c1f90,202,,162.95145780099983,163.21484206100013,263.3842600002936
3260,d5704666-2b79-4840-8671-7faa2340ee46,202,,163.000557974,163.22137969599999,220.8217219999824
3261,8e57d674-1dfe-48a5-9553-48c92b87dd58,202,,163.05046250700025,163.22381619499993,173.3536879996791
3262,4ec04948-9ba9-46ae-af9d-f46763a8f6a1,202,,163.10048969900026,163.226499761,126.01006199975018
3263,df659b53-856d-4f6a-a7d2-f05398cad8ee,202,,163.1502496180001,163.22789666500012,77.64704700002767
3264,a865f281-3c99-435e-acdf-2ea2c4888d46,202,,163.20077465099985,163.2290308370002,28.256186000362504
3265,15979d40-5e60-4a63-bd4c-abae26e4a2fa,202,,163.25044265999986,163.26693669399992,16.49403400006122
3266,9166785b-110a-4378-94d8-9b3184e2c115,202,,163.30413910000016,163.38677576300006,82.63666299990291
3267,e371c67c-e418-45b8-8bcc-042e5b2d3c2a,202,,163.3553388780001,163.42692554899986,71.58667099974991
3268,265c451f-b416-4aeb-b512-6d3f46ba45d0,202,,163.400524486,163.4911074370002,90.58295100021496
3269,44801fc4-2457-4213-a35c-66d23a23a767,202,,163.46732048600006,163.50097496800026,33.654482000201824
3270,f484a587-f691-4c9e-95b0-787234de6ad2,202,,163.50057282900025,163.52410413100006,23.53130199981024
3271,12d5b04d-ca6a-48b1-9691-ec8ca4064fe9,202,,163.55332608400022,163.58284464100007,29.518556999846624
3272,8a0f233e-2576-45a3-84c9-e7ec03b3e6cb,202,,163.60231518,163.63424669699998,31.93151699997543
3273,50b66840-0c80-4afe-be83-cc4555b7241c,202,,163.65059544999986,163.71061199799988,60.01654800002143
3274,2f3e2fca-1a3b-4130-b564-03fdf483c6c6,202,,163.70139350599993,163.79401410799983,92.62060199989719
3275,01d28414-677b-42c4-b9ee-608886ca3aa9,202,,163.7524364609999,163.83533585500027,82.89939400037838
3276,9ba60c40-072d-4dd4-b73e-36e9219eb906,202,,163.80162129400014,163.95071068700008,149.08939299994017
3277,2359d42b-dcd1-485e-b59c-bcadc4a5ff43,202,,163.85260050399984,163.98549150899998,132.89100500014683
3278,81e87e2b-ed9a-4cc3-a8d1-9a16e35a26e1,202,,163.900484968,164.00263770699985,102.15273899984822
3279,885338df-8994-4f86-a7e7-19cc9511e960,202,,163.9541513260001,164.0111082090002,56.9568830001117
3280,92694183-8cee-42ed-a0a1-7e1e666cc9c1,202,,164.00390649500014,164.04774919500005,43.84269999991375
3281,8c4379db-3adb-4374-a0e4-2ea7f8800ddf,202,,164.05032735099985,164.08321017800017,32.88282700032141
3282,1ac61304-a3da-4424-b8e0-2bdfa9f4ed2a,202,,164.10088075700014,164.15626545600026,55.38469900011478
3283,64321b23-d47d-4cde-8f2d-fa870ce5535d,202,,164.15062296799988,164.18663962100027,36.01665300038803
3284,98d239eb-4c9d-447d-959c-6d98e371c42f,202,,164.20158134600024,164.29122835999988,89.64701399963815
3285,8fce2062-cdb8-4788-8162-fae125d289bf,202,,164.25620022300018,164.30403814800002,47.83792499983974
3286,9f35866a-566c-41d7-b4e4-a849d8d945bc,202,,164.30236255499995,164.33935439100014,36.99183600019751
3287,653e514f-3503-498f-8d24-b2aa59a0309f,202,,164.357143962,164.4083977780001,51.253816000098595
3288,283b7823-f027-4918-9763-37f09056c8a9,202,,164.4004111590002,164.43486333700002,34.452177999810374
3289,e13411ef-d802-4ea6-8943-e293d66eafae,202,,164.49459848700008,164.68963118500005,195.03269799997724
3290,e78f930b-04ab-4c17-a101-09818346348c,202,,164.50145701600013,164.69562944000018,194.17242400004397
3291,cda8bed2-e07d-42dc-994e-1af4fdbb6dcc,202,,164.55424622700002,164.75168696799983,197.44074099980935
3292,ccc6fe9a-5490-490d-aa22-84af26c34599,202,,164.62559345499994,164.82270746799986,197.1140129999185
3293,c0602003-a446-4161-b141-5350ca385a41,202,,164.6506376950001,164.78769453799987,137.05684299975474
3294,fa3dd19b-64b4-4f17-a9ab-7ee34f9c8faf,202,,164.71333122500027,164.82810738900025,114.77616399997714
3295,e1db9f62-2866-4db1-b938-731756dedadf,202,,164.75082527699988,164.84220937999999,91.38410300010946
3296,b773509f-773b-41a5-9086-c1d0c0f5998f,202,,164.80311543800008,164.8486780190001,45.56258100001287
3297,8f2fbe4d-fe85-4bdb-884a-c9bd98202084,202,,164.85021495499996,164.87486918000013,24.654225000176666
3298,37c7d2d7-5dcb-4030-8ded-a87ec81a3615,202,,164.9006030390001,164.9145225000002,13.919461000114097
3299,0422206e-8b91-4fcd-8465-83719fb2b956,202,,164.95097933099987,164.97010381000018,19.124479000311112
3300,451b720b-a1c9-4fb7-bfa5-0ce0d78c2142,202,,165.00078995400008,165.08218199300018,81.39203900009306
3301,be2154e5-3227-4bd4-a118-36366a541790,202,,165.05144368599986,165.09143964900022,39.99596300036501
3302,8e9b2222-d0ae-41c4-8686-b29ecbd7e8ca,202,,165.10047440400012,165.11673141400024,16.25701000011759
3303,0f015c14-fbcb-4274-87bd-130ad4b2521a,202,,165.15022265700009,165.17653626699985,26.313609999760956
3304,8a0090f1-e7a1-48bb-9046-b78631cac228,202,,165.20066598599988,165.24427153499983,43.60554899994895
3305,fee8a6e0-10a5-4d67-8d00-3d62a0c7e1ef,202,,165.25039819799986,165.28025614900025,29.857951000394678
3306,2640b0b1-2eff-4201-9d75-99423dd06feb,202,,165.30143911200003,165.3373720620002,35.9329500001877
3307,7167a2d1-512d-4041-ac70-955d7cfa436d,202,,165.351826653,165.412959624,61.132971000006364
3308,818e8d25-293e-4555-9189-a13c92b3de11,202,,165.40140095900006,165.45831792800027,56.9169690002127
3309,cad34d83-c6f5-40be-a63a-96333feaa216,202,,165.450623748,165.49922053699993,48.59678899993014
3310,22551e67-638b-43ad-a53f-5d9eb3f62638,202,,165.50040249799986,165.53760673600027,37.20423800041317
3311,f956493c-ee68-4b7a-a532-aad6ab0204b7,202,,165.5565477690002,165.6067312,50.18343099982303
3312,a86290e2-546e-477e-a3cf-de5592e43e72,202,,165.60066157500023,165.69399687700025,93.33530200001405
3313,92069de5-6556-4511-a504-65cfc0f8a0f0,202,,165.6570990340001,165.75621910600012,99.12007200000517
3314,06a4af0e-8072-4042-9d1f-5fb7db7649df,202,,165.700559676,165.76035111400006,59.79143800004749
3315,f58b389c-f4ae-4cd3-a987-678ddc5ecdde,202,,165.75161408800022,165.80539914700012,53.7850589998925
3316,8ecb75d7-9996-489f-89c0-149689865688,202,,165.80032924499983,165.87190724799984,71.57800300001327
3317,b4bad3f7-048b-498a-b477-868321bac737,202,,165.8563094860001,166.04695598299986,190.64649699976144
3318,c4b09bc2-b5ae-48fc-ac5f-cebdb1b968ad,202,,165.90655149500026,166.20532448799986,298.77299299960214
3319,a0fdc760-b60a-4d2f-8a62-4ab0e1db2615,202,,165.96989502199995,166.47107774699998,501.18272500003513
3320,8551e547-0849-4459-8e65-9c05d6682c9f,202,,166.04331281600025,166.44730267000023,403.989853999974
3321,06917b99-c0d6-4b22-ac29-731bc2e38cec,202,,166.05069443499997,166.531064796,480.37036100004116
3322,33aa5764-8437-4e58-9eba-38b7dce5b71a,202,,166.10217352600012,166.96441688200002,862.2433559999081
3323,f200f5a2-bc87-46d4-bbf7-ca5bc16f3713,202,,166.16010529999994,166.96486368500018,804.7583850002411
3324,4e7a1723-eb05-4fcc-84e1-4ed6e4dd6f06,202,,166.2059263629999,167.08219471400025,876.2683510003626
3325,7bd3cf2b-7df7-4764-a206-2602503b403d,503,DEPENDENCY_UNAVAILABLE,166.2515364830001,171.49923486399985,5247.698380999736
3326,dac3a1ad-0810-4c60-a0ab-0c3863682791,503,DEPENDENCY_UNAVAILABLE,166.30192868999984,171.5257429190001,5223.814229000254
3327,13cb2f0b-bc66-4511-b2d0-0e76dc4ce3a4,503,DEPENDENCY_UNAVAILABLE,166.356428908,171.52462953700024,5168.200629000239
3328,61367cd2-2dd4-4b00-8f6d-b2e930d2a762,503,DEPENDENCY_UNAVAILABLE,166.40212502099985,171.50458007999987,5102.455059000022
3329,5be5c4d0-3c92-4882-ac47-3b10874af344,503,DEPENDENCY_UNAVAILABLE,166.46007971000017,171.5302748160002,5070.195106000028
3330,3a4887d7-b593-4106-a6e3-bc8cf1409048,503,DEPENDENCY_UNAVAILABLE,166.50599085000022,171.5301766980001,5024.185847999888
3331,5b14cbb9-07b0-4e68-ba7a-d706add95df6,503,DEPENDENCY_UNAVAILABLE,166.55327885399993,171.61009462599986,5056.815771999936
3332,b1840f98-a446-45e0-aa39-950dd7a2ceeb,503,DEPENDENCY_UNAVAILABLE,166.609224972,171.62692401200002,5017.699040000025
3333,a9596c9e-8f55-4847-9bf8-7bbba0a36768,503,DEPENDENCY_UNAVAILABLE,166.65131058299994,171.705594776,5054.284193000058
3334,54047ec2-35f0-4046-94ff-19cf3f31c8b7,503,DEPENDENCY_UNAVAILABLE,166.7356052969999,171.83339716599994,5097.791869000048
3335,b91023ee-4a99-4fa8-bdcc-30faf967a9d0,503,DEPENDENCY_UNAVAILABLE,166.79160320300025,171.83500876300013,5043.405559999883
3336,e557ec35-4018-48a4-b2df-23484839b1d4,503,DEPENDENCY_UNAVAILABLE,166.80746953100015,171.83526991200006,5027.800380999906
3337,b58840a0-1224-45f1-b3be-6ef088d1098b,503,DEPENDENCY_UNAVAILABLE,166.85354561800023,171.86738912300007,5013.843504999841
3338,bd560a39-cd7a-487b-9e45-8edb846a1584,503,DEPENDENCY_UNAVAILABLE,166.90519969700017,171.915094597,5009.894899999836
3339,cbb79dfd-7a2b-406d-9873-689af19622ce,503,DEPENDENCY_UNAVAILABLE,166.9660664769999,172.00327187499988,5037.205397999969
3340,1f2b8259-0faa-460d-b1b1-844977d50574,503,DEPENDENCY_UNAVAILABLE,167.004391554,172.01720346000002,5012.8119060000245
3341,2b6915ab-9818-4e5d-831a-f12ac8084339,503,DEPENDENCY_UNAVAILABLE,167.07095715200012,172.08789081400027,5016.933662000156
3342,fdadec17-de13-4317-aa81-67442d482144,503,DEPENDENCY_UNAVAILABLE,167.10806189599998,172.12309577099995,5015.033874999972
3343,c4350689-8d97-44d7-b2cc-530d0b486dc8,503,DEPENDENCY_UNAVAILABLE,167.15551651399983,172.17019982800002,5014.6833140001945
3344,1571f5a3-1c23-4be5-b6b5-5a56736bc92f,503,DEPENDENCY_UNAVAILABLE,167.20133032700005,172.23317729400014,5031.846967000092
3345,daaf386d-9200-42dc-b026-cd1349e9b9cc,503,DEPENDENCY_UNAVAILABLE,167.25123311000016,172.26105383799995,5009.820727999795
3346,61bed4e7-efca-4401-9021-cccc31b25ed0,503,DEPENDENCY_UNAVAILABLE,167.30498937799985,172.31077367399985,5005.784296000002
3347,0259613d-0426-49f5-abdf-f92779758acf,503,DEPENDENCY_UNAVAILABLE,167.3532292750001,172.36008495399983,5006.855678999727
3348,0a003f6d-2cad-4e3f-9861-8c5d586fecb6,503,DEPENDENCY_UNAVAILABLE,167.40106315799994,172.408599289,5007.536131000052
3349,41ce58c3-ae6e-4c2e-9970-71eb1bdfcd14,503,DEPENDENCY_UNAVAILABLE,167.45251916799998,172.46769127300013,5015.172105000147
3350,a3212d57-9717-4863-ae4b-968398ca1839,503,DEPENDENCY_UNAVAILABLE,167.504086378,172.5120623920002,5007.976014000178
3351,222e6f12-2ccc-4639-8c6b-f4778e79dace,503,DEPENDENCY_UNAVAILABLE,167.55222473999993,172.5673895089999,5015.164768999966
3352,7e596feb-ea86-47bb-8dc6-baad82238270,503,DEPENDENCY_UNAVAILABLE,167.60040093299995,172.60659969100016,5006.19875800021
3353,6d553a16-fa1e-4583-8b68-925ea8f7352c,503,DEPENDENCY_UNAVAILABLE,167.6553195370002,172.66899073900004,5013.671201999841
3354,d3e9fd10-b8c4-4814-9ad0-67f3f4db1a2c,503,DEPENDENCY_UNAVAILABLE,167.70423576300027,172.71098743799985,5006.7516749995775
3355,f42b665f-9e41-4387-a476-39bda374152a,503,DEPENDENCY_UNAVAILABLE,167.75176308300024,172.776376281,5024.61319799977
3356,e0044b08-2ce5-48d1-82ab-e841c24c0b55,503,DEPENDENCY_UNAVAILABLE,167.80085538000003,172.82048491800015,5019.6295380001175
3357,0593c207-5b97-4d38-806c-31460dd0cf21,503,DEPENDENCY_UNAVAILABLE,167.853420896,172.858672629,5005.251733000023
3358,a1e43feb-26e2-4243-97ab-ba5a155c7be4,503,DEPENDENCY_UNAVAILABLE,167.90029642800027,172.9058239320002,5005.527503999929
3359,3c0dde36-c921-4804-bc91-918867210e66,503,DEPENDENCY_UNAVAILABLE,167.95315467399996,172.96527747400023,5012.12280000027
3360,2da5f8bb-4b1d-4d0d-953e-100097f5b277,503,DEPENDENCY_UNAVAILABLE,168.06645397900002,172.23427217800008,4167.818199000067
3361,2440c8bd-0345-40f6-a9de-8ec7de82e944,503,DEPENDENCY_UNAVAILABLE,168.06774264100022,172.197834263,4130.091621999782
3362,6785283e-1e14-4a66-98ca-52a203ab2de3,503,DEPENDENCY_UNAVAILABLE,168.10489129899997,173.13709696500018,5032.205666000209
3363,99e6908e-a5f2-4f60-88b1-7a35e04abe44,503,DEPENDENCY_UNAVAILABLE,168.15360274600016,172.19848925999986,4044.8865139996997
3364,4d6d2248-2c1c-49b8-b44f-ecf8f69f13a2,503,DEPENDENCY_UNAVAILABLE,168.20540377399993,172.2729060239999,4067.5022499999614
3365,0176f9af-7276-4583-a9de-0fb6b94dec9a,503,DEPENDENCY_UNAVAILABLE,168.31059955199999,172.37665752400017,4066.0579720001806
3366,78daa2ef-06dc-4219-a1ae-dd18832d1390,503,DEPENDENCY_UNAVAILABLE,168.32745335300024,172.40656113700015,4079.107783999916
3367,d3ae3b69-69d3-42a8-9a11-f18aa9a20055,503,DEPENDENCY_UNAVAILABLE,168.35356547699985,172.46285785500004,4109.292378000191
3368,d28b9bad-a876-4285-8018-c67dea133a98,503,DEPENDENCY_UNAVAILABLE,168.40299025100012,172.49853527899995,4095.545027999833
3369,ca393d2d-c03b-44b8-88d3-c4ceccc4d695,503,DEPENDENCY_UNAVAILABLE,168.4672033840002,172.53931985400004,4072.1164699998553
3370,15e53d73-3744-4eaf-9628-85896ea5625b,503,DEPENDENCY_UNAVAILABLE,168.52570895100007,172.56538923000016,4039.6802790000947
3371,69d9de66-a05b-4e99-9ac7-90c1e9d0335d,503,DEPENDENCY_UNAVAILABLE,168.55047370900002,172.59127665999995,4040.8029509999324
3372,dc2a2fcd-435f-4beb-81fa-913b0af210e4,503,DEPENDENCY_UNAVAILABLE,168.6007734220002,172.70932742700006,4108.55400499986
3373,483d6cc6-a6cd-446c-ab6f-ef003af6f829,503,DEPENDENCY_UNAVAILABLE,168.65054142200006,172.69366525299984,4043.1238309997752
3374,ea381f6f-a19d-443c-83b2-f039edfa1bf9,503,DEPENDENCY_UNAVAILABLE,168.70094746099994,172.7842462819999,4083.298820999971
3375,a346613e-33c4-4e2d-9ac5-f8dc4c267227,503,DEPENDENCY_UNAVAILABLE,168.75049422600023,172.85349544300016,4103.001216999928
3376,6dc1754e-e315-4b67-8c31-3ba044087d17,503,DEPENDENCY_UNAVAILABLE,168.800964303,172.89443650600015,4093.4722030001467
3377,3cb7ece5-c31e-4588-8c04-35f99fa9a08f,503,DEPENDENCY_UNAVAILABLE,168.85565808899992,172.90846679200013,4052.80870300021
3378,6cfff892-f1d2-44f0-b717-627fe6d6c184,503,DEPENDENCY_UNAVAILABLE,168.90041014200006,173.00613762600005,4105.727483999999
3379,bcd4fa8e-a750-44ae-805d-d2608aad7504,503,DEPENDENCY_UNAVAILABLE,168.95088450999992,173.01361244600002,4062.727936000101
3380,dfb6bc61-5858-4e6d-949b-a6f3355ddb43,503,DEPENDENCY_UNAVAILABLE,169.00632937,173.03057203100025,4024.242661000244
3381,48d2d990-e36a-420a-9806-60dc517327ae,503,DEPENDENCY_UNAVAILABLE,169.06123405900007,173.09961308099992,4038.3790219998446
3382,5f6900de-b5f3-431e-a1a6-b0a3ca26fa93,503,DEPENDENCY_UNAVAILABLE,169.10159857899998,173.216336856,4114.738277000015
3383,7ac29991-dd8b-4e01-bd59-9999eab95bc6,503,DEPENDENCY_UNAVAILABLE,169.15336731600019,173.38213292699993,4228.765610999744
3384,749c3de2-6258-4656-8e0f-4b46bada1ab0,503,DEPENDENCY_UNAVAILABLE,169.20121628100014,173.38676331800025,4185.547037000106
3385,af06c6f2-bebf-4e96-bea6-2d3d6f17addc,503,DEPENDENCY_UNAVAILABLE,169.25584061400014,173.34368948400015,4087.848870000016
3386,2ac30d8e-aa53-4914-ba22-1972b80c2902,503,DEPENDENCY_UNAVAILABLE,169.3025999450001,173.5273334970002,4224.733552000089
3387,4ea9ff08-c114-412a-ae92-358c92a2286a,503,DEPENDENCY_UNAVAILABLE,169.35698346200024,173.5012185820001,4144.235119999848
3388,2b4752bd-09eb-4877-8949-7a14df202fe6,503,DEPENDENCY_UNAVAILABLE,169.40116655300017,173.51639354000008,4115.2269869999145
3430,169f9997-8463-4013-ab80-39ade7073eea,503,DEPENDENCY_UNAVAILABLE,171.52826928700006,173.81037959700006,2282.1103100000073
3431,d2dc8ec5-af01-4cd8-a8a4-98f7da8d69de,503,DEPENDENCY_UNAVAILABLE,171.55467501500016,173.80562404900002,2250.9490339998592
3432,de6506b0-ca14-4968-9e3e-a359e5a8e12e,503,DEPENDENCY_UNAVAILABLE,171.608376744,173.81213918499998,2203.7624409999808
3433,e6d26ce3-6300-404f-a189-ab30586b4fe1,503,DEPENDENCY_UNAVAILABLE,171.69969826399984,173.81224442700022,2112.5461630003883
3434,bf8b6284-2e85-4479-bb44-85e5ae16a860,503,DEPENDENCY_UNAVAILABLE,171.70221659100025,173.81441507,2112.198478999744
3435,6575c73c-60f5-4955-83d2-76c3b47fdde6,503,DEPENDENCY_UNAVAILABLE,171.75227011200013,173.84587249300012,2093.6023809999824
3436,023bb85c-5f04-4d44-ba8a-9a7ba0bc1806,503,DEPENDENCY_UNAVAILABLE,171.80109330100004,173.86123247900014,2060.1391780000995
3437,0ac8803d-6108-41d5-a465-eb30cdae1d75,503,DEPENDENCY_UNAVAILABLE,171.85112282399996,173.8727476879999,2021.6248639999321
3438,bbf054da-93ec-4245-b5d6-1c6b96d6280f,503,DEPENDENCY_UNAVAILABLE,171.90033102799998,173.94992926199984,2049.598233999859
3439,eb9a32b1-bff5-408e-860b-04a6bfa786e1,503,DEPENDENCY_UNAVAILABLE,171.979200236,174.05304276300012,2073.8425270001244
3440,d9f384ca-c3de-4f5b-b782-a4a50a24f78d,503,DEPENDENCY_UNAVAILABLE,172.00129892699988,174.0865815840002,2085.2826570003344
3441,c29cb9c5-b76b-41f0-9545-647391125bb4,503,DEPENDENCY_UNAVAILABLE,172.05376682399992,174.12322702600022,2069.4602020003003
3442,0af17ed7-f81d-406d-b18b-ea7679771c9b,503,DEPENDENCY_UNAVAILABLE,172.1010484520002,174.13407461399993,2033.0261619997145
3443,29462fff-8a48-478a-953e-5fe1950b81c7,503,DEPENDENCY_UNAVAILABLE,172.15058588300008,174.17571621200022,2025.1303290001488
3444,29f2a367-7fa1-41b4-bb0d-af15ea5114f0,202,,172.20054690999996,174.233458704,2032.9117940000287
3445,0da06ac4-6cf3-4345-be99-32f6cbb83921,202,,172.2515394080001,174.2437601219999,1992.2207139998136
3446,b8e94b5f-31e7-489a-896a-2420766dfad2,202,,172.30308024399983,174.2643987040001,1961.318460000257
3447,1f3169a5-7041-48ae-9f50-a33c3640b879,202,,172.35027825299994,174.27044453899998,1920.1662860000397
3448,d750b97c-6cca-4a12-8034-dfaaab549b12,202,,172.4005215520001,174.27894878799998,1878.4272359998795
3449,cc9f2789-0f1f-45c7-a8d0-a970295745b6,202,,172.45113890899984,174.28870107600005,1837.5621670002147
3450,ac41867a-bf9d-40dd-be24-1e0e8f55b104,202,,172.5004303579999,174.29341579399988,1792.9854359999808
3451,cf8e08b0-8f54-4adf-977b-8a8d0ec9215a,202,,172.5502697679999,174.29915752499983,1748.8877569999204
3452,7bac9824-6e3e-4e2f-bbaa-2db158b4ede1,202,,172.60021346300027,174.30531026900007,1705.0968059998013
3453,71d3ff75-4374-42f9-85db-612960974593,202,,172.65018394800018,174.32328336799992,1673.099419999744
3454,5a79089f-e767-4c94-ac50-00c6b9460082,202,,172.70894282900008,174.33086522199983,1621.9223929997497
3455,b41de5a3-1b5d-4156-9eba-7fab483946b8,202,,172.75134741700003,174.33763104900027,1586.2836320002316
3456,99607b6e-48df-4581-bbca-de2338fdb32d,202,,172.80092930299998,174.342558586,1541.6292830000202
3457,7f88e2db-0134-4577-a241-5f38760f4e64,202,,172.85071663400004,174.3564867539999,1505.7701199998519
3458,30a451e3-3796-47e3-a41f-161941adf6b7,202,,172.90034897500027,174.36417468399986,1463.8257089995932
3459,36ba819c-3817-472e-ab67-102ca412d6e2,202,,172.95047615700014,174.36910376200012,1418.6276049999833
3460,5a59a4af-5770-406b-aea9-a9fd65b64228,202,,173.00053409400016,174.37625302100014,1375.7189269999799
3461,4981d248-3897-4e00-a76d-df5b9bbecfeb,202,,173.05040754399988,174.3810002780001,1330.59273400022
3462,09ad06fb-e218-4951-a1e9-fea4f4e63d92,202,,173.10040535999997,174.38827307100019,1287.8677110002172
3463,7f55802e-58d8-4376-896f-9db58dac3ffc,202,,173.15216401299995,174.39363620199993,1241.4721889999782
3464,104c48a0-5a3d-40af-a822-9f8f21a775ca,202,,173.203459157,174.39998343300022,1196.5242760002184
3465,17fd0aab-f69e-4a88-9d14-d647267672d6,202,,173.25080344700018,174.40588694400003,1155.0834969998505
3466,cb0102f2-2416-43b2-94d1-1a7d126c543b,202,,173.30607973399992,174.411103336,1105.0236020000739
3467,4523539c-eb5a-4ce3-be6f-990eb837495c,202,,173.35735042099986,174.426171093,1068.820672000129
3468,c67ca823-97e2-4383-840c-0c9304beebb6,202,,173.41968434799992,174.43117229100017,1011.4879430002475
3469,13bc17a9-44b0-42e8-9f14-ebcd68fcbeb3,202,,173.45936028999995,174.41670161799993,957.3413279999841
3470,58060174-0e57-4ce0-a86b-84d5b2db5967,202,,173.50070482499996,174.4360132500001,935.3084250001302
3471,92da6266-e495-465b-8407-aef468b1581e,202,,173.55638116799992,174.44269479100012,886.3136230002056
3472,a8a73285-7aac-4d81-bf65-b34aecdc13a5,202,,173.60189812499993,174.44704920000004,845.1510750001034
3473,b4c136e3-4bf3-44ce-adea-b55de28d43d9,202,,173.65047445500022,174.45177170900024,801.2972540000192
3474,d570dcff-5b9f-46dc-85e7-da7d06684e1f,202,,173.70030032500017,174.4611041510002,760.8038260000285
3475,0979a1c1-4f7b-46a0-a1ec-48a33e716677,202,,173.750526542,174.4669372090002,716.4106670002184
3476,f2f09229-20c6-47fd-9ea3-51e91d60d93f,202,,173.80349636200026,174.47162721999985,668.1308579995857
3477,a52bebdc-5129-45af-9970-7c84b615e724,202,,173.85063874900015,174.47447310799998,623.8343589998294
3478,dda02a0f-5872-4741-8b0f-78ebd3fe8b4c,202,,173.90039483100009,174.47859974099993,578.2049099998403
3479,4093c98f-b522-4d56-8514-117308c6fe1f,202,,173.95125246299995,174.485262659,534.0101960000538
3480,b9a97b85-9b41-4553-84ee-77182a49c294,202,,174.00029571899995,174.49410309299992,493.8073739999709
3481,f08804f3-34c4-4771-b3e5-bd572b9106a9,202,,174.05047823099994,174.51107471900013,460.59648800019204
3482,e378e2e0-56b2-4da6-ae30-cc47ba2bdcdd,202,,174.10045650600023,174.52671514500025,426.25863900002514
3483,4747aba0-6518-44c4-9562-b833c83f2c68,202,,174.15035966200003,174.53334285600022,382.98319400018954
3484,cae7d8dc-a73b-4c77-b268-a0070fb3957b,202,,174.20051567500013,174.53944393700021,338.9282620000813
3485,e86a8864-236e-472d-8e4b-16b4935799af,202,,174.250278341,174.556035006,305.7566649999899
3486,9e4de07e-ca3c-4bde-9f5a-d956b6286579,202,,174.30024761699997,174.5838233469999,283.57572999993863
3487,4ecdeefb-30ff-483b-8b69-8dedcc7c342b,202,,174.35105737699996,174.58353086700026,232.47349000030226
3488,32cd1575-6879-485f-b77f-cf034bb54494,202,,174.40022412500002,174.58780349000017,187.57936500014694
3489,01a38223-a7c8-472e-af84-1b7bf4b68d76,202,,174.45040697000013,174.59511369700022,144.70672700008436
3490,0c653944-bf2f-4f7b-abe8-e78ff602229a,202,,174.5007073060001,174.60552685599987,104.81954999977461
3491,2b6ad06d-8e3b-4d8c-88cd-8a943f7835f4,202,,174.55076670100016,174.6936549689999,142.8882679997514
3492,42d5e68a-4d7a-446c-87f3-061f947de8e2,202,,174.60038700099994,174.70539812100014,105.0111200001993
3493,c170d695-5834-4187-93f6-9a787621fb3f,202,,174.6507404590002,174.71007284200005,59.33238299985533
3494,d60a0388-d7d1-451f-ab4e-1109a56e4a89,202,,174.7032663089999,174.7344558750001,31.189566000193736
3495,c2735855-6835-4b60-ab6e-1a64597a1512,202,,174.75022183400006,174.77783114500016,27.609311000105663
3496,c0c5e601-4c6b-475b-bcaa-606c272508e8,202,,174.8010947560001,174.8509616639999,49.866907999785326
3497,cb8862a7-6f30-4acc-bddc-1c2a04fe3ee6,202,,174.8513924670001,174.88170959299987,30.317125999772543
3498,474eaac9-6d44-47b9-b3e3-a0cd82da452f,202,,174.9014667360002,174.94730729599996,45.840559999760444
3499,6023ae2c-1f6c-4f09-90e1-06af6e51b1bf,202,,174.95025859299994,174.9741141620002,23.855569000261312
3500,844d0c45-add4-43bb-961d-b2c47e565d8b,202,,175.00134066700002,175.02697782299992,25.63715599990246
3501,8fdfcbbf-c8db-45a3-bd4e-4a785ce7e5ac,202,,175.05044000299995,175.07360432799987,23.164324999925157
3502,c8d63905-a766-494b-aedc-b6796080809d,202,,175.10037907200012,175.1332266909999,32.84761899976729
3503,5db1f497-5c75-48a2-ad9f-debeece1360d,202,,175.15035372300008,175.17786383300017,27.510110000093846
3504,da38beb0-5550-47d1-9410-7896a62d1570,202,,175.2002502119999,175.235870557,35.620345000097586
3505,c5987394-58c4-4305-9fa4-80ad1c27d79e,202,,175.250563006,176.852628782,1602.0657760000176
3506,3ba8a5bb-3605-4fbc-9284-8e37823c2298,202,,175.30068910499995,176.8758345629999,1575.1454579999518
3507,287f0d81-6c50-4370-94e8-a4c3bc3b7731,202,,175.35077645599995,176.89145353100002,1540.677075000076
3508,57c832e5-921f-4aab-9084-155fca07758c,202,,175.40521005000028,176.92173336799988,1516.5233179995994
3509,7938bf10-7d09-4719-8972-21938d474339,202,,175.45032470100023,176.93941019500016,1489.0854939999372
3510,5f524e5e-84cb-4677-af07-d00251dad4b6,202,,175.5002883520001,176.96206634700002,1461.7779949999203
3511,5fa27267-875c-4c32-b799-3008792fc279,202,,175.55038328599994,176.96847724000008,1418.0939540001418
3512,b73cb3b3-23ff-464d-a87e-b732d805936e,202,,175.60587972400026,176.9759752240002,1370.095499999934
3513,b32a28b1-61a2-4c2c-9af3-5591973109f6,202,,175.65100008199988,177.03943540599994,1388.4353240000564
3514,a423ec8f-b43e-4b71-89d6-3aaf0ed10ca9,202,,175.7007342070001,177.05954802399992,1358.8138169998274
3515,048719b2-072e-48ef-bd94-f91c9d8df8de,202,,175.7543710230002,177.0819250290001,1327.5540059999003
3516,b20e34a0-5dcb-4bf4-a3d5-e888667bed73,202,,175.8026989529999,177.09113677100004,1288.4378180001477
3517,efc4944e-5109-4dcf-b1fc-7b9d25fd4842,202,,175.8502765170001,177.09763915700023,1247.3626400001194
3518,9684c62e-f001-4dcc-8fdc-2053a76375d0,202,,175.90049290100023,177.10950359200024,1209.0106910000031
3519,428695e2-159f-44e0-b6f2-7a58e5a567de,202,,175.95026685699986,177.1151247060002,1164.8578490003274
3520,a46fcb2e-d37d-4abc-9de5-c49df82bcebd,202,,176.00430060300005,177.11954461100004,1115.2440079999906
3521,7a2fbc4d-cb7c-468b-8559-f51487959843,202,,176.05557087299985,177.12757068400015,1071.9998110002962
3522,e4231590-644a-4009-803b-33eaf691433a,202,,176.10242944499987,177.13805725600014,1035.6278110002677
3523,b122dc1f-1cd3-4421-ac08-3117a4fe71e9,202,,176.15028628300024,177.14426162100017,993.9753379999274
3524,62b2588d-3798-4794-a049-597989c3927b,202,,176.20372302800024,177.1476805110001,943.9574829998492
3525,7c8791f5-2654-477c-a816-05405aa7661b,202,,176.25048219100017,177.1672980379999,916.8158469997252
3526,80cede89-3c4f-4f0b-88b0-11be0dc2ab53,202,,176.30066561900003,177.1696056300002,868.940011000177
3527,3cf4b896-5a86-4c14-8b18-73ab7695e405,202,,176.3524891840002,177.17625738100014,823.7681969999358
3528,d01033f7-a68a-4f58-9aa3-7b38bcdbf432,202,,176.4048929999999,177.18259540400004,777.7024040001379
3529,7ae297d1-e1ee-423e-9e0d-3da8a9e104c1,202,,176.45082826099997,177.19310618200007,742.2779210000954
3530,bfed1075-3f9f-4c3b-a425-807b0d9bf9ba,202,,176.50231047499983,177.1967438900001,694.433415000276
3531,7ac2640d-e21b-4247-9d08-96e180ccc1a6,202,,176.55040933700002,177.20343934699986,653.0300099998385
3532,14c40246-3b6d-431e-b8ad-a923bc6851cd,202,,176.6005512669999,177.21288565600025,612.3343890003525
3533,7b0fcdb0-04fa-4992-a938-d6832b0aca18,202,,176.6504920440002,177.22494116100006,574.4491169998582
3534,66d7ea8e-05bc-4399-8ce5-398cfd8d51d0,202,,176.70112273299992,177.22615357799987,525.0308449999466
3535,6d4fbfe1-1802-4262-a1f8-680056f0d48b,202,,176.75038322299997,177.23345111800018,483.06789500020386
3536,fc763da8-8ab9-4f72-b6eb-022631be97ad,202,,176.80146658900003,177.25012293100008,448.65634200004934
3537,85158221-a666-444a-a875-654acb1fba24,202,,176.85615133200008,177.25329471299983,397.14338099975066
3538,16d2bf71-1a07-45d2-a531-7bdb225c8ddf,202,,176.90607536000016,177.26220276799995,356.1274079997929
3539,91fc10aa-6a21-490c-9aa3-1b71d1dd5850,202,,176.95026699100026,177.2656092010002,315.3422099999261
3540,92de40e7-569f-4522-aad6-c4ec1dafb927,202,,177.00083555799984,177.27562705399987,274.7914960000344
3541,2235a2b4-1d3f-4226-9cc9-c67dbd978739,202,,177.05044344199996,177.28197736799984,231.53392599988365
3542,7d2ef7ea-902c-4812-8312-96cc637da972,202,,177.10105454799987,177.2876805589999,186.62601100004395
3543,cfd59753-a0b3-4680-8cf0-49098097c413,202,,177.15108486100007,177.2887948990001,137.7100380000229
3544,1f55c298-ce4b-4f7d-a7bf-42295b67d079,202,,177.20107046800013,177.29051303100005,89.44256299992048
3545,a5f8adff-a0df-4007-8521-6c3b24062043,202,,177.25039432899985,177.2939162140001,43.521885000245675
3546,1e78a276-f2e6-4dae-85b8-6f0e1b79e7d3,202,,177.300648293,177.33882875400013,38.180461000138166
3547,b393aa1e-2079-49bc-9110-1be74a5042dc,202,,177.35012139499986,177.37317851900025,23.057124000388285
3548,2b484ab4-4506-4116-ba9d-746b21b362c1,202,,177.4001493740002,177.4195152100001,19.365835999906267
3549,b656cd5d-0a09-482b-8dc7-e85541cdb6ea,202,,177.450216059,177.46947294500023,19.25688600022113
3550,17c55bbb-3ad4-459c-bba7-26784484568d,202,,177.50039757000013,177.53348262999998,33.085059999848454
3551,c3bed687-7f69-42e6-b786-fe8b872d2f39,202,,177.55038255299996,177.63738732499996,87.00477200000023
3552,a510fa6f-689a-4001-af8f-8031ef16ed03,202,,177.6013770909999,177.70955761599998,108.1805250000798
3553,04201b83-24db-4b77-9cd5-09faf0d5367b,202,,177.65062341500015,177.7499119680001,99.28855299995121
3554,c1bfbb10-bab1-40d3-b86f-1604e3b836ad,202,,177.70530749099999,177.86873176300014,163.42427200015663
3555,dba27b29-bb06-49fe-9e6c-358052a41362,202,,177.75262365700019,177.8726938660002,120.07020900000498
3556,88a06a38-19e9-47cc-9c3c-4f62424e3769,202,,177.80951395700004,177.89017608099994,80.66212399990036
3557,cc1fb207-c74a-44c2-b4b9-0be3c5d09604,202,,177.8528931840001,177.93586989999994,82.97671599984824
3558,0298bc18-1ff5-4079-ba23-baf2cf03dac8,202,,177.90483136600005,177.96556635900015,60.73499300009644
3559,834002cc-efcc-4c2a-9e47-b768dce93758,202,,177.9507799590001,177.97977192500002,28.991965999921376
3560,c8bc0c97-9668-4bdb-a3c9-2bd3014c35a9,202,,178.00145956000006,178.09582490999992,94.36534999986179
3561,133c83ae-01b4-4da6-afd2-5244dbffdf22,202,,178.05986408900026,178.14649201200018,86.62792299992361
3562,1dbfddae-022d-4123-a489-4b548f2165af,202,,178.10176925099995,178.34125454700006,239.4852960001117
3563,a218cbdf-a613-4ba1-a2f7-0cf8bfe807b5,202,,178.15324458900022,178.39435310699992,241.10851799969168
3564,c7776df4-75e7-4d1f-9486-84fe86ac2644,202,,178.20037768400016,178.40243305100012,202.0553669999572
3565,c557ee29-5f73-4b38-ad3d-1893d04bac6a,202,,178.25080855299984,178.40163106499995,150.82251200010433
3566,227cb696-fc43-4f47-be1a-7172eb5b9fd3,202,,178.30034773199986,178.40375358600022,103.40585400035707
3567,946c1cf0-9323-4dc4-9615-768def605c97,202,,178.35024280400012,178.42176122299998,71.51841899985811
3568,8f0e789c-faf9-47a2-9d29-81318ffa8c5c,202,,178.40169518499988,178.44220765199998,40.512467000098695
3569,59dc2d55-2dc3-4f33-ac40-43a508419fa8,202,,178.45074256499993,178.46462357000019,13.881005000257574
3570,06e00a0d-4b34-4540-97b8-b02832716f0c,202,,178.50045098300006,178.51792894900018,17.477966000114975
3571,eb29b669-95ea-4040-8bd6-3be9324b101f,202,,178.55048742100007,178.5660836410002,15.596220000134053
3572,8049f0ce-4c18-4a92-9058-ef7d381ec846,202,,178.6003255380001,178.61919694900007,18.8714109999637
3573,606e92ef-3c94-4b51-9ddf-a15746454227,202,,178.65065991200026,178.68409928100027,33.43936900000699
3574,22dbd450-779f-4a0d-9fdd-f5c265ba6a68,202,,178.70038820399986,178.71816131600008,17.773112000213587
3575,85f70ea4-e06b-4eb6-8c21-57d5798e7dd5,202,,178.7502831500001,178.80132430999993,51.0411599998406
3576,3c7b9f5a-31d5-4d68-931a-d8b0a6eb045a,202,,178.80068093699992,178.83114271900013,30.46178200020222
3577,8ca4b2e7-112c-4077-892c-65f34ceb6582,202,,178.85024286499993,178.86743943300007,17.196568000144907
3578,1ad12bea-0179-4f47-9d90-b95619911db2,202,,178.90025467800024,178.91725855200002,17.003873999783536
3579,7a02e599-ff94-49c2-abd1-e8cc99df7db7,202,,178.95025245099987,178.96941613399986,19.16368299998794
3580,09a54a83-af20-420c-a2ae-dd5a9bb28511,202,,179.00029505400016,179.01771360700013,17.418552999970416
3581,769edae3-1a19-472f-9b14-1f2d7a2ab7b4,202,,179.05021383199983,179.0698689400001,19.655108000279142
3582,faefa019-0e06-4a54-9aed-2ba4800d6afb,202,,179.10058012199988,179.12196390200006,21.383780000178376
3583,e7601674-74c5-45f8-b5e1-059d1f0a081f,202,,179.1503578679999,179.1723536899999,21.995822000008047
3584,a2b477b5-6147-4705-a86c-d63064ea6b51,202,,179.20023360699997,179.21341203500015,13.17842800017388
3585,9ef1ab5a-bad8-428b-bc15-927a91742d18,202,,179.25017617599997,179.27210712700025,21.93095100028586
3586,d7f8c8d4-728b-411e-9a8b-3b34a307aea6,202,,179.30022436199988,179.31423206599993,14.00770400005058
3587,d6987136-1631-468f-85ac-cb48379f7a2b,202,,179.35030121199998,179.40668121299996,56.38000099997953
3588,b819b944-5d3f-48b4-ac15-37d90f41ca60,202,,179.40054076000024,179.422152525,21.611764999761363
3589,c8c7fe92-132d-41dc-92a0-766cebbd9270,202,,179.45024609500024,179.4638246200002,13.578524999957153
3590,8d087fe4-bff2-436b-b98a-c613d48e5a72,202,,179.50034031899986,179.53985956199995,39.519243000086135
3591,7f6e0df4-1db4-434d-b693-1c656d60381f,202,,179.55035504900025,179.5816551480002,31.300098999963666
3592,a96038eb-96a9-4feb-b582-b694b4d9da7d,202,,179.60037981999994,179.62606047200006,25.680652000119153
3593,a0ad0d73-45ef-4914-bb7e-184bb4187f3f,202,,179.65135002600027,179.66830831900006,16.958292999788682
3594,b8bc7e4d-ebfb-41e2-a3e4-d8d391fc7a72,202,,179.7003099110002,179.71816339299994,17.853481999736687
3595,ea4052e0-b8d6-4d4d-8d85-fbab724cfe76,202,,179.75023668799986,179.78244405900023,32.20737100036786
3596,7e370d3c-a5ea-44b5-a051-e05ffbe3c219,202,,179.80083225299995,179.82210208300012,21.269830000164802
3597,126702ce-40f7-4a7a-81dc-ab84571df363,202,,179.85076982200007,179.8953962129999,44.626390999837895
3598,5b808081-c99d-4a96-a86b-b57cf9638577,202,,179.90023042300027,179.91736941199997,17.138988999704452
3599,e6cf5890-438c-4a37-b489-365673f22c55,202,,179.95041397400018,179.9754037570001,24.98978299990995
