index,eventId,status,code,start,end,latencyMs
0,6585f72c-3106-4ced-8e44-6c978d96b225,202,,0.00048575800019534654,0.08969038500026727,89.20462700007192
1,e0e0f1ff-23ca-43ae-af87-c553d85ad2cf,202,,0.10120108999990407,0.16940133500020238,68.20024500029831
2,a7e311ed-0cf8-4c86-bef8-b2ed53f59a0f,202,,0.20171614299988505,0.26661486600005446,64.89872300016941
3,aa02bc7c-f7dd-4025-b44e-bc56a9fd523e,202,,0.3008436260001872,0.3457546889999321,44.9110629997449
4,ef6fa3b1-3e1b-4c0e-bb98-ec2c027eaeaa,202,,0.40283299400016404,0.4238390420000542,21.006047999890143
5,5bd98500-b6e7-4ad6-b0de-4beda2e700df,202,,0.5003017580002052,0.5167017080002552,16.399950000050012
6,b271c28e-4da9-49f2-8536-7bec79b5cd47,202,,0.601922568000191,0.6272022799998922,25.27971199970125
7,bc0795f3-b4dd-4da6-9a55-249653740b8f,202,,0.7042759109999679,0.7303958560000865,26.119945000118605
8,41086d3c-fdd3-4751-b6d0-a2995c4affea,202,,0.8027383980002014,0.829540296000232,26.801898000030633
9,a9af657e-0c13-4e9b-9ecd-24adec06903e,202,,0.9023985520002498,0.9295852979998926,27.18674599964288
10,fea9d756-cdb3-4eec-a801-a3a8d88f4ae7,202,,1.0015661150000597,1.0431836970001314,41.61758200007171
11,b6c904bc-7425-4a2d-a670-d4419b3ebe9e,202,,1.1053525679999439,1.1279737130003014,22.6211450003575
12,bf6f3823-90a2-4176-84b8-fd7ee679e22a,202,,1.2024171930002012,1.2339390560000538,31.5218629998526
13,c2e2e0c9-e095-47af-9119-15e0ece9a31f,202,,1.300238681999872,1.3184463820002748,18.207700000402838
14,119778ae-c1db-4235-8401-23f2d8d7a96e,202,,1.4014210640002602,1.4237612289998651,22.340164999604895
15,6b4f9471-01d1-4b30-b383-6c83d67aad4c,202,,1.5029516310000872,1.5217561230001593,18.80449200007206
16,461620af-1908-4cad-891c-5d026c40f7db,202,,1.605339429000196,1.6246255969999766,19.286167999780446
17,4e47782a-df58-47eb-b599-ebe848548fc7,202,,1.7022177759999977,1.7264480590001767,24.230283000179043
18,96b8c674-63c3-4f48-81fe-903e5d478a1f,202,,1.8012568060003105,1.8331963480000013,31.939541999690846
19,06ab6a27-5b1c-4b3e-85bd-ae2b86d5b80a,202,,1.903173720000268,1.9318932770001993,28.71955699993123
20,9839d703-48a3-4f66-aa60-733a0bbe5ca4,202,,2.000684814000124,2.0303294740001547,29.644660000030854
21,1e0cfbdc-e8ec-474f-9acd-fa3709c4a43a,202,,2.1021465100002388,2.137637806999919,35.491296999680344
22,3ee34d8c-653e-4231-bcb6-ac1815b20cab,202,,2.204568139999992,2.2399928160002673,35.42467600027521
23,74f95b19-663c-4253-ae90-e951eab31ba1,202,,2.3007675329999984,2.366216968000117,65.44943500011868
24,ea9476f8-9415-4148-8851-61383d6a74a5,202,,2.4002994870002112,2.4207915709998815,20.492083999670285
25,b4eb7d32-05ca-4162-b980-52cbbf68d575,202,,2.5015875700000834,2.514832363000096,13.244793000012578
26,aafd4685-9c24-4466-933a-635ba16a44c0,202,,2.604790021000099,2.626551558000301,21.761537000202225
27,d9ffd981-3a60-4d79-bf22-406c862268a0,202,,2.702698753000277,2.7204156960001455,17.71694299986848
28,e1b8c139-059e-4918-85bc-56f644a723a1,202,,2.8004346650000116,2.8238987099998667,23.464044999855105
29,d3b75bd1-e9f3-4e1f-b2ca-f7fc99dcc39d,202,,2.9003592170001866,3.7240036650000548,823.6444479998681
30,4ffd283c-11a0-4d62-ae04-25229329b2c5,202,,3.0030548690001524,3.7305068820000997,727.4520129999473
31,b07790dc-9f77-4068-9625-90f19472dddf,202,,3.100843359999999,3.742829780000193,641.9864200001939
32,50e3ddbd-d125-42a3-8f4b-566ff481af4c,202,,3.2007081669999025,3.7568160640003043,556.1078970004019
33,e0f89d45-448e-4076-87a2-7de8c3a3e697,202,,3.3013940830001047,3.7636959629999183,462.30187999981354
34,402078bb-3295-4f9c-9f0f-e01f76bde304,202,,3.4018743040001027,3.7898693619999904,387.99505799988765
35,c9f11ffb-1c78-4dc9-8643-a089fa7caa8f,202,,3.503420286000164,3.79996137299986,296.54108699969584
36,b10a0c89-d1c1-484b-9d4c-ee36b646acba,202,,3.6019841400002406,3.7988604080001096,196.87626799986901
37,151232b4-05c5-4523-943b-4921ab9689cd,202,,3.7009092190000956,3.795340901000145,94.43168200004948
38,55982c19-f146-40aa-bd7e-1051519864dc,202,,3.800308266000229,3.8251227169998856,24.8144509996564
39,e8df34e2-8fd9-4126-b8e6-34e883c98f89,202,,3.900610250000227,3.9232985150001696,22.688264999942476
40,80e09800-b1f3-4e9f-8cc6-1671b33167c4,202,,4.0007953250001265,4.025611818000016,24.816492999889306
41,b90b23a7-efcf-4319-8a63-e72c75d7eb35,202,,4.1021147390001715,4.120958270000301,18.843531000129587
42,cb217e26-cc66-4671-8ffc-59799f1fb3eb,202,,4.20057505800014,4.220621673000096,20.046614999955636
43,ea1000c2-2d36-4e43-b517-3b72673b6d38,202,,4.30320429800031,4.333217141000205,30.01284299989493
44,ebceb6cc-9024-4521-9d96-ce9c88963ab4,202,,4.400881714000207,4.428548718000002,27.66700399979527
45,9b3130a0-5372-4474-ad15-82123fc2dde0,202,,4.500383670000247,4.518517916000292,18.134246000045096
46,660ea815-a21b-453d-977c-158410a5bb23,202,,4.600242225999864,4.6276969529999405,27.454727000076673
47,c232ebb0-0984-4910-bb00-3747df3dad86,202,,4.700295518000075,4.716384114999983,16.088596999907168
48,ee68c3f3-2e9a-4c9e-990f-198e9ff7f621,202,,4.800363227000162,4.8693876219999765,69.02439499981483
49,93651741-318c-48b8-8cee-b98b4f26dd29,202,,4.900619172000006,4.918477563000124,17.85839100011799
50,f4be38ca-286d-4ef1-9d2d-d9fd702c0d87,202,,5.000964361000115,5.043704489999982,42.74012899986701
51,2aa5a566-19c6-485f-bb0a-ddd3b78b399f,202,,5.10077592000016,5.123226994000106,22.451073999945947
52,8e22995d-735c-416f-bd62-199fe879f97a,202,,5.205435520000265,5.222796445000313,17.360925000048155
53,73e39563-f73b-404c-b781-4c1b4dc14a64,202,,5.300860257000295,5.319455264000226,18.595006999930774
54,5c0f5927-3c8b-4544-8b40-400f628df8a9,202,,5.404846403000192,5.421562623000227,16.71622000003481
55,92fba531-2249-4956-b639-26388c3d31ad,202,,5.502440240999931,5.519031801999972,16.59156100004111
56,d376af75-7eac-4247-8124-5c27f096c5ea,202,,5.605073020999953,5.636322195000048,31.24917400009508
57,3a319189-24dc-4641-a67f-2f26e8772447,202,,5.705441958999927,5.74674760400012,41.30564500019318
58,9d8333f5-c55f-4bc9-b112-113630c0df76,202,,5.802973300000303,5.820790860000216,17.81755999991219
59,4a17dc59-c915-44a6-bede-aa0c382c500b,202,,5.900270825000007,5.922442126000078,22.171301000071253
60,fe17518a-eaba-4358-a7c3-7630ff19ebaf,202,,6.000350824000179,6.024101223999878,23.750399999698857
61,0372a99e-8784-4dc4-9adc-c53198122063,202,,6.105533970000124,6.1236700909998945,18.136120999770355
62,aa3e6924-68cc-48a7-9422-9763ebf89d6d,202,,6.204903351000212,6.220679218999976,15.77586799976416
63,86a04587-5dc2-40fd-aa60-793b34364fd4,202,,6.302755296000214,6.328938235999885,26.182939999671362
64,2cfbb8c5-e0a1-4e0c-bdf6-79d749d4a2d2,202,,6.404321858999992,6.429794890000267,25.473031000274204
65,02ee78ab-5a49-4a51-9885-6fec77fa4f92,202,,6.500343138000062,6.519009348000054,18.666209999992134
66,5eb66d91-8da8-4319-88ed-c813365b5a95,202,,6.603734115999941,6.620703317999869,16.969201999927463
67,2ee1317c-8cf3-4241-856d-9263876b42f0,202,,6.700945813000089,6.734843969999929,33.89815699983956
68,e9e170c2-cd38-4c10-84f8-24b6f865b6a6,202,,6.805603579000035,6.8388154080003005,33.211829000265425
69,e02adeac-03ae-4bba-8cbf-6a7e3136e297,202,,6.9022331080000185,6.9633320510001795,61.09894300016094
70,9f93cf7a-543c-475d-b15c-5fcd14490df2,202,,7.004531910999958,7.027033481000217,22.501570000258653
71,c12b8ef8-4895-44c0-ad5f-2dcac7eb11fe,202,,7.100801047999994,7.1127878450001845,11.986797000190563
72,35248d28-80ac-4017-b2a4-d57deda2f58e,202,,7.2036171499999,7.222507677000067,18.890527000166912
73,2ffe35f2-9a35-4ebb-9a59-b851fb355952,202,,7.304304022999986,7.328044840000075,23.74081700008901
74,023e9fc4-8d20-446f-964a-366f839dd604,202,,7.40329272200006,7.427025873000275,23.733151000215003
75,bfad16e0-0e77-40b6-b647-9f6f3379e602,202,,7.501450479000141,7.535280848000184,33.83036900004299
76,7d65a267-60b2-419f-82cf-6337341792ab,202,,7.605656317000012,7.6444253029999345,38.768985999922734
77,f05e3e3e-400d-4eba-aeef-d65259d97982,202,,7.705400963000102,7.733189168000081,27.788204999978916
78,86b91fdc-b834-484f-8b0c-09622dbbf1be,202,,7.805654617000073,7.832646959000158,26.992342000085046
79,d1404129-57f5-474e-b2dd-37ac998cf3e7,202,,7.9005548059999455,7.9580989119999685,57.54410600002302
80,739c88e6-f7d9-4430-8c04-1e84c1658a78,202,,8.002110994000304,8.02971812800024,27.607133999936195
81,2d41a112-d59d-4783-9968-b947527f9879,202,,8.100261501000205,8.11512889000005,14.867388999846298
82,09f9510c-48bd-4a32-aa30-cce709797196,202,,8.201180441999895,8.21714233800003,15.961896000135312
83,c08194eb-bde6-45e2-9076-cd35dc9dded8,202,,8.305334034000225,8.326002063000033,20.668028999807575
84,97d19047-1b1f-4bfc-aefb-8f8fbaa3b24b,202,,8.405632349999905,8.442185532000167,36.553182000261586
85,b8e55fe9-c8ea-4727-92b2-c010d9cf34a8,202,,8.503009784999904,8.529094107000219,26.084322000315296
86,af154ea3-ac1b-417c-990d-36101dda4cb5,202,,8.602336085999923,8.627271737000228,24.93565100030537
87,e6b07b8a-d9fe-4913-88ad-056bf39fb2ed,202,,8.700680871000259,9.551391602999956,850.7107319996976
88,89aa5574-5058-4ff7-bc18-0450f5c9f26b,202,,8.802505581999867,9.55676473199992,754.2591500000526
89,c64fe827-24a9-4ea9-86d9-37bd45896241,202,,8.900271073000113,9.574290895000104,674.0198219999911
90,d55a4ff1-893f-4c89-b602-9e27d65beba7,202,,9.00080453999999,9.58293542299998,582.1308829999907
91,a876b775-7792-4869-a01e-fe1909464574,202,,9.101836389000255,9.610623217000011,508.7868279997565
92,3d76cd01-59f4-4c12-8a13-77ef46531b90,202,,9.200245545000143,9.623468495999987,423.2229509998433
93,7a20abd1-eba1-4d91-a6ab-05e0038db9e9,202,,9.301517752000109,9.624768031000258,323.250279000149
94,72de7ef8-67c2-4ab7-a454-07b045d988f0,202,,9.405380697000055,9.63658029699991,231.1995999998544
95,695d76b3-5ea7-4a69-9de1-3514f49f03ee,202,,9.503670736000004,9.634583810000095,130.913074000091
96,a9a62b7f-5c8d-4cee-bf68-5883017f57b2,202,,9.601217909000297,9.658581443000003,57.363533999705396
97,1926a3c6-72b8-4cee-90fe-e13208c23bd6,202,,9.701922489000026,9.73608754299994,34.16505399991365
98,8ac7c15e-a657-4bda-88e8-bd9478a2cda0,202,,9.804432901999917,9.826295640999888,21.862738999971043
99,7d532a53-ca33-4b33-ae90-150bfcbee046,202,,9.901347868999892,9.91933258400013,17.984715000238793
100,0eb0e2fd-e794-4993-bb2d-dbfdcf500d6c,202,,10.003927777000172,10.035640627000248,31.712850000076287
101,6387393d-12cf-40ec-96af-bbf83646df6e,202,,10.102416094000091,10.122210516999985,19.794422999893868
102,d36598b4-7811-4958-8b3c-231a128568c7,202,,10.20418330800021,10.237453632999859,33.27032499964844
103,e160d5ec-0719-480e-8cfc-061b885343b8,202,,10.301561325999955,10.319154068999978,17.592743000022892
104,61b02d87-aed5-4f0e-8ccf-ced3c5c47d5c,202,,10.405252033000124,10.424129061000258,18.877028000133578
105,b3d3b2c4-705d-4f16-aa69-4618eca3f719,202,,10.50040178900008,10.51769030200012,17.28851300003953
106,9266bad5-19cb-4738-9938-0e737683b612,202,,10.603106022000247,10.628695043999869,25.589021999621764
107,f3e26fc5-e892-4a43-b765-75b96a94b558,202,,10.700195393000286,10.718581621999874,18.38622899958864
108,a2690a97-a1f8-4ff9-8764-a96f3859a59d,202,,10.800539288999971,10.827283148999868,26.743859999896813
109,018c6543-6685-49a8-89ab-b9a68f98b8a4,202,,10.904557931,10.920627362000232,16.069431000232726
110,adbf62b9-a4dc-4b12-badf-539294e86940,202,,11.00123895600018,11.017198310999902,15.959354999722564
111,63b37a5d-fc88-4d60-a7e7-0013dd65cbcb,202,,11.100990976000048,11.134511116999875,33.52014099982625
112,55ba67e7-3a24-41a1-af54-67735a09b62d,202,,11.20429362599998,11.237349466000069,33.05584000008821
113,52bdaeb3-bca2-4949-accc-e1f50da4c873,202,,11.300568179000038,11.327027765999901,26.45958699986295
114,a31aaccf-178e-49e0-a2cf-8643809bbd1e,202,,11.400544224999976,11.423935400000119,23.39117500014254
115,431cbcda-17bf-4541-99d6-cf5329b45efd,202,,11.505453598000258,11.535432024999864,29.97842699960529
116,5ac90b5c-0722-423c-a6bb-0002194d8f41,202,,11.602714914999979,11.623673924000286,20.95900900030756
117,479b88aa-9a6f-4252-b1ed-fa2aae357015,202,,11.700346956999965,11.717871620000096,17.524663000131113
118,61f959b7-5fbf-4286-9fb1-e0b2c792b3f8,202,,11.801502088000234,11.817313287000161,15.811198999927
119,fda4e1b6-e339-4386-a347-c667e72ff1a4,202,,11.900638275999881,11.919103457999881,18.465181999999913
120,0c48a8e0-46b4-44f5-bb53-ff35cc4913ab,202,,12.00530258200024,12.030677744000059,25.375161999818374
121,44ae6ba6-0d2d-445b-a924-a9afc43ef923,202,,12.102812007000011,12.131197128000167,28.385121000155777
122,c2cf667f-dd8a-4ada-bff4-aae1dac190f7,202,,12.200381303000086,12.22678718599991,26.405882999824826
123,b87d2fe3-b25d-4be3-abfd-63a411f7d555,202,,12.305416250000235,12.333049048000248,27.63279800001328
124,864de247-f792-4804-8f24-ae4a165e026c,202,,12.403816280000228,12.430578847000106,26.76256699987789
125,d3ebbf0a-2e19-45e2-b657-77394be2a44c,202,,12.503289320000022,12.541162451000218,37.873131000196736
126,97f46e10-d984-4441-849c-ea45669ca343,202,,12.600361567000164,12.618395320000218,18.033753000054276
127,b40d62b6-2b03-4d71-8a02-0b2157cb8fec,202,,12.702027245999943,12.734315097000035,32.287851000091905
128,30eface6-b8b3-4447-b18c-ec9df5698efc,202,,12.800208999999995,12.82455073400024,24.341734000245197
129,847c432d-c63f-4523-a8c3-a0ef36accb04,202,,12.901230639999994,12.931587167000089,30.356527000094502
130,1a4a2a5d-6d79-4e50-a40d-4c2d9ad27c25,202,,13.002926609000042,13.028059830000075,25.13322100003279
131,9372c6f1-bb6e-4288-bff5-bd7a90fa4865,202,,13.10070630700011,13.122156866000296,21.45055900018633
132,e2ee112a-8699-47a5-9c1a-305d3300aeaa,202,,13.201747696999973,13.229069307999907,27.32161099993391
133,df712a11-ce3a-4cf6-a4d5-c3eb96c29636,202,,13.301206987000114,13.327006412000173,25.799425000059273
134,417a98d5-35cc-40d6-9487-f02dcbdaae51,202,,13.400587949000055,13.431945155999983,31.357206999928167
135,5187b1ba-4051-4f31-8d8a-72eb897e8b6c,202,,13.50085422500024,13.535115815000154,34.26158999991458
136,e22fdbfc-155a-461d-86f3-afa0e2c8cfdc,202,,13.601125833999959,13.633654960000058,32.529126000099495
137,688c16a7-03bc-4c8d-a007-8dd76bc132ea,202,,13.70181908099994,13.730709667000156,28.89058600021599
138,d89fb7ad-9404-4f6b-9759-96bccb32fc6d,202,,13.800550796000152,13.832372553999903,31.821757999750844
139,29f38b20-f472-4982-81e0-f18edd74af9b,202,,13.900231528999939,13.919492239000192,19.26071000025331
140,27f1262f-4ce0-4fa5-a2c4-42ec73a9f1df,202,,14.004163260000041,14.023643497000194,19.480237000152556
141,47af1acc-ce58-48dc-99a5-090030d6e8d8,202,,14.102876185000241,14.122010237000268,19.134052000026713
142,208ba556-7f69-463d-b7c5-4800a76567cd,202,,14.204846260000068,14.239765262000219,34.91900200015152
143,af06e5b4-24ce-4953-8bfc-40a4d6b9d7db,202,,14.304879927000002,14.323074877000181,18.194950000179233
144,153359d4-c421-441e-b825-2e6a460bdc7e,202,,14.405617169999914,14.429750168000282,24.13299800036839
145,11fdb770-b664-45e6-bb28-399661c72820,202,,14.505570051000177,14.534377809000034,28.80775799985713
146,a70e7bd9-b845-4873-8e1f-2aee398814c9,202,,14.602695127000061,15.46402019900006,861.3250719999996
147,9b0c1a04-9c14-404b-84a6-b5ae1361220b,202,,14.700367957000253,15.473160732999986,772.7927759997328
148,64bf381a-3c72-4b6e-b672-dbb10b6978ad,202,,14.801082369000142,15.495545769000273,694.4634000001315
149,0b647084-dea8-4e9f-8518-85173e8ac367,202,,14.902352159000202,15.526486338000268,624.1341790000661
150,7bc23010-b720-4ba3-a324-262901d41ef4,202,,15.001838072000282,15.552473333000307,550.6352610000249
151,e86c95e8-68a5-46b9-9a05-f5ac2d91b5d0,202,,15.101255114000196,15.56851393199986,467.25881799966373
152,87699918-90a4-4728-a215-49e3665566db,202,,15.200675822999983,15.57963474600001,378.9589230000274
153,9809ec6e-94d9-4f5a-8ede-4d420a3924b2,202,,15.300430717999916,15.583718255999884,283.28753799996775
154,e78a76fd-49be-47c7-a97c-7cc35382ee00,202,,15.400789571000132,15.583871161999923,183.08159099979093
155,36a42766-c3f1-4ea1-82b1-ccbad67abf9f,202,,15.500600919000135,15.583954280999933,83.35336199979793
156,b02143fa-8c38-47af-bc05-508a80fd6d1f,202,,15.600342398000066,15.62428778399999,23.94538599992302
157,5063ba66-af9e-406e-b5c2-c2863e63a414,202,,15.700400896000247,15.715929406000214,15.528509999967355
158,9fc6a1b1-5786-430b-9766-c13aef7312b2,202,,15.800831410000228,15.814883147000273,14.05173700004525
159,aeec0d32-1ca2-4d5d-84a6-f74bdf4870e0,202,,15.905142156000238,15.928720192000128,23.578035999889835
160,1c811f7b-9980-44e6-a24d-2b83984eb6ec,202,,16.000790709000285,16.023094459000276,22.30374999999185
161,17229feb-c528-4286-8c6e-deac9240c17a,202,,16.105397101000108,16.132421899000292,27.02479800018409
162,b86b6248-7138-474d-b561-c724f427ffe3,202,,16.202739161999943,16.22761565100018,24.87648900023487
163,058c15b5-3258-4d99-8e5d-77cf104f772a,202,,16.301132400999904,16.333580199000153,32.44779800024844
164,b6657525-51c4-477a-be18-f15c32f05d3c,202,,16.40231673800008,16.43250002600007,30.18328799998926
165,7f4e17f4-d15d-4bac-965a-f98213d32496,202,,16.505532434000088,16.54240305200028,36.870618000193645
166,47cf09c7-46e9-4dd1-8e5e-e5ab8636681d,202,,16.60029479900004,16.623809339000218,23.514540000178386
167,c3c6fa59-f197-4ce8-8e19-e30c57822c8f,202,,16.700262593999923,16.723906210000223,23.643616000299517
168,04e0461a-fed5-4014-8c38-2c30b4cf8083,202,,16.801523093000014,16.815277808000246,13.754715000231954
169,e31ad91a-043f-43f3-a270-4e24b66665e8,202,,16.905396160000237,16.92253855800027,17.1423980000327
170,fbf10ee7-9c73-4aa5-9e7b-dbdc2bb8c952,202,,17.005586399000094,17.03698981100024,31.40341200014518
171,8ea87bf9-c9c5-4427-bebf-1fe0c5b709f1,202,,17.105895630000305,17.133736495999983,27.8408659996785
172,1323e3dc-36ce-4f2b-b107-57c63f182205,202,,17.201128295000217,17.234530068999902,33.40177399968525
173,0207288a-ab17-462c-b164-acafe99693ae,202,,17.301069593000193,17.333348111000305,32.278518000111944
174,c5a01e8d-7a76-444a-a5ae-f9ee40f6334d,202,,17.40381315500008,17.425670602000082,21.85744700000214
175,5a7a4b3c-04a4-41e3-aa6c-e0a2a9558338,202,,17.500699455999893,17.53508407800018,34.3846220002888
176,c3d20cb1-f9d2-48aa-a763-22bdc2be6271,202,,17.60219710399997,17.63535293599989,33.15583199992034
177,13729018-6149-4f35-94bf-4a46a86f138e,202,,17.700710292000167,17.728230722000262,27.520430000095075
178,b69398a2-d691-48db-bb1a-030a7025af0d,202,,17.800427980000222,17.81677747399999,16.349493999769038
179,440b4017-9eba-4231-ba7f-8d3e1b1e4482,202,,17.90111922599999,17.920316732000174,19.19750600018233
180,9a31da86-945f-40c4-9ffb-3357895c897b,202,,18.000362530000075,18.02465260000008,24.29007000000638
181,d2d82cbc-71fd-481d-8cb4-cd566c482c91,202,,18.102702328000305,18.12471663899987,22.014310999566078
182,d1aeab19-425a-4a73-9706-5b331a851fe5,202,,18.20097286600003,18.242429124999944,41.45625899991501
183,5f9db997-f36f-4f5d-837a-6c87405222e9,202,,18.30433371900017,18.35193413600018,47.600417000012385
184,ad71ce0d-7d24-40a6-aaa4-f06eb079bac7,202,,18.40164011600018,18.424660023999877,23.019907999696443
185,069f0e41-e496-4489-9c9b-6fb2787d97b8,202,,18.503680351000185,18.52447012199991,20.789770999726898
186,499f33ff-4581-4630-a8c0-e528d657703d,202,,18.60142784200025,18.62640486500004,24.977022999792098
187,81434442-ed12-4e9b-8c68-e964cb202e7a,202,,18.700223509999887,18.718164145000173,17.94063500028642
188,5d5e8184-e1f4-468c-b890-2eafb639b425,202,,18.80210471500004,18.813100079999913,10.995364999871526
189,a8e18ec7-f25e-4953-8788-8240a0395471,202,,18.900390835000053,18.914263209000183,13.87237400012964
190,2d1aa97f-7555-49a8-b53a-fd3ec812a3bf,202,,19.00524154300001,19.020312209000167,15.070666000156052
191,34659340-d743-4031-a23d-688221253463,202,,19.10275404999993,19.117144013000143,14.389963000212447
192,a1d3b8f5-43cd-4a59-ae11-dc53792dfe9b,202,,19.204946650000238,19.236380268000175,31.43361799993727
193,ace99350-527a-43d4-8f94-490850acf39f,202,,19.30163325600006,19.33209752399989,30.464267999832373
194,dfeba396-fd77-461d-9ecf-d2eb34e80463,202,,19.404692421000163,19.44423585300001,39.54343199984578
195,40ac9ca3-aa87-484c-8653-140f3890cfa9,202,,19.501251326999864,19.52978493799992,28.533611000057135
196,d79198f9-2fb6-4c1a-85ec-ba3b892f59ca,202,,19.60105879999992,19.618782740999904,17.723940999985643
197,bc7782a8-88fe-4c8f-8609-251ebcce55e2,202,,19.703057997000087,19.839150753000013,136.09275599992543
198,2cd1546f-d9bc-4c90-a743-00f21560def5,202,,19.80089993899992,19.901662013000077,100.76207400015846
199,2f895283-eefa-490c-8ee7-7a954f94761a,202,,19.90091056500023,20.034226928999942,133.31636399971103
200,71533fc9-cac6-4a7c-b435-e78ee8db9c54,202,,20.004904499000077,20.11021050799991,105.30600899983256
201,c8ae695e-6a57-444f-a5f0-17650eda52bb,202,,20.109048172000257,20.37995398000021,270.90580799995223
202,5d8b50ed-a994-40d4-85ea-926ffcffd6f4,202,,20.204718472999957,20.44339896700012,238.6804940001639
203,32625c21-9c4e-4ba2-94fb-e507e52c7ffd,202,,20.316646107999986,21.58666478100031,1270.0186730003225
204,bce149c3-2dd1-4cb0-a653-05989d4d7721,202,,20.410210804000144,21.609399208000013,1199.1884039998695
205,2266e655-5647-4a81-9ddf-5c0a451b4ffe,202,,20.50153536400012,21.62081241900023,1119.2770550001114
206,064b3c45-2db1-4169-9bd7-46034d7ef134,202,,20.601413373000014,21.6267307600001,1025.3173870000865
207,78d735e4-1429-42fd-8cc0-8a962ae2d608,202,,20.702223944000252,21.64458519200025,942.3612479999974
208,2549a691-1990-4515-a7bc-361f20dc2b40,202,,20.801445998999952,21.652968570000212,851.5225710002596
209,897f7fdd-d1de-4e3e-ba80-8164952c1b87,202,,20.904355757000303,21.67395178600009,769.5960289997856
210,5d1c495f-e98c-4dfb-b2ae-28050d82ed05,202,,21.001817309000216,21.684740455999872,682.9231469996557
211,387b49f0-ee2c-4bee-a8f2-7f1e3a7dfbf1,202,,21.10293585799991,21.695754695000232,592.8188370003227
212,28d56481-b203-4b7b-9353-39c0db473259,202,,21.200959537000017,21.711487356999896,510.5278199998793
213,3f397933-536c-4d97-ae34-840fe02ed866,202,,21.302815035000094,21.721743814000092,418.92877899999803
214,ad16ea30-564b-4ee6-8c14-3684a18f4c75,202,,21.40086875399993,21.720247458999893,319.3787049999628
215,cd4710dd-8aa1-4e19-a4d7-f81de1696e9e,202,,21.501194233000206,21.725154703000044,223.9604699998381
216,db0d304d-a565-4aa4-bcb0-3e9e550850db,202,,21.600930752000295,21.731074044000252,130.143291999957
217,2428593d-0cd3-4ae4-af86-31e4be91efb6,202,,21.700310712999908,21.73697975999994,36.66904700003215
218,0b20cb8f-a52f-4185-8d72-5d4ec7adf977,202,,21.800392125000144,21.816828904999966,16.436779999821738
219,d902a0ef-dfcb-4089-a322-ffe305aaab99,202,,21.901104867999948,21.918671861999883,17.56699399993522
220,62c1c10d-6b85-482f-ba48-c3c0b4748015,202,,22.00053349200016,22.019264779999958,18.73128799979895
221,da6920d7-396d-400d-8941-105d127754d5,202,,22.104627169000196,22.131402942000022,26.775772999826586
222,b345f82d-1886-4e69-963d-9115ca011a58,202,,22.204908400000022,22.23266985500004,27.76145500001803
223,d6e9e6f6-3c60-409d-ba24-b6b93618982d,202,,22.30399038099995,22.33582572100022,31.835340000270662
224,8a928e73-6715-4d02-b1f7-3785c6234390,202,,22.405174175999946,22.428251621000072,23.077445000126318
225,3fa114b0-669f-475d-8458-6640c5f7ec25,202,,22.505418409999947,22.5336834550003,28.265045000352984
226,3a74c4ac-9e45-443b-b759-27ef7d877445,202,,22.604087877999973,22.635510246000194,31.422368000221468
227,687be93b-612d-4383-9610-331ef2bfca21,202,,22.700314681000236,22.734302955000203,33.98827399996662
228,c9c66df7-c02e-4291-aa48-164449671aa5,202,,22.80035963699993,22.81608121599993,15.72157900000093
229,e657fc03-9859-4624-8ab8-ca89b0fe99cb,202,,22.90055008299987,22.912601583000196,12.051500000325177
230,77b3677c-0dcb-4137-8298-7c3299da5393,202,,23.002090726999995,23.0168053350003,14.714608000303997
231,8d033b63-24ee-4309-8267-9092bcd9c1c9,202,,23.102597151000282,23.128404242000215,25.80709099993328
232,ced1a2e2-24ca-451c-8c07-94aa6b6c0ab7,202,,23.202197763000186,23.227196618000107,24.998854999921605
233,bc4c9819-7d5f-42f7-bfe0-1ee1d9551c2c,202,,23.302833553000255,23.332204731000274,29.371178000019427
234,61d51a4d-4257-411b-9704-ba649b42ce49,202,,23.40448214900016,23.439504852000027,35.02270299986776
235,118b8353-2cd5-4443-a92f-3028cfd45c7e,202,,23.50317724000024,23.537029189999885,33.85194999964369
236,0b83e950-99b8-4d46-a542-37b3bb10087d,202,,23.605573991000256,23.632369846000074,26.795854999818403
237,2e0b9236-a813-4201-af9b-46b6dccc0933,202,,23.703054083000097,23.744519673000013,41.46558999991612
238,9ea7cee2-79be-436d-977c-4eac1eb854ef,202,,23.800196739000057,23.81848522500013,18.288486000074045
239,9b3f1e0a-410b-4722-9579-8a5c2535d2df,202,,23.9002440700001,23.915990856000008,15.746785999908752
240,5dcb011b-130b-4759-a796-a8b0c5e45e95,202,,24.000336814000093,24.015189704000022,14.852889999929175
241,7e630c4b-1e54-429d-907e-290d40a258ee,202,,24.10531638700013,24.131013777000135,25.697390000004816
242,fb62a875-56b2-4ca3-9f88-e4a0402ca00e,202,,24.200984771000094,24.21568958700027,14.704816000175924
243,6e361520-9af0-493d-93c9-1dbd8364163b,202,,24.305326513000182,24.324742962000073,19.416448999891145
244,eba38851-7e05-4f44-ad19-5c8c79100884,202,,24.401604729000155,24.433151547000307,31.54681800015169
245,22b5eeaf-21a8-4f4c-9d74-7d5b6be4bd48,202,,24.503116584000054,24.527118465000058,24.001881000003777
246,2637d3ae-a379-43b9-9364-8d3d3c10b654,202,,24.601378329,24.6338203360001,32.44200700009969
247,9c9b4dc4-212f-4a29-b52e-48479a086331,202,,24.701188092999928,24.73322112799997,32.0330350000404
248,bda5d76f-efec-46f1-b5e9-1bed699d5933,202,,24.800313195999934,24.819936254999902,19.623058999968634
249,ec4fe1d3-a18b-4977-824f-ca5cce52cb7a,202,,24.902837312999964,24.91341029000023,10.572977000265382
250,847936e7-de33-4685-b9a8-c2155eb01a47,202,,25.000647090000257,25.01632108900003,15.673998999773175
251,207d7abb-46c4-4b01-819f-fa07f4d51178,202,,25.100324446000286,25.122079358000065,21.754911999778415
252,fdd9c41e-0ffe-438c-bd75-0ca52eaefd7a,202,,25.20308967200026,25.218141006000224,15.05133399996339
253,8a7ae572-21d5-4592-9b37-3e09f74be303,202,,25.30169239399993,25.323645209000006,21.952815000076953
254,5eac1486-30d9-4ef7-8582-1a037fc808a1,202,,25.404559321000306,25.430862294000235,26.302972999928897
255,62bd7fda-63a3-46ed-b39e-b94e9a01cbbf,202,,25.50367384099991,25.532323110000107,28.64926900019782
256,6437b180-0491-4d71-a290-943311a47791,202,,25.60557616799997,25.63407603099995,28.499862999979086
257,58cd547a-afd4-42ce-95f2-40c25c4bf4bc,202,,25.705697535000127,25.74380602400015,38.10848900002384
258,0f8840fa-eee3-49b8-8c49-6c35a4a9d335,202,,25.800372987000173,25.84414250100008,43.76951399990503
259,e354d23f-910f-4c88-b9f0-fd2bc1b7fef6,202,,25.900133171000107,25.91756754800008,17.4343769999723
260,86aadf16-9d42-473a-919a-aae7f878545a,202,,26.004063232000135,26.020917442000155,16.85421000001952
261,457ff82d-089b-4368-8ba3-8801b2858b4a,202,,26.10532202100012,26.135234452000077,29.912430999956996
262,f2fd24fd-0ed5-44e6-b34f-ec669d57b66a,202,,26.205316105000293,26.224455488999865,19.1393839995726
263,296533d2-a5a1-4ba0-b33e-d75fa617fa83,202,,26.304375877999973,26.325566621000235,21.190743000261136
264,496b6843-41e4-4800-ac0e-e279206cfefa,202,,26.4055753370003,26.434295767000094,28.72042999979385
265,861e4eb4-a81d-4af6-8a52-966d66795043,202,,26.50241926400031,26.53181714700031,29.397883000001457
266,68393fe6-688e-497b-bb64-7af1af7867ac,202,,26.60195329599992,27.43670130999999,834.7480140000698
267,0522082a-2769-4213-8842-cbe9ed37b944,202,,26.7014789130003,27.442166140000154,740.687226999853
268,fec670ba-a22c-47f2-a744-f1a2a2429669,202,,26.800515562999863,27.46212513499995,661.6095720000885
269,d308774c-ede1-44ad-a7b5-6422ae821df5,202,,26.902175781000096,27.498633860000155,596.4580790000582
270,223c8a39-2544-4f17-a5f8-bdbbf2b4a0b3,202,,27.000488356000005,27.50728488599998,506.79652999997415
271,a40d81d0-36d4-4722-a604-de1ae3f4df43,202,,27.102199488000224,27.522084446000008,419.8849579997841
272,39f40171-ca7f-4f98-977f-429a8d91e75f,202,,27.201426957999956,27.530943875000048,329.5169170000918
273,2e19e6e7-bb4b-44d2-96aa-7da00c0e910a,202,,27.302290690000063,27.531322557000294,229.0318670002307
274,474cfb22-38d8-48d5-8d7a-ad06ba358a68,202,,27.400734214000295,27.535367277000205,134.63306299991018
275,a76aaae3-4838-4a4f-a76b-644d71ade31d,202,,27.50027583000019,27.538261286000306,37.98545600011494
276,9926e647-334a-4c18-babf-97c8b97ad997,202,,27.6006060980003,27.624881044000176,24.274945999877673
277,7407b35c-ea60-40da-9f03-0b4f3b87e495,202,,27.70197000400003,27.716707276000307,14.73727200027497
278,2ba8389c-7b7d-4f4d-995d-f7df97fa8e33,202,,27.803434818999904,27.831375636000303,27.940817000398965
279,2315827b-4f20-4c7e-9240-1a7fe671ddf0,202,,27.901105480000297,27.9203503990002,19.24491899990244
280,38707c1f-c28a-4c13-b689-8b628a514446,202,,28.001772100999915,28.027040061000207,25.267960000292078
281,32da5f1b-908d-4368-9677-5e6d210190e3,202,,28.105438722000144,28.125140441999974,19.701719999829947
282,1dfd2c4a-5209-4a8a-8c15-2c0e52190b44,202,,28.206092592999994,28.246027164000225,39.93457100023079
283,7db37b19-375f-4d35-bf8c-472b60c8fb5e,202,,28.305563921000157,28.34391593500004,38.35201399988364
284,a857b196-c21a-442b-b90f-7e08841c76a4,202,,28.40544372100021,28.42602213100008,20.578409999870928
285,39cc86ec-bb68-4e21-8418-904b0ae58339,202,,28.50029653499996,28.52830264000022,28.006105000258685
286,c4f13dd8-15e3-41f7-8bf5-2e1eaa321183,202,,28.600837956000305,28.624568314000044,23.73035799973877
287,867c85eb-e878-42f8-b948-9b083825d5f3,202,,28.701022233999993,28.71662452999999,15.602295999997295
288,73437a3a-2fe1-4901-9f30-ba731ec8f080,202,,28.805294772000252,28.82406322399993,18.768451999676472
289,b6ed6b24-9a09-4319-922f-2593ae46de4a,202,,28.901750808000088,28.924295290999908,22.544482999819593
290,bd284f19-f6b7-46e4-8d4d-8d375f5b6997,202,,29.00537180800029,29.032142539000233,26.770730999942316
291,11f5a3ac-8511-4057-84ab-fb250320e928,202,,29.104993208999986,29.1317047360003,26.711527000315982
292,cab65a68-d955-4b90-9e5f-9e4e0c39c36f,202,,29.202584624999872,29.22641914299993,23.83451800005787
293,5028b55f-e3a7-4546-afe0-fdf6afc1f49d,202,,29.303192624000076,29.347477311000148,44.284687000072154
294,85553f94-22e2-4dfe-86a8-0db3ce5bf073,202,,29.40272978100029,29.423575881000033,20.846099999744183
295,3935ffbd-5763-4cf9-90fe-7662f336aa89,202,,29.501673937000305,29.537356801999977,35.68286499967144
296,5265b1f8-3af0-4448-8a32-9ad43d1f7b43,202,,29.60027345000026,29.619336131000182,19.062680999923032
297,7f61cb2f-9397-474a-a53f-34e9e46ce1cf,202,,29.70038539999996,29.711400221000076,11.014821000117081
298,d32ace35-825f-43a6-b508-cee2e2d33f43,202,,29.801138596999863,29.820877440000004,19.73884300014106
299,e248a8c1-9bf9-4db6-9bc1-6d67ee274d9a,202,,29.900753999000244,29.91868409200015,17.930092999904446
300,9665fb5d-214b-4730-80bc-edf3e08ddc69,202,,30.004199009999866,30.04250231900005,38.30330900018453
301,b0d3d082-beda-4d74-9e5c-5c7c8cd0157e,202,,30.10183179800015,30.12225113600016,20.41933800001061
302,3a55b517-1622-4ef7-9434-efc3432c2c09,202,,30.20065529600015,30.214352514999973,13.697218999823235
303,8a72e181-86a2-4f42-b40c-22d43c3faa48,202,,30.305293308000273,30.320308436000232,15.015127999959077
304,daac5aaa-fe0b-4f5f-9d51-a88332644c27,202,,30.402882723999937,30.445383742000104,42.50101800016637
305,96d0f366-fe83-4e06-9631-66ea62db6bbe,202,,30.500688542000262,30.5217882070001,21.09966499983784
306,5fe1a130-0079-48d1-b86a-7511d8f7ec04,202,,30.60371337300012,30.63355493400013,29.841561000012007
307,c8763b43-f8f7-4701-a621-2fe2d79f3606,202,,30.700293151000096,30.73199250000016,31.699349000064103
308,f89cb20b-d00c-405b-8043-766632e43b5b,202,,30.802924260000054,30.822502114000145,19.577854000090156
309,52b8c0df-8304-43c8-bb9c-80bad705cb0b,202,,30.901135716000226,30.926762985000096,25.627268999869557
310,a36be2c3-e169-4d3d-94ae-2286b621ec92,202,,31.000403975000154,31.030979818000105,30.57584299995142
311,fe1824f9-76b1-4d65-9ae1-684f919e6270,202,,31.105380588000116,31.128348291000293,22.967703000176698
312,a729e8f0-130a-4aee-8d91-32dcf055ca77,202,,31.205372588000046,31.22642204900012,21.049461000075098
313,0810e1f4-80ef-4fb0-a8bc-70b6192c2311,202,,31.30355879600029,31.333152790999975,29.5939949996864
314,900465d9-c600-4f9e-810e-4683ee14a184,202,,31.401075009000124,31.42323935100012,22.164341999996395
315,f9bb8a59-be10-49a9-8921-b93d373241af,202,,31.505395708999913,31.53186142000004,26.465711000128067
316,c1c79973-7f4d-4df4-9eba-82d2bfc5c3b2,202,,31.60286242500024,31.669063845999972,66.20142099973236
317,1a2b991c-9d38-42c2-bb2b-8cd8b1a2da5e,202,,31.700531461000082,31.722910204000073,22.37874299999021
318,e59a5e95-cb3d-4e13-874e-ad6c930a1542,202,,31.803694033000284,31.81576653100001,12.072497999724874
319,a3068839-9c96-4b15-a40f-e8cc30b98ad9,202,,31.904142667000087,31.922516646000076,18.37397899998905
320,0f1fad88-185e-430c-bfdf-22faf9d88bec,202,,32.00202014700017,32.02349086999993,21.470722999765712
321,2dbd822a-5f06-44b8-96b3-5e485ba9022f,202,,32.10061782599996,32.12797885000009,27.361024000128964
322,4b8dcda2-86fc-4159-b49e-6e3a2d26d401,202,,32.201801367999906,32.22304019100011,21.23882300020341
323,2ebeb50c-2055-4f84-a136-859fae521e15,202,,32.30104183699996,32.32729885400022,26.25701700026184
324,c26c1397-5b8a-4c8d-b4c7-5ede7f6d2803,202,,32.40068756900018,33.2507738459999,850.0862769997184
325,b343fb59-2b15-4bf3-b3a7-929638150793,202,,32.5009961300002,33.28685193299998,785.8558029997766
326,477c0a4d-4b8a-45aa-bebe-98f05d32c734,202,,32.60085463899986,33.30865213400011,707.7974950002499
327,51fb1f0c-49bc-4830-882c-7e653b7c4560,202,,32.70171070300012,33.32692591100022,625.2152080000997
328,ab481b0c-c49c-4e86-8435-08b4d38902f3,202,,32.800342964000265,33.34648355800027,546.1405940000077
329,67bbd7d3-6e4d-4beb-8871-707d38437d26,202,,32.900448747000155,33.356791303000136,456.3425559999814
330,745a41df-8fb1-4203-84a0-37fc404ac59e,202,,33.00190447800014,33.36688656300021,364.9820850000651
331,a300b260-75a5-4f4b-bde4-2030daf0d981,202,,33.10531690800008,33.366979681999965,261.6627739998876
332,6fdefd24-5941-4bf5-952b-87cedf402aa0,202,,33.20525303600016,33.37093528300011,165.6822469999497
333,4d44631b-ec37-4d0d-b5f7-aac1f4a7c75b,202,,33.300415287000305,33.37469702299995,74.28173599964794
334,7544854f-f872-4433-a8e9-27ffa2ef0f21,202,,33.400247756000226,33.4184246650002,18.17690899997615
335,151a77d7-d953-4845-b61d-a5fa4d3dc218,202,,33.50430855700006,33.52081649799993,16.507940999872517
336,2c2ebcf5-3033-42a3-bd0b-2011250d85a9,202,,33.60527032300024,33.62694815600025,21.67783300001247
337,35fcac56-3bae-4202-ba3d-4ecd139f23cd,202,,33.70143808600005,33.72465073100011,23.21264500005782
338,59881b89-f92d-4a68-b32b-5896188db862,202,,33.80542851700011,33.841112632000204,35.68411500009461
339,4bc36cf0-b6da-43da-b5fa-038b633ca123,202,,33.90535972899988,33.93037274900007,25.01302000018768
340,3de5c12c-b569-4051-bc7e-75ebc2725137,202,,34.00554429900012,34.02817277500026,22.62847600013629
341,646a0cdd-532e-4dd0-b43d-b327cbf1cae2,202,,34.10023245699995,34.114880110000286,14.647653000338323
342,beaa6a1b-8adc-4084-887c-79104b564246,202,,34.205988182000056,34.23670109900013,30.712917000073503
343,286b4087-4fea-47c4-b6b7-a12276f81813,202,,34.305577043000085,34.329502762000175,23.925719000089885
344,a80843c0-01c7-4e75-be26-3e7b43ecee49,202,,34.40031694700019,34.419581031000234,19.264084000042203
345,a2fa33c1-08a4-46d4-ba02-2ed1c290afb2,202,,34.500263199000074,34.52021431899993,19.951119999859657
346,1f1d2e29-2f1d-4d58-b5a3-cddc229f1511,202,,34.60050484800013,34.637276220999865,36.77137299973765
347,ef81b686-61af-4471-9f31-93d44b59287e,202,,34.701949872000114,34.72031226800027,18.362396000156878
348,d9e6b58f-0cc1-4d54-9179-8c0f1ef6a484,202,,34.801413281999885,34.82464221700002,23.228935000133788
349,96472b88-5d59-4bae-a509-5c83fbf0c53c,202,,34.901638390000244,34.92469221200008,23.053821999837965
350,fea4e64e-1c54-40f9-a525-f2331cccf464,202,,35.002741771000274,35.0293681789999,26.62640799962901
351,e5edf167-c60b-4ecc-8d8e-d41a790d879c,202,,35.10275635200014,35.12797919000013,25.22283799999059
352,dacdac79-d841-45d3-b24c-e6e3be73325f,202,,35.200713867000104,35.2338832800001,33.169412999995984
353,d9e74b68-2acb-457f-b4ce-3aa2e6e80518,202,,35.301341739000236,35.32366623600001,22.324496999772236
354,35e22cda-5c8e-48a0-a566-e1797724480b,202,,35.400745153000116,35.43784992000019,37.10476700007348
355,828db518-78af-41ea-8272-b8c98d6db782,202,,35.500386427000194,35.519188959000076,18.802531999881467
356,7ff41032-7ce7-4589-b2d0-96f0f84c077d,202,,35.60051245800014,35.61828110400029,17.7686460001496
357,38ba9ec4-ff63-40c8-92d6-070ed3662cde,202,,35.70272584500026,35.747037570999964,44.31172599970523
358,5a35da25-62d8-4b0a-b283-74018012823c,202,,35.80518038199989,35.8221972880001,17.01690600020811
359,ced2184d-b38b-4f19-a8b1-57e4a18b2cd5,202,,35.90536324300001,35.93012907100001,24.7658279999996
360,b079d0a4-41ca-4e14-97c9-91a0dccfb13f,202,,36.00107799600028,36.020450655999866,19.372659999589814
361,a791c07d-53bf-444c-84f0-ee8095110225,202,,36.100879591000194,36.115125398000146,14.245806999952038
362,bd9ed10d-1270-493d-b975-61cf5b1c2a17,202,,36.20131847599987,36.21893496600023,17.616490000364138
363,881899da-e502-4cec-b341-6cd56e64c891,202,,36.30264238300015,36.32616671400001,23.524330999862286
364,47357562-8973-425c-b97e-5e476a63433c,202,,36.400594815000204,36.429716092000035,29.121276999831025
365,ae621fd5-5a9d-4d4e-a3b9-ec9a0739b705,202,,36.50031770700025,36.52126679999992,20.949092999671848
366,85611b1a-ee8a-48ce-b6c7-e45703682654,202,,36.600720678000016,36.62216211100031,21.441433000291
367,e930def9-d046-4820-8c13-e7216410bef0,202,,36.7026742070002,36.71984851900015,17.174311999951897
368,4876cc5a-cc38-45a8-9229-7c0ed7dabdbe,202,,36.80540993300019,36.82969296100009,24.283027999899787
369,e3140b16-4bbb-40be-94d6-3f6366656f81,202,,36.90544492900017,36.93177539899989,26.330469999720663
370,55eb9740-8e21-4537-b115-ec637b54b125,202,,37.00485126000012,37.034980050000286,30.128790000162553
371,e3ccd44c-8aa7-4ce6-a5a7-873fff02eb4c,202,,37.10193487600009,37.13709956899993,35.16469299984237
372,aa1b0019-c712-471c-88a8-83ce2d7b8c13,202,,37.20355463800024,37.22802386100011,24.46922299986909
373,5e6ac599-6ec7-4803-8999-9e26bbe5e94c,202,,37.30070604100001,37.322200304000035,21.49426300002233
374,47379b8d-b936-41b7-984a-df192acf9339,202,,37.40059204699992,37.42972998999994,29.13794300002337
375,03b75ff5-4453-4ee0-ab67-f0cf0e49328b,202,,37.50039697600005,37.558078110000224,57.681134000176826
376,e4dbb8e3-4e66-429b-853b-c341ef901f21,202,,37.600691578999886,37.61945419699987,18.762617999982467
377,c0687f51-f051-49de-9366-1cbbc8e97d05,202,,37.70238550100021,37.71828419300027,15.89869200006433
378,84e253ed-8672-460a-86d7-e85a1649d7de,202,,37.800579707,37.82140630799995,20.82660099995337
379,48a281c8-f782-4eda-a1d7-8c53974d8e26,202,,37.90095867900027,37.9261451870002,25.186507999933383
380,486816cb-19f3-4d93-a3e8-05a679d80116,202,,38.00339055099994,38.03874418800024,35.35363700029848
381,ae51b56a-f06a-44f7-b4c7-1cc55e65738f,202,,38.10552577599992,38.129175598000074,23.6498220001522
382,9b3e2076-8cf6-4cfe-b713-c0f796aa4e67,202,,38.20105199999989,38.23613444800003,35.082448000139266
383,45652c56-82c0-4018-8761-07113bf7a105,202,,38.30077280900014,39.373890355000185,1073.1175460000486
384,39ab259a-4e25-4061-b440-b5657faef04d,202,,38.401572085000225,39.377118548,975.5464629997732
385,971ba366-df24-4f3d-b35e-7e0a77f54ef7,202,,38.50068522800029,39.39998821600011,899.3029879998176
386,aa5ec258-dac6-4c87-848e-8b221535ab51,202,,38.60064606200012,39.442985490999945,842.3394289998214
387,8fbc8419-43dd-4cd5-9053-47cc09ba2cc7,202,,38.70038841099995,39.46362664600019,763.2382350002445
388,e67e0985-dca0-4c41-a271-d36426d995f5,202,,38.80067901400025,39.481552030999865,680.8730169996124
389,68ae655c-232d-4d4a-abdf-4372c69c9b1f,202,,38.90298951900013,39.495036680999874,592.0471619997443
390,2269fe88-1595-4f4c-ae30-2799542bc229,202,,39.00252538199993,39.52153888900011,519.0135070001816
391,0bdec462-3404-4cf4-925b-559eafd1a6f5,202,,39.10267420299988,39.52569147700024,423.01727400035816
392,9429d72a-8350-40fc-8b34-c2ecaac347c4,202,,39.20124888300006,39.53580098600014,334.5521030000782
393,adbcf5d6-430e-4a94-9d77-ab8753a5aea8,202,,39.3008819480001,39.541310646000056,240.4286979999597
394,aee19ef1-f303-4aa7-9449-f45f89b6ad9c,202,,39.40035123200005,39.55040993300008,150.0587010000345
395,7e8f0477-a047-4509-8e0f-61b9db697683,202,,39.50457422999989,39.5651083329999,60.534103000009054
396,30952fcb-a925-4b6e-8485-568e36875b3c,202,,39.60031539700003,39.62371023700007,23.39484000003722
397,417655cc-9968-4cde-8daa-03c15b5dae94,202,,39.70060920800006,39.71618371300019,15.574505000131467
398,c71c59f0-2d37-4dab-80f7-d5d408bb6bf7,202,,39.80532617100016,39.82431198199993,18.985810999765818
399,e5509065-bfd6-44de-925b-e6e0560d1011,202,,39.90534158399987,39.9267420619999,21.400478000032308
400,3aac243d-75e5-4693-9de4-57864ec4bfaa,202,,40.00188140399996,40.0247648630002,22.88345900024069
401,f8cda591-3337-4523-b769-fdafc2ef8e72,202,,40.1011764509999,40.11824472800026,17.068277000362286
402,cbcf3b50-7412-4bc4-a13d-551345c19ab9,202,,40.20165799899996,40.21790608299989,16.248083999926166
403,fe45870e-9dd2-4952-bb32-01993b01f8fe,202,,40.300394333999975,40.3230294760001,22.635142000126507
404,d05d5400-f438-4479-a8f2-4bdacdcbc300,202,,40.40094891800027,40.43733810899994,36.38919099967097
405,7679c680-d457-474e-b57d-2e14fce142e1,202,,40.50048578099995,40.53873559300018,38.24981200023103
406,ea0f930c-1165-428c-9c70-d8cb8c442c99,202,,40.60057127300024,40.6470992200002,46.52794699995866
407,33111a09-00b1-48d4-8aa8-05e4129b1cd0,202,,40.70081908700013,40.73589032700011,35.0712399999793
408,696bb51c-5092-46cd-b021-265eaf31b716,202,,40.800596724000116,40.85476993400016,54.17321000004449
409,38845d2f-5d54-4309-a2d6-8ef40477cdb0,202,,40.903782585000044,40.92364091900026,19.858334000218747
410,75498d89-61f5-4287-8e43-d41cc391b91e,202,,41.00125117400012,41.03721660200017,35.96542800005409
411,90c4cd37-92c4-43b5-ad9a-7e3272f64426,202,,41.103266157000235,41.1624343970002,59.16823999996268
412,4d4d1b1f-8f12-47a2-8a95-80213b2bdc94,202,,41.200426018000144,41.246556326000245,46.13030800010165
413,b6c1cfff-a747-4fcd-bff9-f75cd17001be,202,,41.303184950000286,41.33935528000029,36.17033000000447
414,163805af-1769-4796-b6c0-bf403bac0eed,202,,41.40338722500019,41.45899604400029,55.608819000099174
415,10224916-2544-442e-b198-694223d0b8d5,202,,41.50196086300002,41.55670861599992,54.74775299990142
416,cb70097d-0e47-4256-b144-4c349fe7417f,202,,41.600408384000275,41.633905442000014,33.4970579997389
417,9837e551-f430-4b0c-ad08-51e305522428,202,,41.70072611000023,41.73421379299998,33.48768299974836
418,e5c4a8aa-ec6b-490b-8d30-a5ac512e3f63,202,,41.80067627700009,41.833029205,32.3529279999093
419,1404e8fd-4ff8-4be8-92a6-121d23e090c8,202,,41.90219575299989,41.92053919199998,18.343439000091166
420,a48cebf0-ec64-46d9-81e8-cf3a6642061e,202,,42.002350363999994,42.024685736000265,22.33537200027058
421,ee7263d4-cf9c-495f-ad62-15f5d43fc259,202,,42.105408359000194,42.133588992000114,28.180632999919908
422,512ae0fa-cf71-4d8f-8679-997aeb34855c,202,,42.201014493,42.22253112899989,21.516635999887512
423,138d12b3-0f86-4a3b-9075-cbac9f5c0822,202,,42.303338288000305,42.33136976500009,28.03147699978581
424,7866adf4-bfc7-4a62-92c2-214f019c4d5f,202,,42.40108848299997,42.418167218000235,17.078735000268352
425,52a6bf41-c812-4011-8dbd-3b08b2b01016,202,,42.50272878300029,42.53441379900005,31.685015999755706
426,641a4431-dc5e-4a8b-a422-cf3d2c25e04c,202,,42.60133604400016,42.621811835000244,20.47579100008079
427,5570c418-aada-47e8-8145-de166ca3e703,202,,42.70055451200005,42.71709432500029,16.53981300023588
428,4c281d6b-447e-41a6-9d0f-e59e10f70e04,202,,42.802411422000205,42.82031222500018,17.900802999974985
429,e237275e-c74f-4cea-a615-ebe21b731268,202,,42.901008807999915,42.9174016740003,16.392866000387585
430,86e37c90-7b6b-421e-805b-9ec9acc62ebc,202,,43.00173954599995,43.03696456700027,35.22502100031488
431,343f8035-8854-4315-91ba-8f12e4e07ceb,202,,43.10469708900018,43.13591459500003,31.217505999848072
432,f9aa2d8b-2195-4b17-a606-cff054f2a473,202,,43.205527402999905,43.22474494900007,19.217546000163566
433,22e0687f-0dc3-4de6-8749-b0b65fb1dbfa,202,,43.300740399000006,43.330507714000305,29.767315000299277
434,f2272777-a9c0-4989-9652-cb3531fe5b39,202,,43.4009587139999,43.44236409899986,41.405384999961825
435,c4563ef7-b880-4a64-a4a8-60e86715d993,202,,43.50132647700002,43.53450755599988,33.18107899985989
436,c8611d22-a4c1-438b-bc7c-b7fc211d83db,202,,43.60095320900018,43.63609915200004,35.14594299986129
437,3ab24d3f-cd5a-40e3-8080-b74ef5a8bf2b,202,,43.70149641800026,43.72872719999987,27.230781999605824
438,f318f073-8315-4d99-b79a-9fa2d70b2bad,202,,43.8001833809999,43.83785481599989,37.671434999992925
439,a887d3b2-629b-47d5-87c8-b0421a5e6d9a,202,,43.900360656999965,43.935003051999956,34.642394999991666
440,96afe304-1d40-4ef6-b0e7-bba88945e3f9,202,,44.00192779600002,44.02893076100008,27.00296500006516
441,de276977-11e8-4af0-819e-73ddbca1967c,202,,44.102554500000224,44.124333450999984,21.778950999760127
442,55b1332b-e176-4adb-aeb7-a3d74083ec26,202,,44.20542450599987,44.24034396500019,34.919459000320785
443,740887bb-b7d9-4c5a-8a95-3b553aae0252,202,,44.305453209999996,44.3299730130002,24.519803000202955
444,7b137cda-f342-4898-8101-8f95ac1da871,202,,44.400401430999864,46.128946152000026,1728.544721000162
445,5a0b05f3-e308-4f89-bab7-78ce912e230f,202,,44.50380910900003,46.13983735700003,1636.0282480000023
446,49c39f21-1ba4-4f74-8bc4-673ff531dd74,202,,44.60045604700008,46.16572060699991,1565.2645599998323
447,0104be32-05dc-47e1-8693-6bdfcef08546,202,,44.70321872700015,46.18354229099987,1480.3235639997183
448,e5ae54ac-2fdf-4ede-848d-9828c1aec5a5,202,,44.801654791000146,46.22473264900009,1423.0778579999424
449,0594b0ca-3d21-4c07-bf9a-4d91e38f6fd3,202,,44.9100122509999,46.238706682000156,1328.6944310002582
450,824a89b9-7006-4747-9b47-f4f3140485fc,202,,45.01400034700009,46.25270063000016,1238.700283000071
451,fa32e3f2-feb4-4818-b0a5-29f180a8e6c7,202,,45.12906500899999,46.27455628400003,1145.4912750000403
452,2827855c-3b3b-476f-a494-f3fefe1c17ef,202,,45.20775498100011,46.27821848900021,1070.4635080001026
453,e3ee5cc3-0319-47a8-9f33-437d8098b166,202,,45.30035761499994,46.291503278000164,991.1456630002249
454,11fc7276-ed1d-4fbb-9d55-932249190fe2,202,,45.40042414900017,46.30586299300012,905.4388439999457
455,4a0be691-de75-4e1d-b5ac-37091c468b9f,202,,45.50279706499987,46.31899333399997,816.1962690001019
456,b8543c15-0e55-49fb-b621-d5db43028709,202,,45.60260382500019,46.32904813799996,726.4443129997744
457,acf604fd-41cc-4cdc-b598-4e33a2cfffe3,202,,45.708881136999935,46.335422822000055,626.5416850001202
458,bed41c1f-c253-40ce-becc-3af407b6bc9c,202,,45.80164180100019,46.34751811000024,545.8763090000502
459,1dfd29d4-b693-4e91-9026-55606682ac7a,202,,45.905551985999864,46.35793697300005,452.3849870001868
460,e1f205ce-c978-4151-b067-fda83856e6b0,202,,46.0067272350002,46.366399637000086,359.67240199988737
461,3305a4e1-93c3-4ea2-91d6-0c876c6a7953,202,,46.10080584900015,46.367779041000176,266.9731920000231
462,4b41080e-90a9-4519-94ac-977ed7345640,202,,46.20033075399988,46.37131629700025,170.98554300036994
463,273034bd-099f-46d4-a0ac-3f187360e105,202,,46.30100716200013,46.37196454400009,70.95738199996049
464,994c4c38-7590-4f64-864d-ddf5417b3e8d,202,,46.400183132000166,46.417616593000275,17.433461000109673
465,8a4a9f49-f6e5-481f-863d-7f91a3d894cb,202,,46.500611474999914,46.51756367600001,16.952201000094647
466,0e200143-dfc0-4137-9aef-6a982f20602f,202,,46.60517382199987,46.62685798800021,21.684166000341065
467,0521af62-9a83-463a-bc83-e38a9aa79878,202,,46.701512488999924,46.731955549000304,30.443060000379774
468,6d0a451b-db99-4153-90d0-49a15f77d383,202,,46.801427241000056,46.83680900099989,35.381759999836504
469,9004dc7b-cb96-48da-aef4-7ba8c764c666,202,,46.90087969200022,46.96754070399993,66.66101199971308
470,55580a3f-728a-4d08-a382-5dd18ce59300,202,,47.00534367099999,47.02765358600027,22.309915000278124
471,1bd08cbe-7ee9-4555-8ceb-293cedccf7fe,202,,47.10535129200025,47.12465462299997,19.303330999719037
472,0cfcd972-a4cd-4af7-a1bb-74cbde35ee5e,202,,47.20424607399991,47.323447533000035,119.20145900012358
473,f0c338a7-b748-43bb-8897-920efcc40e03,202,,47.300550076000036,47.35092471500002,50.37463899998329
474,386c1cae-9f69-48ea-a7fb-51eaa7e44955,202,,47.400486826999895,47.43183361599995,31.346789000053832
475,250e61cd-28b6-4456-8038-6b9838617172,202,,47.50041162000025,47.52482797199991,24.416351999661856
476,0c6903d3-ea49-4c8a-b603-98ed8bf9dd9f,202,,47.60080925600005,47.61938659499992,18.577338999875792
477,406a1f6d-d4a6-4cc5-926d-00b381398266,202,,47.70217007500014,47.71947712700012,17.307051999978285
478,067b4f95-4919-41af-8e22-bd3beb2f6dd2,202,,47.80503899799987,47.8348256029999,29.78660500002661
479,19d15509-d0ad-4a9d-83d2-fef443a9fc54,202,,47.90152582000019,47.92468696800006,23.1611479998719
480,5a1c7c6d-59c3-4be8-9deb-18dbfe7f7ea3,202,,48.00071370600017,48.030249621000166,29.53591499999675
481,b1a0bc14-dc06-40d3-84a4-17b94a2ef017,202,,48.10894267499998,48.12957678900011,20.634114000131376
482,eaa492ff-f3ec-4629-b152-aa6807c420d1,202,,48.20563694200018,48.23800020199997,32.36325999978362
483,ae7b826f-8efc-49d5-a2f4-781d611f2e27,202,,48.30037771900015,48.31525218900015,14.874469999995199
484,4a75532d-d3d4-4a84-8694-e8a41177b66f,202,,48.40041875399993,48.422835578000104,22.41682400017453
485,f8715262-7b9f-4dce-80e0-b825a095cef2,202,,48.50037842000029,48.520976035999865,20.5976159995771
486,face3416-3bb2-41d9-be09-7b4f23b46cdb,202,,48.60277154200003,48.629792464000275,27.020922000247083
487,50f7c421-1ba5-44fd-a1da-4554244a82f0,202,,48.70296760800011,48.72842143000025,25.45382200014501
488,6a984001-357a-4bb1-b300-67cdca0f9f1e,202,,48.800870166000095,48.830725392000204,29.855226000108814
489,27b27e85-1478-430f-a238-fa964df986b9,202,,48.901521742000114,48.92607391799993,24.552175999815518
490,e9ebfbb3-0f7a-4cd3-8735-52d0fbc3c553,202,,49.004216135000206,49.03459049200001,30.37435699980051
491,9fd09a16-9771-4f41-ab47-9c7d134c2262,202,,49.10169559799988,49.12738186200022,25.686264000341907
492,da5b4de5-6e4c-41b0-89f3-aeb36b236549,202,,49.20098043500002,49.23656043100027,35.57999600025141
493,c3f47610-0d3e-4cd7-b09c-f85df1d64ff8,202,,49.30215085000009,49.333547052000085,31.396201999996265
494,04b1ea81-cd75-4393-956e-1b6d4522050d,202,,49.40070611300007,49.43336427000031,32.65815700024177
495,c2e1d942-9e87-4e5a-a7d1-5d082a20e55a,202,,49.50133023299986,49.52194293100001,20.612698000149976
496,058551fe-1b41-40cd-bc19-5010361e148b,202,,49.600956255000256,49.61687157000006,15.915314999801922
497,e01f78f7-762e-432c-87d7-72fdf5fc3275,202,,49.70422556599988,49.71601141700012,11.785851000240655
498,3d0e07d8-3ec7-41dc-8d6e-c72e541f9e46,202,,49.80569862700031,49.82245063400023,16.75200699992274
499,4c6f1cc8-5207-4557-8869-a627cee500c1,202,,49.905419517000155,49.93482144100017,29.401924000012514
500,bf239a4c-19ee-417a-96ad-712b35a04a2b,202,,50.00301672100022,50.03081875599992,27.802034999695024
501,cef47724-ce7b-420e-917c-f654ca4173a2,202,,50.10084620099997,50.12739873800001,26.55253700004323
502,fd38442b-554a-4877-917d-13b61b504930,202,,50.20116684100003,50.232827525000175,31.6606840001441
503,a75781a7-79e1-4ec5-a7ac-97d0e09447b7,202,,50.303791030999946,50.33785550699986,34.06447599991225
504,0c7f4207-325c-43c0-83e8-41ba0303a608,202,,50.416990780000106,50.44228269599989,25.291915999787307
505,9a1dc8d9-ca90-4dbb-afad-8feeb5ac44c8,202,,50.50275530299996,50.524861065000096,22.105762000137474
506,8caf3c7d-2f3b-4b9a-a3f4-e681f5c4e630,202,,50.600672525999926,50.63663174600015,35.95922000022256
507,074faa16-d3ed-4c08-8eb4-7ef96fd1b91c,202,,50.70021492900014,50.71668095599989,16.466026999751193
508,a14c663e-132f-4dc1-b03a-ec32255dd603,202,,50.80086338000001,50.82624624800019,25.38286800017886
509,80c7b70e-c265-482a-9355-c7130a35d9f4,202,,50.90464269799986,50.93315614099993,28.51344300006531
510,98e91072-d450-4f42-a8ab-a79893932097,202,,51.00526027600017,51.025208269999894,19.947993999721803
511,c1a0fb3b-7a51-4c41-8a53-63b8ea5d74fc,202,,51.10025682600008,53.523790885999915,2423.534059999838
512,86c7976f-639e-414f-a74d-72549c81e9f3,202,,51.20155135799996,53.1703277659999,1968.7764079999397
513,b61b5892-01f9-4520-abaf-5f9cb85f490b,202,,51.31339490900018,53.183855080000285,1870.4601710001043
514,0591b41d-ee18-4d91-9d02-73592195e86c,202,,51.40201619200025,53.23015345900012,1828.1372669998746
515,3a2d8c78-6835-4bea-a4e4-1e128705b8ad,202,,51.501230576000125,53.2457050070002,1744.4744310000715
516,34891a21-7f8b-49bd-997c-556e7d31ddf8,202,,51.601999434999925,53.3243141920002,1722.3147570002766
517,ceeec3c6-267a-401b-83c2-f5fa09d99533,202,,51.70049645100016,53.33588043300006,1635.3839819998939
518,9f599548-a209-40af-bc18-f6f56aaecb7a,202,,51.80222266100009,53.35992880999993,1557.7061489998414
519,11dbc28e-7f15-4ec3-bb52-bd00158aace6,202,,51.90142696200019,53.37234182600014,1470.9148639999512
520,b595468d-918d-490f-aa33-d3b7d7b9b512,202,,52.00415985200016,53.39104969800019,1386.889846000031
521,0c47f1bc-1fb1-46e2-b274-2b779328f9ca,202,,52.10377741599996,53.40461159300003,1300.8341770000698
522,4ccac247-7edb-4449-ae15-c155faae67d1,202,,52.203745747000085,53.42035496100016,1216.6092140000728
523,1f9d2eb5-4795-4fd0-9d72-b53eeca7db59,202,,52.32766350400016,53.43114317300024,1103.4796690000803
524,3c4d3932-11c4-4d5f-ad77-5d85b5e8cd97,202,,52.41000359700001,53.441072778000034,1031.0691810000208
525,0074ae74-6ed9-4fc8-94ed-d6db97105f0c,202,,52.5046677119999,53.4557735100002,951.1057980002988
526,17ec8cb4-8bb1-4510-b950-796964d2b2d6,202,,52.60617189499999,53.4680006640001,861.8287690001125
527,13c7553f-9d9a-4583-aaee-a8d0c10bdd59,202,,52.710556546000134,53.4801624050001,769.6058589999666
528,cb3421ce-bb83-42af-bca6-0efa8adea3ca,202,,52.80100549400004,53.48859678000008,687.5912860000426
529,77ed2477-cd0c-45a7-8482-965109e7ee6b,202,,52.90600318499992,53.50265355700003,596.6503720001128
530,71ee8f89-680e-41ec-9c29-7b8d563abd08,202,,53.00048593800011,53.50940371500019,508.9177770000788
531,f5b9ec7f-cb91-400c-95bd-fc473050870e,202,,53.100481599999966,53.519430188000115,418.94858800014845
532,0271cd34-175b-4c38-a711-42eeaffce044,202,,53.2015041919999,53.554840111999965,353.3359200000632
533,29708d21-4391-4ed0-97d8-30a5164c795e,202,,53.314557241999864,53.56143969699997,246.88245500010453
534,3007d907-d8b5-4250-9951-5956071b3bd4,202,,53.40020873100002,53.564814047000255,164.60531600023387
535,c9496a7d-d6f3-47de-8342-97e66072382a,202,,53.50023572400005,53.56678120200013,66.54547800008004
536,1b893b0e-0d28-40e3-a995-382b2f4599b1,202,,53.60391471499997,53.620882748999975,16.968034000001353
537,c7277c8a-3f42-4f6b-b0e4-80ba0d123cc2,202,,53.70477390099995,53.72843197200018,23.65807100022721
538,f5b24baf-8034-4a3e-91fc-93e655216ebf,202,,53.80263608599989,53.824428745000205,21.792659000311687
539,14afaffc-ae0f-4dcc-af6a-cc0a246637eb,202,,53.901527075000104,53.92389936000018,22.372285000074044
540,b6e143ab-f24c-475a-b126-ff396bff95fb,202,,54.005426467000234,54.02524538700027,19.818920000034268
541,a996d7c9-8373-408c-a1a2-66d0991524c9,202,,54.10142632299994,54.12505677099989,23.630447999948956
542,d562f838-5e00-4d73-a482-1e7c465fc1f3,202,,54.205409792999944,54.234996245000275,29.58645200033061
543,8427ad6d-8667-491c-9459-f47b2d8f0d13,202,,54.30348254599994,54.317214970999885,13.73242499994376
544,9247717f-d50e-4f32-818f-f3e2d4d10244,202,,54.40036588300018,54.41737674700016,17.010863999985304
545,a3731919-3360-4be4-a7f2-56529bd5ab52,202,,54.50060265299999,54.54462260700029,44.019954000305006
546,55398c3a-1df5-45e5-9ded-cca367e50ba8,202,,54.60029983599998,54.62584261000029,25.54277400031424
547,7fead107-f025-4bd8-bde3-a82048cf841a,202,,54.7002185450001,54.71515342800012,14.934883000023547
548,7218c4d5-662d-4c4b-929f-461c80f5d330,202,,54.80586156700019,54.83134326100026,25.481694000063726
549,77abf674-9df6-4269-a9df-be8cbe2f8458,202,,54.90134445800004,54.9199009240001,18.556466000063665
550,42604c18-e8c3-4bcf-8342-716fa232551f,202,,55.00205590399992,55.02405100700025,21.995103000335803
551,c63c88fd-a4f2-483f-acf2-3bcc06ff95d9,202,,55.10542833299996,55.13012662300025,24.69829000028767
552,dfb1c049-ddc9-4ed3-91cb-52515bc4081d,202,,55.20487103300002,55.22868667600005,23.81564300003447
553,da37f3c9-d22a-46e0-b7c0-678df900bb4e,202,,55.3054410310001,55.32911051700012,23.66948600001706
554,3d3e3bb0-1535-427b-8047-d68dc794b794,202,,55.403630151000016,55.435940415000005,32.31026399998882
555,6796d853-4a8e-4e6b-abaa-e96b7f9cf187,202,,55.50029800199991,55.51521201200012,14.91401000021142
556,3bed8cad-815b-4a19-ba1f-487cdeb261d6,202,,55.604210185000284,55.61814180400006,13.931618999777129
557,94cec289-8c17-4e5e-8772-658ff0abd3f5,202,,55.7054082640002,55.73142729600022,26.01903200002198
558,071fa3cd-21c6-4b4d-8ca3-5f204b21bdaa,202,,55.80031619500005,55.88072908699996,80.41289199991297
559,6fbc2f89-4a35-4385-b1e9-191850a34c0f,202,,55.903416975000255,55.98756594199995,84.14896699969177
560,9ea48ec6-377f-4a1a-83a8-b78a89eb75c3,202,,56.00280326300026,56.04355585900021,40.752595999947516
561,0f0652b9-f68f-4023-840a-3a3b2ebdefa7,202,,56.10330134800006,56.124913602000106,21.61225400004696
562,99faea8a-27eb-46b9-8e32-0c27c3a8e39d,202,,56.20683955699997,56.273149426000145,66.30986900017888
563,dfcc6f53-6dd0-4616-8aa9-bfe65bd1be96,202,,56.30360931699988,56.342561579000176,38.95226200029356
564,155c928b-d27c-430a-b42c-7088593ea795,202,,56.40184826799987,56.46794015100022,66.09188300035385
565,a7a2d910-5e33-467e-b658-7a7e6f253bd0,202,,56.50080195999999,56.575914594000096,75.11263400010648
566,42acbcd5-04f6-45e4-98ac-1c87dd39bf57,202,,56.602069866999955,56.65501411900004,52.944252000088454
567,f18836a5-6ee8-4b7a-8788-eb3288557735,202,,56.70063108700015,56.764529206000134,63.898118999986764
568,a10948fa-38b3-4d9c-a8d7-822be6b9a362,202,,56.80022536000024,56.834163177999926,33.93781799968565
569,a3a8caa5-976d-42d2-8efb-0ac1f1f48374,202,,56.90081923000025,56.929773767999905,28.95453799965253
570,c4d5f4e3-eef9-4219-8f3b-9432ea1ca677,202,,57.00379422800006,57.02249822500016,18.70399700010239
571,f5f17404-bad3-4aad-8457-0ffaa1520e37,202,,57.105322159000025,57.12817257699999,22.850417999961792
572,6a0b150c-170c-4b67-b736-23641bbfc23b,202,,57.20554155500031,57.24953288500001,43.99132999969879
573,ee606748-8cae-440b-8e64-464aecbef302,202,,57.302996351000274,57.33393008500025,30.9337339999729
574,152b41e4-451f-4098-a440-404e5f68d809,202,,57.400397900999906,57.41712641000004,16.728509000131453
575,f74f64c9-0770-4a4d-99d2-7a61f4b4fe73,202,,57.50131183300027,57.52271276800002,21.400934999746823
576,0f5ae301-e1e4-48d0-9b82-4d59d2339b46,202,,57.60035281099999,57.66029582800002,59.94301700002325
577,965a3cf3-768e-4932-a89b-492e1415a60c,202,,57.70034155600024,57.72728923300019,26.94767699995282
578,67cebf4d-7e4b-4daa-9ca6-69d27b49292c,202,,57.803986007000276,57.82211900199991,18.1329949996325
579,04587bae-79cd-4d35-a265-b9f8d5a2cc16,202,,57.90562643000021,57.93582371499997,30.197284999758267
580,a0bb3349-1bc1-494d-9233-b57e9e23bc29,202,,58.00165920000018,58.02781063900011,26.151438999931997
581,7a361730-6a6c-4424-857c-bd5e35de81d4,202,,58.105530675999944,58.13187976900008,26.349093000135326
582,8ac405d1-8c64-4684-ba89-602b3489dfce,202,,58.20057305599994,59.276091567000094,1075.5185110001548
583,ffc3e4dc-210f-48eb-9b48-082e95215d2e,202,,58.303659296000205,59.27809276200014,974.4334659999367
584,e34e32b0-2aa1-4076-9f3a-18615529a86c,202,,58.40284555500011,59.30226017299992,899.4146179998097
585,c3dd0348-1721-4d97-a789-b14172e79fb1,202,,58.50084402199991,59.4688277260002,967.9837040002894
586,7e4d2f4c-7f5d-4ecc-be72-c84c2854f52b,202,,58.601008797000304,59.49744132900014,896.4325319998352
587,9c49cdac-90d0-4094-8d36-e319bb42ac7d,202,,58.70087205100026,59.57249109200029,871.6190410000308
588,b5456b7c-1478-4cfd-91a7-4e8e47fe070f,202,,58.80862930000012,59.600848921000306,792.2196210001857
589,01b3ff9a-42ef-482e-8c26-1f943f4261b3,202,,58.903598435000276,59.62798808400021,724.3896489999315
590,aeaa03fc-d56e-4baf-989e-f4b3c2b12055,202,,59.00050618500018,59.64542637700015,644.9201919999723
591,1b7d60c8-8c8e-4b9f-90ca-71feb38f7ccd,202,,59.105552206000084,59.673088087,567.5358809999125
592,a397b8ee-dce2-4c26-86c1-14ac1c166213,202,,59.20050629900015,59.67874352900026,478.2372300001043
593,f2f1f5e9-21d4-4140-b8c0-80ec9c7eee8d,202,,59.30051262699999,59.68903260800016,388.51998100017227
594,9c1882ad-a9f6-4943-b537-9ef483dc031b,202,,59.413249823000115,59.69599200199991,282.74217899979703
595,d4b9a12c-3288-4749-aef2-f5a08d149261,202,,59.50051436600006,59.69876464300023,198.25027700017017
596,6d2d872c-de30-414e-b258-7efeb4bb947e,202,,59.60323692200018,59.70119476700029,97.95784500010996
597,adab050c-b614-4005-aef2-9df652daae35,202,,59.700351200000114,59.72027598700015,19.924787000036304
598,b92812c9-0168-4238-a4e8-803dc663cda8,202,,59.80044785400014,59.82502702800002,24.579173999882187
599,3f9d7781-5da0-475e-90a8-251e1a1a3710,202,,59.90124854400028,59.931447870000284,30.199326000001747
600,8dbecbd4-d69f-43b8-a70b-d41f5f1551e6,202,,60.00185624599999,60.024337855999875,22.481609999886132
601,14cf4167-e671-41cc-9c56-6f4309d9b0d9,202,,60.1024131600002,60.121994888000245,19.581728000048315
602,f253e7cb-fbb5-4e07-adaf-4c5c3c7dfcd1,202,,60.20432223099988,60.22516120499995,20.838974000071175
603,ad37626c-533a-4b50-8783-707ebaf83c54,202,,60.305696505000014,60.33331205200011,27.61554700009583
604,ee4243e8-8c84-4565-8179-65da0c74528d,202,,60.405510721000155,60.43256164000013,27.050918999975693
605,a7bf0c98-8394-4ea6-b022-57fa54ada415,202,,60.50051210299989,60.526922858000034,26.41075500014267
606,d7dc703f-59db-4ed2-8b9a-325fd72c300c,202,,60.600261489999866,60.631913007000094,31.651517000227614
607,ed2d67ce-ee76-4d0f-9e8f-6ad363e9e342,202,,60.7003982250003,60.721892819999994,21.494594999694527
608,88462e44-c52d-4eb9-bdee-0bf2dd315b19,202,,60.80036172200016,60.81871111800001,18.34939599984864
609,25fc5218-46a8-4453-95b0-8b8fb453553e,202,,60.90082418400016,60.923834508000255,23.01032400009717
610,baf3fbc4-1cdc-4f07-8db3-3243a8d96d3a,202,,61.005350574000204,61.02864554400003,23.29496999982439
611,e09f9677-6e00-407a-a588-c6334d4db56d,202,,61.10068184900001,61.123616095000216,22.93424600020444
612,044f0d04-1b58-4b1e-b567-357126d07532,202,,61.20388528900003,61.23438113600014,30.495847000111098
613,ca1f6188-8881-409f-837d-9b17b767e641,202,,61.30073325100011,61.32718396200016,26.45071100005225
614,ad2a6756-fc54-4514-be8e-f98585451fcd,202,,61.40044243300008,61.45056846300031,50.12603000022864
615,c871e38d-fe4e-4145-b2e6-299e26510693,202,,61.5142226400003,61.91276084299989,398.538202999589
616,872d2d00-253b-4f06-a44b-e039786f147e,202,,61.60342192300004,61.76806490099989,164.64297799984706
617,51aab513-f184-479f-b21c-4588efbdac27,202,,61.70048391299997,61.97705018400029,276.56627100031983
618,3203593e-9245-4cba-a85f-5ff439ab846d,202,,61.804652368000006,61.973025420999875,168.37305299986838
619,592105f3-4cdb-4374-b2d3-0b99a0197272,202,,61.90110460799997,61.977555357000256,76.45074900028703
620,9c1baad3-8aca-42b1-b713-86fbd3dc12c3,202,,62.00165514700029,62.04070311100031,39.04796400001942
621,7870ed09-f6e5-4422-8ce7-5f699f0bf546,202,,62.102428130000135,62.14277700299999,40.34887299985712
622,208eb588-ad6a-45fb-a737-2de5a047dd99,202,,62.20061050000004,62.222576062999906,21.96556299986696
623,4576ab7c-e7a1-4c78-9210-b1c7aa25b378,202,,62.30331326500027,62.33143252700029,28.119262000018352
624,e2adeb6b-e778-459f-94b5-c6c94a22b085,202,,62.40152409200027,62.41664421199994,15.120119999664894
625,4be9875f-572d-4b86-a9de-eeec58fe04bc,202,,62.50529782500007,62.522834027000044,17.536201999973855
626,bac0d51f-435b-48e3-9944-ddecbe1058f7,202,,62.60178902000007,62.63923934400009,37.450324000019464
627,b280aeac-dd0a-4295-8247-4fc9f643ac93,202,,62.70102802500014,62.74275242800013,41.72440299998925
628,0dc0149c-c12e-4bd7-a7f1-157cffbc9994,202,,62.80131174999997,62.83990195300021,38.59020300023985
629,fa9799bb-9b3d-4b58-aa89-7e4bce9717cf,202,,62.90149489800024,62.944443841000066,42.94894299982843
630,837954ff-6cc0-4733-81c6-2158e9c1e13f,202,,63.000623827000254,63.07509092200007,74.46709499981807
631,fcb45120-1b8a-4640-8358-79647fa1cfd0,202,,63.1004532500001,63.13853194700005,38.07869699994626
632,968679f2-b69a-4fe2-836b-29487a20b92f,202,,63.20031471199991,63.22823944499987,27.924732999963453
633,3491565c-c0f7-4368-a3b0-36ceeaac4111,202,,63.3009385790001,63.35491192600011,53.97334700001011
634,f44fec95-b343-4178-812f-becd134febb7,202,,63.401553697000054,63.456883825000205,55.33012800015058
635,8cbf319f-e898-404d-96f7-0692649f22bf,202,,63.50386049000008,63.55039031100023,46.52982100014924
636,5211f3d1-170c-4687-a63d-f61735fcb755,202,,63.60596258900023,63.643884338000134,37.92174899990641
637,2c5aaccb-0116-449d-80fb-b14cf3c6e518,202,,63.703343639000195,63.72149654900022,18.152910000026168
638,0022162c-da7d-47e6-a9cb-4cb70847230f,202,,63.800932383000145,63.82178443900011,20.85205599996698
639,8b2fcc56-2dd8-4f0e-8b81-97279c21685e,202,,63.902164832999915,63.91873322800029,16.568395000376768
640,1e713de3-1e3a-4fd0-b6d1-648ac204e53a,202,,64.00194725900019,64.02911558599999,27.16832699979932
641,4637d6ae-512a-4789-aa28-a9bc089dae90,202,,64.10386882800003,64.12920786599989,25.339037999856373
642,831614fb-f5f7-46f0-ad53-59b706d8c5a2,202,,64.20072274799986,64.22268581100025,21.963063000384864
643,e5d2870d-073a-4664-896d-f1b7f96cee76,202,,64.30033068600005,65.81253458099991,1512.2038949998569
644,0c0ab41d-c0bf-45f0-9a02-4a909eaa3cab,202,,64.40071436200014,65.81160327099997,1410.888908999823
645,8f5db170-f1c5-48f2-b9d5-2c31ed1c729d,202,,64.5022639570002,65.83737190400007,1335.1079469998695
646,cb266d1b-bdd4-49fc-b881-4e048860ef6a,202,,64.60496963800006,65.85333679799987,1248.367159999816
647,ad9deee8-43d0-44dd-a45f-603e23ae84a9,202,,64.70204433500021,65.8728231580003,1170.7788230000915
648,fa57e08b-586e-430c-85fa-c5a311542229,202,,64.80033098900003,65.899181624,1098.8506349999625
649,18ed8c0d-328d-48ce-ad95-75ffff582188,202,,64.90109293000023,65.93095959099992,1029.8666609996872
650,36d21126-7519-479b-b3ce-b18a7e84ee06,202,,65.00472196400005,65.97150374300008,966.7817790000299
651,31b81abe-4331-4d52-bd6d-b31f1e461fe3,202,,65.10362828300003,66.02026878300012,916.640500000085
652,90d6744a-9ecf-4000-984e-3a5a94f92587,202,,65.20972273000007,66.08428785100023,874.5651210001597
653,17e86eb5-a4d2-40ab-b362-71fa470f7ab9,202,,65.3146518829999,66.10957380900027,794.9219260003701
654,8e1146ee-d2c0-427b-abcb-7ff58bc3307f,202,,65.40090291200022,66.14307428100028,742.1713690000615
655,5ea3085e-aaf8-4598-b489-f6d46ec623ad,202,,65.50032619600006,66.15227227000014,651.9460740000795
656,fcc5db02-6cd9-4533-abab-243530baca57,202,,65.60123687600026,66.16936183600001,568.12495999975
657,569a90ba-e60f-48b6-b6d8-0ed4e0573854,202,,65.70452726700023,66.18594835500016,481.42108799993366
658,b4fd588a-adf5-425e-b552-2f380c6f405d,202,,65.80862739400027,66.20190862500021,393.2812309999463
659,6b5752d7-87c0-4b5e-99a4-5218e32134ed,202,,65.90068677,66.21615393000002,315.4671600000256
660,b47df965-f999-40ea-a80d-8f24ee11d19b,202,,66.00309747200026,66.23535960100025,232.26212899999155
661,fe2015a2-d790-473e-a850-8e9d383980bf,202,,66.1057741970003,66.24080780700024,135.03360999993674
662,0e3d3076-b26a-4e44-84f5-b9b8e0fd1795,202,,66.20239217500011,66.26763965800001,65.24748299989369
663,189833a5-4d0e-4039-9875-1c552e365514,202,,66.3015833909999,66.33807436500001,36.490974000116694
664,550510f5-0dbb-48a0-8b2c-dceef655e7e1,202,,66.40091347299995,66.41744270300023,16.529230000287498
665,26a2200d-ebf1-4356-a84f-c050e58879c7,202,,66.50442664000002,66.52196538399994,17.53874399992128
666,1d61ce43-6b45-4930-badf-cb9ab5e907d6,202,,66.60365206200004,66.644285416,40.63335399996504
667,64abfa92-6c18-4bc1-81e6-8f204f7ce456,202,,66.70115952000015,66.75266012100019,51.50060100004339
668,5a430546-c18d-43f8-8dec-a69f5354fc96,202,,66.80154815300011,66.84167145900028,40.12330600016867
669,37a6dcbb-47a3-4890-bd4e-01563d57732f,202,,66.90124054300031,66.93367454700001,32.43400399969687
670,cc9e21b9-1b54-43d9-b9df-d74ee0bc6500,202,,67.00323335700023,67.02401995900027,20.786602000043786
671,6d0fbe14-df86-408c-9118-189f44c2ff62,202,,67.10122448900029,67.16511773299999,63.893243999700644
672,ce0bd0af-3471-4b15-849d-d00d8b8b2175,202,,67.20409440899994,67.25537019300009,51.27578400015409
673,9296cd8a-f6be-43fe-984a-9156dcc1a802,202,,67.30114606500001,67.39892308800017,97.77702300016244
674,15838b4e-379e-4847-ba2e-7df4f7775970,202,,67.4005934300003,67.46089808900024,60.30465899993942
675,88ac952f-9162-4904-bdd1-c18384642c42,202,,67.50032477600007,67.52456493099999,24.24015499991583
676,4c66a4c3-afed-4a16-a602-a548f1e03955,202,,67.60024952399999,67.62724107200029,26.99154800029646
677,6b9925cf-039d-4afd-b929-cd1e3faf9ca5,202,,67.70217967600001,67.7233049219999,21.12524599988319
678,e8f3eea6-4dc2-4733-a27c-0e68ad2e4de6,202,,67.80419490500026,67.82763049000005,23.43558499978826
679,c012b275-3045-4353-8d66-d6f5bb0a749a,202,,67.90082713099991,67.9506267669999,49.79963599998882
680,601a74f4-d7ac-4d59-8958-e7a5d19e5366,202,,68.00291122999988,68.02447682100001,21.565591000126005
681,ed978841-a9f8-46b8-9716-0bf81c4d0203,202,,68.10179792600002,68.14483036299998,43.032436999965284
682,fb6bb581-72a9-47c5-81c5-1d6d2d9dd89a,202,,68.2055563670001,68.23027532300011,24.71895600001517
683,60e50565-468c-4b5d-ae8f-6d8983147405,202,,68.300381302,68.32765116400014,27.269862000139256
684,f3f8d08f-1205-45dc-a281-ab09770141ec,202,,68.40060886299989,68.42286794700021,22.259084000324947
685,b28e7213-c008-49d4-82ea-54aaf8856162,202,,68.50084259000005,68.5160101649999,15.16757499985033
686,5e0025ab-d698-4f23-bf00-48079d085101,202,,68.60055647800027,68.62704035300021,26.48387499993987
687,6c2174b1-9b53-442c-8b33-f02f0a04028f,202,,68.70073925099996,68.72435615699987,23.616905999915616
688,20b88a54-cb43-44e0-ae9e-f26d3faca66a,202,,68.815666169,68.89428014300029,78.61397400029091
689,ede40ff3-766d-4c9e-a525-019a30b4c61b,202,,68.90109187899998,68.95993268100028,58.84080200030439
690,fc7f3bec-a9f3-415e-97a5-01d76765918a,202,,69.00376672900029,69.03936822300011,35.60149399982038
691,50b60910-65f5-4aa9-ad6d-b800d969ecba,202,,69.10055369500014,69.13097283900015,30.41914400000678
692,90e74ed0-4d89-4322-bb13-9406ef646d53,202,,69.20533956500003,69.23170140699995,26.36184199991476
693,69492bc1-e560-46da-ae3b-6ce460e34fbb,202,,69.30036152799994,69.31561672199996,15.2551940000194
694,3f286561-fd50-4828-9ace-c35fc98c5745,202,,69.40025623700012,69.42376531800028,23.509081000156584
695,c5c1db4b-1bf4-4c55-b23b-dbf895cd1b58,202,,69.5003573060003,69.53234409200013,31.986785999833955
696,972705ba-4345-46c4-9b6b-f1f48725c39d,202,,69.60396113300021,69.62377597000022,19.81483700001263
697,cee039cd-13e5-4b1b-8ed8-5c659ad81833,202,,69.70515525200017,69.72541414099987,20.25888899970596
698,a5f2b232-19ef-42fb-b2c0-cfa763817bc6,202,,69.80493955200018,69.82677370700003,21.834154999851307
699,aa93a64b-c1f7-43cd-8342-31a7a0380f44,202,,69.9046613559999,69.93296297999996,28.30162400005065
700,0c84bad6-4359-4c4f-a816-ed8c37d2d840,202,,70.00430029100016,70.04165966200026,37.35937100009323
701,59f725ea-9971-4e44-8faf-8c118a34c3db,202,,70.10358820800002,70.12985026500019,26.26205700016726
702,5c19efd7-84a9-467a-95a5-e0bc54114326,202,,70.20599782599993,70.23519105500009,29.19322900015686
703,064756f9-e323-4a60-a496-906eb3064677,202,,70.30182323300005,70.33413428799986,32.31105499980913
704,9972fd7e-5312-476d-8bc4-98e9b0be5419,202,,70.40110002600022,70.43983226099999,38.7322349997703
705,8b6b9764-4c94-4f19-ae98-0edbc8de0a55,202,,70.5005719730002,70.51874704800002,18.175074999817298
706,0f9afe50-2344-4d71-a539-d0a5ffd7d46e,202,,70.60229626299997,70.61955106799996,17.254804999993212
707,719658e1-aa3e-4e54-baf4-bef184652136,202,,70.7013386550002,71.7689341549999,1067.5954999996975
708,8e3ac2b7-698e-438e-bdd2-5a06c239f479,202,,70.8020347669999,71.78828727300015,986.2525060002554
709,da249424-693a-4101-9253-36d88ac31399,202,,70.90372201800028,71.79870417700022,894.9821589999374
710,0fa572bf-1c15-4d1c-96c0-8620540b202b,202,,71.00032033000025,71.80911895600002,808.7986259997706
711,369e87bc-5795-497d-954b-56e765970a76,202,,71.10607113300011,71.81801375700024,711.9426240001303
712,cf635682-9a47-497e-9035-dad8b8243e84,202,,71.20175638299997,71.82733448599993,625.5781029999525
713,cb0ebdcb-77a1-4dd0-8a0e-6139767e9082,202,,71.30093526600012,71.84187447900013,540.9392130000015
714,c3fc89f6-0a5b-435e-8ec3-3001c2996aec,202,,71.404654252,71.8467643910003,442.11013900030594
715,49ae0853-496c-40c0-aa5c-3af5c86224b8,202,,71.50123264800004,71.86980637900024,368.57373100019686
716,293410f6-b268-42ee-988a-0aaf3e742cd6,202,,71.60098715799995,71.87210896900024,271.12181100028465
717,a0155767-b938-4767-bdd9-b62a8e0b83c9,202,,71.70464093999999,71.87984885000014,175.2079100001538
718,af6b05a9-eabf-4b52-b3f4-e0528c6c8f2c,202,,71.8003127320003,71.88464543500004,84.33270299974538
719,0667ebb6-3cb4-4fbb-b98b-d0d8f2b6be56,202,,71.90199806700002,71.93444840300026,32.45033600023817
720,13ee01bd-d443-4e30-b2c8-2036c35cc876,202,,72.00214017500002,72.02665164400014,24.51146900011736
721,059d7da3-1a0c-4d17-b778-1d265ac43476,202,,72.10190255899988,72.1164938400002,14.591281000321032
722,00c0c1d4-c888-475a-810e-dff3c35d277e,202,,72.20144200000004,72.22578948099999,24.347480999949767
723,ebd6d181-f1f0-44c1-94a6-738e05a6176e,202,,72.3048525070003,72.33172756300019,26.875055999880715
724,3c46a069-26fa-48d5-9b90-adfa7b7cc831,202,,72.40128566300018,72.42316748200028,21.881819000100222
725,db707c81-154f-4736-a41d-4bfcb5d48004,202,,72.5005161260001,72.53307687200004,32.56074599994463
726,1f6bb655-0518-4349-adf5-cda331d8f4f9,202,,72.60234599200021,72.64910179700018,46.755804999975226
727,cf2eda3d-9648-4818-9821-14d1bcccfad2,202,,72.70041574400011,72.7402104050002,39.79466100008722
728,309c45bc-2b9a-4277-b5cd-b14d643885b6,202,,72.8028502760003,72.82411551199993,21.26523599963548
729,a96f54d2-204d-4f7b-99c6-600925b79447,202,,72.90030357000023,72.93857596199996,38.272391999726096
730,b260412e-79c6-48cd-92e6-ff2c174ef0aa,202,,73.00021052800003,73.01860029599993,18.389767999906326
731,78a0abdd-5f46-4648-9f33-f8f73a4990e1,202,,73.10061707500017,73.11748669899998,16.869623999809846
732,e66c2775-f7d3-465b-8cc9-80521180febf,202,,73.20201188800002,73.21859565700015,16.583769000135362
733,370c65d9-d06c-4b8a-aa25-96aa4f664298,202,,73.30262533799987,73.32365879899999,21.033461000115494
734,d0fa16d4-3031-442d-b410-312597efe5a9,202,,73.40136037699995,73.42783937700005,26.4790000001085
735,71f53898-9a43-4b61-80da-8f506e5e2d25,202,,73.50731399899996,73.54494851800018,37.63451900022119
736,9a8cd38a-fa7c-4863-a73f-281df57476df,202,,73.60274339199987,73.62781811400009,25.074722000226757
737,0d601a98-aa48-4537-aa3f-8cb13803a38b,202,,73.70290074800005,73.72693187599998,24.031127999933233
738,6f7dac82-76f6-40e4-ad84-93460a79b6d4,202,,73.80085867400021,73.82569732899992,24.838654999712162
739,de650244-7567-4afa-8926-1580e358e44e,202,,73.90395861900015,73.92221139599997,18.25277699981598
740,a796b285-8a9a-4aca-9cd9-1427e84d5ab8,202,,74.00053280700013,74.0155439340001,15.011126999979751
741,b4417dbf-2cad-4b8a-98aa-8db846dd946d,202,,74.10068516399997,74.12202881100029,21.343647000321653
742,6d9fdec8-3953-4f0f-bad0-8e2fb6d82269,202,,74.20509447599989,74.23031639600003,25.22192000014911
743,613dd4a2-3694-47dc-b940-02d535ac8264,202,,74.30071227200006,74.32672047100004,26.008198999988963
744,8c7ede5d-ebbe-469e-ad1f-f7c9a31d70e9,202,,74.40556963600011,74.4333690870003,27.799451000191766
745,6281ffb4-4807-4956-b69c-9e470d2c7d76,202,,74.50256996200005,74.54070902900003,38.1390669999746
746,c7391629-a906-4b47-8486-261c6757f898,202,,74.605502334,74.62936205699998,23.859722999986843
747,af2e99c8-30ef-4998-b525-d7e9ae178fdc,202,,74.7059591289999,74.736166787,30.207658000108495
748,e1957c3e-5412-4772-a658-c675c6de8a83,202,,74.8058398789999,74.83644763500024,30.60775600033594
749,0dd0b0b4-85fa-4748-9840-f0cf8f010d45,202,,74.90115257100024,74.93577229900029,34.61972800005242
750,35054fa5-9db1-4b33-94fe-734fd6e0b2f9,202,,75.0012580560001,75.02111889000025,19.86083400015559
751,f9320087-9a66-40bd-bc86-969dcef7e57d,202,,75.10032940500014,75.11258913900019,12.259734000053868
752,13e8c489-2768-41ba-b54c-1a3f39f5be6e,202,,75.2053460080001,75.22690493200025,21.558924000146362
753,3efad149-2ad5-4f09-922e-ed83013f7403,202,,75.30527967199987,75.32350532700002,18.225655000151164
754,a69c9777-8ba4-496b-98ac-d9f9b77bce7b,202,,75.40107308100005,75.4245191240002,23.446043000149075
755,d62c9ebd-8813-4df3-acb5-cd2afd2f76ef,202,,75.50283057600018,75.52444520500012,21.614628999941488
756,f274baec-8e23-4f0b-9577-62cd529c8d3a,202,,75.60108319000028,75.62982753300003,28.74434299974382
757,b810d21d-422f-46a0-b834-6332f67fc664,202,,75.70212148500013,75.73273507400017,30.61358900004052
758,e41d86e9-0e74-4049-9d51-50fbd5900a7d,202,,75.80509710500019,75.83073149600023,25.634391000039614
759,5f9fe7c8-0046-4dc7-b448-f593a6929b1e,202,,75.90181478300019,75.9337435299999,31.92874699971071
760,2aa860fb-23f2-4cec-bc96-bcc23ed87470,202,,76.0006836030002,76.0275841990001,26.90059599990491
761,77e998b8-754c-4edd-8be2-6e1911925cde,202,,76.1002987060001,76.1165901190002,16.29141300008996
762,14f34a2f-19a6-453c-8105-7a10c14285f3,202,,76.2003928160002,76.22844229100019,28.049474999988888
763,d970e4f1-2182-4462-8a2a-10c1bc704604,202,,76.30448556700003,76.31954235800004,15.056791000006342
764,9de12e01-06c4-40f6-bfa9-af4bce2d0289,202,,76.40355945700003,76.42510717300001,21.547715999986394
765,b6b844e1-a654-43c8-8d90-51d164e46e9f,202,,76.5042646500001,76.52933520600027,25.070556000173383
766,6f0c5216-46df-4e19-ab7c-32de48847a9c,202,,76.60643707500003,76.64643901399995,40.00193899992155
767,211df53a-3fb7-499a-8a35-a3581232deda,202,,76.70553838000023,76.73197100800007,26.432627999838587
768,d35ec905-31cd-49e8-9b55-6fffeaa5bd21,202,,76.80036302200006,77.67984824699988,879.4852249998257
769,75d75791-9851-42f5-a441-37ddeb76f35b,202,,76.90025189700009,77.68495043500025,784.698538000157
770,0b609eb7-6ee8-4a40-9c76-dbc83a5fb1f1,202,,77.00055795100025,77.70961093599999,709.0529849997438
771,d9dbfc43-9a4c-4db0-a910-fd0cd0049daa,202,,77.10024025700022,77.75033636600028,650.0961090000601
772,af9b65fb-c3e6-41c3-b34b-38afc79ce7f5,202,,77.20064592900007,77.76766345800024,567.017529000168
773,bd65dedc-4227-46ae-9577-ea26a16191ef,202,,77.30453731900025,77.78556776000005,481.0304409998025
774,4803328a-b8b2-44e2-b31e-9b7cfb319962,202,,77.40049859100009,77.79128369699993,390.7851059998393
775,116cdfb1-6173-4c3c-8302-d475e82f3cac,202,,77.50051524800028,77.79167942000004,291.1641719997533
776,7b600a1f-fb9b-4b7f-ab11-e27b28f55b2c,202,,77.60038179100002,77.80329407399995,202.91228299993236
777,f85da98b-4c6e-473d-98d3-4f566ed055ab,202,,77.70033920300011,77.81682580300003,116.4865999999165
778,d9b3751c-2b6c-4ea5-b91f-9680f11f7863,202,,77.80060546799996,77.83165265200023,31.047184000271955
779,f17f60be-571f-47ce-8651-ac042c6da25e,202,,77.90018932200019,77.91449583200028,14.30651000009675
780,012a23fe-b6c1-45ef-bffe-1edc3a425095,202,,78.00272334700003,78.0235462390001,20.82289200006926
781,ac7eae63-aacb-49eb-97cd-fd4b80bb7dc5,202,,78.1005207420003,78.13038738200021,29.86663999990924
782,39dcbe36-7a75-4e05-9e74-5e132bb023ce,202,,78.20161415800021,78.22412039100027,22.506233000058273
783,8c6c7846-5544-4ad9-bb43-25bfe4591f86,202,,78.30115268200007,78.32900325399987,27.85057199980656
784,2818303f-4daf-4bad-a0bd-c9c5b42fbcb6,202,,78.40083465499993,78.4299169320002,29.08227700027055
785,a012f05f-e8d4-4b79-b719-d6335104049a,202,,78.5021180990002,78.52482723499998,22.709135999775754
786,4fd932ff-dc7e-41d9-bf59-a2aba669ee76,202,,78.60477782399994,78.63182765900001,27.049835000070743
787,d2f95878-9bcc-4789-b6a8-44f2bc55deae,202,,78.70552976399995,78.74692243900017,41.3926750002247
788,288e1886-cb4d-4be6-aec1-ccb08b07702f,202,,78.80080924899994,78.82157139499986,20.76214599992454
789,ca8d8094-1335-4479-886f-578cdcf294de,202,,78.9001985330001,78.91695516500022,16.756632000124227
790,a20a282a-d1f1-4d27-8efb-f2ff27177c33,202,,79.00111654500006,79.01664301200026,15.526467000199773
791,02370309-a0ac-4e87-97df-6215735ee8fc,202,,79.10436722900022,79.12662577099991,22.25854199969035
792,22d0d0e3-cc2d-4e4f-909b-ae8bc7126700,202,,79.20272075100002,79.21940576199995,16.685010999935912
793,d48f98bd-6bdd-4971-9512-9453795f6ee5,202,,79.3053388950002,79.32531522,19.97632499978863
794,9c1c0751-d054-4e24-9108-68322e9f8074,202,,79.40200407600014,79.42806452200011,26.060445999974036
795,bab45d00-bfd0-4f1f-bb05-24fffbb964eb,202,,79.50343546900012,79.53254466199996,29.10919299984016
796,82c9f446-0287-4276-a8f6-972658a529be,202,,79.60406379200003,79.63460696900029,30.543177000254218
797,621fe2a4-0f5b-40a1-8566-e89b26a0e336,202,,79.70278049800027,79.73372547999998,30.944981999709853
798,31b6d249-0b44-4f16-bfc1-3ae1f3febb83,202,,79.80058226700021,79.8574357880002,56.853520999993634
799,8160d1d2-cfe3-41cc-bc65-0f622143b62e,202,,79.90030577800007,79.91487739400009,14.571616000012
800,2eb1d3cc-ddee-4064-91cf-7ac8c1dcfbbb,202,,80.00157672400019,80.01733279900009,15.756074999899283
801,13e20fd8-ef45-4d1e-ab4b-5280dfcec249,202,,80.10169754000026,80.11615870600008,14.461165999819059
802,b082731a-3199-4e2a-8367-4a01f542ae14,202,,80.20324634200006,80.23358919900011,30.34285700005057
803,f4b41fe2-adc1-4ab2-856c-43d296e7f3d5,202,,80.30143762500029,80.32470405599997,23.266430999683507
804,5628f9d2-bfb3-4f5f-861e-140dfa6688be,202,,80.4011644279999,80.43157644700023,30.4120190003232
805,fd802641-0961-4b91-8052-594418c17a23,202,,80.5004506350001,80.524635752,24.185116999888123
806,dd6c084a-bd19-4f0c-8a60-4ba9c6ae878f,202,,80.60303828099995,80.6279897620002,24.951481000243803
807,03c8ef5a-467a-4117-984e-4a5112fb21e2,202,,80.7007126010003,80.72859879499993,27.886193999620446
808,cff26224-3591-4044-abb5-10e7fcdb800e,202,,80.80189455200025,80.82536663500014,23.47208299988779
809,206faa0f-5a95-4497-bb04-692f8c00e055,202,,80.90036594100002,80.922199138,21.8331969999781
810,6a8f49db-0496-450d-a101-e8b23661347e,202,,81.00066116300013,81.015059457,14.398293999875023
811,f8d17184-9c93-4563-961f-48736cb06f34,202,,81.10139172900017,81.11652684699993,15.13511799976186
812,daeae775-c97c-47a7-927d-9144e25df3a2,202,,81.2004002890003,81.23177478300022,31.37449399991965
813,d4c58c8c-870f-4ee6-a2d7-373c7dd90699,202,,81.30053364600008,81.31760483900007,17.07119299999249
814,a0d8fabc-a394-4fa9-95c5-51732f38092c,202,,81.40375841500008,81.42104609299986,17.287677999775042
815,acd514a3-e624-4e45-87f7-ec9c659c1667,202,,81.5035620030003,81.52075302100002,17.191017999721225
816,f44be26f-c220-475d-a6f8-4d8888abd3f3,202,,81.6013298580001,81.62539798300031,24.068125000212603
817,0abf3179-bd98-4840-8927-a96e764ecc7f,202,,81.70552914200016,81.73814263300028,32.61349100012012
818,d3a181a0-5f69-41b9-8cb8-7bf8dd177428,202,,81.80280711400019,81.83201030000009,29.203185999904235
819,5f3479a6-a03a-4713-8ab2-a4d6e3da18fd,202,,81.90043164500003,81.94343495800013,43.0033130000993
820,448b9d86-4f5b-4561-b392-5b7153ea8ac1,202,,82.00025964799988,82.02427323500024,24.013587000354164
821,88e3d792-1fbd-47c6-8b55-3b1d4ee8b4b4,202,,82.10033046800027,82.11229522300027,11.964755000008154
822,67f3330d-e73b-4110-82c5-38a79e58c935,202,,82.20105524300016,82.2199598090001,18.9045659999465
823,3582cf44-1016-432a-99cf-bc31d007c149,202,,82.30427263699994,82.33083088100011,26.558244000170816
824,91cad15d-0d78-43b9-b27d-a71da95878ee,202,,82.40407514200024,82.42021998200016,16.144839999924443
825,dd028d2f-383a-4b3f-8d15-ad14fd10ded6,202,,82.50529375699989,82.52642612699992,21.132370000032097
826,b2e51245-728d-4830-846d-534b92accc16,202,,82.6029630349999,82.63692059999994,33.95756500003699
827,07f9bcd5-24ef-42cb-ae81-1136291e7831,202,,82.70393716700028,83.56894372200031,865.0065550000363
828,c2a18086-90c2-4b8f-8be1-8ed1f60fb5a4,202,,82.80040331999999,83.58054012699995,780.1368069999626
829,e80783b1-dade-40f7-a923-a52cada95f38,202,,82.90048334800031,83.60997412999996,709.4907819996479
830,4dc073d9-5f84-4058-8790-447e0732452c,202,,83.00028718600015,83.64428721200011,644.0000259999579
831,bbed176d-693d-422a-b6a3-2e1f6da976e0,202,,83.10212505000027,83.666266232,564.1411819997302
832,fed92ff8-95d9-4d20-9a05-c0cfacc1956c,202,,83.20175285899995,83.68948808200003,487.73522300007244
833,c1edca73-3479-42bb-ba65-bb27955c1fe1,202,,83.30053264300022,83.70820291100017,407.6702679999471
834,281b75c4-2985-4280-9ab0-120a50f69992,202,,83.40542846200015,83.75473481400013,349.30635199998505
835,5b3f813f-e5ce-49a9-aa27-d758639c35ed,202,,83.50215368099998,83.76608240299993,263.928721999946
836,125b9ef5-ef1c-4b6c-bd9f-031ec3a13019,202,,83.60062406999987,83.75662039100007,155.99632100020244
837,ac866731-0059-46a1-be76-16769448d89a,202,,83.711258241,83.77452735899988,63.26911799988011
838,8162a30e-84ca-46f3-8de7-d8461b464a12,202,,83.80122242700008,83.82879555999989,27.57313299980524
839,4a1acdd8-5bb6-441c-8c8d-ef54cb32ed61,202,,83.9015435209999,83.93351776500003,31.97424400013915
840,2bc96765-b861-4e10-aa9e-e167abe72011,202,,84.0040520890002,84.07169852900006,67.6464399998622
841,3d037c4b-350a-4b26-ab12-cf9d13eb0bd3,202,,84.10063535900008,84.1252357379999,24.60037899982126
842,109d26ae-5eee-4eab-84da-d29611ded05f,202,,84.201219476,84.24876951600027,47.550040000260196
843,e4ad702f-4d9b-46ea-acc2-882af34a7232,202,,84.30106985300017,84.31957736300001,18.507509999835747
844,2ddfeda0-de4f-4367-ae82-1682c3338820,202,,84.4044900419999,84.46469466000008,60.20461800017074
845,d464391f-4f30-43e2-87bf-5ca24d42232a,202,,84.50426105999986,84.56775044100004,63.48938100018131
846,709dca28-ff56-496b-99fd-b57c3738914f,202,,84.60566892099996,84.64336171100013,37.69279000016468
847,6df0a48d-f88e-464c-9654-ef27d407bfb4,202,,84.70502025099995,85.08705767499987,382.03742399991825
848,de41330a-59a5-4d56-83b2-06426a532d8a,202,,84.82738362600003,85.08681257800026,259.42895200023486
849,5bdb0ddb-74dd-4e37-87f0-0718f4976b1c,202,,84.90396370000008,85.08531593599992,181.35223599983874
850,ea363cb8-3b4f-4c9e-8d54-e51b77da91f6,202,,85.0014039810003,85.0950729010001,93.66891999979998
851,a9612851-a8b0-4d5e-a310-8327f0ee14f7,202,,85.10030497600019,85.11898193600018,18.676959999993414
852,661b25a9-ffca-43bf-be5e-c05eb0a4c289,202,,85.20034282899996,85.21928513000012,18.94230100015193
853,fe511252-d322-4031-9ec6-fc0d71a75323,202,,85.300499425,85.33618463399989,35.6852089998938
854,f6ad0be0-dd66-4520-b652-c51528f47094,202,,85.40168609900002,85.41762834100018,15.942242000164697
855,fdffe3a6-d2d8-4077-b8d4-ad5d9956e4c8,202,,85.50120192800023,85.52828836900017,27.086440999937622
856,2769d6ac-5792-48b2-91e1-4f236e9d098b,202,,85.60198745100024,85.62093645799996,18.94900699971913
857,b3f6bbb3-71c2-455d-8189-ab657b1124c7,202,,85.7022407280001,85.72769804300015,25.45731500003967
858,ae52e6f4-ef23-4227-ae6a-841c3981e3b0,202,,85.80544092199989,85.83778310100024,32.34217900035219
859,80911ccf-9727-4b86-82b7-5c007890e894,202,,85.90124871199987,85.92037123399996,19.122522000088793
860,279b9e33-56c7-476d-b1e7-ccdcffe3fb73,202,,86.00351679899995,86.01933123900017,15.814440000212926
861,f13ce0d5-e00e-4ad3-9c16-9602b6edd58f,202,,86.10033159700015,86.11452538999993,14.193792999776633
862,a389b58e-ae22-4c67-ad50-d8d0b3fa572a,202,,86.20022546500013,86.21285209999996,12.626634999833186
863,251470af-02df-46b5-84f4-7abf58e60019,202,,86.30032601199991,86.32002344700004,19.69743500012555
864,f2fbb2a9-21b6-47b6-af30-6680f759b7d1,202,,86.40176391100022,86.41747831500015,15.714403999936621
865,39965c06-324f-4946-beb5-bcd413a3392d,202,,86.50076143000024,86.51840528699995,17.643856999711716
866,9b965db2-b568-4c21-b9ff-cc4fe0c20b53,202,,86.60487152199994,86.6323139000001,27.442378000159806
867,e6083aad-ee34-466b-ac47-2fccc47e6ba0,202,,86.70306874000016,86.72412555000028,21.056810000118276
868,29af2370-138e-406c-abf4-4a8f0c1187ca,202,,86.80242783299991,86.83988052900031,37.452696000400465
869,436a84c6-02d6-4f43-9d76-fe5666c9ddf5,202,,86.90053138200028,86.92488363600023,24.352253999950335
870,3da5f902-0eba-4a6b-b04e-2f3a5b6a877e,202,,87.00276239999994,87.036363575,33.60117500005799
871,993af687-c7ee-4cba-a4ab-f83cfbf79e6f,202,,87.10078198100018,87.15753715400024,56.75517300005595
872,064f13c3-5ba6-4f72-9478-fa0999ad2e0f,202,,87.20060854200028,87.21903951900003,18.430976999752602
873,d6e75ae4-e7d9-4908-b3e5-20c204107d4f,202,,87.30555429700007,87.32584101200018,20.286715000111144
874,a5aa967e-a8bd-4af9-8afa-6c5b17c35a09,202,,87.40377827700013,87.41948632100002,15.708043999893562
875,cc3e0292-22f5-4d02-a37c-9fae8a9a104d,202,,87.50096838299987,87.52221558500014,21.247202000267862
876,aaf6f876-d86d-42c4-8bfe-5f3c40d5da61,202,,87.60144634700009,87.62510791300019,23.66156600010072
877,885cfc02-7db9-4b6b-8748-2ae97a3c82eb,202,,87.70251696700007,87.72716559900027,24.648632000207726
878,4c7d742f-ffc8-4bd3-aaa5-9b14e15e5fcb,202,,87.80175411200025,87.82807837700011,26.324264999857405
879,aa28c6eb-e9ff-4a56-b158-3a8ba96e03ad,202,,87.90311608100001,87.93439837899996,31.28229799995097
880,5e8cf1a5-be0a-48aa-bf22-eb302fc6a920,202,,88.00573773199994,88.04089595899995,35.15822700001081
881,1ccf9dd3-843c-49ca-b979-e2bb64715e59,202,,88.10024781599986,88.1101874230003,9.93960700043317
882,b75bdb4a-fd32-4fdb-a54d-267423ed30e4,202,,88.20021366800029,88.21478872600028,14.575057999991259
883,245cb147-a348-4d51-a1fe-44fc997db823,202,,88.30476968699986,88.31668313399996,11.913447000097221
884,4cc53d14-e57b-41c8-abca-0b8e952da761,202,,88.40556639400029,88.42055999400009,14.99359999979788
885,1b02fc43-3368-4d70-87c7-9b0fb733047f,202,,88.50339684400024,88.52569431400025,22.297470000012254
886,7aaeb5c0-f133-4e9f-bc23-5e577d1efffe,202,,88.60052910900004,89.50538507400006,904.8559650000243
887,51770b1c-2df3-4c33-a2cb-2ca085c2099a,202,,88.70110245600017,89.50780151200024,806.6990560000704
888,e7046ece-45c1-4578-83eb-8331d9e3e2cb,202,,88.80092793499989,89.51962073000004,718.6927950001518
889,d9535f86-87ed-494e-8754-f9f9b5325284,202,,88.901937008,89.5280896170002,626.1526090002008
890,2f76c1eb-1abd-466b-83b7-12474bf3a262,202,,89.00115317300015,89.54219796899997,541.0447959998237
891,02a206fa-0808-4e4f-8f57-ea280a05c07b,202,,89.10213017900014,89.55144861000008,449.31843099993785
892,46a8ae31-f394-494f-873d-5eee78e9108c,202,,89.20032588499998,89.574164527,373.8386420000097
893,573e8229-a0d9-477f-aef1-9610782eec1c,202,,89.30357684699993,89.58279165600015,279.2148090002229
894,e66bfe4a-2583-4fd9-a6c4-19576c038d01,202,,89.40133444399999,89.58497388600017,183.63944200018523
895,de032c1f-0382-4547-99b0-a07b25e55ea8,202,,89.50060876399994,89.58908543100006,88.47666700012269
896,648307f4-6a1b-497e-88b7-888f174447f6,202,,89.60033005800005,89.62166279300027,21.332735000214598
897,da2c4397-c8a6-446a-8f39-eb441abe7f74,202,,89.70032873399987,89.71751000099994,17.181267000069056
898,12936191-0307-49e8-ab35-3c80b799bf43,202,,89.80105259099992,89.8188113440001,17.75875300018015
899,ccf81ef4-cfd2-4264-b6c3-ed20b9d6eaba,202,,89.9020492640002,89.92371024700014,21.66098299994701
900,92ea8a62-11d9-4678-8efe-0270dcbfaf97,202,,90.00092745700022,90.02155148200018,20.624024999960966
901,f9eee3e4-d095-4b60-b767-717f20cee04b,202,,90.10077400699993,90.13033953000013,29.56552300020121
902,6d9282bf-b41a-4598-b609-33fa7e0f8b6a,202,,90.2011541070001,90.23903895300009,37.8848459999972
903,6cb22072-9fd8-4bac-96bf-5df56372109d,202,,90.30558296100025,90.34009486200011,34.51190099985979
904,2a8a836d-a754-4384-873f-56a110c62bc0,202,,90.4041232919999,90.42845335900029,24.330067000391864
905,728d2215-9835-4613-aa6f-aea19f58a459,202,,90.50412318100007,90.52501745500012,20.894274000056612
906,eac0b06c-aacd-4c26-a821-73ae849c01ef,202,,90.60040537500026,90.65119304400014,50.78766899987386
907,e35b732d-9144-4693-8143-490a6d1c7f14,202,,90.7006238670001,90.73254021799994,31.91635099983614
908,718a4638-4bde-49c8-aac7-e738fb9406bc,202,,90.80061312499993,90.83995488400024,39.34175900030823
909,935b7741-9ead-4fbb-ac93-bc0fff077d89,202,,90.90240114400012,90.91567010200015,13.268958000026032
910,68d02312-ec58-4559-a226-35befa0502a5,202,,91.00458447200026,91.02892025100027,24.335779000011826
911,216282ec-5f59-43a9-958f-6a0d9561f7b9,202,,91.10167352400003,91.12067237600013,18.998852000095212
912,3b2b0687-e98d-4d24-914b-3a1378c365f5,202,,91.20091889900004,91.22581300799993,24.894108999887976
913,d90fbecd-bfa2-44d4-a4e3-c730491b3ea0,202,,91.30418749399996,91.34642026200027,42.23276800030362
914,9f15bf0c-dcd3-4c55-9c11-3cf5dbee6a36,202,,91.40034167700014,91.42679390100011,26.452223999967828
915,1ea55e49-3a37-4fe5-9c3b-127dc2115b22,202,,91.50443399300002,91.52262856100015,18.19456800012631
916,f9a83510-c991-4991-a3aa-db077ab64b72,202,,91.60172545100022,91.61800991700011,16.284465999888198
917,ba6008de-cb91-4f72-baed-7b82ea5c0f74,202,,91.70045221500004,91.72081989800017,20.367683000131365
918,283c6890-8d17-4b82-85b8-7f63d60662d5,202,,91.800260514,91.82062134199987,20.36082799986616
919,322fdc45-9cdd-4269-a14e-facff4f89422,202,,91.90086792700004,91.91871684900025,17.848922000212042
920,2ed503f3-e8a8-4e86-81e2-ff071310ca22,202,,92.00401616999989,92.02131011300025,17.293943000368017
921,a66e2a12-a998-4d4a-80dd-040faf4ce37d,202,,92.10117542800026,92.11706612600028,15.890698000021075
922,40b6c1f5-a283-4403-adbf-4d4bd3c44f92,202,,92.20131605400002,92.22121063800023,19.89458400021249
923,20781543-730a-42d6-8e58-1142310cfe45,202,,92.30161479700018,92.31865565999988,17.040862999692763
924,77f9ff69-6125-4be0-87e5-02e53786a3ff,202,,92.40553005399988,92.4217466,16.216546000123344
925,136f4a8a-5fa3-45b0-bd36-67ebdb7ecfe7,202,,92.50142006700025,92.5236920780003,22.272011000040948
926,045a1e43-4d85-4d67-bfad-e6a60bcbed33,202,,92.60578938300023,92.64067273899991,34.88335599968195
927,67d9ef51-d233-4d4e-bd0f-b8d13799f4be,202,,92.70049738199987,92.72798943499993,27.49205300005997
928,89a62ea6-bc56-47af-8499-7366a241dbcf,202,,92.8002216130003,92.82026339499998,20.041781999680097
929,407d7336-eab0-4340-b9e0-a218a7fc1478,202,,92.9011704290001,92.92015446599999,18.984036999881937
930,7ceb247d-9e69-45a0-a7be-417d204344cd,202,,93.00566377099994,93.03817611300019,32.51234200024555
931,1a9bac53-eee7-415b-bec0-0d34eae98488,202,,93.11206948900008,93.14527635000013,33.20686100005332
932,8bf576cd-7874-4a08-ba48-75a6770bc5c9,202,,93.20034291599995,93.21211661500001,11.773699000059423
933,f8489ad8-7495-41e0-bdc7-ef4e4546c960,202,,93.30060548700021,93.32337068300012,22.765195999909338
934,80614161-9c3b-47ac-8fe8-308891a5e828,202,,93.40178750799987,93.42776464100007,25.977133000196773
935,3d2f672e-6a5f-44b4-b09e-5fde47d0cea8,202,,93.50134189300024,93.52405622700007,22.71433399982925
936,90292578-f573-4205-bbb9-232342dbfa9d,202,,93.60216074000027,93.63496051700031,32.799777000036556
937,abc800f1-c3b2-4d8e-abdd-bc8aab643337,202,,93.70074181500013,93.72434053300003,23.598717999902874
938,ed7fb576-016f-403c-9561-1ee5ea372288,202,,93.80034999899999,93.821871139,21.52114000000438
939,f747ac7e-5c61-401c-9a1f-ba030241aad9,202,,93.90219322400026,93.91352497600019,11.331751999932749
940,fbba6685-b75e-40af-8322-3b9e0020fa4c,202,,94.00555254000028,94.02941800200006,23.865461999776016
941,028dac6f-a7bc-4811-9b78-1e99791c0d20,202,,94.10303019899993,94.13112825200005,28.09805300012158
942,8fdf6eba-daa2-4ac5-88ea-8f6defbf492c,202,,94.20055545600007,94.231220528,30.665071999919746
943,5fa19e5a-f402-4f9f-8be4-e38c7dfb7628,202,,94.30577955600029,94.34393030199999,38.15074599970103
944,6de9c7e9-f94e-429f-9deb-240a28f11297,202,,94.40543349900008,94.42853759299987,23.104093999791075
945,848d61e1-2f93-4798-9132-fab473509c91,202,,94.50039641700005,95.37324203400021,872.8456170001664
946,8892a5a8-58c8-4e01-a884-3025a8d281ce,202,,94.60304865800026,95.37874709800008,775.6984399998146
947,c30eb96f-74ba-4837-879d-357236a5ba4a,202,,94.70029726700022,95.39464188500006,694.3446179998318
948,5b1c58bd-7a91-4bbd-b6fe-dd31fb1c6105,202,,94.8002883590002,95.46388772699993,663.5993679997227
949,f6d1bbdd-d175-47ad-b8ed-3bc13446e267,202,,94.90168130000029,95.46165432899988,559.9730289995932
950,29bd039d-bd7d-4630-a00c-0268548dde98,202,,95.0035117450002,95.48487815499993,481.3664099997368
951,c2df8976-03d7-4182-9af6-4030d3708ac1,202,,95.10024976600016,95.50692652999987,406.6767639997124
952,5bcb65d4-5086-4d01-8a3a-dac7ed6a05d0,202,,95.20038322400023,95.50572872300017,305.3454989999409
953,902db761-ec13-4727-898b-e80d07a0826f,202,,95.30256354599987,95.50686464399996,204.30109800008722
954,3dac5b15-d054-4c46-9b3d-16b55ad970b2,202,,95.40112947099988,95.51612688800014,114.99741700026789
955,be81f273-0f1f-429e-a440-c7f8d2b7502a,202,,95.50227253000003,95.52901955800007,26.747028000045248
956,891ff1d3-e8f4-4707-b54f-dfd1c3345177,202,,95.60117953500003,95.62409723700011,22.917702000086138
957,5eedf67a-67ca-4be0-ad1c-faf825026c24,202,,95.70557376099987,95.72843877500009,22.865014000217343
958,7a5dfed5-672e-49fc-9ebf-fbd887e91b6d,202,,95.80086825199987,95.8268931560001,26.024904000223614
959,f6283782-a77a-430e-a1d3-192477b6a21d,202,,95.90576684300004,95.93596600399997,30.1991609999277
960,199b54a2-64ce-4231-b115-b903d21e9d41,202,,96.00557850599989,96.02944142600018,23.86292000028334
961,b19deb98-a978-471e-9549-0446557edbf3,202,,96.10565829200004,96.13492798800007,29.26969600002849
962,a55fd02f-e36f-4d0a-b766-091c804b9691,202,,96.20512925599996,96.23028348300022,25.15422700025738
963,8420efa5-2e5e-4093-be15-83b772557501,202,,96.30564229099991,96.33631978599988,30.67749499996353
964,9187de44-bbc3-4af3-a090-778f552dbd91,202,,96.4050240900001,96.44259446100023,37.570371000128944
965,78259f50-5ae9-46e4-b094-fce689d53e73,202,,96.5003543480002,96.5215004050001,21.146056999896246
966,bdbba693-21fd-4ffc-ad19-00c6eca275f8,202,,96.60027053800013,96.618444103,18.173564999869996
967,c8f43583-441a-4a07-9191-04926d0a4298,202,,96.70044288300005,96.7160669939999,15.624110999851837
968,e1868e4e-008b-4328-b7f1-135661a3ac97,202,,96.80273664600008,96.82190273600008,19.166089999998803
969,f4ce6e5a-6485-4a4b-8d76-0c3da317e4e5,202,,96.90296539400015,96.93240111900013,29.435724999984814
970,4e54952d-dee3-4a8f-bd89-5256da98e910,202,,97.00480947999995,97.02610555299998,21.296073000030447
971,fa2c7677-bc8b-4814-9d09-3bccb5f8cae0,202,,97.10269846700021,97.12906988400027,26.371417000063957
972,41f1ec84-f475-4700-87f8-162ca1964218,202,,97.20328480900025,97.23895765299994,35.672843999691395
973,b295aa14-1375-4ac4-9996-fecdca804db7,202,,97.31316046300026,97.3570713500003,43.9108870000382
974,8e76287c-f08f-406e-92ca-e9b24c1d9422,202,,97.40187683000022,97.42480411799988,22.92728799966426
975,70516b62-968d-4451-b096-6ccf650372c6,202,,97.50040133199991,97.5368580610002,36.4567290002924
976,cc2d2ffd-cae7-4f57-9e0a-99a2a3145eae,202,,97.60023479200026,97.61992765900004,19.692866999776015
977,33edb346-f6d6-49dd-b4ad-032997426ae9,202,,97.70544316699988,97.72036904200013,14.92587500024456
978,2f25e3fa-0acd-4a80-a05f-d660a2089268,202,,97.80277848100013,97.82361436300016,20.835882000028505
979,42f6b49c-69cc-42de-aaaa-cfc6af6ce7cd,202,,97.90153596300024,97.92459061499994,23.05465199970058
980,c1642449-115e-4b67-8113-8e054a45f60f,202,,98.00130056099988,98.0342630160003,32.9624550004155
981,170f5b45-24a2-467a-bace-85ccce181685,202,,98.10607433099995,98.15280761400027,46.733283000321535
982,e6dfba2e-6e8d-4cb7-a741-0426cd732c1e,202,,98.20034773399993,98.22305977399992,22.71203999998761
983,cb664107-4e35-4c24-b1f2-e7fd417ef519,202,,98.305303568,98.31790840300027,12.604835000274761
984,ec2666e7-1a87-4e44-b2f2-792dfbe9568d,202,,98.40026545399996,98.41235731100005,12.091857000086748
985,b5e1b08e-d9fe-438d-a3e0-b83c4b2d0765,202,,98.50041373000022,98.52832990300021,27.91617299999416
986,f941a246-1e8e-4421-9f0b-ae6515f40f01,202,,98.6006660930002,98.65626769900018,55.601605999981984
987,7055d654-14a5-4869-a487-f4c5d5d3aba4,202,,98.70037981199994,98.73101244700001,30.632635000074515
988,3490485d-6e83-4ad9-9b9b-d37ef7eb5ac3,202,,98.80287721900004,98.82208573600019,19.208517000151915
989,1da92680-a7e7-4b7d-ae5b-6ca3f22ca983,202,,98.90352491900012,98.93195318700009,28.428267999970558
990,e54cb160-73a5-4099-b223-d098191269f0,202,,99.00251874800006,99.02118153099991,18.662782999854244
991,acba5977-5dec-42ed-bdac-68af397a75b1,202,,99.10114881000027,99.12276316999987,21.61435999960304
992,ba776691-de16-4ad6-9ab7-594035c74607,202,,99.2057102230001,99.23181268799999,26.102464999894437
993,47b2df3b-3d8b-4d08-a2f2-548dd9a0e257,202,,99.30535296900007,99.35173073099986,46.37776199979271
994,6fadb74e-5ef9-46a7-9d2e-7710f5348348,202,,99.40130202399996,99.42412143499996,22.8194110000004
995,d4c8ed46-b867-4ca7-a28d-7d2cc0284e6f,202,,99.50270566400013,99.53886772900023,36.162065000098664
996,45fc56dd-bcbe-4cce-bbfd-0a11ae562a76,202,,99.6003531690003,99.63541296599988,35.059796999576065
997,d77bf98e-b4b4-429b-b223-069db059d5d9,202,,99.70075508299988,99.73152959100025,30.774508000376954
998,db285656-3531-4233-b0d6-4be56077a306,202,,99.80090541100026,99.823540418,22.635006999735197
999,13fcba45-3676-42ab-8e78-beefd9102f5b,202,,99.90502440299997,99.93827626700022,33.25186400024904
1000,ab325147-01c8-4992-9f24-eb6b9639c2a8,202,,100.00544862300012,100.02601308200019,20.5644590000702
1001,2385aa30-c348-425a-97d5-aa9cfa2ac3a0,202,,100.10504936899997,100.12654561499994,21.496245999969688
1002,8cc4f278-3168-4896-ab03-a31ae973e35a,202,,100.20565391500031,100.23729742700016,31.64351199984594
1003,2cf0cefd-5ab9-4afc-810c-f666256f7c4f,202,,100.30263039700003,100.32727855800022,24.64816100018652
1004,2b56401d-ba97-41e4-a3bd-09e55032896f,202,,100.40080553999996,101.19477400699998,793.9684670000133
1005,1b60fcee-67b4-400f-b217-fe866a86212a,202,,100.5010623420003,101.19437637400006,693.3140319997619
1006,5a496695-dc42-4dcb-b306-9b109de3aa69,202,,100.60031712799992,101.22438517799992,624.0680500000053
1007,62642a92-ef46-4e44-a698-88c08524f297,202,,100.70271224099997,101.25287741900001,550.1651780000429
1008,a9a5b0fb-d5d1-43aa-ba70-791141aca6fb,202,,100.80530391499997,101.26839628000016,463.09236500019324
1009,29d0b11d-7f3f-49ae-95ae-89193ab8b80d,202,,100.90164033700012,101.27779379799995,376.1534609998307
1010,5738f54f-bbca-4fdb-8376-c44d60d98cd1,202,,101.0030418260003,101.28512115700005,282.0793309997498
1011,6d106ca4-9bea-41a0-886c-a7be90991a57,202,,101.10036356,101.29019332400003,189.82976400002372
1012,d8a44f57-837f-42cc-bc28-58fc81c85108,202,,101.20153995999999,101.28897043400002,87.43047400002979
1013,405fc5be-ce50-4203-b0f7-8570f8a0a69b,202,,101.30033469299997,101.31548808200023,15.153389000261086
1014,2ff01858-4cc4-4bfb-b0fd-ae38df2de61e,202,,101.40137584700005,101.42668668500028,25.310838000223157
1015,61a229b6-c829-4ff8-a7af-758c74485739,202,,101.50115559999995,101.52851760000021,27.362000000266562
1016,56cfb008-d0ae-42be-b27b-41a0dd59f257,202,,101.60066057699987,101.61639448699998,15.733910000108153
1017,f50e3935-1e7f-406a-a84b-c84a393e0ab5,202,,101.70230618100004,101.73141316300007,29.106982000030257
1018,29c0db57-c0b5-4c47-a437-60e711107174,202,,101.805558045,101.8340623500003,28.50430500029688
1019,50854e89-2332-4c74-beaf-3b8b36f68936,202,,101.90583457399998,101.92883209499996,22.997520999979315
1020,c95635a5-64ee-4603-a4c3-1f4012378a9c,202,,102.0056979169999,102.02417139599993,18.473479000022053
1021,5863c9bb-7101-419f-88bc-4826b473b17b,202,,102.10472883200009,102.14441001000023,39.68117800013715
1022,5a12798f-531e-4710-bb41-57a8371f2f74,202,,102.20427392200008,102.27323795700022,68.96403500013548
1023,36497f43-0449-4a81-b077-6ba14b0a04b2,202,,102.3006843410003,102.71261275699999,411.92841599968233
1024,4fa3ce42-f30d-4983-adc6-4b55363867ce,202,,102.40082751399996,102.71322141000019,312.3938960002306
1025,201d941a-6e15-4990-b91b-14671552e59b,202,,102.50101382999992,102.73211353099987,231.09970099994825
1026,62473c15-c13a-45c9-9462-8883e5c9758c,202,,102.60179023799992,102.73186174200009,130.07150400017053
1027,69b9a153-9fa6-43a4-8391-ff576347dc16,202,,102.70620348700004,102.75550831999999,49.30483299995103
1028,47c8354a-f811-4ce8-baac-167b02747b74,202,,102.80029185900003,102.82790148599997,27.609626999947068
1029,3a421fa1-5dfe-4096-81b4-3ec7245a3c6d,202,,102.90201728900001,102.92238476800003,20.36747900001501
1030,cea7d53b-7521-48b8-b335-f45f50c377e7,202,,103.00543303099994,103.02316046700025,17.7274360003139
1031,b38c8744-fce2-4861-8183-ef32b2a35175,202,,103.1049541719999,103.13644524500023,31.491073000324832
1032,bba9a1ab-9ef2-4fc4-a44b-7b3d7239d74e,202,,103.20359378300009,103.22964778300002,26.053999999930966
1033,8bf3a837-72ba-499e-8221-019559e62f3e,202,,103.3003312169999,103.32611726699997,25.78605000007883
1034,0766ae97-2f45-4d6b-94cc-16ac487ca401,202,,103.4002841460001,103.4222288850001,21.944738999991387
1035,3e0fc499-91ea-43bc-b61e-69ba90b2eec4,202,,103.50244219800015,103.52012707799986,17.684879999706027
1036,f2d9f2de-e1ed-4d13-b213-9cd6651117f4,202,,103.60043086399992,103.62178503199993,21.354168000016216
1037,c9e220e7-17a8-4839-b41f-b1897d2a4b43,202,,103.70187712799998,103.72672881100016,24.851683000179037
1038,7005c510-555e-49c0-9aa9-8340b9f0313b,202,,103.8006252539999,103.82128436199991,20.659108000018023
1039,f046ffec-c7b0-42f6-8297-dc59ad4e78a2,202,,103.90317975500011,103.9291805580001,26.000802999988082
1040,c32592e8-c647-49b7-b3ae-1abdeb18d018,202,,104.00178101000029,104.05481902400015,53.03801399986696
1041,0f14c33a-fc60-4eb9-b022-10ef19bb9115,202,,104.105515492,104.12701093500027,21.495443000276282
1042,d1cec6dd-e199-45b9-8ff5-8f4929652b28,202,,104.20554846000005,104.22831295800006,22.76449800001501
1043,4e0bbd43-6927-40df-94b4-1328b7180bcf,202,,104.30511492200003,104.322224732,17.109809999965364
1044,2ed3db01-1614-4f91-af54-2f71e474fdac,202,,104.40610549700023,104.45768123000016,51.57573299993601
1045,30393032-d542-46bd-8199-a405009a2789,202,,104.50041708400022,104.528197352,27.78026799978761
1046,6ed92ec1-51d7-4716-a00e-9fac9449c1bc,202,,104.60027335399991,104.61436172399999,14.08837000008134
1047,12b06e51-1029-497f-aebe-ac99f831daa1,202,,104.70133887200018,104.72096271200007,19.6238399998947
1048,125f13c0-449b-42fe-85ee-9595bc91bbe1,202,,104.80170974600014,104.83565701199996,33.94726599981368
1049,28369de5-6abc-4fb8-9a65-90bb4db480f6,202,,104.9048786100002,104.93136281700026,26.484207000066817
1050,68cd2d28-37d9-459a-940d-305a5a2514b9,202,,105.00098245100025,105.01904617500031,18.063724000057846
1051,dd398d16-f687-451c-8eca-01341db33fd7,202,,105.10515601099996,105.14411460200017,38.95859100020971
1052,2d53076d-e0cd-4213-b987-201e30a44af5,202,,105.2019338670002,105.22508332899997,23.149461999764753
1053,45352a88-99a0-4a95-8185-ffa460b9882c,202,,105.30366763600023,105.33296190100009,29.294264999862207
1054,d8140e03-e2cc-4592-afb2-767ba834e15b,202,,105.40232075699987,105.42735049400017,25.029737000295427
1055,cb71c7b0-2d68-44c8-a546-cd12e5c402c9,202,,105.50117335499999,105.53206545500007,30.892100000073697
1056,804df827-7c31-4ff3-adf8-80061a46ef35,202,,105.600317636,105.62420911000027,23.89147400026559
1057,d028590b-034d-4e40-a1c1-e771bbf0de56,202,,105.70060274300022,105.71600869900021,15.405955999995058
1058,d2ffdc11-0439-47bc-b48a-2c66ef39b89e,202,,105.80387107500019,105.82463334700014,20.762271999956283
1059,21ff06d8-9295-447b-82b2-e8fc5e12f436,202,,105.90461365600004,105.93956174499999,34.94808899995405
1060,843ac9da-1f87-481c-9116-e3ad65a5cfee,202,,106.00575408300028,106.03492988800008,29.17580499979522
1061,4dbcc785-c3fc-45d4-8603-f1f0fe56776b,202,,106.10519706500008,106.13668616799987,31.489102999785246
1062,5ab56771-b6a8-4d8b-b3eb-680a6facdcbf,202,,106.20125024900017,107.07874120199995,877.4909529997785
1063,2738c66d-657b-4183-9260-d9d6b83927e9,202,,106.30182530699994,107.09331900799998,791.4937010000358
1064,1215120e-4267-4b52-94ca-a9c950e07b43,202,,106.40096096700017,107.10986188900006,708.9009219998843
1065,56a8fe14-cb0c-4f9f-894a-30198fcf2954,202,,106.50122519700017,107.11865779100026,617.4325940000926
1066,d0a1ca46-b870-4b84-92d7-e690797b2830,202,,106.6007404070001,107.13774857899989,537.008171999787
1067,f39d00ca-72de-4f3b-834d-e9b1ab559c18,202,,106.70522477600025,107.15215653299992,446.9317569996747
1068,c125dd09-65ae-467a-88ab-736c92ba7d3e,202,,106.80214429600028,107.15867989100025,356.53559499996845
1069,e5d1b34a-ea2b-4489-8059-80b0aac6f89e,202,,106.90431445100012,107.16860847499993,264.2940239998097
1070,aabdfd3b-353f-49ff-bccb-8a1ca05be7ca,202,,107.00191484000015,107.17144527300024,169.53043300009085
1071,196a6843-f834-4d84-9786-6d53b4a6d1db,202,,107.10058791200026,107.17852657899994,77.93866699967111
1072,5023c58f-ab1e-4bc7-9daf-818564cda168,202,,107.20024740300005,107.2211539140003,20.90651100024843
1073,eaab2e72-cefa-437c-af1e-8bde4c4a1381,202,,107.30130166100025,107.31695757800026,15.655917000003683
1074,9a6cc3c2-9b25-4425-b744-ace5d13e90b7,202,,107.4012628620003,107.42210256699991,20.839704999616515
1075,77147fe2-e4d7-476d-b5ab-b72bc84dbff5,202,,107.50340412300011,107.52117713799998,17.77301499987516
1076,f251d5e2-f2a5-4ccc-931a-cd62b712c74b,202,,107.6003932640001,107.61917770500031,18.784441000207153
1077,923260ba-7824-4d92-8b8a-067b7421596c,202,,107.70160861800014,107.72585383900014,24.245221000001038
1078,548547dd-5fbc-42ad-8752-767a505f5eed,202,,107.80112562500017,107.8309679009999,29.842275999726553
1079,18ddf864-9c75-42f6-973a-533b5d3ef197,202,,107.90418282500013,107.93379066900025,29.607844000111072
1080,c67f411f-9c45-4514-857b-917398ab718b,202,,108.0006672479999,108.02955058799989,28.88333999999304
1081,c445d2ed-22b0-447a-b7cb-6132c79d8480,202,,108.10155139200015,108.13407533500003,32.52394299988737
1082,88d04fc6-ff00-40ff-bf86-46f9cfcde82d,202,,108.20021617800012,108.21660398699987,16.38780899975245
1083,1380bcb2-9fc2-4779-9503-b3064945639f,202,,108.30038057599995,108.32297842800017,22.597852000217244
1084,7d5cd17f-c0e8-490c-8d2e-601a479dae02,202,,108.40025589000015,108.41557783799999,15.321947999836993
1085,8ed71048-bece-436d-981d-b259a7b6d221,202,,108.50424639199991,108.51780878499994,13.56239300002926
1086,d12541bd-7054-4f78-a2f0-06d59eba2189,202,,108.60091393900029,108.61828116100014,17.36722199984797
1087,71991ec5-afac-4fba-8c84-fc95bfa518b9,202,,108.7049740299999,108.7253417410002,20.36771100029
1088,a85a94f8-3fd0-46b4-9145-a8473cf44c5d,202,,108.80526946300006,108.8436681180001,38.39865500003725
1089,7a4bb265-02b1-4a2e-861b-c07d48837398,202,,108.90164768600016,108.93429802800028,32.65034200012451
1090,2b90539b-c1b1-47c0-9da4-d630bbc43080,202,,109.00189886499993,109.03669417800029,34.795313000358874
1091,0a1f51ff-add6-44fc-9d7a-d3c45fef47ae,202,,109.1057017840003,109.13908172800029,33.37994399998934
1092,be4d7fe1-42fb-4437-8587-37ce9a216ce1,202,,109.200937049,109.22254883300002,21.611784000015177
1093,0c878733-ddf4-4155-bb76-065938da682d,202,,109.30027046300029,109.31132204699998,11.051583999687864
1094,5edca225-70a2-4cb5-9d0a-f9ef929d9fb0,202,,109.4004537159999,109.41536815300014,14.914437000243197
1095,cf1a19ff-a017-460f-9f7f-dfb2a7650b91,202,,109.50276787200028,109.52383861499993,21.070742999654613
1096,22a623d5-5b98-4d2b-981f-5339720f445e,202,,109.60117657199999,109.634373117,33.19654500000979
1097,53f6e1d5-19c2-432d-8081-dff91f285fe1,202,,109.70077564200028,109.72173759599991,20.961953999631078
1098,e5081638-5594-4844-8fee-3676aa0367f4,202,,109.80370539100022,109.81923146200006,15.526070999840158
1099,55182de5-fdba-4232-aed0-5d9e11183fb1,202,,109.90251411200006,109.9220089610003,19.4948490002389
1100,20a3a602-d941-462f-869b-b11316bd1728,202,,110.0005649210002,110.05339595800024,52.831037000032666
1101,971bd03b-35dc-4af0-bfa3-364ad2458532,202,,110.10471714000005,110.13293179700031,28.214657000262378
1102,190db568-75e0-4fed-8b10-1406817c9cc0,202,,110.20151462800004,110.22168702699992,20.17239899987544
1103,b4ec24f4-ed61-44fd-942f-565f9d6ed6c8,202,,110.30027771999994,110.31491938599993,14.641665999988618
1104,3bc1956b-d688-44eb-9f02-528a649318ca,202,,110.40084184900024,110.41740749700011,16.565647999868816
1105,0aea6dae-c43f-496c-abbc-26dc06d39bbf,202,,110.50041800000008,110.51292611500003,12.508114999945974
1106,58c8c47b-19f0-411e-9f16-8543aeea1ad4,202,,110.60329519100014,110.62513055199997,21.8353609998303
1107,71601f73-5e9f-4be9-aad1-90ee94da5923,202,,110.70129439199991,110.72821763899992,26.92324700001336
1108,c46ade35-096e-449d-b1bf-3866c9f8714f,202,,110.80204202200002,110.81724160300018,15.199581000160833
1109,8d3a1d59-17cc-431a-b68c-e2a881e2a9f8,202,,110.90041204099998,110.91899094000019,18.57889900020382
1110,a9dcd0ff-d809-477e-bc94-b8ff7f836760,202,,111.00589807200004,111.0397833750003,33.88530300026105
1111,af655767-98d8-4c50-aa54-5b0f68d02dc9,202,,111.10545247100026,111.1305083530001,25.05588199983322
1112,1a32dea2-114c-46ca-a165-68806cc7a76b,202,,111.20172903499997,111.23300617199993,31.27713699996093
1113,bc97f7ab-a136-4461-b392-0ea8edcdb781,202,,111.30023075899999,111.31897358900005,18.742830000064714
1114,5f3dd7e4-6698-4338-b768-209473bb60a8,202,,111.40244229300015,111.4142312060003,11.78891300014584
1115,742b937a-1351-427e-a462-961a7d20a658,202,,111.50085994200026,111.53106008300028,30.200141000022995
1116,b2f8d338-a7db-4230-9740-08d52ae0df7d,202,,111.60074578400008,111.61685868900031,16.11290500022733
1117,00f747ab-c6ed-4c8a-8c6e-42d6aabfc012,202,,111.70038674099987,111.72234016499988,21.953424000002997
1118,e4e158f5-9aa3-499b-9679-03d567876eba,202,,111.80120526100018,111.82241674900024,21.211488000062673
1119,54284d33-64ec-49bf-93a8-5c2f779f83e7,202,,111.90195870400021,111.9457341870002,43.775482999990345
1120,42334ecd-b4f7-4f46-a40d-841b861cbe62,202,,112.00274917200022,112.03619529000025,33.446118000028946
1121,3f10434c-3d62-44aa-a5e8-fd0ca5d04375,202,,112.10116105599991,113.01269732299988,911.536266999974
1122,8e3d8f20-dbdc-443c-b99c-958e305e92c2,202,,112.20131983200008,113.01498317699998,813.6633449998953
1123,db70c189-04a8-42f1-9fd7-ac31d6369b82,202,,112.302048646,113.0340401200001,731.9914740000968
1124,05aa7444-be2d-454a-b6eb-8307efd09d0c,202,,112.40315393900028,113.05631215099993,653.1582119996528
1125,f5bafd13-09c0-4f34-b131-e71e51e2efab,202,,112.50099273700016,113.07293931899994,571.9465819997822
1126,7d3f0f98-d9ce-43db-b591-38076e5d1c4a,202,,112.60091050100027,113.08524159400031,484.3310930000371
1127,8f0e248c-3a07-4d91-b939-c51179119c9c,202,,112.7077205290002,113.0910306300002,383.3101010000064
1128,8e66da10-5f9d-476e-b8d5-2a96da528891,202,,112.80217623199997,113.09719633500026,295.02010300029724
1129,e4f7f222-ca4f-4998-8ce1-e145b3e06a1b,202,,112.90155722700001,113.10060509999994,199.04787299992677
1130,22d71355-37aa-40e8-88c8-e77086b6fde5,202,,113.00030856100011,113.10300043899997,102.69187799985957
1131,202043cd-4ac0-48a6-bdb4-7eb6e0c40cfa,202,,113.10226271200008,113.12322612600019,20.96341400010715
1132,e545c77f-53e4-41ce-b188-385d27e7aaec,202,,113.20068408499992,113.22752369,26.839605000077427
1133,f76c1ae4-4875-446b-ab47-3c3abd3ac1ed,202,,113.30050682299998,113.32448041899988,23.97359599990523
1134,93e1c390-cf88-43ae-837c-09b50b2255fc,202,,113.4033497610003,113.42477332599992,21.423564999622613
1135,b8f8fc41-f9b6-4eec-8cfa-1a151fe1ba25,202,,113.50022021199993,113.51624881599992,16.028603999984625
1136,917f4bb0-6878-423f-8da3-e3f8296da309,202,,113.60276011199994,113.61840839100023,15.648279000288312
1137,7cc5e109-998c-423e-8930-d4ca4ee5ce9c,202,,113.70059721000007,113.71916041500026,18.563205000191374
1138,ab6a0e68-cbd0-4f6f-92d7-d5d1b51249d6,202,,113.80131784600007,113.83037339600014,29.055550000066432
1139,7ca734c7-8efb-4903-adfe-36a35b4bf961,202,,113.90060566600005,113.9216078039999,21.00213799985795
1140,cf5bd674-5651-4eaa-896a-813d3017b996,202,,114.00357344500026,114.0338052420002,30.231796999942162
1141,c5b6680c-0f01-48ad-a50f-094b793378be,202,,114.10126804599986,114.14489830699995,43.63026100008938
1142,0a62f65f-7f0e-4373-84c2-b494d7adc91c,202,,114.2003410770003,114.2246512390002,24.310161999892443
1143,88e41326-eecb-4c8f-b841-4a48e3c0f3d5,202,,114.30071715700024,114.31930828500026,18.591128000025492
1144,61243a5e-def3-4888-934a-791c380f27b5,202,,114.40332577200024,114.41886686599992,15.54109399967274
1145,3396f54a-ebb0-40c8-8cf4-faca4d8b5d89,202,,114.50271167900019,114.52851012000019,25.798441000006278
1146,94cf92f3-35c9-4ab0-b924-50904de46ee4,202,,114.60114799100029,114.62004504900005,18.89705799976582
1147,acb0dd7b-a12c-4b55-be78-52972069a588,202,,114.7036140590003,114.73611594000022,32.501880999916466
1148,cd512642-0ae4-4b0e-a4fc-cc2fbcbe7aba,202,,114.8057129230001,114.83483200399996,29.11908099986249
1149,3d5239f3-bfc2-41ec-b5d5-d8eeed13c570,202,,114.90238294600022,114.92357659300023,21.193647000018245
1150,863eee63-fb2b-4e60-b821-ee0562a85325,202,,115.00141679700027,115.04075084800024,39.334050999968895
1151,06480b57-65ba-4421-92e5-9acd1adbe5b2,202,,115.10178227300003,115.13462376999996,32.84149699993577
1152,208d1691-da22-47c3-bd85-3bc2eb32209d,202,,115.2004016320002,115.2193190160001,18.917383999905724
1153,9d78399c-059e-4817-b79f-7e452150655d,202,,115.30088422300014,115.31993992400021,19.055701000070258
1154,45481ce5-e5c6-445d-9f96-00ee873950c1,202,,115.40188765199991,115.42067585900031,18.78820700039796
1155,17b37dff-dadc-47bf-be0b-8791a16276ba,202,,115.50087542500023,115.54051015300001,39.634727999782626
1156,0e7fdeb9-684a-48ec-a3df-fce55106e12b,202,,115.60205047,115.61985152199986,17.801051999867923
1157,686a55e0-b09b-4393-976a-dfb7709d38e2,202,,115.70291940800007,115.72359924600005,20.67983799997819
1158,ffca0fba-6189-4605-a81c-58c84e27a703,202,,115.80795442099998,115.84159746100022,33.64304000024276
1159,526e6ec1-dcf4-4aab-8eee-95a3d7acabdc,202,,115.90037760299992,115.93131539200022,30.93778900029065
1160,87d9a4d2-3cfb-4757-ad9c-5c70891bc670,202,,116.00555940000004,116.03503448599986,29.475085999820294
1161,eab830e0-f56d-4ad2-95fe-2a1ec4c1dff1,202,,116.1050572019999,116.1429958650001,37.93866300020454
1162,d6cd0f82-acad-4e3b-8c3a-69feb02531f9,202,,116.20352768600014,116.29607407100002,92.54638499987777
1163,09726ffa-578a-4905-89dc-f037afce3f03,202,,116.3059056940001,116.37209371400013,66.18802000002688
1164,7f67742c-676e-47fe-b5d3-4b6a5a00bdcd,202,,116.40114046999997,116.43251431099998,31.373841000004177
1165,7e024d3e-ac58-48a3-b297-8711ded5255f,202,,116.50374151200003,116.57458888200017,70.84737000013774
1166,558ac22b-414c-40ef-a062-af66953b8e50,202,,116.6003972210001,116.63211735899995,31.72013799985507
1167,13dbb6ae-c0f3-4692-9e45-860d837dd870,202,,116.70140353700026,116.71789810600012,16.49456899986035
1168,2a0b4e6a-159d-4451-98a4-6fee4703458f,202,,116.80029127900025,116.82222726600003,21.935986999778834
1169,58af52a2-8f37-4ab3-a61b-b4efc8d1dcb0,202,,116.90535007100016,116.92380253800002,18.452466999860917
1170,7d89e36f-7fc8-466f-8a74-8c3a62da1e57,202,,117.00541541500024,117.02844102900008,23.025613999834604
1171,77c317d1-601b-4c92-aab4-b9d3ebcba7b0,202,,117.10066059100018,117.12367063800002,23.010046999843325
1172,bdc376bc-4675-4dd5-8e24-ab74e878586e,202,,117.20099833199993,117.22859045599989,27.592123999966134
1173,27206859-99e1-42c8-9a8e-57c82d2acacc,202,,117.3010696020001,117.33789536799986,36.82576599976528
1174,8461c60c-894b-4561-87f9-fad39687e41e,202,,117.4002937600003,117.41829892500027,18.00516499997684
1175,ea9eba4b-345c-4631-837e-9bdcdf7286ab,202,,117.50025134799989,117.51663431999987,16.38297199997396
1176,55b85ddd-2586-4994-9dc4-892befee6d52,202,,117.60171578100017,117.6253578830001,23.64210199993977
1177,6949149c-12f9-43a4-8334-506139bfa45c,202,,117.70515339900021,117.73452808100001,29.374681999797758
1178,e35a9222-87d5-4c4c-8088-b2f43fdcfe15,202,,117.80095052700017,117.82593152200025,24.98099500007811
1179,b0a729db-2537-49d4-bb80-b6de6a826a65,202,,117.90312032300017,117.92195037300007,18.830049999905896
1180,8fd98b99-6cfd-4fe1-9d6d-bc944ff8948c,202,,118.00069649199986,118.89900494299991,898.3084510000481
1181,5323b2d8-1a49-4892-9949-ae202b9623ed,202,,118.10377066499996,118.90874736500018,804.9767000002248
1182,015945f5-eb22-414f-8759-612ce505c87c,202,,118.20087471900024,118.92486851500007,723.9937959998315
1183,6fe40944-dffb-4b8a-8099-5c674f01b1c5,202,,118.30057776800004,118.93234075100008,631.7629830000442
1184,b67d0005-b310-4232-b95b-50026cfb24ee,202,,118.40088205200027,118.96286178900027,561.9797370000015
1185,a0a29225-9f87-441a-b875-37c2e1a8d2a6,202,,118.5013888630001,118.98022146099993,478.83259799982625
1186,2adffda8-5ab7-4e34-9c38-a50b9c049243,202,,118.60062247499991,118.98367195399987,383.0494789999648
1187,88fbec72-2d58-4955-b5d2-98cd8b3ab11d,202,,118.7010917309999,118.98763089300019,286.53916200028107
1188,1442b626-62ee-443a-96a0-808077ad5b90,202,,118.8005600790002,118.98806564200004,187.50556299983145
1189,68e5ce86-d561-48c6-b22f-c26023ae8744,202,,118.90023115500026,118.99751298699994,97.28183199968043
1190,cec6872a-24d9-42b8-b471-71499eb02b62,202,,119.000250263,119.01408428500008,13.834022000082768
1191,e09f3a81-2ba9-4d11-ae0a-30f75d579e59,202,,119.10051816900022,119.11506778700004,14.54961799981902
1192,f086c124-94c8-4f26-a6dc-79a9ad8c3437,202,,119.20151577600018,119.22245163300022,20.935857000040414
1193,b1abf3b9-a759-4a64-8028-bf26680cfbf4,202,,119.30089690700015,119.33390492099988,33.00801399973352
1194,3b3d6243-7fed-47b2-86a7-7d14e1e71055,202,,119.40449637400025,119.42814605500007,23.64968099982434
1195,670678d7-7169-4ff2-b031-d22f9304fe36,202,,119.50278662600022,119.533030349,30.24372299978495
1196,44381753-2b6a-48f2-90f9-28d8cdb5dc07,202,,119.60553733799998,119.6283528240001,22.81548600012684
1197,2b79e31a-34d3-452e-b32c-15bee08d9bf6,202,,119.70587731500018,119.73664748600004,30.770170999858237
1198,4cc92f69-a400-430e-8fd1-579d4b600734,202,,119.80150170000024,119.83176753399994,30.265833999692404
1199,f438219c-17b8-4bc9-81a5-4552cb86e3e5,202,,119.90386365900031,119.93734250500029,33.47884599997997
1200,37c012cd-63e2-421b-a1d8-17c975ff8596,202,,120.00213249700028,120.02872292000029,26.590423000016017
1201,92cbd4f6-8514-4bd0-9ae2-49733ec99b2c,202,,120.10034750600016,120.12189864399988,21.551137999722414
1202,3714533e-982d-4843-aa35-53e7aaa642c8,202,,120.20053049800026,120.22308655500001,22.556056999746943
1203,02ee7429-13e3-4070-bceb-90492ac0200f,202,,120.30097404700018,120.33645246600008,35.478418999900896
1204,b05cf097-72d9-4d7f-928c-72b0165871ec,202,,120.40037678899989,120.4252403800001,24.863591000212182
1205,1da9847f-e2bb-4f3e-8ce7-3d61cda8d483,202,,120.50310763300013,120.5288178830001,25.71024999997462
1206,4b3af342-4c64-4912-9ddf-be12cabba790,202,,120.60128428899998,120.62245056100028,21.166272000300523
1207,12a5d70f-ec9c-4b89-ab5f-3abb57f81409,202,,120.7066667009999,120.74757020100014,40.903500000240456
1208,083e2723-1d62-4bb3-8838-773fc953b795,202,,120.80229771299992,120.82691039100018,24.612678000266897
1209,c35354d9-220f-462a-9c08-e85d533c2ed5,202,,120.90212860500014,120.93029734900028,28.168744000140578
1210,3fd47d27-e56b-4668-a74a-2db7f93fd8e1,202,,121.00131322100015,121.03497064300018,33.657422000032966
1211,bd8208c9-d6c9-46fd-b35a-8f52bd717402,202,,121.10029729300004,121.11955085699992,19.253563999882317
1212,705512c9-3aab-49cc-9c3f-2a8ce7f52f6e,202,,121.20033561399987,121.2140278920001,13.692278000235092
1213,8a2e16c7-9408-4c85-875e-7dc70a2de446,202,,121.30041791400026,121.31916649000004,18.74857599977986
1214,f1c01170-e785-40f5-a03a-728ee1d92fd6,202,,121.40192608799998,121.41939688299999,17.470795000008366
1215,b05058e7-5158-4269-9902-57cedf1a3ee4,202,,121.5015381610001,121.5242284650003,22.690304000207107
1216,1b0b8182-ba46-44c5-8088-07b3bc6ced08,202,,121.60215103900009,121.62496234700029,22.81130800020037
1217,1752ce75-cb40-4ba8-a5c7-c0b6763767ec,202,,121.70421369099995,121.72733014200003,23.116451000078087
1218,c8b1735b-ed51-4d33-be00-511c44d101e1,202,,121.80165959500027,121.84123972199995,39.58012699968094
1219,6ce23db2-1f36-4f07-be1b-1653c2997b96,202,,121.90027938000003,121.9382984910003,38.019111000267
1220,79d890ca-e02b-40c3-95bf-b2c6e2c9b0de,202,,122.0022004970001,122.02104318900001,18.8426919999074
1221,f4d91603-187a-40aa-b133-ef8d9ccaaaa8,202,,122.10341606600014,122.13859316700018,35.177101000044786
1222,7822ba9d-1482-4a5d-8c51-9c471312fe27,202,,122.20049882700005,122.23213592399998,31.63709699992978
1223,f706fc20-9f07-428c-97cd-f39c6a36dc3c,202,,122.3049226359999,122.31983001100025,14.907375000348111
1224,17c18790-6fea-4bbb-a8e5-48e6d73c0af9,202,,122.4019930049999,122.435869335,33.87633000011192
1225,4daf13fd-f2d8-4ac6-ae6d-92566b357556,202,,122.50238189499987,122.52080390499987,18.42200999999477
1226,80d3c075-1237-4ff9-9136-2bf87afed2be,202,,122.60056478800016,122.62475897200011,24.194183999952656
1227,d485e9d7-fd93-4419-9548-4b1b829ce558,202,,122.70585132999986,122.74017878900031,34.3274590004512
1228,12d3e669-b2a5-449e-ac25-356aebfa432c,202,,122.80497742099988,122.85005559699994,45.07817600006092
1229,5d3edc8a-37ad-4cff-a1f8-2469a2402131,202,,122.90192022200017,122.92616489300008,24.244670999905793
1230,cfef700d-dd42-4103-8033-5c4b0ce090a3,202,,123.00533219599993,123.03317312399986,27.84092799993232
1231,340a5d15-6903-403a-8286-9eca19f44367,202,,123.10222388400007,123.13226141199993,30.037527999866143
1232,fd72749c-3278-42b1-af50-66452ca7cc13,202,,123.20034703600004,123.21474524899986,14.398212999822135
1233,ac15f530-bfab-4eee-9ce7-c099ee1bff13,202,,123.30033582800024,123.31399330100021,13.657472999966558
1234,f5f45a9f-c0e6-41e3-af61-b477b0e01ea8,202,,123.4003918379999,123.41718588599997,16.79404800006523
1235,319bbc35-a7a4-476c-be2d-3aa9f6da70ed,202,,123.5031244920001,123.52441485200006,21.290359999966313
1236,b52744d5-4395-40b9-841d-5cd34c3cf2af,202,,123.60357092699996,123.62984987600021,26.2789490002433
1237,0518a597-7014-4553-9655-fe1821e0e29d,202,,123.70035138799994,123.71869946700008,18.34807900013402
1238,a6ea5378-78b6-44c6-8415-f3778a6a625c,202,,123.80163447299992,123.81529029500007,13.655822000146145
1239,c88f1462-34a7-4045-9507-0c6f8e30ae38,202,,123.90457869200009,124.94272639600013,1038.147704000039
1240,13a86cb2-9d60-4a5b-bba6-ffaf57dca2d1,202,,124.00028026900009,124.94258116099991,942.300891999821
1241,737366aa-b57c-4e3a-8247-e198a6c23c98,202,,124.10222604699993,124.96218187500017,859.9558280002384
1242,88eda1a0-4eb1-4106-9ce5-ea064bbcc1cd,202,,124.20174001800024,124.9930666260002,791.326607999963
1243,dd02e6eb-859f-4945-ac17-552391bab78f,202,,124.30073156900016,125.0234850490001,722.7534799999376
1244,824f02b7-2068-4818-8863-6b16dcad92d1,202,,124.40107383300028,125.0364067620003,635.3329290000147
1245,294c1a13-5400-4f53-80ae-af748567b286,202,,124.50163268300003,125.07113078200018,569.4980990001568
1246,014e7e5b-b470-4910-9640-459c0a8f32de,202,,124.61021260300004,125.07505345300024,464.8408500002006
1247,ca528530-c02b-4b69-a64e-db669b8146ec,202,,124.70163392599989,125.08970592500009,388.0719990002035
1248,c68ef5ad-838d-454f-80c4-eb0486288dcb,202,,124.80163097800005,125.10573877200022,304.1077940001742
1249,a66d20ce-95b3-426c-94fd-af4e3ffa4c04,202,,124.90116382999986,125.1068983969999,205.7345670000359
1250,4adbb2cb-808f-405b-a6d4-2c5546611efe,202,,125.00044530700006,125.10682125299991,106.37594599984368
1251,60b0e204-0c6c-411e-9b4a-2b78290a7884,202,,125.10349445700012,125.12331659000029,19.822133000161557
1252,2b703350-4d30-472e-a5d9-25045881245f,202,,125.20061301700025,125.21678726100026,16.17424400001255
1253,c9ffab20-75d7-44b2-95dc-38f98478d226,202,,125.301746955,125.32101268299994,19.265727999936644
1254,23d443d0-3611-4db8-9558-d5739025872d,202,,125.4028595740001,125.45575365600007,52.89408199996615
1255,70939deb-7bc8-4fb5-a0ec-97f7f0186f92,202,,125.50231265299999,125.52280822300008,20.49557000009372
1256,2c69e7e0-5f6b-4186-b552-2afd1f79e42b,202,,125.60415076200024,125.6369705520001,32.81978999984858
1257,aac79bb2-88a7-40cb-9fad-90438dbfaf1a,202,,125.70544185100016,125.72598899400009,20.547142999930657
1258,39da506f-2914-4e8a-a80a-f29e6b816d59,202,,125.80309121000028,125.83025799100005,27.166780999777984
1259,e07422cb-5eb4-45e0-be56-e6efab2016a1,202,,125.90404732100023,125.94228230999988,38.23498899964761
1260,6a0d988f-5d86-493a-b93f-49f424ce1904,202,,126.00030558200024,126.07784987200012,77.54428999987795
1261,050e2769-cc6d-4464-b9a4-a8e4374783fd,202,,126.10055535900028,126.1236775970001,23.122237999814388
1262,7d41e6dc-d7a5-44c7-8ed5-9cc2c31eec3a,202,,126.20043419700005,126.23010556500003,29.671367999981157
1263,ba601ef6-568c-4afd-83eb-1df150a303f7,202,,126.30089053500024,126.32738256499988,26.49202999964473
1264,b35c9246-d505-4b69-a281-96a3e4172c95,202,,126.40140665800027,126.41741240300007,16.00574499980212
1265,e3c440c8-8db6-47dc-80bc-c85b61578e4f,202,,126.50039496399995,126.52065022800025,20.255264000297757
1266,b9464c48-e300-4715-8168-9636b7563e6e,202,,126.60540711900012,126.62874119900016,23.334080000040558
1267,928cccf0-7f29-47d8-8d74-e3d33bd1967a,202,,126.7055272990001,126.73796606199994,32.438762999845494
1268,74f2d359-e76c-4e90-9eea-85360209d299,202,,126.80184473600002,126.8225359600001,20.691224000074726
1269,14a3db87-f42b-424e-8346-43fde1c18c8c,202,,126.90508608600021,126.93709497000009,32.00888399987889
1270,1d511bd6-a68c-4233-b503-19018171bd2a,202,,127.00196627900004,127.02000910000015,18.042821000108233
1271,543937cc-f496-4820-a941-9a2f6527d496,202,,127.10049681600003,127.11980870600019,19.311890000153653
1272,9f69ad70-997e-4eaf-a5cc-be2edc4e615e,202,,127.20037923600012,127.25424636800017,53.86713200005033
1273,5df18b87-32d7-487f-8ad8-73b2933de617,202,,127.30170248600007,127.36978261800004,68.08013199997731
1274,3381c336-f104-49ec-9f7c-0804e115b316,202,,127.40232059000027,127.46261191800022,60.29132799994841
1275,ec2a8a66-2318-405f-842d-8af9a8ad4c0a,202,,127.50197676400012,127.56641968700023,64.44292300011512
1276,08bf9e58-b779-4422-a25e-bffdb9cdd1a1,202,,127.60443428300005,127.6324149269999,27.980643999853783
1277,b2c6ec9d-a696-4193-b030-3c2b774eda63,202,,127.70191497499991,127.76258135199987,60.66637699996136
1278,51d47b47-2237-445c-bbfe-4f1122101ae1,202,,127.80490542200005,127.82098650500029,16.08108300024469
1279,58a74028-7fb5-498f-876e-1538c0b849af,202,,127.90092817899995,127.92120309300026,20.274914000310673
1280,30c1b315-6ca3-4692-a19d-957afc9c3724,202,,128.00510121900015,128.02242776399999,17.32654499983255
1281,7696c852-50da-4d2a-a64d-63a0894fdbc6,202,,128.10050258,128.1251206750003,24.618095000278117
1282,09d7398e-29ab-4872-b876-9be730ae70e1,202,,128.20032985099988,128.2324833810003,32.15353000041432
1283,c472da3d-79ac-4fdb-9fca-3ad359b694da,202,,128.30061055900023,128.34723542500024,46.62486600000193
1284,8c0357cd-7eaf-44f6-8065-17e9984240ea,202,,128.40070140700027,128.42399535899995,23.29395199967621
1285,c6c684c3-9d39-473b-af8a-6444969a5a14,202,,128.5055231680003,128.5693827780001,63.85960999978124
1286,3bd00db7-1282-4d18-bc69-8abefd2c6a9e,202,,128.6023487870002,128.63077395100026,28.425164000054792
1287,5505f153-ce38-4572-895c-e96140355f65,202,,128.70092992900027,128.7301255289999,29.195599999638944
1288,384944d0-8682-44c5-bd95-91579f5cc381,202,,128.80025764399988,128.82507676600017,24.819122000280913
1289,0bbb37dc-bf38-40f2-b1dc-d934e31d0c23,202,,128.9009158910003,128.91606072900004,15.144837999741867
1290,1b9d0d64-5dbf-4a67-9f3a-cf2e7a9cc5fb,202,,129.00539560800007,129.02593236600023,20.53675800016208
1291,36194717-cf13-4109-8c9c-942839a508e7,202,,129.10049890500022,129.12276288400017,22.26397899994481
1292,713c315f-9ebc-4523-b705-168e10a71036,202,,129.20060043400008,129.24467262999997,44.07219599988821
1293,793e0936-3fb4-48c3-bcfc-6feb6eb34d36,202,,129.30293734299994,129.3206781240001,17.740781000156858
1294,34158e45-ea91-4750-8bd0-f13f141233f0,202,,129.40172169000016,129.42468514300026,22.963453000102163
1295,bce682c5-7419-4c72-960d-00ee0a00018f,202,,129.51320699400003,129.60983798100006,96.63098700002593
1296,07204c67-8aab-4f7b-a4b6-e949734d67e1,202,,129.60481147300015,129.63744462600016,32.63315300000613
1297,cf7698a2-5171-4f58-a72c-8d216c14476d,202,,129.70274497399987,129.7364563240003,33.711350000430684
1298,e391c6ac-d7de-43b5-8c0c-9eab95cc31d6,202,,129.80139027799987,129.892624952,91.23467400013396
1299,b132ead8-1495-408f-97ce-31f60e2e5bf2,202,,129.9004162010001,131.64468613300005,1744.269931999952
1300,d5ca2eaf-821a-49a1-b8de-9bda4531b74a,202,,130.00223773400012,131.65093264799998,1648.6949139998615
1301,5a8757e1-5ccd-41e0-b5f5-df6730ee4529,202,,130.10473540300018,131.67559821700024,1570.8628140000656
1302,484fee79-3273-4e7f-b3e5-599b4daab054,202,,130.20106771200017,131.6896618640003,1488.5941520001325
1303,9a250a15-f991-4099-be36-0e2713998ff6,202,,130.3006978100002,131.72217364000016,1421.475829999963
1304,6e42800f-c8f1-4262-9b52-2e4cae6bfbec,202,,130.4009987049999,131.74280562600006,1341.8069210001704
1305,9f9aa0ba-e4db-4eab-b20f-377a07b13154,202,,130.50066201000027,131.75664105600026,1255.979045999993
1306,ae3619e1-eb31-4d8d-bfb7-3da6fff7cd07,202,,130.60135919999993,131.76759162400003,1166.2324240000999
1307,992b7c2e-5973-4813-9e8e-40312f849bd5,202,,130.70176942900025,131.7880247590001,1086.255329999858
1308,04fffd10-dc54-4449-937b-b9078df8bb00,202,,130.8234518180002,131.8025001660003,979.0483480001058
1309,36b1daa1-03cc-47c0-b5a5-3a64388c26d0,202,,130.90100867399997,131.8174894900003,916.4808160003304
1310,ca1a55c9-9964-415e-b5f6-65bab2b27935,202,,131.00832145999993,131.83293116100003,824.6097010000994
1311,93513a16-6774-4a6d-8edb-f3044221f1ef,202,,131.10190530299997,131.85059348100003,748.6881780000658
1312,b3b55133-43da-426d-9fc3-f036a78fffe9,202,,131.20073190099993,131.86091933900025,660.187438000321
1313,4e587559-8f86-4af1-9c4c-f902e28e8993,202,,131.3035621480003,131.87424948600028,570.6873379999706
1314,015029e3-0dc8-4f05-9a35-0580d933c4bf,202,,131.40163549599993,131.88642657299988,484.7910769999544
1315,f28d5395-c140-4927-b25d-40d828d68f27,202,,131.50142212499986,131.8908487230001,389.4265980002274
1316,fad5b553-6867-4659-9b4e-558db7343a18,202,,131.60144545699995,131.89878457400027,297.3391170003197
1317,082e7682-19ab-4da7-9ea1-d5335ddc4b62,202,,131.70041604200014,131.9025153130001,202.09927099995184
1318,e18da716-b3b1-41aa-9992-03d40a2b61fb,202,,131.80259318800017,131.91179156199996,109.1983739997886
1319,e604337b-fbc2-4480-af85-0878e4cc1218,202,,131.9002809409999,131.93951064300018,39.229702000284306
1320,fc2532a6-1d09-49cf-9efd-d7412c2378c8,202,,132.0063036649999,132.21335935900015,207.05569400024615
1321,4a7384d3-ebe1-465a-8bb9-92ab7863cd62,202,,132.1350097469999,132.29795177300002,162.94202600010976
1322,d39ef44f-be0a-4201-98a9-2104e192d5bc,202,,132.20070631499993,132.30000268699996,99.29637200002617
1323,f1f96b43-adc9-4e5e-b184-65905bdfc60e,202,,132.3016470970001,132.33112880599992,29.481708999810508
1324,4e825aea-7dba-4cd5-8831-0705fcf059cc,202,,132.40397871000005,132.4276006350001,23.62192500004312
1325,1dd08325-843e-42f2-97a0-d1932972cc73,202,,132.50425181800028,132.5336806360001,29.428817999814783
1326,5cfed11c-4fdc-4865-a0ff-3641f5fbde01,202,,132.6033674270002,132.6278169510001,24.44952399991962
1327,d10ae013-a029-487d-bf26-e3fc1d71004b,202,,132.70072882900013,132.74385670900028,43.12788000015644
1328,d5ec8921-3165-4dcb-af80-e5ee61de1563,202,,132.80288289400005,132.8371292720003,34.24637800026176
1329,0e49a594-d53b-443c-a712-906a60f96e6a,202,,132.90454407800007,132.932625766,28.081687999929272
1330,c643caa8-4416-456c-8bef-eb022b4d024c,202,,133.00035191899997,133.0194187070001,19.066788000145607
1331,0590ee44-a71f-4d0b-af1b-b70c03ba6a27,202,,133.10052720000022,133.1275805360001,27.0533359998808
1332,cde45847-641d-4481-9bea-9ea986d0d215,202,,133.20141698399993,133.22242096800028,21.003984000344644
1333,50f9efde-eec8-40d4-a105-6576fb754292,202,,133.300693057,133.32520052100017,24.507464000180335
1334,0b8e3bad-c8a2-43ec-890e-c1058f75adde,202,,133.4012183949999,133.42048824099993,19.26984600004289
1335,490fa570-79de-4a20-8bf5-f3e316074c14,202,,133.504536337,133.53421686699994,29.680529999950522
1336,a48f3820-8123-473c-b0b2-8d711d98c95d,202,,133.60168465100014,133.6245632250002,22.878574000060325
1337,be9f622c-eb9d-4c9a-a5af-d662430e47c7,202,,133.70140959499986,133.76655314000027,65.14354500041009
1338,a244f121-3bc9-433f-97b5-6df27bb15863,202,,133.80119155900002,133.8504306640002,49.239105000197014
1339,ff849594-525e-4a04-94d4-dd0fc6c427bd,202,,133.90072425100016,133.9692381330001,68.5138819999338
1340,39730088-f1a7-4f24-8746-d337baf8dc12,202,,134.0009079030001,134.05104661299993,50.13870999982828
1341,79bb3447-fd63-46c2-ab8f-0d8eb5591344,202,,134.1020439240001,134.14192876200013,39.884838000034506
1342,ac7a6010-bc92-4e52-8981-01d9ecfa6ed5,202,,134.20277646400018,134.24384580100013,41.06933699995352
1343,b4f139e6-7343-411f-960e-33f7049ac424,202,,134.3005355590003,134.31895135800005,18.41579899974022
1344,3f1ed990-149c-4ae1-afd5-6dcbfac99c81,202,,134.40548577500022,134.42514029699987,19.654521999655117
1345,7c9ae04a-f297-42ad-9016-915dc3d681f7,202,,134.50559905799992,134.5409004080002,35.30135000028167
1346,2c4195d9-cbd6-405f-8c15-6b744729d7a4,202,,134.6008996999999,134.62870934400007,27.80964400017183
1347,b380d141-4a2f-4d64-9b54-5185882a2994,202,,134.70577795600002,134.73672644599992,30.94848999990063
1348,de25e749-72da-4d30-89ca-de4efac888eb,202,,134.80162120600016,134.82545623800024,23.83503200007908
1349,07a880d1-67a2-427d-876a-dabdb088ceed,202,,134.9057624259999,134.94829380500005,42.53137900013826
1350,7fcd6689-9fea-43ed-b2d2-d06ba0b128a6,202,,135.0003527990002,135.06754821999994,67.19542099972386
1351,219d5b38-dd86-4534-85ab-073ad63df3f9,202,,135.10051919900025,135.16845240600014,67.93320699989636
1352,f295621a-3157-4c4d-9484-c03b67412e63,202,,135.2002503849999,135.2321576889999,31.907304000014847
1353,33d3495e-bfee-4958-b2f1-d1f63fede3ef,202,,135.30368685500025,135.31735638400005,13.669528999798786
1354,edaa84cc-2cfb-4885-bfdd-9d5f28e3c393,202,,135.4009182929999,135.42565703900027,24.73874600036652
1355,c6fd21c9-424a-4f2a-aee9-701d0c601e64,202,,135.50255655299998,135.52853494800001,25.97839500003829
1356,6ec0c188-f911-4afc-8048-665b1fae1a90,202,,135.60206654700005,135.62541208599987,23.345538999819837
1357,76ffe2be-6ad5-4538-9add-a00154546d21,202,,135.70563237700026,135.735984939,30.352561999734462
1358,bf361ffe-96c4-4fc2-a1ab-110d4ee5f7f0,202,,135.80319080900017,135.9050529430001,101.86213399992994
1359,ef9b4e33-7d9b-4ffe-a60f-0525ee3e683e,202,,135.90536531099997,135.92835310200007,22.987791000105062
1360,9ff6c990-561a-4828-8f8e-8daf7af8abe9,202,,136.00090121599987,136.03152873199997,30.627516000095056
1361,62f706ae-e1fd-461c-b17e-c9c16141ffd5,202,,136.10108760000003,136.1891559589999,88.06835899986254
1362,bd06c0cc-3a01-4221-9bd3-e2aa34869b8e,202,,136.20036854,136.2284377179999,28.069177999896056
1363,34c7c35a-6c0c-4f6e-b146-c1377a8230b8,202,,136.30034295299993,136.32138183400002,21.03888100009499
1364,36f7ea7f-640b-415a-91c7-0c16f907cf82,202,,136.40263282500018,136.42496288700022,22.330062000037287
1365,9528a9eb-a576-4be0-8b03-8d1a2c401572,202,,136.50128473299992,136.5202223360002,18.9376030002677
1366,36b6f625-73d8-4491-aa3f-3bb52309d47a,202,,136.6007431940002,137.72255356100004,1121.8103669998527
1367,b322192d-0464-44c6-9bff-6bf11eb192f3,202,,136.7028849440003,137.74661900899991,1043.7340649996258
1368,fc5ff886-d288-4e59-beca-54c8c184af75,202,,136.80070752600022,137.75615247899987,955.4449529996418
1369,def7aea9-7158-404e-8e73-7ce27f9314d6,202,,136.9011588389999,137.76506069700008,863.9018580001903
1370,bae99f8c-1c3a-48f7-978c-2cdee33fc10c,202,,137.0010242190001,137.78250288300023,781.478664000133
1371,6300c472-ab40-46ba-af3d-6a016a0ff168,202,,137.10193992299992,137.79380958699994,691.8696640000235
1372,2a6b350e-b9f7-41bd-b56f-fa8334d5dc11,202,,137.2004077900001,137.82991764400003,629.5098539999344
1373,2005279a-d160-40ee-891d-f612361ab463,202,,137.30111582300015,137.84381623700028,542.7004140001372
1374,db4b1e1d-b4d7-4ba2-b5bc-dec1a82bac32,202,,137.40856938000024,137.850739299,442.16991899975255
1375,3c75435b-aeba-4184-b537-ee23878d85a4,202,,137.5004909270001,137.8639395260002,363.44859900009396
1376,3dbed719-d494-4b74-a3c1-44ddc00d734c,202,,137.60079493000012,137.86677290700027,265.9779770001478
1377,c19b785e-32ff-40c7-96d7-98c7de86c228,202,,137.70074324799998,137.8731882520001,172.4450040001102
1378,0cef6854-cb9a-4c50-921a-75418b76ff6f,202,,137.80298511499996,137.8773379940003,74.35287900034382
1379,9b0be208-b427-4e02-8abc-7e19532a3a55,202,,137.90028386099993,137.91977101300017,19.487152000237984
1380,5961dec4-0744-44ad-ac79-aa3269955316,202,,138.0024307990002,138.0168700590002,14.439260000017384
1381,fcad2ab0-ad34-4897-8c2a-cf60ebbd32bd,202,,138.10271036599988,138.12294914599988,20.23877999999968
1382,f132f08b-0d22-41b0-a3ca-d3878ee219ae,202,,138.20425774500018,138.23816192599998,33.90418099979797
1383,c1681985-344d-4386-bafb-95bd884b3d77,202,,138.30544709800006,138.33923078399994,33.7836859998788
1384,a2466a52-8240-4482-a40a-bf1d77e1b976,202,,138.40549021900006,138.42131061400005,15.82039499999155
1385,655954d7-e2be-493c-a7e6-885602d7a824,202,,138.50314440500006,138.51889406200007,15.74965700001485
1386,f4b7e070-9288-4404-a606-4cc53b7bc1b5,202,,138.60309912000002,138.62211629500007,19.017175000044517
1387,657d9f52-aec6-4e06-9a86-84018e3def6f,202,,138.70086283499995,138.74509865100026,44.23581600030957
1388,47ed226d-e864-4ce7-819d-f0029fc87869,202,,138.80164864400012,138.83352790900017,31.879265000043233
1389,5bc1dba1-415e-4f78-8ab0-cc327d9e1a5c,202,,138.90032892599993,138.91540047700028,15.071551000346517
1390,cf777dbb-1209-43e2-bb37-779fa29d96ad,202,,139.00021560200003,139.02814215099988,27.926548999857914
1391,5b2f71fe-fdff-48bd-a295-5b9599eb34df,202,,139.11088044500002,139.14650868299987,35.628237999844714
1392,1173a883-5d7e-425f-a57f-d8e82476f52e,202,,139.20207958900028,139.2152718770003,13.192288000027474
1393,49954029-6444-473a-8d26-6d8ce6294acc,202,,139.3026861379999,139.32720705200018,24.520914000277116
1394,f8374d18-e3ad-4c3e-94e9-8b093bb9a51f,202,,139.4013901100002,139.42735857000025,25.968460000058258
1395,49af5928-dd9b-4b59-b07f-e8283d09e991,202,,139.50213604600003,139.52965497000014,27.51892400010547
1396,783bc58c-2532-410c-8d03-a0a1757ea0b4,202,,139.60065586100018,139.622346742,21.69088099981309
1397,5874782b-baa5-4641-96e8-e25be084d37f,202,,139.70262348000006,139.731828553,29.205072999957338
1398,0dae496d-937e-4276-beea-782f14b0b111,202,,139.80561003799994,139.83661421700026,31.00417900031971
1399,22594aa3-9e5a-4c07-84e3-b5650a753716,202,,139.90079921400002,139.938323546,37.5243319999754
1400,364437bd-ce28-4756-8488-4750b5ed8301,202,,140.00040943800013,140.01737331000004,16.963871999905678
1401,29a00afb-9fa9-4422-aeb6-8d83097986b7,202,,140.1003541089999,140.12121152100008,20.85741200016855
1402,74819f49-42b0-485b-8a0d-dcd914c9c2a1,202,,140.20414060400026,140.22710133200007,22.9607279998163
1403,eba8cd78-17e5-42c1-9801-d6973e195095,202,,140.30555827600028,140.33271959000012,27.161313999840786
1404,26ac95ea-4477-4626-a623-0e57084ae326,202,,140.40423831299995,140.4376250360001,33.38672300014878
1405,6cab7bbc-a7a4-4d22-bce7-c04625822c80,202,,140.50044342599995,140.52018614000008,19.742714000130945
1406,06ba882f-2259-4a0f-b210-47912307d42c,202,,140.6019248990001,140.6269026,24.977700999897934
1407,dc449c30-d688-4c77-a467-d7855e85ed13,202,,140.70235632000004,140.723859533,21.503212999959942
1408,35948a61-e935-4627-9335-e55192a91d05,202,,140.80566746000022,140.8463564900003,40.68903000006685
1409,a43e7724-8952-444a-8597-736aceea33db,202,,140.90080442499993,140.9172783910003,16.473966000376095
1410,1de78ad7-c9d3-4522-a6a9-dae079bc1241,202,,141.00030509299995,141.01465259399993,14.347500999974727
1411,b3f6febd-4843-44d1-95f4-4de925c8cf2b,202,,141.10036040900013,141.1129572570003,12.596848000157479
1412,de861b17-89fe-4407-bee0-ffaf860b48e9,202,,141.202190901,141.2180198420001,15.828941000108898
1413,fb140587-20cf-4814-a59a-30d2dad724f5,202,,141.30051045400023,141.32329979799988,22.789343999647826
1414,90742333-c684-4b54-a463-a93b0b9bd2f5,202,,141.4007133670002,141.42494724200014,24.233874999936234
1415,1adcfc0e-89f8-43c3-a85e-6a3fe8997b95,202,,141.50097992500014,141.52607028700004,25.09036199990078
1416,5bdadd48-228a-4fec-844f-2831587abeae,202,,141.60195353200015,141.6432288240003,41.27529200013669
1417,6a16b328-1926-40fc-a658-6e30e3054545,202,,141.70098941900005,141.73085560800018,29.86618900013127
1418,44870e4e-fb69-4389-b84f-c4950260c9ad,202,,141.80481373800012,141.83722207200026,32.408334000137984
1419,4f522d8e-ef08-463c-ab49-ecbc9537640f,202,,141.90474057400024,141.92793471200002,23.19413799978065
1420,bc177ffc-ae5f-4586-aa85-af50404ee892,202,,142.0007055760002,142.0351598870002,34.45431099999041
1421,1014aa12-9d1e-4e30-924e-9099cace7fb2,202,,142.1004891130001,142.12053742199987,20.048308999776054
1422,70da9118-a236-418d-8a76-5b360bd1b802,202,,142.20529438199992,142.22158246000026,16.288078000343376
1423,c727ac1e-bd0f-411a-9156-afe4d52c5d61,202,,142.30534395699988,142.32371392000005,18.369963000168354
1424,ec7800e8-0504-477f-a815-279530ba3dc4,202,,142.40551322600004,142.43205512900022,26.541903000179445
1425,0a58a8bc-ef19-4c8d-b5e4-05374c9e0bf9,202,,142.5014300580001,142.5344740390001,33.04398099999162
1426,3a4c2e48-7aaa-4be6-8bdd-dfb02688567d,202,,142.60533634600006,142.62144710100029,16.110755000227073
1427,90626488-8b81-4c1e-a8fa-08a5570e5f24,202,,142.70485463500017,143.69198628799995,987.1316529997785
1428,222f09da-7f95-4684-82fa-b078914d6d83,202,,142.8027554539999,143.7288056790003,926.050225000381
1429,8b9b4937-51f1-4f11-81e2-7c8c1936f6d9,202,,142.90048874600006,143.74366149900015,843.1727530000899
1430,babed969-2d7c-48ba-a395-b131b94037f2,202,,143.00060878900013,143.75051948400005,749.9106949999259
1431,17bc1ed1-98ac-4619-82c5-7902d1bb6da5,202,,143.10038935700004,143.76821450099987,667.8251439998348
1432,5ef3cf0e-2640-44a0-9ded-6deb0d1caf60,202,,143.20120866000025,143.7795599850001,578.3513249998578
1433,b52e184e-cb8f-41f1-9aa1-9adb33223b57,202,,143.3031541109999,143.7969376770002,493.78356600027473
1434,c73e1f91-52f5-4399-935f-c3b5e4ae4d06,202,,143.40081850800016,143.81395492399997,413.13641599981565
1435,d86e0ccd-4b89-45bd-a99d-e24acfa0fcc3,202,,143.50312691299996,143.83095699000023,327.83007700027156
1436,98a13102-c19a-4213-b5d4-65cef05f20f7,202,,143.60218185400026,143.83026670800018,228.08485399991696
1437,1f5031d3-bc42-42b2-a79e-54fcf1175e16,202,,143.70165965700016,143.82977543700008,128.1157799999164
1438,a29f690a-6772-4536-970f-e2ad50aa43b9,202,,143.80025042099987,143.84177896600022,41.52854500034664
1439,11895bc8-ea8f-48f7-85a8-3b8f98f5886d,202,,143.90162754199991,143.93398391400024,32.35637200032215
1440,e11c5878-2862-46cc-8b9d-f392b524c2b4,202,,144.0011692359999,144.01648409000018,15.31485400028032
1441,eb826739-a2a5-4a3e-aab9-7b7b114ef428,202,,144.100325462,144.13130389800017,30.978436000168585
1442,ed622182-199e-4a84-898a-ec71b39dc29c,202,,144.20051293899996,144.2171750780003,16.662139000345633
1443,78398363-4d96-4e2b-9cc1-5db79b4686de,202,,144.30193947999987,144.31779835999987,15.858879999996134
1444,c1384f39-a1f4-4b3e-8ec7-0e28ad9b1493,202,,144.40299719099994,144.4222734079999,19.27621699996962
1445,7515d54e-dec8-4368-a26e-83d091f4b9ad,202,,144.50287868800024,144.53366716100027,30.788473000029626
1446,c40d81c6-936c-4705-b927-fc38096f71d2,202,,144.6055249169999,144.6321052860003,26.580369000384962
1447,ce3bec6d-d3ce-4fac-b4e5-1f0a8eb1e819,202,,144.70566970100026,144.7453637880003,39.69408700004351
1448,45293d4b-4119-4a4d-b357-862977563acb,202,,144.8003668880001,144.81790021999996,17.533331999857182
1449,b5d20ffe-f222-4f20-8654-753b196b1f88,202,,144.90055712799995,144.92094045300018,20.383325000238983
1450,2d51e366-fadb-4c04-acc5-a04fac2d6b60,202,,145.0003187020002,145.01413482599992,13.816123999731644
1451,1d9880ef-ef06-4aad-b1ea-79668a795cd1,202,,145.10232140200014,145.11999973699994,17.678334999800427
1452,93322448-a4c6-4075-bcd6-f768a3df350b,202,,145.20535350299997,145.23041387600006,25.060373000087566
1453,ef0d5b5c-2c1a-47c9-8847-1f4b9d50cc7f,202,,145.30304852000017,145.33721977699997,34.17125699979806
1454,801ff014-67e4-48cf-8b27-06872da79744,202,,145.4019286140001,145.43255731599993,30.62870199983081
1455,a3a1722c-3a60-49b7-9978-9d255bdaff95,202,,145.500326246,145.5159894430003,15.663197000321816
1456,909c5d23-5b43-426c-bff1-051f4fbaf184,202,,145.60437619000004,145.62158046000013,17.204270000092947
1457,0618dc57-72af-4586-a3ee-38ad1ae9b220,202,,145.70051051100018,145.72381589299994,23.305381999762176
1458,a2dfb0ee-12e7-4537-a60c-82eb4410cc66,202,,145.8014358190003,145.86337832800018,61.94250899989129
1459,7ac51be2-2270-4a45-a5de-f819b825cf65,202,,145.900196436,145.92247431099986,22.277874999872438
1460,b603cfb3-85db-42b1-b119-f912f53ea5d1,202,,146.00147654900002,146.01280606599994,11.329516999921907
1461,1c7987a3-4af0-43aa-8869-c0cdaade13a3,202,,146.10208867200026,146.118211471,16.122798999731458
1462,f9f3fb52-c5f1-4131-8531-26ec71044b0d,202,,146.20036574799997,146.22525232099997,24.88657300000341
1463,48de446a-7a54-4ea3-b1e1-3dcaa56afee4,202,,146.30144677399994,146.32560380299992,24.157028999979957
1464,af1c253f-8c1c-4b55-a910-badfc19e4655,202,,146.40370526800007,146.43222704500022,28.521777000150905
1465,e1bd7400-7d20-4fb1-9eb1-61882ddebd66,202,,146.50587739699995,146.52286669000023,16.98929300027885
1466,5600509e-f81a-4ef4-896a-0878a5672d02,202,,146.60399521399995,146.63390467699992,29.909462999967218
1467,026c5bd0-caa2-4b51-8476-b4c8d293003e,202,,146.7050461040003,146.7306168260002,25.570721999883972
1468,c397e9d9-c349-4803-bb4e-ef17b82a25c6,202,,146.8052146250002,146.8487987399999,43.58411499970316
1469,dc1d5c12-e38c-438b-8018-7ec076fb2a46,202,,146.9006588719999,146.92247326100005,21.814389000155643
1470,1945c778-a4b9-4e56-ac6a-3a6b3ebb2107,202,,147.0003202580001,147.0129553249999,12.635066999791889
1471,cbd2553f-a47a-41eb-8af2-7a3976df56f0,202,,147.10078665499987,147.14432723200025,43.54057700038538
1472,673c7ec7-4b60-4d4f-8abe-7405194be392,202,,147.20523165600025,147.22402487199997,18.793215999721724
1473,44eb8062-07d9-4f88-b164-a5f749c6421f,202,,147.30539154400003,147.32696865000025,21.577106000222557
1474,739b4487-9e3d-4c73-bcd7-0db94f5347d4,202,,147.40329019399996,147.42881829599992,25.528101999952924
1475,03b4621f-ed5b-4b52-96fa-f9230ace5290,202,,147.50117929299995,147.5182125260003,17.033233000347536
1476,4ecee559-8f9e-42b2-8b19-9507d7778bf2,202,,147.6004452719999,147.62210995900023,21.664687000338745
1477,7152e8d4-6f07-405d-b98e-bda4a099a4a7,202,,147.7017190360002,147.7206490839999,18.93004799967457
1478,1ba2d83a-0447-45fa-9acf-4e10565b50ca,202,,147.801294977,147.8258842099999,24.58923299991511
1479,d528db14-15b2-45af-8004-0227dcf8f73f,202,,147.9013552360002,147.940542972,39.18773599980341
1480,fd70ecb4-7e2b-48ee-acb3-2d56d3c9790c,202,,148.00021979700023,148.02072506500008,20.50526799985164
1481,a616e801-4246-491a-b30f-2933cc8060e5,202,,148.10160210899994,148.12044270700017,18.840598000224418
1482,6d5dd8fc-b855-4436-aa3e-9530994eda8a,202,,148.20538486600026,148.22305420300017,17.669336999915686
1483,ebd840be-d0f5-461e-98b8-966507f3bb5c,202,,148.30222212299986,148.32876705900026,26.544936000391317
1484,8ae00d31-daaf-4683-bc10-188c2f140229,202,,148.4030249970001,148.43117968200022,28.15468500011775
1485,d7e18b43-f9db-448c-8970-68de63597b28,202,,148.50076183200008,148.53312470900028,32.36287700019602
1486,e721eb07-6a4b-44cb-9c6e-e3585a16ff58,202,,148.60244021200015,148.63642314400022,33.98293200007174
1487,e95d2147-511b-4561-95b5-61af26b1c70e,202,,148.7021927220003,149.665066818,962.8740959997231
1488,fef411cb-065c-46d6-988c-4299bbcaf080,202,,148.80062661700003,149.66531551700018,864.6889000001465
1489,3a43ab65-c396-4d4d-a70c-b67df28e0b82,202,,148.9015218899999,149.68529052400027,783.7686340003529
1490,6b129dfa-0b76-406d-a68a-23dffc94f962,202,,149.003242709,149.72600018599996,722.7574769999592
1491,a6e98a51-c199-4f1f-a336-f260cdfc22ed,202,,149.10273946899997,149.73573667600022,632.9972070002441
1492,f66e0d90-d1c1-4f95-88fc-8d1dee27ce73,202,,149.20066128100007,149.75241809199997,551.7568109999047
1493,c990746f-b79b-461e-8ffa-540b7a587018,202,,149.3002758040002,149.76463306300002,464.3572589998257
1494,966dbd35-e8de-4edf-b55d-912aeff4413e,202,,149.4054518920002,149.76728455800003,361.83266599982744
1495,13cdb8f2-0225-4136-a1ff-26538e83603c,202,,149.50548729799993,149.77791713900024,272.429841000303
1496,f6ca17c2-eacb-4728-b975-c52c6d4625c7,202,,149.6010099959999,149.78418473200009,183.17473600018275
1497,46fac525-6490-4a53-8f4c-46135180d23c,202,,149.70075242300027,149.78174619900028,80.9937760000139
1498,f046d503-2e9d-4061-9b6d-5e6c610401d9,202,,149.80026395799996,149.815331626,15.067668000028789
1499,4732793f-d817-415e-9ae9-57611d7cef9a,202,,149.90030695899986,149.92135399000017,21.04703100030747
1500,0fbaf410-63cd-4316-ba17-d4a8c0bb1339,202,,150.00072288399997,150.0192331359999,18.51025199994183
1501,a9c4ff51-aa85-401b-88d2-997721829392,202,,150.10028971300017,150.12043606499992,20.146351999756007
1502,cf4b2e90-b75e-42e8-a175-a0f76406b5a3,202,,150.20083553199993,150.2360032649999,35.16773299998022
1503,784bf731-4a63-4409-969e-19be7d914139,202,,150.30716647600002,150.3409832540001,33.8167780000731
1504,7f2440aa-b60a-4466-a659-cbba3b2af67a,202,,150.40495038000017,150.4408266790001,35.87629899993772
1505,320bd504-8f77-482a-b905-fc364bc3db0b,202,,150.50171138299993,150.52111268099998,19.401298000047973
1506,b92efcbe-63df-4edf-b727-7063367da4f0,202,,150.60069931999988,150.62601449900012,25.315179000244825
1507,cd80fa80-0a4e-42a9-87fd-ed2b887f6b1e,202,,150.70491852600026,150.79702784400024,92.10931799998434
1508,96f3d9ea-1ef9-4b59-b1cf-10583beafd44,202,,150.80019299800006,150.8144972760001,14.304278000054182
1509,356eb0e7-f6b3-436a-9ca5-98df40a83554,202,,150.90029709600003,150.91845473500007,18.157639000037307
1510,28313214-01f5-41e7-9739-2f3caac24ac5,202,,151.00103702700017,151.02060489899986,19.567871999697672
1511,9215b73e-bcf3-4e21-9288-6458eb2f6c34,202,,151.10125838400018,151.1221038020003,20.845418000135396
1512,8b0a9836-d83b-437e-8566-16dbb2ed18a4,202,,151.20451245699996,151.21770582199997,13.193365000006452
1513,b7b2b9c2-f8c2-4d3e-8553-a77d07e0cf39,202,,151.3056901079999,151.32965263999995,23.962532000041392
1514,3f69b499-69e2-4639-aba7-be5431dbba3f,202,,151.40555355900005,151.43379574500022,28.242186000170477
1515,a12f1da3-9455-41e4-bc6a-24bada076e19,202,,151.50105103800024,151.53423304600028,33.18200800003979
1516,47b72746-ed32-4443-a52b-508aa03cce11,202,,151.6054342460002,151.63441187700028,28.977631000088877
1517,ef71cce6-5858-4fbd-96eb-6d6d7cd2077a,202,,151.70312261200024,151.73026019600002,27.137583999774506
1518,c56a9200-fa12-4203-9566-85248ffa0163,202,,151.80315090900012,151.8630427500002,59.8918410000806
1519,ba4f9f41-410f-4ffd-a38d-a829453be197,202,,151.90022617600016,151.91830718300025,18.08100700009163
1520,b76ef97a-e976-4f71-b836-8afca67bfd7a,202,,152.00132042199994,152.01686321800025,15.542796000318049
1521,249d3251-08c5-43c7-9bd1-7d679ee67e11,202,,152.1025304660002,152.13175257700004,29.222110999853612
1522,3341b3ca-d726-4120-adab-87ea0f5d8f7c,202,,152.20555416100024,152.23936931900016,33.81515799992485
1523,184f5fdd-951f-4632-9cc5-22898af4c9ef,202,,152.30116187800013,152.321873374,20.711495999876206
1524,a633e266-632d-402d-af0b-74a253fa2cd1,202,,152.40412506700022,152.428966295,24.841227999786497
1525,b9272370-188c-470a-bcbd-403fa268713f,202,,152.500820749,152.53276838800002,31.947639000009076
1526,eab87a12-22a8-40e0-a825-9e0b0485e810,202,,152.60112572300022,152.61977417800017,18.648454999947717
1527,6fdd2ca5-cf81-4aab-a488-429f1c4d7948,202,,152.70166741899993,152.71815490000017,16.487481000240223
1528,5ab25fa2-da50-4c79-a52d-347c6c0dfabd,202,,152.80033035499991,152.81850057200018,18.17021700026089
1529,193f00d8-2cd9-4059-92eb-ba5d10d55cf9,202,,152.90130442100008,152.95816977799996,56.86535699987871
1530,5e9bc249-ae54-41c6-bab0-d2b981707370,202,,153.00040485599993,153.0208870790002,20.482223000271915
1531,b459e5f9-ae79-4233-8fa2-3e9ccb43081c,202,,153.10175420699989,153.12251485000024,20.76064300035796
1532,b364c632-05b4-4458-a93d-142c0a8c2b17,202,,153.20098565800026,153.2270533320002,26.067673999932595
1533,e92bf463-9604-452c-9d0e-c7e4a679bb65,202,,153.30215341300027,153.32157166100023,19.418247999965388
1534,d35a9e3b-c61e-4f39-a54b-d6d8275dcca4,202,,153.40279714500002,153.42555751500004,22.760370000014518
1535,fc1174b8-19cf-4f5a-9475-7b8cdffc7ba7,202,,153.50264252099987,153.5367099519999,34.067431000039505
1536,48c193dc-852f-4d70-83dc-3034acb5f1d2,202,,153.60039498800006,153.61927859600019,18.883608000123786
1537,595b1312-2abf-4c95-bf42-b0a164a26d09,202,,153.70552632199997,153.72927719100016,23.750869000195962
1538,210ce47a-3e34-48d0-8196-ed7201a9656a,202,,153.80072615300014,153.82607175500016,25.345602000015788
1539,b37f7367-5d1d-44e4-8f80-a5238e1cd617,202,,153.91199945000017,153.95458589100008,42.586440999912156
1540,5c40aad1-7d12-45be-867c-71491e8f548e,202,,154.00026664400002,154.0138632600001,13.596616000086215
1541,e7c1ebd5-2cdc-4c24-b36f-01134462cb03,202,,154.10056023800007,154.11543164000022,14.871402000153466
1542,5705c5dd-406d-4abb-9465-970984654052,202,,154.20386057899987,154.22100897400014,17.14839500027665
1543,e6c247ec-c39e-445a-93c6-013d6bbb755d,202,,154.3053855520002,154.32828466,22.899107999819535
1544,6a4c05b6-c642-4053-bcc2-0c266318f7aa,202,,154.4001774950002,154.4177517080002,17.57421299998896
1545,d35be615-a83f-4f84-8e84-923b04781ed4,202,,154.50529869599995,154.5235141369999,18.215440999938437
1546,09703b47-c428-4542-a3d6-e9580d667c00,202,,154.6038800020001,154.63139464300002,27.514640999925177
1547,aabd311f-2514-413a-b636-134686a376fe,202,,154.701364991,155.5191234570002,817.758466000214
1548,0834117b-5d8c-4813-8723-badfab3ba4e7,202,,154.8014070690001,155.53161429400006,730.2072249999583
1549,991f2573-e99b-432d-bba4-4873f6f0c4e3,202,,154.9004147190003,155.54257368000026,642.1589609999501
1550,520e871e-356e-4156-baca-72b1dd2a3128,202,,155.00202836800008,155.5704436320002,568.415264000123
1551,230172a1-4690-476e-b135-3a73b471bdbc,202,,155.10398577000024,155.5775588209999,473.5730509996756
1552,2373ed0e-2fd2-4fa1-a44c-4b6d5bc983bd,202,,155.20201912099992,155.59233304999998,390.3139290000581
1553,9cc59da7-c32b-435c-92a3-dd25e4fa2b47,202,,155.3020025300002,155.59983968799997,297.8371579997656
1554,0dc20d75-b99f-4549-9c64-defda72cb942,202,,155.4035320339999,155.61111117500013,207.5791410002239
1555,f99223f6-d07c-496e-9203-f04ad91d88b2,202,,155.50571122400015,155.61914227700026,113.43105300011302
1556,5d3cd239-a672-4802-9ff9-ebb33b40d4e8,202,,155.60034747200007,155.63192268800003,31.575215999964712
1557,e3d8a335-289a-4940-be11-b5ec7193ac19,202,,155.7005081770003,155.72030408,19.795902999703685
1558,03e9d345-8fea-488d-8cbf-bcdcf45861e0,202,,155.8006667550003,155.81960407899987,18.937323999580258
1559,a5476f65-0e03-4476-96af-ec6296906d6c,202,,155.90119710199997,155.92155837300015,20.36127100018348
1560,f56c3961-5319-4632-829a-7f3d48bb6156,202,,156.00186630000007,156.05225771000005,50.39140999997471
1561,a00e1823-8ddd-49ca-81eb-38ba89f9447f,202,,156.10422567800015,156.122921786,18.696107999858214
1562,08a18d46-f6da-42a0-81ed-6310b265fbf0,202,,156.20541037300018,156.2308874280002,25.477055000010296
1563,ff7a915d-d5b0-4f74-af34-adfa976710f5,202,,156.30569216599997,156.33574861600027,30.056450000301993
1564,67f7f7c0-996f-4c99-8aa5-a1299245694f,202,,156.40225059800014,156.44241402600028,40.16342800014172
1565,0b306216-97ab-4cdd-8f61-14313408c0bf,202,,156.5009394880003,156.52412908899987,23.189600999558024
1566,f0bd1e71-5cd6-4362-bbf7-35334f8d712d,202,,156.602591502,156.98532212200007,382.73062000007485
1567,8cf11dac-e04f-4926-97b0-99b93816060c,202,,156.71788701900005,157.02086843400002,302.98141499997655
1568,f217ef7a-658e-4da4-a843-f9a90b22feb7,202,,156.80238623100013,157.0322969470003,229.91071600017676
1569,da625521-8af3-4e9f-a81e-5396a65051fb,202,,156.90210528099988,157.03964005099988,137.53477000000203
1570,1ad2a9b3-18cf-4565-925e-a44f40fcf3c9,202,,157.00156189500012,157.04983097500008,48.269079999954556
1571,d20071ce-ca5c-4f93-bcfd-19ed7866e6f3,202,,157.10043588500002,157.12813373300014,27.69784800011621
1572,3db34b96-8b7f-4a77-a42f-c2bca1a0985b,202,,157.20326723400012,157.2171290629999,13.86182899977939
1573,5d931b3c-2bb8-4d14-bbdd-3695a4a7a824,202,,157.30105478399992,157.31771460500022,16.659821000303054
1574,d92e3ce8-dd6b-4a0c-b77a-7261ed69b794,202,,157.40182654199998,157.44139267499986,39.56613299988021
1575,e16c7466-156f-47a4-990e-301b3873bba4,202,,157.50174727700005,157.52248679600007,20.739519000017026
1576,f46610e5-4fd8-42c8-b458-fdf0e70fef6d,202,,157.60305179600027,157.62534129899996,22.289502999683464
1577,553c0cb1-f873-4e49-8bbe-b4f6442cc955,202,,157.70044558300015,157.72754708499997,27.101501999823085
1578,ab98ef63-4ec9-483d-9078-77902b75d928,202,,157.8043877109999,157.82239233500013,18.004624000241165
1579,2512ccdb-1a4c-407c-ac7d-6a83994bcb22,202,,157.9023679080001,157.92022522100024,17.85731300014959
1580,f243870e-2284-4fe7-a843-b69d07e5ce45,202,,158.00039138600005,158.0193575180001,18.966132000059588
1581,6a41f9cd-36ff-43ad-b781-332bcca9db94,202,,158.10019173499995,158.1216322680002,21.440533000259165
1582,533e6685-2b26-428f-84be-3836bdea9d55,202,,158.20540012599986,158.219631854,14.23172800014072
1583,d973a163-9eee-4555-a24c-718e4dcedc11,202,,158.30558311799996,158.3275936760001,22.010558000147284
1584,66ac9fef-d485-4444-9ad3-3ac1ea33eed8,202,,158.40556601200024,158.4295429890003,23.97697700007484
1585,e7c2112c-2d35-48de-9b96-fa77e4bfabc3,202,,158.5043739150001,158.54083750500013,36.4635900000394
1586,ac00f10d-e742-4097-8130-53a8dbc7bb94,202,,158.60126277200015,158.63778415800016,36.521386000003986
1587,64dd9b30-4980-40b0-b765-f8a1dcf74c06,202,,158.70271632899994,158.74373523700024,41.018908000296506
1588,c7816f81-e79c-4abd-9883-e33d53f119f6,202,,158.80069932300012,158.82930849500008,28.60917199996038
1589,82acc4db-8c2d-4ed2-9e80-e5b3994cccc0,202,,158.9018299909999,158.93029756500027,28.467574000387685
1590,b8e162d6-7256-422b-90df-f91eb861adda,202,,159.00555832700002,159.0498070900003,44.24876300026881
1591,2f384635-65ce-4104-8b10-27e58586981d,202,,159.1009300589999,159.12679825500027,25.868196000374155
1592,b8931c3b-a2ba-44a4-928d-95842004063a,202,,159.20059179600003,159.21714530999998,16.553513999951974
1593,df81bddd-1e13-4f10-8419-5a80460cbe31,202,,159.30459077700016,159.3232998210001,18.709043999933783
1594,963b6992-f327-4241-ac2a-3a0da9253018,202,,159.4010947920001,159.4266315509999,25.536758999805897
1595,1760e2cf-d9ef-4a70-bb0f-669de42be176,202,,159.50227953800004,159.51774154800023,15.462010000192095
1596,2bd8aad5-55ce-41ee-900a-31796efa1982,202,,159.60323993800012,159.6295851089999,26.34517099977529
1597,9f04e5da-28d1-495e-84a5-513b328d5fcc,202,,159.70076273699988,159.7142054230003,13.44268600041687
1598,f6c06737-b4e4-4ef1-b060-0265104bf8bc,202,,159.8003772090001,159.8210117880003,20.634579000216036
1599,80cd6de3-5571-4416-abd9-72562938c088,202,,159.9016710320002,159.93226988900005,30.59885699985898
1600,798dcdbe-3c68-4a61-8693-67fb54cde0a6,202,,160.00391804499986,160.13109510000004,127.17705500017473
1601,f04018c3-041f-40fc-8903-0609c4f6fc9a,202,,160.10073515600016,160.20418736300007,103.45220699991842
1602,a712f6c4-fade-4ec3-98db-cb5e34c679d0,202,,160.20049172400013,160.25847358400006,57.98185999992711
1603,b265949e-259d-47eb-8d6f-0ae984c9cd69,202,,160.30092171000024,160.32456091599988,23.63920599964331
1604,6fc129b9-80cd-4097-a4b0-4657b520b46a,202,,160.400512833,160.42701532,26.502487000016117
1605,52ba5974-0276-4e21-a658-7a832a86eed0,202,,160.50031701700027,161.2941551240001,793.8381069998286
1606,2257d8c4-d5aa-43bb-8083-ff36e74aec80,202,,160.6023745010002,161.30281171800016,700.4372169999442
1607,dedeafc6-1549-49e7-a871-6036001c6fa9,202,,160.70028925899987,161.31168862599998,611.3993670001037
1608,bf2f4221-b67d-411d-9796-0d66469dc052,202,,160.80128258000013,161.31977116899998,518.4885889998441
1609,db7d3c7a-9711-43e0-925b-bf04318cc6a8,202,,160.90042945599998,161.32896253900026,428.5330830002749
1610,4e8c1b74-0414-4bdb-b53b-b9377667b54c,202,,161.00533915300002,161.33382950900022,328.49035600020215
1611,b4c715f3-d443-4f30-b6e8-125184d8265b,202,,161.10097642600022,161.3571980490001,256.22162299987394
1612,033e1800-13ae-4afc-b3c3-bceb83e4adeb,202,,161.20168297200007,161.3595636340001,157.88066200002504
1613,44f17472-04c8-40b0-a3eb-4830f07db111,202,,161.30114818599986,161.36763116700013,66.48298100026295
1614,992f4276-5925-46df-b094-a389fd07a80f,202,,161.40021300700027,161.423014082,22.801074999733828
1615,03eb8d79-dfde-4642-8274-f78b229d9718,202,,161.50062031100015,161.52580462800006,25.18431699991197
1616,7dd59c62-11e2-4e4f-a8c2-866d7594f29c,202,,161.60458651,161.63039360099992,25.80709099993328
1617,d86acafe-e176-4e91-b88d-187d923a3875,202,,161.70053648400017,161.7144493840001,13.912899999922956
1618,34e25635-63f6-4c3a-aa4c-bc86dc6c3a79,202,,161.80319639100026,161.8219506559999,18.754264999643055
1619,ade6a4ae-6cba-45f2-84d8-9c9c3b1824dc,202,,161.90536680800005,161.93311685000026,27.75004200020703
1620,e60fbda9-4f1e-4682-86d1-f4b264d55b1c,202,,162.00306426999987,162.0344781910003,31.413921000421396
1621,497e88b1-cc17-4110-84cd-14e943933308,202,,162.10120998699995,162.12288906000003,21.679073000086646
1622,c204996e-18fb-44c2-a2fd-cb7e1b32ff3a,202,,162.20085936400028,162.2205372389999,19.677874999615597
1623,95105b21-11fd-4b3d-bba2-a0612c323382,202,,162.3132640419999,162.37340665200009,60.142610000184504
1624,8f4104a6-947f-4a42-b1dc-bf2a5245103a,202,,162.40252409699997,162.77559546700013,373.07137000016155
1625,d35f8384-5719-4c01-8e46-aab109d701d3,202,,162.53367719100015,162.80545433199995,271.7771409998022
1626,83f9a128-63cf-414f-9815-272e247634d2,202,,162.60677380100014,162.82173343500017,214.95963400002438
1627,39e80592-9ea7-4a09-a711-7a3cd831f47a,202,,162.70224077300009,162.82002340400004,117.78263099995456
1628,8ccbf343-c56b-42c1-8b01-da58446b1e67,202,,162.80276395400006,162.8483695750001,45.60562100004972
1629,17c91c60-19a7-4cc2-8058-0e6bc56cafed,202,,162.90041493199988,162.92343917800008,23.024246000204585
1630,46e52676-ff54-48e4-8b2d-ef8ca1b25ac0,202,,163.00184437100006,163.02063886199994,18.79449099988051
1631,14e06f23-ccbb-4bd3-8012-de56f4bbdafe,202,,163.10030087299992,163.11554734499987,15.246471999944333
1632,c64399b5-aa43-470f-9761-3cb5a02a7657,202,,163.201026061,163.22408061900023,23.054558000239922
1633,2bf13a1b-73c3-43a9-ad51-bc1209166ff3,202,,163.30222768500016,163.32784887300022,25.621188000059192
1634,21f0f2e6-c116-4244-b396-5d9845ab543f,202,,163.40191090300004,163.42871527800025,26.80437500021071
1635,aea2f123-1919-4ea3-b066-e7ba18bbbda3,202,,163.50564238200013,163.54954045600016,43.8980740000261
1636,442b2603-5291-4679-97e5-ddd848a21387,202,,163.60144646100025,163.63559172500027,34.14526400001705
1637,0211c1c2-031c-4889-b060-44719f5dbb7f,202,,163.70210115100008,163.73658304800028,34.48189700020521
1638,9427688d-0c61-4f10-92fd-a241c541e41f,202,,163.80051219100005,163.87422453499994,73.7123439998868
1639,203723cd-a49a-4570-bfb3-2b4a7924b2f6,202,,163.90021743800025,163.91526710400012,15.049665999868012
1640,32686fb1-09cf-4a81-85a4-669c376c0b54,202,,164.00033649199986,164.01920857200003,18.872080000164715
1641,59b27218-877e-4c83-b068-a082ee189897,202,,164.10538362800025,164.12298981100002,17.60618299977068
1642,4e0c2f34-9f63-4273-a956-40c976afe6c3,202,,164.2027236470003,164.2268522280001,24.12858099978621
1643,dc8d8cc5-b089-4091-b8d7-ae7318a9bfe2,202,,164.3033123780001,164.32013960299992,16.82722499981537
1644,6d664d3d-4115-4a3d-ae73-8cae95588c99,202,,164.40074016200015,164.42539787400028,24.65771200013478
1645,9d4f0b37-ab9b-476b-92b9-c2ace7ba68b7,202,,164.50479566100012,164.52815620799993,23.36054699981105
1646,31f928d2-ee59-431f-908c-650c7dc55d6e,202,,164.60531342100012,164.6227437970001,17.430375999992975
1647,c18c5a57-2b32-433a-a50d-3482ccd86d30,202,,164.70144256999993,164.718784014,17.341444000066986
1648,4ffc545c-1b1f-4c16-bc49-3883e59b32ec,202,,164.80261549700026,164.8272836250003,24.668128000030265
1649,ca9ec9a2-e2e1-451e-888b-10be15963371,202,,164.9016499029999,164.92566478400022,24.014881000312016
1650,9f4407e4-f434-4a01-a631-a7e74061e3f8,202,,165.00108431299986,165.0257805000001,24.696187000245118
1651,a5608230-8e62-46fd-8a0a-f37df6e8f92c,202,,165.10542528899987,165.12476416500022,19.338876000347227
1652,4e0a8b8e-22ff-4a69-abbe-e9eb4733f80a,202,,165.20580792400006,165.23822020800026,32.41228400020191
1653,70f4489f-2589-428d-9493-d9ff6b0ad7eb,202,,165.302288504,165.32255138200026,20.262878000266937
1654,53d3ef31-8aba-4e0a-8aba-79f7a674c6d0,202,,165.40118482300022,165.42981400100007,28.629177999846434
1655,114b42cc-0c92-4d59-9e3d-910864d0cdce,202,,165.50259890300003,165.52758315400024,24.984251000205404
1656,21b461e4-b31c-4dfb-b0dd-1d54718bf30e,202,,165.60481880299994,165.61980696199998,14.988159000040469
1657,03fda4f9-2deb-4668-b003-d53ede91e509,202,,165.70229631100028,165.76233241799991,60.036106999632466
1658,666b9635-6554-4f2e-b05e-fe8ad27557b9,202,,165.80059829399988,165.8256770930002,25.078799000311847
1659,597ab3d9-2d6b-41be-9e0a-1c804688e15f,202,,165.90418403700005,165.92405487299993,19.87083599988182
1660,adcb7861-48b4-4e2f-840d-efa757cb1670,202,,166.00025641699995,166.01461334900023,14.35693200028254
1661,a6dcfdef-6840-4167-b5b5-e00cbe2d4775,202,,166.1016637570001,166.11888272700025,17.21897000015815
1662,61e6624a-17df-4760-8bb9-d2b8a0d60e4f,202,,166.20482861200026,166.22570436800015,20.875755999895773
1663,b1b7f9cf-6fb2-4d2d-a939-ed8fff6b00b3,202,,166.30049628100005,167.0741516410003,773.655360000248
1664,f8d409aa-cbeb-4a05-b90e-d6b1f3eb9daf,202,,166.40179217600007,167.08094574799998,679.1535719999047
1665,d5121660-db3d-4e90-9bb8-086aa3195aa2,202,,166.50031521300025,167.0934796460001,593.1644329998562
1666,604d2ffa-5ce6-4faa-8d7e-52b2198456f0,202,,166.60065792700016,167.1116421820002,510.9842550000394
1667,9b638634-6e52-4648-b3f9-e2a02bce6f8f,202,,166.70187097999997,167.11800698200022,416.1360020002576
1668,e1dbbf99-670e-4321-bc5d-4fbf441fc4ee,202,,166.80167874900008,167.1350594999999,333.38075099982234
1669,4b2cf91e-6832-457b-aa9a-c813b4484888,202,,166.90074626900014,167.1381328120001,237.38654299995687
1670,2446971d-f894-4e19-a103-5edefeeaa59f,202,,167.00045643700014,167.1550788479999,154.62241099976382
1671,5c34fad8-e9f6-4da9-9964-dfc92d0eb5eb,202,,167.10077164299992,167.15524503400002,54.4733910001014
1672,0e05ee2d-a9ec-44a7-b659-3208fdebfbb3,202,,167.20054931000004,167.2203933830001,19.844073000058415
1673,2da5967e-7a9b-44f7-be70-418af83108ab,202,,167.302727625,167.318132376,15.40475100000549
1674,b742f25a-940f-4dc0-bd36-eb7f1fb70c81,202,,167.40255482200018,167.436517395,33.96257299982608
1675,f6e046fc-7046-4398-80c8-245b91089100,202,,167.5054473690002,167.5341476120002,28.700243000002956
1676,b1be3952-303b-473c-b1ac-02bd99495e75,202,,167.60542225500012,167.63019587899998,24.773623999863048
1677,dd7f8956-353c-42a6-91ac-a66c98bb49ff,202,,167.70550151899988,167.72758892399997,22.087405000092986
1678,b24a48dd-2e6a-48a5-bc4d-40cd8ab35323,202,,167.801490542,167.82676409600026,25.273554000250442
1679,8607aedc-9400-4f9d-bdd4-1a48ec0cccd1,202,,167.9004033880001,167.91873338100004,18.329992999952083
1680,97ab6da6-a94b-4fc7-994b-bf017a297026,202,,168.00096056700022,168.01737497700015,16.41440999992483
1681,25918197-7a33-4ce2-9a02-0d05a7d41baf,202,,168.10052243300015,168.12164704399993,21.12461099977736
1682,7d90dd09-6972-4a31-8d32-8c3b4d8b5395,202,,168.20043555400025,168.2311916540002,30.756099999962316
1683,512d379e-2f4b-425c-acb9-2f5855a4c595,202,,168.30021200800002,168.32183533900024,21.623331000228063
1684,50beee4b-96dd-4954-b02d-34d12ee26854,202,,168.4036532770001,168.41785696600027,14.203689000169106
1685,87da6718-ebb4-4a8d-a65d-0a3d418b1ee6,202,,168.50173953600006,168.51604215999987,14.302623999810749
1686,e0fac42e-0447-4d2c-b9fe-fb1f1f31c613,202,,168.605340651,168.6337792039999,28.43855299988718
1687,0bf77389-2d76-44bc-8328-ba7d0e9cb8ff,202,,168.70507643500014,168.72957203500027,24.49560000013662
1688,ca9aa2ef-f57d-4c4c-a1a6-963445ef0de0,202,,168.80405309700018,168.835292708,31.23961099981898
1689,1eb20c43-81d3-4fac-9f9d-94e61823ffad,202,,168.90493256900027,168.9456782279999,40.74565899964
1690,4895ed23-f45e-4456-bc12-f158138146b8,202,,169.00069996799994,169.0351495509999,34.4495829999687
1691,dd3ae261-447d-4671-9155-2b7b471ae97b,202,,169.100790382,169.1355285550003,34.73817300027804
1692,6fd62f8c-f632-4991-bc0f-dbe5ae364db8,202,,169.2026263040002,169.24240588300017,39.77957899996909
1693,a8d62a2a-69c2-4d3e-ab32-a72acd00adfc,202,,169.30083750599988,169.3262415260001,25.40402000022368
1694,18482fc8-3137-4326-9f12-d5cd2172a18a,202,,169.4004174050001,169.4162204459999,15.803040999799123
1695,a467f3a8-96f4-4f91-ada9-bad0169de7d1,202,,169.50173305599992,169.52170272600006,19.96967000013683
1696,e5dc18b5-dc02-4fe2-aa45-e68475447550,202,,169.6002701299999,169.61887909400002,18.608964000122796
1697,dbbbe756-4a1e-4e4d-847b-167fde23e99e,202,,169.70075694800016,169.7216696119999,20.912663999752112
1698,d8c96c52-d796-416e-9747-9fae4d9cb28e,202,,169.80486816700022,169.82341734500005,18.549177999830135
1699,c437fce6-e00e-4ccc-98ad-e924df181a8b,202,,169.90551974900018,169.92507723400013,19.557484999950248
1700,07454f28-4d84-4980-b0db-57eba7352cb2,202,,170.0022435830001,170.02701874900004,24.775165999926685
1701,633f5cdf-dde5-4e7d-b22d-037dbfd29605,202,,170.10280727999998,170.13425290500027,31.44562500028769
1702,bda36b19-5afc-45e8-804d-b2681c503d5c,202,,170.20069538799999,170.23774709100007,37.05170300008831
1703,4fa13ccc-92ee-4b6d-905c-3c6358e64e7d,202,,170.30050121800014,170.32353155600003,23.03033799989862
1704,c7fcfbe3-86c7-4ba2-9b24-7c93c1d594c8,202,,170.40175361499996,170.42856290500004,26.809290000073815
1705,e250af04-377e-4069-b5ea-5a74a4c2d697,202,,170.5003077440001,170.51201419300014,11.706449000030261
1706,2935c3d4-31fe-4fc4-bd44-270e43a42ed2,202,,170.6042112099999,170.6224548250002,18.24361500030136
1707,e0da581f-9fb6-4ae7-9b95-3b58521d602c,202,,170.7053612310001,170.73103249199994,25.67126099984307
1708,14d1c9bf-f4a7-4ba7-aa90-5e83f11b63a7,202,,170.80425817900004,170.82575399200005,21.495813000001363
1709,6012cdca-ff21-483a-b65d-f703c5d83cb3,202,,170.90095596399988,170.9322577349999,31.301771000016743
1710,402d7d02-1c14-48ad-a8fc-67df5ed4a22e,202,,171.0014148700002,171.03722974599987,35.81487599967659
1711,2c036d70-1c67-4ae4-9b1b-eca9cce724a8,202,,171.1031229260002,171.1368271890001,33.70426299989049
1712,e0317f1a-01d5-4b45-ba92-c1aa048da5ae,202,,171.20295096200016,171.2221231210001,19.172158999936073
1713,653c9d28-5acc-461f-aefa-0019da8b3b1c,202,,171.30054739900015,171.34783437700025,47.28697800010195
1714,ab87214a-3379-4b6e-bb62-879bc99d7635,202,,171.40044101600006,171.4169223050003,16.481289000239485
1715,8bea546a-449b-4c6e-adba-de377bf9b767,202,,171.50444024800026,171.51734181300026,12.901564999992843
1716,7b3f18f4-13a7-401d-bc1f-930c3feae473,202,,171.60410244100012,171.616641393,12.538951999886194
1717,f21e05f2-9991-49ac-98ce-1cae2815dce8,202,,171.70536401800018,171.72339348600008,18.029467999895132
1718,8bc164a5-5568-4935-a7fd-2a5f4b62ae5d,202,,171.8042941660001,171.8262792370001,21.985071000017342
1719,3871c3b7-c5dc-44b9-a6e6-b2a11b622446,202,,171.9057015530002,171.9411546880001,35.453134999897884
1720,5409b98b-5364-4525-81af-72ac5d7e6895,202,,172.00565908999988,172.0449720290003,39.31293900041055
1721,09f1b08e-0158-4df4-88f5-f954dad26566,202,,172.10032660900015,172.95422682800017,853.9002190000247
1722,9fde820c-85b4-49b8-a16c-d7568eb9f2dc,202,,172.20305182099992,172.96154535000005,758.493529000134
1723,e45fa551-2e0e-4f47-bb4d-98dd5cdc288d,202,,172.3007002459999,172.99002595299999,689.32570700008
1724,bac5ada7-f0e6-41ce-86b0-dea57cc7d634,202,,172.40082991100007,173.0348751659999,634.045254999819
1725,7f7d70d0-3c67-49cb-bcfe-b274ce5daa93,202,,172.50059014099998,173.0427554930002,542.165352000211
1726,df1f5d37-c312-4edd-91b5-fe0d30a37489,202,,172.60392157200022,173.05756077600017,453.6392039999555
1727,f372d964-7e79-437e-bd5c-05ba67ce3d0b,202,,172.7014042830001,173.07450490400015,373.1006210000487
1728,cdafd7fd-6e6a-421f-9a28-e734fcb6d648,202,,172.80063470899995,173.07489767100014,274.2629620001935
1729,ffd3f674-0218-4532-b5fa-2b5d7b3a1076,202,,172.90096754100023,173.08557637800004,184.60883699981423
1730,ee54c00a-db56-4356-b47b-0a431a019fef,202,,173.00039544399988,173.0934657920002,93.07034800031033
1731,7ff894e2-b080-4a74-91b4-6a097e1dee74,202,,173.1002015580002,173.1355177190003,35.3161610000825
1732,7a670e1d-5dce-4b31-8f60-dd94ca85ec30,202,,173.20219881100002,173.21913440000026,16.935589000240725
1733,a0a3864d-1704-457a-b7e5-10be35fb199b,202,,173.30075068799988,173.3253912969999,24.64060900001641
1734,fd0addc7-03ad-470b-8556-07e331063875,202,,173.40223573699996,173.43023728800017,28.00155100021584
1735,9caf0146-b5c0-42be-9e35-fb83f05e2154,202,,173.50351136100016,173.52765827700023,24.146916000063356
1736,b98e02f1-df1e-4a04-9287-ea7d39cf6609,202,,173.60138860100005,173.62915231199986,27.76371099980679
1737,b067324b-0d55-418f-a696-f3bad4c81a53,202,,173.7140379729999,173.73122946900003,17.191496000123152
1738,71843c9a-6b32-495d-88af-7dbff97971e4,202,,173.80596497600027,173.8532352870002,47.270310999920184
1739,8c6ee32f-5845-41a1-8eaa-61cf8f1c2495,202,,173.90560286300024,173.94291380200002,37.310938999780774
1740,68594b55-c423-4e8a-8f6d-c556a4a78636,202,,174.00117492300024,174.026648261,25.47333799975604
1741,9ae182dd-357e-49ee-b82b-73c8d67cf96d,202,,174.10035174199993,174.13216263200002,31.810890000087966
1742,4f5d4589-d027-4853-bdf7-6ee2feb75421,202,,174.20026294199988,174.21939616300006,19.13322100017467
1743,7f1b4299-b88e-4f41-be58-ac403cd6f937,202,,174.301037533,174.32300549499996,21.967961999962426
1744,6fd632c9-e552-4cab-bfea-2fb04d157768,202,,174.40035874000023,174.42329321600027,22.934476000045834
1745,ab8a46cc-d738-4d59-8e34-9575b4b1ed23,202,,174.50187687400012,174.52290925099987,21.032376999755797
1746,e050e04e-6949-4ff7-9767-bd541acd8c20,202,,174.60117833000004,174.6422178920002,41.03956200015091
1747,242e4238-83ce-42bf-9b55-c8f4d064229f,202,,174.7007429790001,174.7166675110002,15.924532000099134
1748,0ce21641-2b71-4b1d-bc99-46aeb0e16307,202,,174.80551873700006,174.83050475200025,24.98601500019504
1749,694cb806-e15d-4737-bb79-faa461d87343,202,,174.90520478500002,174.92511662100014,19.911836000119365
1750,4d583a55-99fe-4c67-937d-22ad3077ea36,202,,175.003490994,175.0204055510003,16.914557000291097
1751,ba39521a-a0c2-4597-bf64-ed02ad6e8757,202,,175.1002680050001,175.140163045,39.89503999991939
1752,ec12196e-c081-4799-8933-0de2323f4ae1,202,,175.20035328699987,175.2120458530003,11.692566000419902
1753,af595e2b-b3f0-4f8b-8deb-ad7e16feb5b5,202,,175.3003677900001,175.3129280500002,12.560260000100243
1754,68922c04-3a5b-43c9-93d1-7535e6f79c62,202,,175.40557002800006,175.42333330500014,17.76327700008551
1755,0ab68647-25d3-4514-b708-b4453db9d225,202,,175.50344146999987,175.52037025900017,16.928789000303368
1756,be737f03-5dba-4440-b432-3ac25aa86c66,202,,175.60222006799995,175.6259568549999,23.736786999961623
1757,9f6e90a2-ed2f-4a6c-b014-cbc20dd900da,202,,175.70590953400006,175.7429481270001,37.03859300003387
1758,caad94e7-bffe-4d0e-8aae-4d90b40b3446,202,,175.8011370690001,175.8212470860003,20.110017000206426
1759,ca9b84f5-20d0-4ee0-877a-5e7caeae58f6,202,,175.90434492400027,175.9267718340002,22.426909999921918
1760,894a9592-a2fb-4c99-a22d-10d67cf0e979,202,,176.00176335300011,176.03352381700006,31.760463999944477
1761,03e4a5d4-fe90-4d66-afd2-da961fbf28bf,202,,176.1015174680001,176.13393338800006,32.41591999994853
1762,7ed28301-bc60-41cd-84cb-668b1454b783,202,,176.20020725699987,176.2111587100003,10.951453000416222
1763,67f5a097-2492-4cf0-b464-411f33193204,202,,176.30027158800021,176.31263109600013,12.359507999917696
1764,80f70585-fdcd-4549-a755-140a933cb4b4,202,,176.40270394300023,176.41419043099995,11.48648799971852
1765,58561a11-da4a-4042-9ab9-b66865ba1100,202,,176.50566848100016,176.52250146699998,16.832985999826633
1766,bab357b9-b91d-417f-a554-32a89466c5e1,202,,176.6006933849999,176.62099659500018,20.303210000292893
1767,40336a29-c41f-4c67-959c-985a07befbe4,202,,176.70366697000009,176.72792069900015,24.253729000065505
1768,fceaad75-2e4f-4544-831c-8f4bb80776ad,202,,176.80337538999993,176.83535065600017,31.97526600024503
1769,2a88ef20-e82a-47c8-8e95-8177d93e34da,202,,176.9059183889999,176.94030215800012,34.38376900021467
1770,06faecfe-b79c-4edd-a8ab-ab172388626e,202,,177.0006220790001,177.01569364600027,15.07156700017731
1771,1eb88411-064b-4af9-8324-d3d9f72e3b09,202,,177.10202214299989,177.281095541,179.07339800012778
1772,207642b4-3230-4124-ab7f-05bb3f9963f0,202,,177.2085707780002,177.3148530630001,106.28228499990655
1773,276452c4-0a78-4bd1-b239-b48b279e58b0,202,,177.300680673,177.32891229200004,28.231619000052888
1774,5509716b-1110-4ac1-b6c4-1113e703e32e,202,,177.40030036500002,177.4205414170001,20.241052000073978
1775,ce93a045-30b9-479b-88f5-3081213f987d,202,,177.5029372050003,177.53322145499988,30.28424999956769
1776,9e3f4da8-7f82-48f8-8cfc-d442d72b180e,202,,177.600329117,177.61577239999997,15.443282999967778
1777,4476c3aa-95f8-4dda-a847-21aa74847a7f,202,,177.7035232789999,177.72292429800018,19.401019000270026
1778,26c671b0-8db9-43b0-92b3-cad93d7de6ef,202,,177.80578909899987,177.83275064000009,26.96154100021886
1779,8df7da4d-4605-4beb-ae3a-acad733e34b1,202,,177.9058747439999,178.7247402580001,818.8655140002083
1780,decdd817-2757-4d92-9ea6-a8f726f3baef,202,,178.000807807,178.75760058900005,756.7927820000477
1781,cbbdce31-ed53-43d8-bc5d-20d4b22ec9b8,202,,178.1043475639999,178.76880019300006,664.4526290001522
1782,e7197982-8d77-48f5-ae7b-3b3eb98443d5,202,,178.20071225599986,178.78079181600015,580.0795600002857
1783,e4df4637-22ad-482d-b95d-45c907e58a78,202,,178.30151637500012,178.79328386499992,491.7674899998019
1784,83e8d6a8-d085-432b-9590-34909d3e4028,202,,178.40175451899995,178.81157320900002,409.81869000006554
1785,0212245a-18ee-4172-b5c6-422348c4d2f4,202,,178.500837048,178.8182316729999,317.3946249999062
1786,26c8ba62-3c37-400e-a421-4d51e629bc21,202,,178.60031190200016,178.83583347800004,235.52157599988277
1787,5c402ca7-53ad-4ffe-94d6-9886d6e8fe2d,202,,178.702848593,178.84219499300025,139.34640000024956
1788,5798b584-e600-4322-b96d-c9e456139975,202,,178.80037645099992,178.85075863700013,50.382186000206275
1789,c9c58417-4e43-4372-a00c-d30ba812ef4e,202,,178.90024788200026,178.92361981500017,23.371932999907585
1790,8da0ab4f-96bd-465b-8ef9-dda72b0b6093,202,,179.0025468140002,179.0183659180002,15.819104000001971
1791,514035f7-a4b7-41e1-95dd-bb5832a374a9,202,,179.10288501700006,179.13120299399998,28.317976999915118
1792,6c97fb9f-943e-48fb-bbfd-05c01f5e5f0c,202,,179.20197234099987,179.23249428999998,30.521949000103632
1793,a19b2566-88a3-4935-9a5d-17c1952cb843,202,,179.3054850640001,179.3278675700003,22.382506000212743
1794,4c80dd9a-61d0-4c54-88b3-93d2474cf296,202,,179.4007609800001,179.42601385700027,25.252877000184526
1795,a85c72af-bfc1-4eaf-8f52-e9698dd71c61,202,,179.50350726099987,179.52451117500004,21.003914000175428
1796,83c36500-1b59-41ce-9853-bb00b3c9fa24,202,,179.61268567200023,179.63166418900028,18.978517000050488
1797,f9c6cb31-2690-471e-93e3-eff98f728a92,202,,179.70100366999986,179.7366337960002,35.63012600034199
1798,4b8e49d2-a939-43d9-80e2-b28d7afe243d,202,,179.80029162500023,179.81512532900024,14.833704000011494
1799,155b81d1-3ab0-4885-9043-7a96b46b4af6,202,,179.90055017500026,179.93797070600021,37.42053099995246
